# AETHELGRAD Forest Warden mobile LOD derived from user-supplied source mesh
mtllib boss_forest_warden.mtl
o boss_forest_warden_lod0
v -0.370382 0.034888 0.189764
v -0.349059 0.033729 0.160433
v -0.354974 0.049387 0.155857
v -0.356230 0.069391 0.165097
v -0.340046 0.069822 0.162108
v -0.350628 0.062619 0.193847
v -0.351966 0.033571 0.188201
v -0.351064 0.054225 0.152844
v -0.339437 0.054092 0.151154
v -0.323101 0.042608 0.155670
v -0.333985 0.059731 0.144358
v -0.337706 0.029545 0.166019
v -0.330443 0.068766 0.177957
v -0.332278 0.064757 0.187924
v -0.330194 0.032404 0.182812
v -0.335804 0.077117 0.169819
v -0.329021 0.044192 0.190352
v -0.333424 0.051759 0.193948
v -0.325103 0.045861 0.182962
v -0.326072 0.041722 0.159515
v -0.324394 0.060199 0.184252
v -0.331333 0.083315 0.170396
v -0.317376 0.053536 0.180207
v -0.322451 0.045591 0.165977
v -0.320473 0.044279 0.174455
v -0.321150 0.050791 0.181668
v -0.317919 0.067977 0.143132
v -0.339990 0.074599 0.154091
v -0.320873 0.053729 0.177817
v -0.315935 0.070340 0.181577
v -0.316295 0.065329 0.182931
v -0.315897 0.081474 0.161690
v -0.316951 0.076772 0.145828
v -0.311991 0.045467 0.168274
v -0.313970 0.065105 0.141745
v -0.309320 0.055800 0.149054
v -0.310287 0.052242 0.178355
v -0.311378 0.077411 0.168139
v -0.306186 0.061778 0.139254
v -0.309728 0.085789 0.156094
v -0.310661 0.055050 0.178205
v -0.308474 0.067689 0.174062
v -0.313751 0.082169 0.143254
v -0.309217 0.058563 0.146728
v -0.305799 0.071182 0.165737
v -0.313839 0.083371 0.159923
v -0.309057 0.077914 0.139863
v -0.306517 0.056916 0.152636
v -0.306033 0.089053 0.149424
v -0.305104 0.066156 0.168987
v -0.306471 0.075243 0.169744
v -0.311185 0.075697 0.151508
v -0.304398 0.057343 0.162734
v -0.304068 0.057484 0.159083
v -0.303756 0.059350 0.163369
v -0.302468 0.060930 0.165574
v -0.303778 0.081712 0.132602
v -0.306215 0.084319 0.157371
v -0.302957 0.067300 0.140483
v -0.299685 0.067438 0.171763
v -0.303066 0.066872 0.169608
v -0.298402 0.058137 0.152884
v -0.303439 0.081871 0.161991
v -0.292986 0.066642 0.137718
v -0.300303 0.063853 0.142691
v -0.296814 0.091567 0.136890
v -0.297440 0.061468 0.151580
v -0.297979 0.079092 0.164922
v -0.296999 0.061011 0.159276
v -0.296675 0.068124 0.162396
v -0.298878 0.079967 0.133933
v -0.295343 0.071314 0.163905
v -0.292502 0.067601 0.163757
v -0.289196 0.086835 0.158195
v -0.285373 0.066834 0.136835
v -0.288886 0.079477 0.158989
v -0.292830 0.095083 0.143998
v -0.289984 0.083117 0.160809
v -0.283148 0.066619 0.149815
v -0.289768 0.060626 0.150838
v -0.284482 0.084748 0.123529
v -0.289398 0.085642 0.158841
v -0.283630 0.092070 0.152446
v -0.286942 0.068312 0.150397
v -0.284286 0.073330 0.157785
v -0.285850 0.095744 0.148688
v -0.279684 0.096741 0.145607
v -0.283350 0.099300 0.136493
v -0.286964 0.077072 0.128795
v -0.281038 0.082780 0.155514
v -0.282092 0.093874 0.127617
v -0.291448 0.091884 0.131329
v -0.273331 0.071244 0.132390
v -0.286708 0.093488 0.150360
v -0.278931 0.078497 0.153557
v -0.281444 0.091930 0.126604
v -0.281219 0.091035 0.126311
v -0.278338 0.071948 0.142253
v -0.280915 0.089785 0.125854
v -0.276261 0.082370 0.152983
v -0.277336 0.103344 0.137072
v -0.277567 0.084664 0.124994
v -0.278003 0.095079 0.117991
v -0.271613 0.091216 0.146318
v -0.272473 0.077094 0.130285
v -0.281531 0.098853 0.134238
v -0.281178 0.093762 0.128821
v -0.275789 0.075592 0.146236
v -0.273678 0.075712 0.148042
v -0.276539 0.072921 0.140640
v -0.277656 0.083458 0.125738
v -0.274219 0.080311 0.126934
v -0.274310 0.091897 0.149511
v -0.271087 0.078065 0.149911
v -0.274433 0.079109 0.128012
v -0.272728 0.086855 0.153758
v -0.276625 0.078679 0.124488
v -0.252445 0.105080 0.138231
v -0.269243 0.077782 0.134641
v -0.267959 0.090268 0.119123
v -0.272036 0.089049 0.146681
v -0.268854 0.080518 0.144906
v -0.268324 0.077263 0.142878
v -0.270740 0.076864 0.133521
v -0.265880 0.091308 0.149232
v -0.271271 0.096514 0.119847
v -0.266154 0.080955 0.142085
v -0.268925 0.106503 0.122963
v -0.262725 0.076413 0.128784
v -0.273168 0.099802 0.146534
v -0.262707 0.085065 0.146695
v -0.280514 0.101421 0.138056
v -0.266041 0.089362 0.115793
v -0.270018 0.106404 0.131714
v -0.258925 0.097058 0.143881
v -0.263132 0.095151 0.143417
v -0.260877 0.111927 0.129475
v -0.259528 0.082422 0.133216
v -0.259707 0.087650 0.139414
v -0.261819 0.082863 0.128117
v -0.260877 0.095814 0.112066
v -0.259742 0.089585 0.140310
v -0.256677 0.089865 0.118046
v -0.254403 0.111038 0.133662
v -0.256348 0.083169 0.133973
v -0.256218 0.095730 0.144071
v -0.256492 0.097469 0.108648
v -0.255010 0.084091 0.123345
v -0.252487 0.090626 0.137841
v -0.248117 0.086088 0.123591
v -0.256737 0.100669 0.141541
v -0.251912 0.087493 0.130566
v -0.256438 0.108810 0.109149
v -0.251781 0.107601 0.133972
v -0.257419 0.105267 0.137717
v -0.246983 0.091601 0.114300
v -0.248802 0.103318 0.134748
v -0.245112 0.117632 0.123235
v -0.248215 0.117543 0.107894
v -0.246503 0.096279 0.133656
v -0.239382 0.101261 0.133653
v -0.245282 0.093133 0.128466
v -0.245800 0.092992 0.128388
v -0.246649 0.097302 0.132376
v -0.254015 0.116489 0.119816
v -0.247595 0.097656 0.138417
v -0.245201 0.090470 0.124825
v -0.245998 0.095408 0.131095
v -0.246800 0.104005 0.102046
v -0.239902 0.094920 0.112110
v -0.244853 0.091009 0.125494
v -0.242922 0.111392 0.133374
v -0.236321 0.095025 0.125530
v -0.239472 0.113145 0.129194
v -0.237871 0.094978 0.116877
v -0.237796 0.094738 0.109527
v -0.235915 0.105594 0.102925
v -0.236072 0.115287 0.095202
v -0.241318 0.118200 0.103926
v -0.230673 0.123707 0.120930
v -0.234746 0.107072 0.129814
v -0.238254 0.108954 0.128291
v -0.225382 0.104655 0.102643
v -0.236261 0.097844 0.122286
v -0.236023 0.103746 0.126836
v -0.236230 0.103701 0.130100
v -0.233043 0.099294 0.124755
v -0.233691 0.116649 0.096946
v -0.232763 0.112596 0.097195
v -0.234986 0.104078 0.102699
v -0.231313 0.097801 0.112784
v -0.231283 0.116975 0.095478
v -0.233776 0.129681 0.107663
v -0.236097 0.096984 0.112027
v -0.235021 0.124776 0.122151
v -0.225894 0.102424 0.119558
v -0.226271 0.111935 0.093056
v -0.228870 0.102924 0.102843
v -0.224351 0.133006 0.102891
v -0.218478 0.107336 0.095180
v -0.228065 0.117619 0.126944
v -0.226330 0.108631 0.098842
v -0.225915 0.114026 0.125635
v -0.225471 0.106791 0.122613
v -0.222138 0.106504 0.123333
v -0.220882 0.102533 0.107919
v -0.228346 0.106961 0.098580
v -0.210163 0.137722 0.106143
v -0.216861 0.122602 0.120746
v -0.218440 0.105060 0.119244
v -0.225951 0.125583 0.090885
v -0.222288 0.126814 0.118870
v -0.220053 0.106012 0.109657
v -0.224613 0.133041 0.107377
v -0.216388 0.119647 0.056668
v -0.218102 0.109458 0.115629
v -0.218624 0.117986 0.120509
v -0.216084 0.115231 0.120083
v -0.211898 0.112509 0.092948
v -0.213371 0.123360 0.055650
v -0.214888 0.129888 0.115121
v -0.221065 0.126556 0.045419
v -0.219243 0.114609 0.053529
v -0.218562 0.127887 0.054661
v -0.216935 0.063654 -0.032474
v -0.211615 0.136355 0.070443
v -0.210076 0.110803 0.116291
v -0.218189 0.133910 0.090417
v -0.216431 0.055174 -0.027298
v -0.215462 0.121359 0.039068
v -0.215687 0.049459 -0.027330
v -0.210866 0.109923 0.100233
v -0.212315 0.126744 0.116280
v -0.219021 0.069334 -0.035937
v -0.213208 0.051549 -0.040237
v -0.205332 0.041070 -0.009933
v -0.217051 0.142498 0.068351
v -0.207451 0.132969 0.114506
v -0.211019 0.037476 -0.034286
v -0.215516 0.098087 0.023378
v -0.213778 0.137203 0.061532
v -0.212877 0.036939 -0.023689
v -0.213395 0.112383 0.038109
v -0.210851 0.153238 0.072012
v -0.213123 0.134940 0.074424
v -0.211046 0.105386 0.046404
v -0.211567 0.126597 0.063641
v -0.208765 0.111244 0.109370
v -0.215548 0.136333 0.035925
v -0.208972 0.123958 0.034064
v -0.212716 0.101447 0.043517
v -0.211199 0.114722 0.040476
v -0.210654 0.120398 0.119510
v -0.210841 0.118677 0.037533
v -0.215295 0.146982 0.088293
v -0.211194 0.112108 0.042276
v -0.210881 0.119126 0.062764
v -0.211403 0.132944 0.068141
v -0.211428 0.139519 0.090852
v -0.212991 0.110794 0.097218
v -0.207264 0.100377 0.053508
v -0.211203 0.134611 0.086812
v -0.207648 0.123830 0.083952
v -0.211683 0.147455 0.066526
v -0.209949 0.146334 0.073298
v -0.210663 0.132565 0.085399
v -0.212941 0.072999 -0.045516
v -0.205061 0.048091 -0.053136
v -0.209396 0.092052 0.022013
v -0.209887 0.096257 0.028218
v -0.210176 0.130003 0.084135
v -0.205908 0.065543 -0.022871
v -0.210738 0.098906 0.017497
v -0.215174 0.112456 0.060108
v -0.208465 0.109635 0.104163
v -0.208201 0.137080 0.105754
v -0.209274 0.157685 0.064310
v -0.206786 0.058777 -0.007557
v -0.206411 0.111950 0.070635
v -0.208727 0.149835 0.073517
v -0.208667 0.112978 0.108768
v -0.207974 0.078733 0.007466
v -0.209280 0.085402 0.024113
v -0.197915 0.168833 0.059577
v -0.215645 0.107088 0.105455
v -0.208114 0.115145 0.111375
v -0.203594 0.122343 0.115360
v -0.208991 0.118715 0.113841
v -0.197723 0.068061 -0.064733
v -0.208582 0.085843 0.025675
v -0.208402 0.111046 0.109049
v -0.208539 0.125336 0.027690
v -0.206616 0.114458 0.110880
v -0.204310 0.082852 -0.020624
v -0.206932 0.070246 -0.003218
v -0.205603 0.097462 0.038934
v -0.207275 0.067753 -0.020807
v -0.211036 0.069195 -0.008645
v -0.209009 0.103862 0.066668
v -0.201330 0.135098 0.108904
v -0.209781 0.079604 -0.044781
v -0.209165 0.143376 0.098203
v -0.206643 0.146049 0.108511
v -0.205462 0.063297 -0.020937
v -0.207722 0.056844 -0.016705
v -0.205702 0.062938 -0.011319
v -0.204593 0.054592 -0.011300
v -0.211316 0.136387 0.049508
v -0.201073 0.112911 0.106118
v -0.206557 0.054786 -0.010082
v -0.197927 0.148928 0.118015
v -0.203005 0.078919 -0.035476
v -0.201960 0.129905 0.111797
v -0.207324 0.121376 0.023772
v -0.199665 0.122290 0.111299
v -0.201520 0.081315 -0.034557
v -0.198459 0.171739 0.081187
v -0.204761 0.123538 0.084056
v -0.206695 0.061806 -0.050983
v -0.202335 0.139683 0.106843
v -0.204487 0.133317 0.108273
v -0.202160 0.114248 0.096315
v -0.200908 0.054723 -0.010462
v -0.199733 0.080610 0.031281
v -0.197489 0.121449 0.084681
v -0.203475 0.121440 0.110202
v -0.204421 0.072239 -0.028573
v -0.203625 0.084402 0.023520
v -0.199136 0.122180 0.109748
v -0.202066 0.066610 0.003578
v -0.199694 0.040402 -0.041500
v -0.192631 0.033917 -0.038548
v -0.196081 0.096793 0.069529
v -0.210363 0.134305 0.106917
v -0.193527 0.163337 0.100974
v -0.200327 0.138528 0.108140
v -0.210237 0.124935 0.116954
v -0.195391 0.083477 0.036742
v -0.197500 0.105643 0.071367
v -0.200133 0.091313 -0.056754
v -0.201844 0.075770 -0.033102
v -0.200232 0.084172 -0.028564
v -0.198214 0.116543 0.101031
v -0.199251 0.118762 0.104140
v -0.200252 0.048025 -0.008364
v -0.194854 0.156693 0.107774
v -0.190365 0.134110 0.117134
v -0.193881 0.084376 0.037797
v -0.197021 0.123269 0.107749
v -0.201758 0.034147 -0.009074
v -0.188157 0.129333 0.114460
v -0.191718 0.032514 -0.028295
v -0.194887 0.042552 -0.000363
v -0.204658 0.083757 -0.037348
v -0.192834 0.055084 -0.053612
v -0.195718 0.090764 -0.031370
v -0.190961 0.030052 -0.002767
v -0.199933 0.135934 0.026270
v -0.197181 0.078641 -0.062360
v -0.193849 0.025112 -0.012735
v -0.190832 0.045777 -0.001334
v -0.194797 0.069680 0.018771
v -0.201504 0.054431 -0.054388
v -0.197450 0.097848 0.050994
v -0.191230 0.035403 0.002143
v -0.191790 0.128979 0.018377
v -0.190136 0.079784 0.037397
v -0.194797 0.133777 0.110234
v -0.191236 0.055151 0.010745
v -0.191960 0.079599 0.033466
v -0.196311 0.083149 -0.062963
v -0.196239 0.135256 0.110259
v -0.191881 0.089966 -0.038888
v -0.195483 0.147470 0.039253
v -0.191775 0.025768 -0.020529
v -0.193682 0.058873 0.014552
v -0.204772 0.095605 0.062961
v -0.195046 0.129194 0.008652
v -0.189787 0.106024 0.071388
v -0.190502 0.079080 0.033578
v -0.190186 0.092684 -0.038241
v -0.187560 0.064526 -0.059613
v -0.188394 0.062257 0.016641
v -0.189484 0.068408 0.021678
v -0.188872 0.059591 0.018113
v -0.188465 0.128572 0.106717
v -0.188467 0.046761 0.001346
v -0.189268 0.054842 0.011591
v -0.190195 0.123696 0.085550
v -0.192143 0.119019 0.099721
v -0.186560 0.127368 0.111799
v -0.196089 0.164932 0.058216
v -0.189293 0.169062 0.095006
v -0.190806 0.097478 -0.044131
v -0.192486 0.120048 0.003505
v -0.186692 0.068021 0.025480
v -0.185922 0.081009 -0.065244
v -0.195231 0.164618 0.066155
v -0.185375 0.101734 0.072385
v -0.185614 0.042284 -0.055487
v -0.194230 0.095008 -0.051954
v -0.187356 0.119664 -0.001493
v -0.196117 0.140183 0.026766
v -0.185477 0.148308 0.029254
v -0.185107 0.076742 0.034880
v -0.185743 0.085856 0.044630
v -0.190723 0.160478 0.111705
v -0.185301 0.051171 -0.059516
v -0.189104 0.107974 -0.022678
v -0.185911 0.064363 0.022218
v -0.184942 0.124960 0.087553
v -0.185269 0.122725 0.096845
v -0.184953 0.128014 0.104120
v -0.185709 0.096906 -0.057433
v -0.185511 0.026848 -0.021214
v -0.185290 0.026806 -0.001861
v -0.186989 0.045115 0.000505
v -0.186482 0.137396 0.023885
v -0.184809 0.079790 0.036767
v -0.190231 0.154992 0.041247
v -0.185005 0.164248 0.052518
v -0.184556 0.105599 0.070452
v -0.189343 0.151687 0.111665
v -0.184707 0.073350 -0.060680
v -0.185384 0.095006 -0.058213
v -0.184245 0.045387 -0.058031
v -0.184471 0.029578 -0.042876
v -0.184889 0.026224 -0.013718
v -0.184772 0.062731 0.020948
v -0.184297 0.081255 0.041066
v -0.184964 0.095428 0.054467
v -0.186218 0.155794 0.046048
v -0.185973 0.093920 0.062311
v -0.185319 0.169324 0.053186
v -0.184993 0.175437 0.068816
v -0.185649 0.174264 0.093346
v -0.184714 0.082827 -0.066466
v -0.184380 0.081377 -0.065969
v -0.184128 0.047702 -0.059154
v -0.185215 0.085283 -0.065947
v -0.184751 0.034384 -0.052431
v -0.184972 0.030941 -0.026769
v -0.184486 0.099040 -0.032293
v -0.184882 0.105900 -0.023405
v -0.185204 0.026100 -0.003984
v -0.184782 0.044648 0.002485
v -0.184892 0.062387 0.020251
v -0.184827 0.080708 0.040084
v -0.185451 0.148226 0.037408
v -0.185220 0.167638 0.061051
v -0.184080 0.170234 0.062443
v -0.185234 0.106926 0.069210
v -0.184951 0.176525 0.075897
v -0.185362 0.175878 0.088937
v -0.185144 0.129567 0.114339
v -0.185090 0.079106 -0.064421
v -0.185021 0.095312 -0.039440
v -0.184381 0.097163 -0.038444
v -0.185125 0.098330 -0.037167
v -0.184807 0.030046 -0.025048
v -0.185108 0.109524 -0.020009
v -0.185383 0.029087 0.001835
v -0.185368 0.110124 -0.016528
v -0.184597 0.033187 0.006689
v -0.185783 0.058264 0.019280
v -0.185017 0.171200 0.063898
v -0.184460 0.098259 0.071054
v -0.184917 0.123018 0.091159
v -0.184808 0.145521 0.111533
v -0.185169 0.162665 0.106888
v -0.185116 0.138133 0.114415
v -0.185126 0.082163 -0.066149
v -0.185113 0.059158 -0.061230
v -0.185032 0.030844 -0.048148
v -0.184175 0.101120 -0.030692
v -0.185181 0.108166 -0.022313
v -0.185242 0.123367 0.003319
v -0.184871 0.061447 0.018417
v -0.185051 0.139615 0.025699
v -0.184874 0.137174 0.024056
v -0.184851 0.137115 0.026472
v -0.184846 0.146270 0.028361
v -0.184859 0.107532 0.068761
v -0.185216 0.107913 0.068922
v -0.184898 0.128933 0.083447
v -0.184855 0.128774 0.084077
v -0.184190 0.126187 0.086360
v -0.184847 0.126432 0.107791
v -0.187243 0.127643 0.111625
v -0.184587 0.104895 -0.024578
v -0.184597 0.060162 0.019528
v -0.184484 0.140997 0.027399
v -0.173535 0.098012 0.063429
v -0.184607 0.153941 0.110565
v -0.184603 0.169974 0.054724
v -0.183713 0.172780 0.065771
v -0.184659 0.127278 0.111117
v -0.178546 0.166968 0.109064
v -0.184424 0.095595 0.055210
v -0.184724 0.117588 0.080410
v -0.182535 0.128097 0.007296
v -0.180735 0.164658 0.048807
v -0.180626 0.140582 0.111066
v -0.184415 0.173819 0.094329
v -0.184311 0.120400 -0.001959
v -0.177106 0.106336 0.071016
v -0.182215 0.159804 0.111785
v -0.180184 0.127732 0.111330
v -0.177527 0.137200 0.111468
v -0.177541 0.161335 0.107677
v -0.179208 0.121681 0.008190
v -0.180448 0.131613 0.081135
v -0.172300 0.131958 0.112000
v -0.176166 0.159104 0.041726
v -0.179405 0.119811 -0.005154
v -0.177346 0.113416 -0.004687
v -0.177382 0.117528 -0.004186
v -0.168288 0.180264 0.075927
v -0.178504 0.128798 0.103118
v -0.170895 0.126794 0.106793
v -0.171152 0.132553 0.097603
v -0.177879 0.181261 0.071271
v -0.168664 0.145168 0.108529
v -0.174406 0.160179 0.047477
v -0.166857 0.133617 0.091523
v -0.170521 0.132749 0.082001
v -0.175528 0.147927 0.033830
v -0.167455 0.117290 0.072768
v -0.176777 0.120735 0.010481
v -0.174296 0.160807 0.052706
v -0.178085 0.167445 0.056273
v -0.171869 0.098928 0.064156
v -0.183783 0.139953 0.027585
v -0.175797 0.177990 0.090286
v -0.168895 0.170499 0.106362
v -0.166106 0.143222 0.107911
v -0.165927 0.094269 0.046017
v -0.160511 0.173174 0.101716
v -0.164706 0.146125 0.111133
v -0.165249 0.135149 0.105496
v -0.156613 0.118738 0.077273
v -0.167094 0.116799 0.013818
v -0.157485 0.103363 -0.002538
v -0.174443 0.133583 0.028885
v -0.169548 0.112924 0.066001
v -0.166630 0.171337 0.100613
v -0.176289 0.111948 -0.004875
v -0.163346 0.134376 0.085020
v -0.159405 0.141064 0.086814
v -0.161387 0.133128 0.104541
v -0.166033 0.114802 0.016302
v -0.162828 0.102117 0.057375
v -0.157114 0.134656 0.104933
v -0.159202 0.119383 0.056828
v -0.163293 0.106192 0.064957
v -0.163042 0.182501 0.096933
v -0.162822 0.118041 0.036098
v -0.161908 0.178503 0.078802
v -0.166390 0.102684 0.052140
v -0.161537 0.109112 0.060842
v -0.162097 0.135494 0.108404
v -0.159188 0.093933 0.035143
v -0.161276 0.177270 0.078203
v -0.162024 0.108498 0.044084
v -0.164197 0.136082 0.082806
v -0.172787 0.178238 0.062824
v -0.160858 0.107482 0.021335
v -0.159034 0.170686 0.078409
v -0.160401 0.108942 0.036928
v -0.157127 0.113061 0.050078
v -0.164045 0.136686 0.031343
v -0.159957 0.097237 0.041439
v -0.169340 0.143323 0.042473
v -0.164099 0.167718 0.100602
v -0.150707 0.163658 0.100538
v -0.157368 0.096620 0.038070
v -0.159336 0.149546 0.108520
v -0.158326 0.139636 0.107337
v -0.156868 0.103057 0.029293
v -0.159021 0.098407 0.030271
v -0.157147 0.093923 0.029525
v -0.155934 0.125556 0.048795
v -0.157661 0.102399 0.035440
v -0.156672 0.100950 0.035105
v -0.156568 0.120284 0.046843
v -0.160745 0.171395 0.064145
v -0.155785 0.145373 0.088038
v -0.154927 0.141200 0.095583
v -0.155731 0.127035 0.039336
v -0.147648 0.153260 0.052435
v -0.157185 0.101759 0.019020
v -0.149366 0.176915 0.068657
v -0.155057 0.147281 0.102719
v -0.154597 0.171026 0.083771
v -0.151533 0.093844 0.016015
v -0.150582 0.137996 0.087933
v -0.155162 0.153392 0.102923
v -0.145359 0.134063 0.083331
v -0.152208 0.099221 0.002485
v -0.156824 0.152022 0.102325
v -0.153716 0.141030 0.094328
v -0.154987 0.133538 0.050488
v -0.149870 0.097681 0.005532
v -0.147423 0.162167 0.083974
v -0.150342 0.096122 0.006104
v -0.152458 0.103156 -0.001404
v -0.137841 0.149284 0.060613
v -0.149617 0.155973 0.084921
v -0.149461 0.095122 0.007941
v -0.148885 0.093894 0.008566
v -0.149311 0.094028 0.011339
v -0.143656 0.174978 0.076377
v -0.136588 0.182731 0.059150
v -0.147519 0.093684 0.009496
v -0.140446 0.156548 0.081670
v -0.141536 0.135166 0.102599
v -0.146683 0.094056 0.009234
v -0.142205 0.134138 0.089272
v -0.149247 0.174347 0.055747
v -0.146010 0.145777 0.060258
v -0.144571 0.155238 0.094721
v -0.130914 0.094166 -0.001433
v -0.145453 0.094635 -0.003555
v -0.142026 0.150730 0.109706
v -0.149782 0.156530 0.085872
v -0.147136 0.141791 0.110842
v -0.148360 0.153099 0.101468
v -0.137965 0.138687 0.080749
v -0.137538 0.139838 0.106372
v -0.138937 0.150053 0.074733
v -0.135633 0.140217 0.001761
v -0.155133 0.175881 0.073974
v -0.140003 0.155793 0.088659
v -0.129132 0.154063 0.061052
v -0.135844 0.183874 0.056619
v -0.133168 0.176216 0.072912
v -0.136496 0.141870 0.079394
v -0.136832 0.141864 0.098339
v -0.131241 0.138736 0.008818
v -0.136140 0.141503 0.093692
v -0.136532 0.166134 0.077318
v -0.139938 0.096367 -0.004864
v -0.133628 0.148392 0.084319
v -0.135451 0.125553 0.005529
v -0.129072 0.133335 -0.005473
v -0.133529 0.158316 0.072293
v -0.134087 0.163305 0.075485
v -0.132165 0.124460 0.002429
v -0.131720 0.171252 0.074064
v -0.128186 0.103965 0.000472
v -0.122272 0.168233 0.038343
v -0.126381 0.186860 0.046080
v -0.124271 0.161138 0.069162
v -0.129888 0.155275 0.063687
v -0.125661 0.131072 -0.005622
v -0.122840 0.171115 0.070606
v -0.128059 0.187164 0.055476
v -0.146159 0.164465 0.049349
v -0.124202 0.146019 0.006198
v -0.135802 0.180584 0.068135
v -0.116532 0.151037 0.010683
v -0.137193 0.146024 -0.005270
v -0.124501 0.165818 0.004266
v -0.125644 0.131631 -0.003952
v -0.124565 0.146905 0.004555
v -0.120726 0.148977 0.012583
v -0.104536 0.175648 0.030937
v -0.110422 0.130449 -0.005249
v -0.102355 0.140363 0.011122
v -0.105167 0.179605 0.003002
v -0.107546 0.187742 0.027609
v -0.113511 0.153563 0.016331
v -0.143181 0.096318 -0.005574
v -0.116915 0.187651 0.017878
v -0.107049 0.170430 0.036487
v -0.098567 0.179821 0.009833
v -0.116106 0.183087 0.012996
v -0.095350 0.161652 0.019165
v -0.107606 0.130415 -0.004490
v -0.094381 0.117722 0.001745
v -0.096339 0.157219 0.024270
v -0.107261 0.176659 0.024746
v -0.111938 0.183449 -0.004497
v -0.082150 0.127727 0.005839
v -0.107885 0.183708 0.023349
v -0.097206 0.140443 0.014879
v -0.100980 0.172920 0.026799
v -0.079920 0.128288 0.007789
v -0.098192 0.144654 0.006126
v -0.100206 0.173375 0.030678
v -0.101455 0.187235 0.001609
v -0.102015 0.182570 0.005512
v -0.092959 0.149502 0.026248
v -0.107673 0.156674 0.012974
v -0.104060 0.146434 0.023516
v -0.096844 0.180320 0.010572
v -0.095361 0.136791 -0.000014
v -0.094299 0.174408 0.013143
v -0.094893 0.178237 0.011365
v -0.095053 0.152875 0.025589
v -0.102160 0.163991 0.027732
v -0.100275 0.142811 0.047866
v -0.092937 0.161577 0.041955
v -0.094112 0.169353 0.016902
v -0.087471 0.177562 0.041649
v -0.093484 0.148018 0.036269
v -0.081727 0.120065 0.003317
v -0.094909 0.154546 0.040631
v -0.091908 0.131795 0.043783
v -0.079661 0.135576 0.020217
v -0.090506 0.144512 0.035443
v -0.079623 0.142641 0.010465
v -0.086441 0.131800 0.050753
v -0.111362 0.187589 0.059238
v -0.092166 0.168517 0.041540
v -0.085141 0.101428 -0.005481
v -0.093556 0.135885 0.041376
v -0.077295 0.186514 0.042750
v -0.080480 0.158532 0.058020
v -0.081952 0.180211 0.039858
v -0.080247 0.145674 0.063268
v -0.080969 0.142901 0.027461
v -0.088059 0.127007 0.046511
v -0.081292 0.142476 0.012639
v -0.078473 0.138818 0.026788
v -0.078062 0.108754 -0.005607
v -0.082853 0.128008 0.037149
v -0.076022 0.134751 0.045472
v -0.082536 0.152732 0.061501
v -0.090550 0.106160 -0.000689
v -0.078817 0.121728 0.009012
v -0.086087 0.135922 0.007286
v -0.088700 0.187343 0.051514
v -0.078468 0.114227 0.003040
v -0.077792 0.136346 0.013680
v -0.075993 0.187522 0.042137
v -0.079867 0.138473 0.054613
v -0.078658 0.112371 -0.002093
v -0.077618 0.110637 -0.000287
v -0.078142 0.130680 0.022430
v -0.078646 0.136419 0.026208
v -0.087392 0.160881 0.055885
v -0.072246 0.131321 0.027998
v -0.072727 0.186377 0.036805
v -0.074516 0.187592 0.040702
v -0.077469 0.111074 0.047991
v -0.075273 0.110923 0.022221
v -0.071535 0.129433 0.023282
v -0.071230 0.129053 0.031822
v -0.070154 0.102808 -0.005329
v -0.068072 0.141202 0.060862
v -0.075206 0.108049 0.018227
v -0.073038 0.119892 0.032347
v -0.072226 0.100855 0.016875
v -0.071552 0.106422 0.000520
v -0.071829 0.116059 0.011068
v -0.072526 0.094462 0.003142
v -0.070441 0.103986 -0.003663
v -0.071196 0.094120 0.059363
v -0.070816 0.093423 0.016578
v -0.071128 0.126670 0.036872
v -0.069250 0.127835 0.038388
v -0.071138 0.096737 0.009683
v -0.070290 0.093829 0.006384
v -0.067362 0.151615 0.060519
v -0.061508 0.111590 0.079798
v -0.066359 0.132802 0.044583
v -0.066949 0.176071 0.048963
v -0.060916 0.173574 0.055105
v -0.063419 0.134018 0.050394
v -0.069280 0.187515 0.036016
v -0.061786 0.134044 0.052790
v -0.051485 0.142258 0.056944
v -0.008327 0.094566 0.102391
v -0.060864 0.182633 0.044232
v -0.053665 0.166693 0.058818
v -0.060136 0.178041 0.050902
v -0.049557 0.143829 0.057194
v -0.054424 0.173042 0.053353
v -0.046038 0.148401 0.059832
v -0.048731 0.154474 0.063394
v -0.049922 0.104737 0.090819
v -0.044741 0.183654 0.043438
v -0.043397 0.139785 0.069810
v -0.043833 0.153706 0.059925
v -0.047754 0.174173 0.052898
v -0.044605 0.147396 0.056833
v -0.038140 0.132537 0.077161
v -0.039869 0.151285 0.054754
v -0.038102 0.173731 0.051978
v -0.045200 0.187565 0.038151
v -0.033474 0.173522 0.048890
v -0.023446 0.130255 0.084242
v -0.029723 0.182836 0.041570
v -0.030761 0.166974 0.047873
v -0.035090 0.154988 0.053305
v -0.034073 0.157888 0.048785
v -0.029772 0.161034 0.054975
v -0.027991 0.123547 0.088635
v -0.027949 0.145357 0.064339
v -0.024046 0.139438 0.077455
v -0.023674 0.164274 0.055467
v -0.028551 0.145738 0.068628
v -0.027672 0.173022 0.040827
v -0.023698 0.141667 0.069916
v -0.026555 0.118443 0.088010
v -0.020486 0.182352 0.024722
v -0.018672 0.114456 0.093796
v -0.022580 0.127729 0.085871
v -0.022300 0.122236 0.088918
v -0.028151 0.187418 0.035510
v -0.022412 0.187441 0.025862
v -0.020319 0.179183 0.031809
v -0.020270 0.137396 0.075363
v -0.015727 0.135448 0.079253
v -0.010974 0.154671 0.058257
v -0.019339 0.187539 0.020785
v -0.022051 0.162574 0.050077
v -0.013991 0.141486 0.075488
v -0.012936 0.129815 0.085476
v -0.025916 0.166588 0.044317
v -0.012038 0.151821 0.072187
v -0.011227 0.152979 0.066407
v -0.013496 0.154596 0.068392
v -0.007551 0.104206 0.096853
v -0.002083 0.175608 0.043317
v -0.009393 0.125915 0.084952
v -0.009674 0.096441 0.096463
v -0.003566 0.102151 0.097479
v -0.003658 0.120319 0.094626
v -0.008703 0.126633 0.086140
v -0.005682 0.100110 0.105889
v -0.005501 0.145323 0.075654
v -0.002258 0.134096 0.083982
v -0.008235 0.112994 0.096175
v -0.006225 0.170755 0.051339
v -0.000714 0.168175 0.053027
v -0.000122 0.114582 0.097331
v 0.000108 0.104068 0.106579
v -0.001356 0.186935 0.039966
v -0.000320 0.144882 0.077722
v -0.000030 0.134197 0.086125
v -0.000121 0.119557 0.088425
v 0.000042 0.184051 0.041020
v -0.000139 0.181555 0.041843
v -0.000121 0.159639 0.057604
v -0.000020 0.148407 0.065746
v -0.000194 0.145625 0.067740
v -0.000263 0.141317 0.081019
v -0.000026 0.136920 0.085445
v -0.000048 0.132227 0.085279
v 0.000022 0.123305 0.089413
v -0.000056 0.116312 0.096316
v -0.000309 0.104805 0.098148
v 0.000491 0.105762 0.104188
v -0.000041 0.098490 0.107657
v -0.000158 0.178405 0.043399
v -0.000180 0.174171 0.046166
v -0.000667 0.145004 0.068586
v -0.000024 0.116897 0.088751
v -0.000086 0.122335 0.089602
v -0.000277 0.116525 0.089849
v -0.000082 0.108684 0.098142
v -0.251449 -0.486640 0.077027
v -0.254218 -0.493565 0.077763
v -0.245159 -0.488532 0.098376
v -0.246038 -0.484992 0.099587
v -0.239999 -0.488337 0.105784
v -0.243671 -0.495891 0.106098
v -0.249622 -0.483273 0.060888
v -0.235331 -0.497298 0.109825
v -0.225030 -0.499747 0.067349
v -0.230644 -0.482579 0.114558
v -0.245599 -0.492580 0.050148
v -0.243587 -0.498658 0.053090
v -0.223052 -0.496933 0.117348
v -0.232045 -0.499269 0.034590
v -0.226822 -0.467728 0.038420
v -0.236756 -0.469788 0.107154
v -0.230086 -0.488905 0.031642
v -0.239500 -0.488489 0.042797
v -0.222884 -0.488566 0.116881
v -0.217501 -0.479733 0.119445
v -0.219094 -0.461775 0.050636
v -0.225722 -0.498913 0.037089
v -0.224613 -0.487220 0.024557
v -0.225759 -0.466519 0.034146
v -0.226781 -0.473746 0.030451
v -0.225662 -0.476935 0.028097
v -0.226534 -0.478901 0.025218
v -0.223315 -0.485686 0.023926
v -0.219802 -0.495370 0.023122
v -0.222356 -0.465071 0.043619
v -0.211049 -0.488208 0.007234
v -0.213028 -0.499580 0.045318
v -0.219535 -0.486225 0.020231
v -0.231722 -0.494305 0.027705
v -0.212585 -0.456234 0.060481
v -0.214729 -0.489789 0.118587
v -0.209945 -0.459936 0.066186
v -0.214147 -0.485414 0.015907
v -0.213052 -0.482379 0.013083
v -0.211913 -0.480896 0.011137
v -0.208336 -0.450269 0.026311
v -0.209690 -0.467491 0.098147
v -0.208163 -0.458708 0.065368
v -0.205763 -0.450516 0.026658
v -0.215105 -0.498012 0.044322
v -0.209747 -0.478297 0.008315
v -0.209873 -0.441180 0.034738
v -0.195176 -0.498683 0.056282
v -0.205442 -0.432520 0.024711
v -0.204646 -0.444914 0.039067
v -0.207836 -0.477128 0.116954
v -0.205338 -0.471410 0.004077
v -0.205888 -0.452676 0.018150
v -0.201631 -0.445894 0.052968
v -0.204784 -0.497967 0.050778
v -0.208247 -0.446142 0.025243
v -0.206779 -0.461354 0.010774
v -0.204545 -0.448516 0.029878
v -0.202561 -0.456627 0.008876
v -0.197144 -0.430359 0.013300
v -0.203150 -0.491795 0.000533
v -0.204894 -0.484279 0.003811
v -0.204117 -0.437046 0.043358
v -0.209938 -0.498370 0.108056
v -0.201444 -0.481169 -0.002266
v -0.195894 -0.460305 0.074119
v -0.197199 -0.434162 0.012717
v -0.198497 -0.441555 0.045721
v -0.200788 -0.452749 0.006790
v -0.171082 -0.493026 0.038815
v -0.196203 -0.456536 0.003467
v -0.197799 -0.430096 0.055146
v -0.193679 -0.487885 0.105860
v -0.194850 -0.483796 -0.005789
v -0.202736 -0.494533 -0.000541
v -0.184375 -0.496235 -0.026640
v -0.198696 -0.492922 0.002964
v -0.193042 -0.499959 0.007772
v -0.182082 -0.499622 0.087923
v -0.198897 -0.496018 0.112896
v -0.198423 -0.445495 0.001018
v -0.201863 -0.499410 0.001818
v -0.196853 -0.461538 -0.002463
v -0.193265 -0.423128 0.033493
v -0.182398 -0.420990 0.051956
v -0.193706 -0.440662 0.050993
v -0.190642 -0.440372 0.053768
v -0.168402 -0.495598 0.054987
v -0.186338 -0.461535 0.076063
v -0.190274 -0.498624 0.101762
v -0.199211 -0.490254 0.110096
v -0.190950 -0.499716 0.009100
v -0.190253 -0.473161 0.093412
v -0.188717 -0.437466 0.060810
v -0.192495 -0.433618 0.003887
v -0.192068 -0.436617 -0.002470
v -0.189833 -0.420711 0.041257
v -0.190064 -0.395091 0.016601
v -0.189914 -0.492037 0.100286
v -0.187994 -0.483809 -0.013662
v -0.188427 -0.458117 -0.008093
v -0.183910 -0.470427 0.083436
v -0.188314 -0.385719 0.026909
v -0.187862 -0.384749 0.033623
v -0.187087 -0.397235 0.044319
v -0.190104 -0.379850 0.031257
v -0.190612 -0.470396 0.089327
v -0.186273 -0.491757 0.094455
v -0.186340 -0.392675 0.028027
v -0.174866 -0.499560 0.068021
v -0.187068 -0.375066 0.025767
v -0.187470 -0.430588 0.060586
v -0.184244 -0.492224 0.089245
v -0.190334 -0.406102 0.037784
v -0.190213 -0.439784 -0.013056
v -0.181203 -0.383024 0.058877
v -0.176739 -0.410756 0.055557
v -0.182288 -0.421950 0.049673
v -0.184845 -0.499690 0.012486
v -0.186920 -0.375537 0.046303
v -0.184411 -0.393079 0.016535
v -0.169797 -0.405249 0.059464
v -0.183137 -0.407025 0.043460
v -0.187209 -0.390153 0.048922
v -0.181869 -0.412917 0.050435
v -0.183018 -0.468039 0.075171
v -0.182790 -0.440317 -0.019784
v -0.178155 -0.429766 -0.012825
v -0.183016 -0.395494 0.010785
v -0.179091 -0.492987 0.014540
v -0.179040 -0.375117 0.006640
v -0.171627 -0.448939 0.060934
v -0.176356 -0.445474 0.061901
v -0.176119 -0.437235 0.066163
v -0.185157 -0.499097 0.062230
v -0.182028 -0.483856 -0.019490
v -0.178520 -0.494395 0.086768
v -0.180616 -0.492587 0.082345
v -0.178909 -0.498379 0.066269
v -0.178484 -0.430017 0.062185
v -0.176211 -0.478683 -0.026390
v -0.177792 -0.474904 0.074784
v -0.183030 -0.444406 0.059798
v -0.171100 -0.409346 -0.009693
v -0.178699 -0.471520 0.074427
v -0.177486 -0.400036 0.054229
v -0.174762 -0.483856 0.068815
v -0.174275 -0.499534 0.071323
v -0.173514 -0.374884 -0.000697
v -0.189393 -0.414759 0.003783
v -0.176421 -0.402978 -0.001735
v -0.186132 -0.386663 0.007518
v -0.158121 -0.388374 0.064019
v -0.176120 -0.458201 0.065358
v -0.174304 -0.492032 0.065994
v -0.171343 -0.492482 0.064725
v -0.172530 -0.496642 0.071638
v -0.178763 -0.453744 -0.019258
v -0.168922 -0.452966 0.056658
v -0.171535 -0.459051 0.062416
v -0.171932 -0.375369 -0.002865
v -0.173534 -0.492804 0.071921
v -0.170750 -0.427731 0.051041
v -0.173551 -0.423637 0.054567
v -0.172210 -0.487337 0.066560
v -0.167177 -0.398488 0.060283
v -0.154247 -0.498732 0.029398
v -0.171263 -0.491151 0.063125
v -0.169125 -0.494352 0.061146
v -0.171465 -0.435315 -0.024267
v -0.166287 -0.498103 0.021119
v -0.174197 -0.474945 0.072714
v -0.168922 -0.495766 0.057842
v -0.169541 -0.394096 -0.011291
v -0.166651 -0.489845 0.053624
v -0.141105 -0.375016 -0.009320
v -0.167349 -0.488697 0.050038
v -0.164856 -0.417019 0.052767
v -0.154988 -0.471242 -0.033301
v -0.167664 -0.477037 0.057090
v -0.167031 -0.437259 0.059745
v -0.168766 -0.436478 0.064699
v -0.164071 -0.446323 0.059883
v -0.168821 -0.421082 -0.011573
v -0.158424 -0.443187 0.057034
v -0.164961 -0.409161 -0.014065
v -0.167258 -0.430471 0.052332
v -0.175103 -0.439530 -0.024806
v -0.165676 -0.489945 0.052817
v -0.167301 -0.470430 0.059707
v -0.163487 -0.484417 -0.031020
v -0.153275 -0.491578 0.032150
v -0.165463 -0.426125 -0.018584
v -0.167287 -0.488467 0.048512
v -0.157750 -0.438803 0.053909
v -0.157796 -0.458133 0.048167
v -0.159495 -0.407086 0.057048
v -0.162434 -0.493385 0.044756
v -0.166562 -0.497839 -0.033171
v -0.155661 -0.449247 0.054461
v -0.162519 -0.487072 0.043607
v -0.146876 -0.380879 0.062499
v -0.160020 -0.448269 -0.025463
v -0.169487 -0.379623 -0.007911
v -0.159278 -0.486528 0.036758
v -0.150078 -0.466316 0.035133
v -0.158633 -0.445758 0.058140
v -0.142927 -0.428021 0.039597
v -0.149166 -0.485559 -0.030631
v -0.153664 -0.486971 0.034417
v -0.144251 -0.377868 0.067505
v -0.153209 -0.428095 0.051563
v -0.173625 -0.375416 0.063068
v -0.150569 -0.485674 0.027712
v -0.153621 -0.438998 0.048101
v -0.143230 -0.385628 0.062235
v -0.150753 -0.498499 0.027627
v -0.150443 -0.392732 0.056939
v -0.156021 -0.434332 -0.027274
v -0.151264 -0.492266 0.030128
v -0.145178 -0.446458 0.048256
v -0.147586 -0.449799 0.048231
v -0.146316 -0.416395 0.051158
v -0.153035 -0.434587 0.048178
v -0.145700 -0.401865 0.051143
v -0.148237 -0.457007 0.048482
v -0.139421 -0.498506 0.012804
v -0.146039 -0.483648 -0.025972
v -0.145382 -0.483343 0.021999
v -0.140715 -0.433748 -0.022821
v -0.146382 -0.440041 0.040200
v -0.143230 -0.378409 -0.008670
v -0.141595 -0.484188 0.016722
v -0.139063 -0.457008 0.028062
v -0.147784 -0.375188 0.069630
v -0.143530 -0.440099 0.034103
v -0.145530 -0.460857 0.038570
v -0.141647 -0.450670 0.039026
v -0.138856 -0.391606 0.051354
v -0.137454 -0.483285 -0.019550
v -0.141785 -0.458186 0.036058
v -0.137246 -0.456742 0.032364
v -0.139146 -0.470988 0.019305
v -0.140995 -0.445349 -0.017633
v -0.139672 -0.380243 0.065400
v -0.138248 -0.447530 0.037339
v -0.134212 -0.427352 0.024721
v -0.137373 -0.460358 0.017706
v -0.137205 -0.438093 0.022364
v -0.134509 -0.447529 0.026416
v -0.132428 -0.498750 -0.005349
v -0.126138 -0.388026 0.006493
v -0.134132 -0.498497 0.004564
v -0.141653 -0.394731 0.057879
v -0.130579 -0.383823 0.057820
v -0.144542 -0.417929 -0.013585
v -0.135345 -0.458483 0.011093
v -0.135342 -0.426719 0.002571
v -0.133140 -0.388487 0.052858
v -0.136179 -0.499011 -0.021942
v -0.134203 -0.471370 0.013826
v -0.134480 -0.454489 0.024577
v -0.139254 -0.401679 -0.006207
v -0.133657 -0.451957 -0.002299
v -0.133199 -0.482853 -0.013109
v -0.132346 -0.483499 -0.001759
v -0.130847 -0.394902 0.048494
v -0.131479 -0.476454 -0.002469
v -0.133727 -0.484338 0.006490
v -0.133172 -0.494210 0.006274
v -0.131367 -0.450121 0.008306
v -0.129371 -0.381418 0.054294
v -0.128487 -0.448860 0.000578
v -0.133299 -0.431518 -0.013845
v -0.131506 -0.466977 -0.007251
v -0.120332 -0.374960 0.015017
v -0.128728 -0.412503 0.019111
v -0.132576 -0.417907 -0.000556
v -0.130935 -0.431816 -0.008401
v -0.130677 -0.433354 -0.004687
v -0.132981 -0.449812 -0.005269
v -0.130848 -0.417659 0.006761
v -0.132966 -0.440422 0.022151
v -0.129814 -0.393580 0.045830
v -0.124658 -0.392312 0.020533
v -0.130635 -0.452245 0.017339
v -0.130424 -0.438039 0.011864
v -0.129080 -0.445215 0.012501
v -0.129338 -0.435507 0.002058
v -0.126737 -0.383664 0.048748
v -0.131451 -0.432317 0.008540
v -0.127077 -0.403652 0.040130
v -0.127247 -0.440129 0.005660
v -0.126319 -0.398382 0.010009
v -0.124494 -0.392172 0.032511
v -0.125147 -0.402782 0.035487
v -0.124364 -0.401236 0.028088
v -0.122826 -0.386566 0.043386
v -0.121349 -0.384613 0.019196
v -0.122690 -0.386117 0.036835
v -0.128201 -0.379149 0.000107
v -0.118480 -0.380988 0.024043
v -0.118542 -0.378885 0.041695
v -0.114471 -0.375123 0.040387
v -0.116474 -0.375063 0.038269
v -0.130154 -0.375166 0.059308
v -0.205539 -0.299026 0.060943
v -0.204941 -0.308488 0.058733
v -0.198186 -0.283681 0.081924
v -0.205795 -0.281448 0.061588
v -0.199906 -0.272787 0.051224
v -0.200816 -0.296780 0.074556
v -0.200727 -0.305254 0.038884
v -0.193288 -0.288995 0.090333
v -0.199128 -0.300267 0.089685
v -0.201186 -0.305132 0.073964
v -0.202665 -0.314481 0.081571
v -0.199491 -0.310451 0.050634
v -0.204254 -0.295047 0.050117
v -0.193080 -0.310341 0.048293
v -0.201296 -0.283117 0.035594
v -0.196778 -0.311087 0.071673
v -0.195986 -0.268764 0.059799
v -0.190887 -0.306654 0.035953
v -0.196551 -0.273018 0.072804
v -0.193440 -0.317160 0.084091
v -0.199821 -0.298374 0.039935
v -0.198073 -0.295170 0.031267
v -0.199514 -0.299750 0.030189
v -0.194549 -0.317624 0.091808
v -0.191084 -0.298279 0.026456
v -0.196593 -0.281887 0.026653
v -0.192480 -0.291081 0.019544
v -0.187760 -0.263713 0.047772
v -0.189568 -0.311128 0.043673
v -0.193856 -0.313674 0.068034
v -0.189896 -0.315871 0.053039
v -0.188263 -0.296884 0.098994
v -0.192748 -0.273514 0.021859
v -0.193671 -0.330159 0.045989
v -0.188856 -0.334895 0.056115
v -0.187775 -0.323346 0.023252
v -0.188593 -0.344917 0.045176
v -0.194601 -0.324509 0.085374
v -0.188413 -0.326726 0.047231
v -0.188331 -0.309515 0.037468
v -0.187529 -0.331677 0.053105
v -0.184750 -0.277262 0.082888
v -0.189458 -0.354835 0.028778
v -0.177611 -0.361372 0.068895
v -0.188838 -0.374686 0.028647
v -0.185767 -0.347922 0.051954
v -0.186989 -0.333120 0.056897
v -0.183932 -0.374941 0.052951
v -0.186686 -0.342721 0.044878
v -0.179604 -0.285157 0.097293
v -0.189667 -0.267181 0.061762
v -0.184950 -0.342032 0.014305
v -0.186055 -0.301271 0.026442
v -0.178617 -0.296817 0.105160
v -0.184382 -0.331200 0.079288
v -0.184016 -0.364175 0.008884
v -0.184611 -0.312312 0.102021
v -0.190176 -0.360402 0.025618
v -0.184279 -0.370748 0.057174
v -0.186088 -0.341859 0.064037
v -0.184988 -0.321468 0.075144
v -0.183814 -0.360013 0.012151
v -0.187300 -0.330627 0.029717
v -0.187723 -0.318049 0.034742
v -0.179766 -0.347466 0.068576
v -0.176859 -0.332808 0.079639
v -0.179504 -0.328581 0.091070
v -0.176784 -0.367974 0.064992
v -0.186509 -0.319296 0.066119
v -0.182200 -0.329972 0.098755
v -0.190564 -0.338634 0.030498
v -0.182470 -0.286317 0.010834
v -0.184346 -0.313343 0.024172
v -0.179816 -0.316467 0.109143
v -0.178861 -0.366005 0.063880
v -0.179631 -0.286784 -0.000275
v -0.186586 -0.294025 0.011759
v -0.173404 -0.285403 -0.001712
v -0.180624 -0.275996 0.074536
v -0.181021 -0.268300 0.061929
v -0.176541 -0.259181 0.074819
v -0.170873 -0.355760 0.073524
v -0.170150 -0.266345 0.092568
v -0.174918 -0.279319 0.081487
v -0.150911 -0.250217 0.030235
v -0.163458 -0.310650 0.117629
v -0.178718 -0.339328 0.075112
v -0.181459 -0.258994 0.018398
v -0.177305 -0.314298 0.012130
v -0.171008 -0.329547 0.085036
v -0.165462 -0.287432 0.095316
v -0.171892 -0.375208 0.065909
v -0.176202 -0.364845 -0.000714
v -0.162859 -0.331581 0.097272
v -0.177869 -0.333976 0.098751
v -0.178255 -0.273105 0.002481
v -0.171189 -0.304321 0.013184
v -0.161339 -0.374821 0.066743
v -0.156623 -0.359099 0.077034
v -0.159794 -0.325200 -0.001349
v -0.172413 -0.364864 0.067340
v -0.175107 -0.259526 0.045226
v -0.172164 -0.250184 0.080564
v -0.165658 -0.328755 0.086806
v -0.163875 -0.300934 0.003577
v -0.166321 -0.285254 0.093681
v -0.164343 -0.329677 0.108954
v -0.178615 -0.375048 0.006191
v -0.169342 -0.256189 0.001702
v -0.156528 -0.260542 0.114764
v -0.154479 -0.368643 -0.009808
v -0.162992 -0.302873 -0.001994
v -0.163109 -0.317956 0.117187
v -0.157487 -0.349175 -0.008238
v -0.171689 -0.357218 -0.004951
v -0.168871 -0.277861 0.098040
v -0.160510 -0.364697 0.076033
v -0.163232 -0.292904 0.109401
v -0.157595 -0.287781 0.100409
v -0.148636 -0.298462 -0.009266
v -0.159366 -0.274763 -0.002764
v -0.174700 -0.361743 0.074041
v -0.156939 -0.332453 0.104875
v -0.171635 -0.367383 0.067553
v -0.160754 -0.289642 0.098466
v -0.161434 -0.289118 -0.012841
v -0.168580 -0.330891 -0.000796
v -0.156085 -0.293048 0.108019
v -0.159279 -0.253472 0.006382
v -0.147943 -0.361363 -0.006736
v -0.149862 -0.332722 0.102701
v -0.156120 -0.374895 0.066612
v -0.155808 -0.282044 0.103928
v -0.155338 -0.374838 0.069917
v -0.146600 -0.374998 0.069279
v -0.149087 -0.311465 0.118346
v -0.169989 -0.258556 0.035638
v -0.154874 -0.313566 -0.002690
v -0.151589 -0.280409 -0.009049
v -0.153898 -0.305649 -0.000241
v -0.149890 -0.271554 -0.010501
v -0.146488 -0.332923 0.096410
v -0.157351 -0.341029 -0.007298
v -0.149449 -0.372937 0.071498
v -0.157678 -0.374667 -0.008252
v -0.146071 -0.303024 -0.000019
v -0.137421 -0.368859 0.071670
v -0.155252 -0.312623 0.001866
v -0.138374 -0.296458 0.112735
v -0.150108 -0.327688 0.111985
v -0.144827 -0.374966 0.067888
v -0.149928 -0.367782 0.074447
v -0.143118 -0.309459 0.114574
v -0.143752 -0.263827 -0.003259
v -0.156521 -0.257024 0.000323
v -0.141502 -0.283178 -0.014615
v -0.140042 -0.319807 0.113049
v -0.119675 -0.374979 0.047230
v -0.143247 -0.267628 0.109678
v -0.138537 -0.324606 0.112100
v -0.133157 -0.335665 0.104943
v -0.137567 -0.365463 -0.004025
v -0.165735 -0.249239 0.109672
v -0.128564 -0.324733 -0.000218
v -0.133854 -0.355637 0.073822
v -0.142168 -0.338163 0.089128
v -0.132874 -0.336958 0.096176
v -0.142029 -0.301120 0.000604
v -0.131505 -0.334831 0.101893
v -0.130943 -0.316295 0.114886
v -0.140445 -0.324407 -0.007822
v -0.114530 -0.353525 0.065914
v -0.127220 -0.308912 0.113774
v -0.139303 -0.370530 -0.006434
v -0.141229 -0.256451 0.019078
v -0.133438 -0.260670 0.021904
v -0.130787 -0.294003 0.095114
v -0.120274 -0.347722 0.006269
v -0.132055 -0.303339 -0.008162
v -0.133256 -0.296966 0.110514
v -0.111214 -0.265466 0.095439
v -0.113552 -0.363002 0.057574
v -0.122703 -0.333884 0.085036
v -0.129033 -0.268052 -0.001910
v -0.134199 -0.257546 0.009111
v -0.127698 -0.339781 -0.001825
v -0.122632 -0.320710 0.109393
v -0.145277 -0.365816 0.074274
v -0.126497 -0.329751 0.101726
v -0.135990 -0.374779 -0.003945
v -0.118717 -0.360867 0.064213
v -0.122528 -0.265115 0.025287
v -0.102257 -0.261612 0.055918
v -0.125573 -0.306973 0.002260
v -0.115162 -0.340749 0.081368
v -0.125487 -0.374967 0.009840
v -0.116423 -0.291648 -0.009321
v -0.122970 -0.308071 0.111173
v -0.113511 -0.364426 0.020443
v -0.126789 -0.290069 0.094695
v -0.118434 -0.312269 0.109744
v -0.115475 -0.306068 -0.007085
v -0.106215 -0.340129 0.067998
v -0.119308 -0.328694 0.106008
v -0.101814 -0.288784 0.079704
v -0.118921 -0.309083 0.007196
v -0.120167 -0.278571 -0.003412
v -0.119120 -0.375447 0.017123
v -0.111042 -0.329795 0.099365
v -0.113847 -0.308212 0.107715
v -0.118957 -0.262896 0.010411
v -0.113219 -0.349276 0.007886
v -0.115902 -0.374681 0.031369
v -0.110859 -0.303845 -0.007039
v -0.124178 -0.327753 -0.000704
v -0.111541 -0.368954 0.029536
v -0.114105 -0.372568 0.048776
v -0.112124 -0.285791 -0.001495
v -0.109199 -0.364330 0.024880
v -0.111343 -0.308653 0.105622
v -0.109661 -0.344900 0.017049
v -0.116755 -0.291530 0.087317
v -0.111251 -0.361541 0.043852
v -0.104616 -0.342312 0.056032
v -0.108168 -0.313055 0.105696
v -0.123039 -0.295852 0.103320
v -0.105886 -0.336417 0.073029
v -0.103415 -0.337558 0.090042
v -0.105783 -0.346045 0.020829
v -0.106806 -0.336821 0.091908
v -0.106558 -0.324061 0.103777
v -0.107137 -0.315680 0.016484
v -0.104991 -0.354157 0.045404
v -0.102133 -0.318125 0.096417
v -0.100347 -0.318374 0.029699
v -0.110060 -0.335719 0.013747
v -0.088873 -0.337353 0.071279
v -0.103264 -0.267530 0.020084
v -0.099456 -0.305503 0.098796
v -0.102266 -0.345876 0.030007
v -0.108314 -0.295353 0.094440
v -0.103941 -0.306095 0.102239
v -0.102988 -0.341304 0.035857
v -0.099262 -0.328813 0.043120
v -0.101540 -0.329421 0.092894
v -0.106200 -0.274806 0.006743
v -0.102631 -0.274471 0.041460
v -0.101969 -0.334113 0.071533
v -0.104449 -0.265255 0.082647
v -0.102491 -0.305050 0.006074
v -0.104468 -0.297355 -0.001658
v -0.099664 -0.270063 0.073613
v -0.097530 -0.250534 0.066770
v -0.093411 -0.284654 0.018219
v -0.109465 -0.339901 0.085242
v -0.119683 -0.249965 0.106911
v -0.100928 -0.286600 0.073572
v -0.095063 -0.332191 0.075499
v -0.086330 -0.321840 0.029073
v -0.090894 -0.340921 0.067216
v -0.104751 -0.249958 0.059809
v -0.100000 -0.257320 0.071727
v -0.097984 -0.284135 0.066650
v -0.100650 -0.311677 0.004151
v -0.093392 -0.289116 0.079885
v -0.093241 -0.325687 0.081933
v -0.097502 -0.250336 0.090352
v -0.093956 -0.309539 0.005467
v -0.097730 -0.321763 0.092309
v -0.094458 -0.250720 0.073396
v -0.094864 -0.314250 0.088513
v -0.095912 -0.301097 0.089830
v -0.097514 -0.280108 0.057389
v -0.094874 -0.250563 0.084028
v -0.094278 -0.288306 0.079246
v -0.097138 -0.273741 0.022198
v -0.090423 -0.333143 0.047676
v -0.091994 -0.296091 0.087933
v -0.089994 -0.336254 0.054055
v -0.094453 -0.277093 0.050482
v -0.089402 -0.330027 0.074123
v -0.090379 -0.296986 0.082478
v -0.088295 -0.317415 0.081415
v -0.092403 -0.290326 0.080925
v -0.087926 -0.312697 0.081660
v -0.090182 -0.289876 0.080177
v -0.089053 -0.279357 0.028498
v -0.087770 -0.315134 0.080963
v -0.093115 -0.328241 0.075766
v -0.088441 -0.285787 0.027315
v -0.086467 -0.336424 0.060561
v -0.082891 -0.286843 0.045862
v -0.084292 -0.284920 0.060601
v -0.085164 -0.293719 0.072211
v -0.085527 -0.325078 0.040093
v -0.083298 -0.330010 0.045992
v -0.083926 -0.307438 0.026986
v -0.081408 -0.322535 0.040262
v -0.082183 -0.297517 0.050086
v -0.084259 -0.297685 0.075564
v -0.084962 -0.313990 0.070030
v -0.080831 -0.293464 0.047582
v -0.080957 -0.294984 0.062824
v -0.079674 -0.312877 0.062208
v -0.080053 -0.319494 0.041562
v -0.184642 0.080366 0.038646
v -0.184477 0.052699 0.011631
v -0.184729 0.027594 -0.000576
v -0.181388 0.080765 0.038730
v -0.178345 0.059937 0.021684
v -0.181574 0.030678 0.008387
v -0.177677 0.042740 0.006424
v -0.179752 0.032030 0.009583
v -0.158210 0.069806 0.028290
v -0.170473 0.035269 0.011742
v -0.168440 0.086191 0.044554
v -0.171116 0.029578 0.010496
v -0.162311 0.024868 -0.005158
v -0.165212 0.083081 0.037318
v -0.168692 0.054052 0.021184
v -0.163996 0.037376 0.011344
v -0.164157 0.089122 0.037820
v -0.166742 0.023823 -0.001461
v -0.160782 0.030778 0.008883
v -0.164235 0.063231 0.024548
v -0.154680 0.039735 0.012947
v -0.163888 0.032833 0.011296
v -0.160677 0.025493 0.001308
v -0.179614 0.092965 0.051496
v -0.160908 0.093834 0.034101
v -0.156910 0.067892 0.024415
v -0.153378 0.035445 0.011351
v -0.159409 0.093697 0.039630
v -0.147859 0.087449 0.014723
v -0.156795 0.080940 0.029122
v -0.154051 0.047789 0.008694
v -0.154387 0.029834 0.000966
v -0.150578 0.071775 0.023547
v -0.148107 0.053170 0.009908
v -0.153883 0.070638 0.023475
v -0.148545 0.081513 0.018391
v -0.140615 0.037373 -0.003405
v -0.148826 0.092841 0.009547
v -0.148157 0.078987 0.019769
v -0.147061 0.040329 0.011496
v -0.140771 0.050950 0.013070
v -0.144436 0.034785 0.002603
v -0.143171 0.060061 0.009088
v -0.132687 0.049481 -0.005392
v -0.147934 0.093925 0.009050
v -0.139803 0.062155 0.011084
v -0.143465 0.042228 0.010844
v -0.145777 0.090572 0.011896
v -0.137970 0.077167 0.004455
v -0.139556 0.085359 0.000893
v -0.144018 0.093824 -0.002791
v -0.135298 0.042999 0.004281
v -0.137471 0.090602 0.000026
v -0.124656 0.085492 0.000995
v -0.132145 0.046106 -0.004945
v -0.135409 0.049265 0.007400
v -0.131399 0.081905 0.002613
v -0.133042 0.055413 0.012085
v -0.128352 0.051698 0.001263
v -0.132329 0.069417 0.008365
v -0.131371 0.057021 0.009366
v -0.128765 0.061553 0.007196
v -0.129570 0.066363 0.006567
v -0.127167 0.071549 0.006325
v -0.127723 0.080729 -0.001494
v -0.128240 0.056780 0.002868
v -0.126457 0.075992 -0.003192
v -0.125439 0.065825 -0.000263
v -0.127179 0.061751 0.005574
v -0.125467 0.058800 -0.001527
v -0.124831 0.069855 0.000843
v -0.126700 0.078361 0.003910
v -0.105044 0.086068 -0.004194
v -0.127104 0.092657 -0.000421
v -0.109119 0.084958 -0.001899
v -0.115019 0.187885 0.060250
v -0.113359 0.190422 0.010788
v -0.115564 0.203637 0.009282
v -0.109605 0.214396 0.015798
v -0.121668 0.197837 0.012718
v -0.115637 0.194623 0.005542
v -0.108765 0.211665 0.017150
v -0.116079 0.191054 0.024563
v -0.112148 0.203409 0.024329
v -0.115547 0.194654 0.052264
v -0.123098 0.187872 0.043565
v -0.106901 0.189937 0.005552
v -0.107348 0.192410 0.030105
v -0.116711 0.187921 0.019640
v -0.118097 0.210886 0.005526
v -0.101023 0.214326 0.024690
v -0.108562 0.194953 0.030379
v -0.086596 0.211116 0.026607
v -0.102817 0.200165 0.030449
v -0.093214 0.205493 0.027948
v -0.086507 0.224648 0.012258
v -0.069253 0.187987 0.036827
v -0.068232 0.219275 0.017402
v -0.074631 0.331326 0.052379
v -0.075485 0.294162 0.050414
v -0.072454 0.292864 0.057316
v -0.047204 0.229492 0.016173
v -0.081756 0.211892 0.026476
v -0.069186 0.235013 0.067473
v -0.060003 0.298354 0.078412
v -0.056748 0.299663 0.092180
v -0.073787 0.200295 0.043609
v -0.088826 0.226981 0.005860
v -0.058995 0.193080 0.029541
v -0.058706 0.298460 0.074695
v -0.065671 0.216111 0.031044
v -0.058940 0.236194 0.027165
v -0.058217 0.282971 0.035029
v -0.063486 0.242472 0.037741
v -0.057329 0.229595 0.043593
v -0.046328 0.205539 0.028446
v -0.060642 0.239624 0.055862
v -0.058546 0.261708 0.052343
v -0.052891 0.336356 0.076242
v -0.058205 0.299275 0.060951
v -0.057840 0.264906 0.036267
v -0.058548 0.265949 0.044373
v -0.063332 0.253703 0.027262
v -0.059777 0.249610 0.033497
v -0.059179 0.255099 0.034120
v -0.059298 0.236475 0.044424
v -0.059661 0.237952 0.045565
v -0.060005 0.269847 0.050325
v -0.061344 0.239740 0.044950
v -0.069686 0.235920 0.070403
v -0.054558 0.309410 0.086615
v -0.057119 0.267861 0.023929
v -0.061617 0.289245 0.024664
v -0.048473 0.200947 0.025240
v -0.058511 0.279363 0.043876
v -0.057652 0.278181 0.060418
v -0.059930 0.287634 0.061797
v -0.058514 0.291380 0.071228
v -0.054379 0.262831 0.005617
v -0.057716 0.270633 0.025315
v -0.060106 0.294349 0.047224
v -0.057109 0.280188 0.049783
v -0.057218 0.276853 0.048750
v -0.060386 0.225503 0.048996
v -0.056078 0.265254 0.017761
v -0.058024 0.231982 0.043821
v -0.058326 0.290600 0.051420
v -0.054450 0.260820 0.068017
v -0.056622 0.232486 0.031972
v -0.056391 0.287771 0.038427
v -0.057287 0.297975 0.046605
v -0.060254 0.305846 0.082223
v -0.059403 0.301228 0.023188
v -0.060397 0.288062 0.047389
v -0.056712 0.298435 0.041075
v -0.056853 0.232358 0.057980
v -0.059039 0.265987 0.061513
v -0.059547 0.235558 0.067575
v -0.056005 0.257430 0.072699
v -0.057156 0.273022 0.011688
v -0.059791 0.265397 0.014357
v -0.056756 0.268457 0.015271
v -0.056482 0.260894 0.018678
v -0.057243 0.297233 0.018859
v -0.058500 0.257703 0.022808
v -0.055855 0.224839 0.006563
v -0.056629 0.260312 0.013686
v -0.055979 0.281656 0.026092
v -0.055113 0.296811 0.032905
v -0.056784 0.305840 0.047054
v -0.058492 0.306098 0.056374
v -0.057742 0.288120 0.054534
v -0.054930 0.305165 0.062152
v -0.056137 0.300356 0.072881
v -0.058338 0.283051 0.020069
v -0.055267 0.295308 0.029185
v -0.055581 0.284142 0.036952
v -0.059594 0.301796 0.046011
v -0.056379 0.290585 0.053517
v -0.057700 0.285958 0.086877
v -0.049237 0.235204 0.086639
v -0.055476 0.279878 0.038807
v -0.054847 0.252190 0.065902
v -0.057164 0.285967 0.014536
v -0.055706 0.280874 0.027828
v -0.055512 0.282552 0.038066
v -0.055626 0.307009 0.051044
v -0.055128 0.299900 0.035991
v -0.054461 0.305092 0.037279
v -0.051853 0.208652 0.058410
v -0.055009 0.242022 0.074235
v -0.048271 0.236011 0.092470
v -0.062079 0.277225 0.015928
v -0.061296 0.252611 0.011583
v -0.055099 0.292951 0.034673
v -0.051839 0.326521 0.069851
v -0.054278 0.257521 0.067817
v -0.055663 0.302870 0.071546
v -0.054342 0.265738 0.070428
v -0.054698 0.260638 0.008752
v -0.052104 0.253886 0.080258
v -0.054820 0.287512 0.078264
v -0.056266 0.225493 0.005879
v -0.052085 0.317447 0.082681
v -0.052963 0.288361 0.094281
v -0.053810 0.279344 0.005362
v -0.052477 0.311333 0.027796
v -0.054242 0.306712 0.033318
v -0.055939 0.314399 0.034648
v -0.054007 0.309002 0.040385
v -0.053406 0.245677 0.084339
v -0.053821 0.297128 0.083784
v -0.055836 0.283450 0.101163
v -0.058333 0.305213 0.016702
v -0.048333 0.334500 0.053937
v -0.053669 0.261787 0.090143
v -0.055465 0.315643 0.024806
v -0.048436 0.213515 0.043958
v -0.049190 0.332908 0.063146
v -0.053116 0.279035 0.090075
v -0.056645 0.311172 0.049714
v -0.053927 0.215653 0.053537
v -0.053169 0.229860 0.064341
v -0.051969 0.246584 0.084603
v -0.054412 0.245294 0.020926
v -0.056191 0.289682 0.005992
v -0.054611 0.292396 0.013037
v -0.040011 0.203921 0.020324
v -0.052151 0.308158 0.028469
v -0.032534 0.188006 0.038052
v -0.048187 0.209314 0.048750
v -0.052264 0.294027 0.005868
v -0.050060 0.231714 0.061432
v -0.041257 0.324895 0.111166
v -0.048652 0.212765 0.060022
v -0.052030 0.311163 0.011034
v -0.051513 0.259313 0.007608
v -0.049706 0.223962 0.027469
v -0.044990 0.204311 0.058936
v -0.049029 0.331621 0.070095
v -0.054732 0.308723 0.098902
v -0.048593 0.306626 0.008243
v -0.051341 0.302855 0.005590
v -0.049902 0.331328 0.015264
v -0.047662 0.336513 0.036028
v -0.048578 0.249626 0.088094
v -0.044982 0.279102 0.103430
v -0.046989 0.322667 0.007571
v -0.049119 0.246705 0.009190
v -0.049613 0.217572 0.029122
v -0.045888 0.234591 0.093829
v -0.046267 0.233118 0.005667
v -0.049087 0.319201 0.011445
v -0.049236 0.322555 0.017635
v -0.049997 0.214109 0.034013
v -0.046603 0.229938 0.023857
v -0.042091 0.296626 0.110839
v -0.046420 0.224606 0.024054
v -0.047692 0.233258 0.014315
v -0.046440 0.325801 0.028831
v -0.052475 0.239172 0.074413
v -0.046813 0.233026 0.010166
v -0.045773 0.225777 0.024980
v -0.046234 0.321942 0.005644
v -0.049912 0.336420 0.062992
v -0.038213 0.257224 0.109413
v -0.048160 0.251259 0.090027
v -0.044535 0.260885 0.103695
v -0.046453 0.251101 0.069056
v -0.044045 0.276564 0.110535
v -0.041956 0.336184 0.012265
v -0.046614 0.251552 0.070869
v -0.044807 0.333092 0.077605
v -0.044526 0.212192 0.029495
v -0.043397 0.248466 0.077459
v -0.043581 0.318900 0.096252
v -0.041561 0.226812 0.069565
v -0.043155 0.335239 0.081086
v -0.039640 0.348402 0.023460
v -0.037907 0.210759 0.031677
v -0.027219 0.355853 0.070785
v -0.019650 0.349388 0.094421
v -0.037360 0.314167 0.119902
v -0.039306 0.264053 0.107729
v -0.044567 0.336947 0.026945
v -0.031444 0.189405 0.052505
v -0.037766 0.212994 0.025641
v -0.041045 0.216691 0.059801
v -0.036167 0.223215 0.069361
v -0.048053 0.323631 0.092821
v -0.042111 0.342159 0.011302
v -0.044488 0.329984 0.005543
v -0.038907 0.251363 0.094777
v -0.030479 0.207443 0.016707
v -0.040003 0.212620 0.028225
v -0.038782 0.195115 0.059636
v -0.014842 0.343817 0.110541
v -0.036000 0.211698 0.029294
v -0.035658 0.200790 0.061238
v -0.037571 0.235464 0.073056
v -0.032338 0.263335 0.096704
v -0.037166 0.218174 0.028821
v -0.036232 0.213028 0.031723
v -0.036821 0.229062 0.058920
v -0.036056 0.214054 0.030182
v -0.035271 0.218648 0.030638
v -0.029859 0.275800 0.089652
v -0.034550 0.215744 0.024286
v -0.035867 0.214567 0.027829
v -0.035450 0.225084 0.030196
v -0.035716 0.246939 0.062384
v -0.031724 0.195865 0.066898
v -0.031614 0.203252 0.066625
v -0.036436 0.218194 0.027568
v -0.036995 0.251389 0.066108
v -0.033159 0.252346 0.111226
v -0.035962 0.211693 0.033514
v -0.032051 0.186103 0.067409
v -0.030984 0.272833 0.086787
v -0.028880 0.264593 0.118787
v -0.032258 0.219943 0.064465
v -0.023683 0.329645 0.124419
v -0.042238 0.201918 0.038218
v -0.026213 0.202243 0.065791
v -0.021506 0.366263 0.053115
v -0.029931 0.248026 0.050191
v -0.026583 0.174399 0.069902
v -0.019524 0.313989 0.123917
v -0.033157 0.207865 0.040028
v -0.025160 0.176639 0.078321
v -0.031265 0.219264 0.049849
v -0.031311 0.210622 0.057033
v -0.035038 0.250410 0.101495
v -0.029989 0.198874 0.025480
v -0.036124 0.223903 0.057294
v -0.032582 0.263504 0.069746
v -0.027645 0.274178 0.080839
v -0.015309 0.326606 0.130145
v -0.027976 0.248756 0.055147
v -0.030531 0.272232 0.078419
v -0.028349 0.278110 0.108450
v -0.041203 0.337497 0.005527
v -0.034414 0.229631 0.045742
v -0.029218 0.253181 0.061917
v -0.025387 0.185661 0.073505
v -0.021626 0.325663 0.126408
v -0.027592 0.249503 0.058119
v -0.031079 0.223709 0.053621
v -0.025656 0.274149 0.098774
v -0.021352 0.342488 0.119129
v -0.027013 0.189269 0.055504
v -0.024329 0.365269 0.015149
v -0.027017 0.250740 0.059953
v -0.027023 0.273401 0.084904
v -0.025905 0.290925 0.124782
v -0.025123 0.246290 0.042150
v -0.026141 0.273401 0.089194
v -0.024244 0.192679 0.069869
v -0.027027 0.272430 0.091861
v -0.027134 0.275834 0.095702
v -0.027235 0.213911 0.017713
v -0.022756 0.248777 0.034412
v -0.023014 0.247275 0.042310
v -0.021360 0.265449 0.093981
v -0.019542 0.187960 0.020603
v -0.024913 0.166867 0.082068
v -0.029455 0.362610 0.038123
v -0.022477 0.173388 0.073006
v -0.024703 0.165351 0.080842
v -0.011538 0.230003 0.086797
v -0.013406 0.278291 0.104483
v -0.017950 0.227612 0.014279
v -0.014213 0.370181 0.067478
v -0.022708 0.286167 0.113876
v -0.022756 0.233185 0.055405
v -0.021884 0.252676 0.089042
v -0.022667 0.169512 0.080062
v -0.021909 0.275683 0.096573
v -0.023691 0.284673 0.103177
v -0.025171 0.366293 0.031620
v -0.019697 0.238403 0.029432
v -0.017356 0.239310 0.040895
v -0.026699 0.271247 0.088523
v -0.018136 0.317706 0.124234
v -0.022177 0.258982 0.088277
v -0.027923 0.355741 0.082300
v -0.017192 0.222049 0.004877
v -0.019425 0.262515 0.090326
v -0.008780 0.310441 0.121972
v -0.016632 0.216513 0.000264
v -0.017015 0.270232 0.092110
v -0.020155 0.246993 0.035189
v -0.015576 0.309381 0.105186
v -0.012818 0.308761 0.127506
v -0.015277 0.275319 0.100629
v -0.018602 0.232225 0.022782
v -0.011407 0.280149 0.110060
v -0.017498 0.200395 0.012700
v -0.013633 0.373020 0.032740
v -0.017556 0.238273 0.039100
v -0.013305 0.282771 0.107620
v -0.011623 0.373572 0.049520
v -0.012404 0.272718 0.091875
v -0.015877 0.217400 0.001754
v -0.016878 0.197949 0.014470
v -0.016280 0.264903 0.095040
v -0.010190 0.209861 0.034101
v -0.015932 0.224392 0.010992
v -0.011855 0.221536 0.072181
v -0.009143 0.203161 0.032846
v -0.013669 0.275739 0.100138
v -0.006049 0.257437 0.096818
v -0.009577 0.272397 0.094710
v -0.008003 0.189780 0.032007
v -0.009074 0.268744 0.093001
v -0.006082 0.279279 0.110984
v -0.009692 0.273831 0.099032
v -0.008615 0.321227 0.124785
v -0.012125 0.222991 0.057979
v -0.003513 0.276591 0.112300
v -0.011693 0.366206 0.084865
v -0.004385 0.271478 0.097198
v -0.011761 0.229520 0.040535
v -0.003477 0.267196 0.094386
v -0.003151 0.274165 0.108409
v -0.004382 0.325078 0.122068
v -0.009338 0.372221 0.018404
v -0.002200 0.187070 0.039482
v -0.002932 0.278162 0.112111
v -0.007954 0.326542 0.129227
v -0.026683 0.357029 0.086243
v -0.005188 0.317462 0.107657
v -0.005168 0.347202 0.122433
v -0.003243 0.371856 0.059906
v -0.015337 0.363180 0.005553
v -0.009609 0.374939 0.044480
v -0.000200 0.219222 0.051012
v -0.002417 0.211222 0.082243
v -0.003786 0.230106 0.092469
v -0.000218 0.315162 0.110859
v 0.000289 0.217782 0.059777
v -0.000431 0.213468 0.069333
v -0.000490 0.372804 0.058755
v -0.000305 0.212748 0.043927
v 0.000040 0.218732 0.050266
v -0.001451 0.324707 0.122165
v -0.000843 0.328643 0.129194
v 0.000232 0.367541 0.007769
v -0.000211 0.210720 0.084932
v 0.000271 0.221487 0.091127
v -0.013428 0.356086 0.103968
v -0.005990 0.205204 0.037807
v -0.001187 0.373060 0.037558
v -0.000369 0.218303 0.048511
v 0.000037 0.219135 0.055537
v -0.000157 0.242386 0.100523
v -0.000229 0.358136 0.099479
v -0.003528 0.243899 0.099865
v -0.000124 0.373029 0.029091
v 0.000049 0.373694 0.036237
v -0.000186 0.211312 0.074342
v 0.000345 0.301194 0.111884
v -0.000137 0.246181 0.114274
v -0.010792 0.319911 0.113909
v -0.000116 0.228253 0.095579
v -0.000116 0.269182 0.103581
v -0.000181 0.266031 0.102042
v 0.000251 0.273574 0.109107
v -0.000189 0.298602 0.112050
v -0.003050 0.313991 0.119065
v -0.000027 0.202079 0.039694
v -0.001094 0.211064 0.077060
v -0.000371 0.210113 0.081508
v -0.000058 0.212170 0.087331
v -0.000249 0.367394 0.088691
v 0.000227 0.360420 0.093382
v -0.000058 0.358745 0.094489
v -0.000051 0.230436 0.094782
v -0.000509 0.232208 0.100956
v -0.000652 0.235222 0.100301
v -0.000202 0.255463 0.107070
v 0.000193 0.304281 0.111327
v -0.000266 0.278528 0.111632
v 0.000020 0.294708 0.112241
v -0.000104 0.250025 0.114685
v 0.000023 0.248094 0.115348
v -0.000084 0.314658 0.118599
v 0.000019 0.318754 0.122595
v -0.000393 0.370867 0.013326
v -0.000707 0.372609 0.019281
v -0.000281 0.372142 0.022004
v 0.000207 0.374550 0.042459
v 0.000410 0.366039 0.077687
v -0.000161 0.366926 0.082037
v -0.000022 0.244188 0.107204
v -0.000110 0.358288 0.105129
v -0.000271 0.244711 0.111272
v -0.000198 0.346672 0.111746
v -0.000113 0.347710 0.119919
v -0.000117 0.347127 0.121400
v -0.000151 0.335986 0.123070
v 0.000283 0.329727 0.128797
v 0.000128 0.283532 0.112065
v -0.184211 0.095453 -0.049094
v -0.177899 0.100937 -0.036973
v -0.184693 0.107155 -0.021908
v -0.181232 0.119720 -0.005459
v -0.184414 0.071133 -0.062463
v -0.184530 0.030801 -0.026847
v -0.174581 0.026348 -0.016575
v -0.173661 0.082604 -0.063664
v -0.180291 0.102336 -0.055955
v -0.176555 0.057592 -0.066451
v -0.171581 0.102058 -0.032575
v -0.174287 0.020414 -0.060981
v -0.163782 0.021709 -0.023842
v -0.173790 0.105974 -0.029998
v -0.169459 0.082960 -0.059731
v -0.163973 0.016139 -0.064250
v -0.159965 0.026909 -0.012515
v -0.173040 0.107906 -0.015387
v -0.163053 0.083517 -0.057636
v -0.168677 0.105237 -0.047658
v -0.164946 0.092391 -0.062767
v -0.160036 0.104117 -0.048031
v -0.160564 0.039753 -0.072428
v -0.151634 0.100493 -0.009471
v -0.165622 0.106572 -0.035121
v -0.132823 0.027552 -0.037476
v -0.146997 0.096420 -0.006156
v -0.172414 0.025368 -0.006416
v -0.160119 0.074065 -0.064043
v -0.145728 0.019809 -0.042765
v -0.150756 0.018042 -0.055019
v -0.145122 0.034005 -0.009290
v -0.148284 0.101096 -0.013416
v -0.145236 0.097029 -0.009119
v -0.140670 0.159994 -0.021807
v -0.136589 0.129849 -0.027759
v -0.147326 0.116577 -0.035543
v -0.148381 0.138028 -0.043006
v -0.138435 0.154398 -0.046211
v -0.141880 0.110853 -0.032194
v -0.142528 0.110725 -0.043591
v -0.140522 0.096729 -0.005817
v -0.139268 0.139244 -0.017619
v -0.137737 0.133495 -0.073328
v -0.149071 0.099536 -0.043187
v -0.142179 0.111447 -0.047835
v -0.147103 0.052516 -0.076420
v -0.136432 0.148773 -0.006066
v -0.135094 0.140777 -0.010217
v -0.141901 0.147720 -0.013223
v -0.133312 0.131927 -0.057762
v -0.131536 0.166596 -0.021280
v -0.137822 0.144464 -0.036692
v -0.130593 0.146296 -0.017232
v -0.138309 0.139072 -0.005570
v -0.136437 0.129945 -0.033255
v -0.129894 0.129412 -0.024638
v -0.131898 0.147173 -0.082402
v -0.135520 0.135036 -0.005078
v -0.135336 0.082688 -0.079650
v -0.132307 0.129313 -0.057632
v -0.136955 0.108313 -0.062696
v -0.140545 0.143243 -0.051422
v -0.133677 0.151914 -0.057087
v -0.135120 0.122366 -0.027628
v -0.130055 0.141951 -0.016999
v -0.129345 0.048215 -0.018801
v -0.141136 0.161230 -0.064111
v -0.136374 0.107115 -0.064228
v -0.132715 0.152939 -0.008694
v -0.137573 0.043588 -0.011766
v -0.132339 0.150573 -0.005940
v -0.127591 0.064914 -0.009721
v -0.105503 0.066079 -0.067328
v -0.132350 0.141104 -0.012284
v -0.138542 0.112854 -0.068711
v -0.131793 0.153783 -0.007035
v -0.138826 0.039744 -0.005858
v -0.122919 0.123516 -0.006195
v -0.126308 0.128123 -0.014502
v -0.133805 0.136752 -0.008842
v -0.129442 0.051631 -0.005675
v -0.130032 0.133773 -0.005822
v -0.132059 0.147984 -0.066199
v -0.124410 0.127949 -0.011576
v -0.127050 0.136442 -0.074201
v -0.127418 0.057039 -0.005748
v -0.122850 0.073008 -0.077301
v -0.102856 0.054966 -0.058129
v -0.126184 0.072962 -0.005572
v -0.125587 0.124011 -0.070243
v -0.120569 0.128008 -0.008456
v -0.116840 0.133041 -0.080570
v -0.119385 0.183916 -0.009904
v -0.099719 0.072855 -0.025346
v -0.120190 0.186910 -0.042249
v -0.127535 0.177895 -0.055925
v -0.130658 0.176688 -0.016326
v -0.144359 0.161689 -0.047268
v -0.118436 0.132912 -0.092146
v -0.128460 0.158752 -0.072731
v -0.120952 0.125178 -0.087136
v -0.115845 0.128493 -0.082389
v -0.121717 0.123238 -0.074167
v -0.118561 0.098580 -0.078710
v -0.115760 0.179972 -0.005856
v -0.133949 0.107985 -0.077668
v -0.109886 0.187577 -0.063252
v -0.106503 0.059630 -0.031895
v -0.112235 0.121144 -0.088641
v -0.111580 0.185463 -0.006224
v -0.116043 0.187500 -0.015664
v -0.112094 0.129964 -0.005748
v -0.108677 0.119511 -0.088382
v -0.108576 0.185383 -0.072638
v -0.123187 0.130116 -0.005712
v -0.109315 0.187456 -0.098485
v -0.104671 0.183080 -0.100541
v -0.102595 0.167237 -0.081643
v -0.111211 0.187422 -0.082057
v -0.114927 0.144861 -0.086114
v -0.112314 0.181537 -0.092640
v -0.111020 0.171605 -0.091632
v -0.111374 0.123467 -0.086710
v -0.097268 0.149265 -0.087421
v -0.109224 0.112927 -0.081023
v -0.104787 0.175692 -0.077266
v -0.104866 0.159319 -0.088948
v -0.106064 0.185068 -0.068888
v -0.118445 0.074777 -0.005568
v -0.107659 0.117169 -0.087081
v -0.100725 0.112919 -0.095857
v -0.103652 0.170826 -0.079590
v -0.104765 0.180134 -0.073526
v -0.097111 0.102716 -0.071563
v -0.107517 0.136606 -0.089122
v -0.103424 0.158096 -0.090981
v -0.097696 0.110044 -0.071159
v -0.102110 0.165286 -0.083098
v -0.094848 0.110168 -0.087421
v -0.101576 0.157257 -0.085560
v -0.101715 0.112803 -0.083519
v -0.103554 0.172835 -0.099663
v -0.096496 0.115749 -0.093686
v -0.108729 0.097283 -0.086585
v -0.097015 0.185594 -0.109355
v -0.096187 0.110793 -0.079562
v -0.090785 0.187304 -0.111151
v -0.081877 0.081925 -0.062939
v -0.098250 0.153966 -0.091188
v -0.095344 0.147151 -0.090243
v -0.087728 0.099979 -0.008350
v -0.096467 0.111728 -0.082404
v -0.084776 0.119029 -0.092543
v -0.077059 0.091832 -0.033146
v -0.092792 0.146620 -0.088633
v -0.099621 0.153674 -0.105679
v -0.098901 0.123201 -0.091001
v -0.089530 0.178086 -0.113561
v -0.089579 0.101901 -0.005677
v -0.083738 0.152524 -0.114291
v -0.088459 0.141362 -0.094843
v -0.076764 0.116537 -0.073539
v -0.090750 0.146341 -0.103503
v -0.071265 0.099871 -0.015545
v -0.084810 0.177493 -0.113333
v -0.080042 0.131507 -0.087612
v -0.083270 0.103153 -0.023080
v -0.077946 0.147689 -0.117205
v -0.079749 0.078401 -0.042859
v -0.079300 0.118492 -0.089004
v -0.077769 0.103256 -0.068956
v -0.072445 0.179280 -0.117436
v -0.077258 0.093503 -0.016657
v -0.076862 0.097417 -0.066999
v -0.074160 0.187654 -0.116629
v -0.076969 0.093407 -0.031178
v -0.075680 0.119447 -0.086260
v -0.071105 0.088710 -0.032245
v -0.074075 0.163466 -0.123966
v -0.077216 0.125686 -0.106335
v -0.073651 0.092814 -0.053984
v -0.067520 0.025499 -0.006294
v -0.069381 0.187555 -0.114685
v -0.069107 0.107464 -0.068142
v -0.062728 0.120078 -0.104341
v -0.068847 0.099978 -0.012646
v -0.067816 0.187282 -0.114020
v -0.068288 0.089904 -0.034869
v -0.066237 0.156559 -0.119825
v -0.070837 0.116771 -0.081766
v -0.066808 0.110166 -0.083170
v -0.064466 0.085561 -0.013071
v -0.068241 0.090801 -0.053124
v -0.064715 0.091531 -0.031628
v -0.062396 0.010348 -0.016338
v -0.066025 0.071831 -0.006953
v -0.060681 0.116551 -0.068513
v -0.071439 0.096764 -0.006150
v -0.066940 0.015490 -0.015906
v -0.063502 0.096116 -0.030687
v -0.055262 0.187004 -0.116108
v -0.060075 0.100708 -0.052572
v -0.065681 0.029497 -0.012608
v -0.062701 0.096366 -0.034500
v -0.057469 0.101366 -0.044671
v -0.063617 0.006701 -0.006186
v -0.062043 0.007694 -0.010652
v -0.059118 0.098889 -0.040747
v -0.056887 0.089012 -0.033565
v -0.057956 0.050647 -0.010864
v -0.053199 0.058715 -0.017795
v -0.061175 0.148966 -0.122997
v -0.058168 0.081902 -0.029831
v -0.062452 0.020970 -0.032269
v -0.057258 0.108645 -0.100750
v -0.049109 0.136272 -0.121125
v -0.058777 0.051472 -0.005989
v -0.052789 0.030439 -0.005550
v -0.056128 0.101512 -0.082961
v -0.054238 0.008860 -0.023000
v -0.050258 0.177411 -0.120828
v -0.052506 0.018928 -0.038245
v -0.045450 0.010462 -0.039473
v -0.042680 0.008677 -0.036345
v -0.047520 0.071905 -0.034180
v -0.052871 0.035173 -0.005887
v -0.045456 0.107012 -0.060053
v -0.051656 0.029967 -0.030899
v -0.055357 0.052771 -0.019412
v -0.046231 0.016148 -0.040562
v -0.048869 0.101125 -0.098470
v -0.048954 0.115544 -0.057600
v -0.047603 0.091663 -0.047009
v -0.049690 0.007397 -0.031883
v -0.050149 0.035539 -0.011425
v -0.042828 0.094962 -0.070624
v -0.056368 0.091668 -0.042507
v -0.047124 0.008821 -0.032573
v -0.042600 0.094105 -0.087539
v -0.036193 0.082140 -0.049436
v -0.040952 0.187114 -0.117162
v -0.031928 0.140136 -0.122189
v -0.035236 0.005246 -0.046453
v -0.048786 0.155535 -0.124544
v -0.036235 0.008880 -0.041036
v -0.027845 0.175388 -0.120087
v -0.042725 0.151556 -0.123490
v -0.043630 0.054701 -0.037570
v -0.027559 0.067435 -0.045482
v -0.043272 0.060117 -0.031415
v -0.036474 0.102987 -0.106757
v -0.044324 0.026398 -0.046761
v -0.020553 0.050134 -0.045700
v -0.032052 0.030427 -0.035813
v -0.038421 0.104111 -0.056990
v -0.045391 0.037381 -0.020499
v -0.025441 0.186660 -0.115280
v -0.037753 0.122407 -0.116930
v -0.027822 0.105571 -0.113055
v -0.030619 0.133462 -0.123341
v -0.032979 0.063823 -0.041052
v -0.025794 0.065381 -0.048144
v -0.031174 0.009108 -0.046798
v -0.021987 0.043804 -0.035529
v -0.025551 0.009066 -0.045162
v -0.023008 0.008978 -0.047624
v -0.020795 0.087732 -0.092257
v -0.018246 0.147081 -0.123672
v -0.024616 0.085285 -0.066470
v -0.033952 0.026121 -0.053758
v -0.023849 0.090539 -0.055998
v -0.025658 0.135105 -0.120119
v -0.019366 0.188067 -0.118807
v -0.018108 0.187202 -0.118246
v -0.006271 0.084031 -0.054051
v -0.009618 0.083403 -0.061835
v -0.031455 0.086435 -0.080116
v -0.017338 0.170140 -0.119669
v -0.013581 0.187399 -0.113562
v -0.017896 0.104748 -0.111016
v -0.010498 0.029640 -0.051623
v -0.014311 0.020609 -0.056883
v -0.005501 0.140486 -0.116983
v -0.009830 0.008398 -0.050637
v -0.006261 0.152288 -0.121595
v -0.013961 0.068560 -0.052871
v -0.012563 0.086144 -0.082879
v -0.006573 0.175694 -0.115214
v -0.006421 0.090325 -0.098388
v -0.001762 0.076211 -0.077040
v -0.000244 0.186112 -0.117598
v -0.011701 0.057497 -0.049587
v -0.017990 0.042844 -0.035935
v -0.010968 0.097214 -0.107298
v -0.002344 0.022151 -0.058447
v -0.037754 0.000172 -0.035819
v 0.000938 0.002582 -0.052656
v -0.010496 0.006487 -0.053274
v -0.000880 0.042815 -0.038977
v -0.001834 0.083575 -0.053311
v -0.000852 0.031037 -0.042023
v -0.000489 0.050034 -0.039613
v -0.001535 0.092824 -0.104579
v -0.000739 0.053183 -0.045093
v -0.000231 0.056761 -0.051343
v -0.001976 0.053702 -0.047788
v -0.005729 0.170679 -0.120068
v -0.004082 0.119642 -0.115487
v 0.000155 0.072896 -0.057626
v -0.000584 0.079900 -0.052047
v -0.000054 0.060465 -0.051695
v 0.000010 0.144068 -0.117598
v -0.000301 0.014438 -0.057896
v -0.000100 0.068244 -0.055222
v -0.000251 0.008162 -0.052046
v 0.000040 0.074946 -0.056406
v -0.000280 0.030439 -0.043407
v -0.000255 0.173194 -0.112776
v -0.000092 0.089231 -0.096073
v -0.000133 0.028973 -0.053242
v 0.000018 0.134104 -0.118311
v -0.000329 0.078163 -0.073707
v -0.000305 0.082666 -0.054549
v -0.000406 0.030914 -0.046743
v 0.000028 0.114643 -0.113130
v 0.000015 0.121075 -0.113274
v -0.000006 0.117542 -0.113392
v 0.000087 0.123631 -0.113253
v 0.000173 0.162906 -0.120304
v -0.000053 0.103300 -0.111952
v -0.000363 0.095429 -0.106230
v -0.000342 0.071507 -0.057549
v -0.000235 0.017820 -0.058253
v -0.000423 0.052435 -0.043723
v 0.000177 0.051884 -0.041207
v -0.135886 -0.102129 0.001200
v -0.145994 -0.124870 0.070671
v -0.149746 -0.124620 0.038772
v -0.144319 -0.119166 0.072608
v -0.131674 -0.103857 0.066790
v -0.122414 -0.124881 0.089813
v -0.121956 -0.108806 0.079597
v -0.116288 -0.075825 0.041944
v -0.127145 -0.085850 -0.004929
v -0.119784 -0.076771 -0.006264
v -0.120407 -0.117236 0.087428
v -0.123468 -0.087792 -0.004293
v -0.116676 -0.068658 0.034797
v -0.099886 -0.105726 0.097539
v -0.116475 -0.094964 -0.020634
v -0.104058 -0.072944 0.051796
v -0.120603 -0.078204 0.025012
v -0.110708 -0.113856 0.091498
v -0.088460 -0.092426 0.090346
v -0.111186 -0.073708 0.043974
v -0.119510 -0.083933 -0.021585
v -0.118658 -0.100604 -0.024213
v -0.121398 -0.118420 0.085714
v -0.081380 -0.124960 0.101092
v -0.107585 -0.099525 -0.034249
v -0.113656 -0.067373 0.043399
v -0.108477 -0.098436 -0.040769
v -0.084505 -0.096443 0.097255
v -0.103684 -0.070678 0.053720
v -0.093367 -0.073571 0.064858
v -0.098981 -0.113898 0.095728
v -0.089787 -0.103464 -0.049958
v -0.097535 -0.034292 0.015123
v -0.107743 -0.116736 0.095219
v -0.097943 -0.060007 0.043004
v -0.096934 -0.043587 0.036935
v -0.088364 -0.059719 -0.028379
v -0.098703 -0.048679 -0.000202
v -0.082418 -0.032582 0.036403
v -0.095288 -0.050431 0.020408
v -0.097152 -0.049143 0.023423
v -0.093985 -0.051305 0.035148
v -0.094917 -0.038001 -0.006687
v -0.095901 -0.054094 -0.000323
v -0.093311 -0.053897 0.009735
v -0.093358 -0.053742 0.022415
v -0.091296 -0.055385 -0.009820
v -0.092151 -0.055771 -0.004858
v -0.061463 -0.101973 -0.063755
v -0.090787 -0.054718 -0.007659
v -0.094642 -0.043677 0.045977
v -0.083984 -0.058435 -0.030818
v -0.094191 -0.047058 -0.021913
v -0.090116 -0.054777 -0.012485
v -0.089093 -0.053015 0.046051
v -0.089456 -0.069280 0.062778
v -0.081778 -0.060957 0.069008
v -0.079791 -0.112324 0.100298
v -0.081511 -0.098625 0.096839
v -0.083267 -0.034746 -0.028597
v -0.076048 -0.057577 0.065285
v -0.085864 -0.042808 -0.032472
v -0.087108 -0.054219 0.058767
v -0.079793 -0.054234 -0.037854
v -0.082172 -0.028901 -0.014651
v -0.061678 -0.038909 0.081913
v -0.084694 -0.036545 -0.042638
v -0.086301 -0.052331 -0.034718
v -0.075602 -0.107454 0.100786
v -0.082471 -0.029820 0.001978
v -0.072437 -0.114853 0.102336
v -0.076559 -0.100846 -0.063150
v -0.068533 -0.049333 0.081058
v -0.082886 -0.038451 0.058905
v -0.074054 -0.030045 0.021545
v -0.074488 -0.100228 0.093118
v -0.078309 -0.109961 0.097525
v -0.074943 -0.026916 0.016186
v -0.070982 -0.015279 0.025789
v -0.071376 -0.027867 -0.009502
v -0.069761 -0.031144 0.041493
v -0.075455 -0.064927 0.068199
v -0.072611 -0.025030 -0.012154
v -0.072758 -0.005207 0.019886
v -0.077096 -0.043430 -0.053620
v -0.069153 -0.027507 -0.015795
v -0.071799 -0.120316 0.093503
v -0.073152 -0.013228 0.012190
v -0.066791 -0.061268 0.076788
v -0.057741 -0.056773 -0.059589
v -0.066469 -0.024118 0.045186
v -0.076296 -0.096398 -0.067230
v -0.067014 -0.111970 0.086806
v -0.062349 -0.024657 -0.030533
v -0.068556 -0.004184 0.018663
v -0.063879 -0.100349 0.096285
v -0.060873 -0.000541 -0.011414
v -0.064753 -0.104165 0.096113
v -0.064611 -0.124935 0.094642
v -0.070829 -0.117370 0.093441
v -0.063849 -0.032758 0.052709
v -0.068055 -0.123801 0.093870
v -0.068101 -0.062081 0.069138
v -0.058851 -0.059961 -0.055777
v -0.061795 -0.020236 -0.028322
v -0.065614 -0.026673 -0.023179
v -0.050299 -0.065604 0.079989
v -0.059966 -0.012487 0.053596
v -0.056915 -0.124817 0.090430
v -0.058161 -0.033807 0.061209
v -0.069572 -0.079232 -0.060122
v -0.061387 -0.064387 -0.057654
v -0.042618 -0.116319 -0.069045
v -0.061363 -0.103154 0.083517
v -0.061290 -0.039792 -0.063890
v -0.064167 -0.031193 0.056110
v -0.060776 -0.080732 -0.061844
v -0.101407 -0.125034 -0.039852
v -0.059651 -0.089222 -0.065466
v -0.066883 -0.037521 -0.053516
v -0.052225 -0.029302 0.068348
v -0.077841 -0.091446 -0.057991
v -0.060093 -0.062175 0.071961
v -0.046077 -0.070747 0.083480
v -0.058340 -0.026620 -0.033162
v -0.057176 -0.006266 -0.029640
v -0.058096 -0.000786 0.056941
v -0.052350 -0.061605 0.082427
v -0.056381 -0.018412 0.060731
v -0.056884 -0.014798 -0.032467
v -0.054334 -0.026481 -0.037846
v -0.041131 -0.051639 0.094275
v -0.048710 -0.124970 0.083856
v -0.047013 -0.123338 0.081638
v -0.052389 -0.034786 0.067732
v -0.051053 -0.089888 0.076771
v -0.050184 -0.000059 -0.030323
v -0.058186 -0.118514 0.087251
v -0.049976 -0.103802 0.079504
v -0.052880 -0.090537 -0.072935
v -0.050811 -0.104358 -0.075589
v -0.051880 -0.105926 -0.066508
v -0.043940 -0.036660 0.075861
v -0.043083 -0.024237 -0.050739
v -0.038157 0.000055 -0.040933
v -0.044730 -0.097261 0.084348
v -0.050575 -0.037157 0.077775
v -0.045856 -0.026323 -0.045217
v -0.050384 -0.117191 0.084759
v -0.057826 -0.048930 0.089820
v -0.046239 -0.035333 -0.070831
v -0.055785 -0.012802 0.070221
v -0.047169 -0.124928 0.080209
v -0.045878 -0.009466 -0.039321
v -0.054088 -0.076794 -0.072738
v -0.043574 -0.125066 0.088160
v -0.045956 -0.079147 0.080353
v -0.050748 -0.060180 0.084137
v -0.036224 -0.037258 0.083630
v -0.040355 -0.060128 0.077718
v -0.048463 -0.000529 -0.034040
v -0.044597 -0.112360 0.086630
v -0.043403 -0.108432 0.087150
v -0.036513 -0.074086 -0.075716
v -0.034712 -0.115787 -0.073877
v -0.044144 -0.113695 0.086422
v -0.039370 -0.063190 0.078222
v -0.040186 -0.000903 0.079226
v -0.041900 -0.096207 0.085937
v -0.036359 -0.124837 0.090133
v -0.039168 -0.115882 0.088533
v -0.045656 -0.062518 -0.068604
v -0.042569 -0.054185 -0.077220
v -0.040004 -0.103430 -0.082711
v -0.036781 -0.088549 -0.080245
v -0.039080 -0.076823 0.083478
v -0.038398 -0.120393 0.089093
v -0.036593 -0.085299 0.084964
v -0.037819 -0.092405 0.085714
v -0.040070 -0.029670 0.078701
v -0.045010 -0.023147 0.072808
v -0.037805 -0.020209 0.083193
v -0.030406 -0.101177 0.089797
v -0.026109 -0.056876 0.081114
v -0.033104 -0.104431 0.089828
v -0.030019 -0.116788 0.092457
v -0.029646 -0.124079 0.091738
v -0.039061 -0.026200 -0.049369
v -0.019859 -0.047717 0.094833
v -0.026224 -0.038355 0.089380
v -0.029827 -0.124753 0.091999
v -0.032661 -0.011616 0.086272
v -0.027394 -0.089307 -0.080236
v -0.030322 -0.063324 -0.074726
v -0.032881 -0.103091 -0.079983
v -0.029531 -0.102871 -0.083178
v -0.030355 -0.020325 -0.052998
v -0.044826 -0.000111 0.069799
v -0.028510 -0.025567 0.086745
v -0.030172 -0.042134 -0.078207
v -0.022810 -0.038646 0.089558
v -0.023293 -0.088367 0.089759
v -0.029818 -0.106964 0.089424
v -0.027395 -0.121434 0.093196
v -0.029407 -0.069911 0.083901
v -0.025215 -0.013984 -0.052085
v -0.020736 -0.052873 -0.080451
v -0.040867 -0.124760 -0.067706
v -0.028585 -0.077001 0.085640
v -0.025189 -0.015600 0.088359
v -0.009636 -0.005632 0.098625
v -0.038955 -0.057953 0.086269
v -0.026454 -0.080687 0.086877
v -0.029866 -0.119822 -0.071296
v -0.026651 -0.074463 0.086909
v -0.028879 -0.000062 0.085378
v -0.026987 -0.016888 0.087489
v -0.026083 -0.125154 0.092042
v -0.029077 -0.001003 0.083536
v -0.024345 -0.124959 0.093009
v -0.027087 -0.124623 -0.066106
v -0.023592 -0.000124 -0.048746
v -0.022533 -0.112680 0.092925
v -0.019564 -0.001932 0.089243
v -0.030813 -0.046439 0.094422
v -0.022477 -0.103521 0.092051
v -0.025364 -0.105491 0.091473
v -0.022012 -0.030677 0.090101
v -0.023413 -0.124907 -0.070051
v -0.021812 -0.109312 0.095610
v -0.022906 -0.110734 0.091869
v -0.016014 -0.083885 -0.081545
v -0.023503 -0.084913 0.090602
v -0.014325 -0.069839 0.088288
v -0.024856 -0.068763 -0.077543
v -0.015586 -0.000052 -0.051024
v -0.023108 -0.094603 -0.084553
v -0.021602 -0.035704 0.092047
v -0.014488 -0.122255 0.096223
v -0.015581 -0.081987 0.089811
v -0.018194 -0.068615 0.086546
v -0.017522 -0.025974 -0.057961
v -0.016707 -0.113807 0.095398
v -0.019927 -0.100659 -0.083953
v -0.027572 -0.026797 -0.054447
v -0.017015 -0.048830 0.091669
v -0.011193 -0.124991 0.096676
v -0.017620 -0.117834 0.096947
v -0.015077 -0.116826 -0.082741
v -0.012458 -0.018205 0.095396
v -0.005799 -0.004012 0.091953
v -0.013264 -0.043914 0.090360
v -0.009560 -0.100272 -0.083449
v -0.018810 -0.055947 0.095794
v -0.013220 -0.041817 0.090198
v -0.012734 -0.054776 0.099567
v -0.020484 -0.039869 -0.079722
v -0.020727 -0.124655 -0.075400
v -0.007370 -0.059362 0.102184
v -0.012943 -0.104854 0.094988
v -0.015788 -0.099180 0.093083
v -0.010126 -0.115498 0.096256
v -0.003956 -0.113118 -0.083303
v -0.004768 -0.038044 0.097235
v -0.008208 -0.095682 0.095076
v -0.010343 -0.043468 0.092657
v -0.012409 -0.023015 0.101486
v -0.007787 -0.102571 0.096149
v -0.006841 -0.123167 0.098085
v -0.008302 -0.124615 0.097871
v -0.012875 -0.060973 -0.073946
v -0.005159 -0.073906 0.090243
v -0.004769 -0.108533 0.096097
v -0.005142 -0.063476 -0.078503
v -0.006541 -0.089650 -0.081661
v -0.001483 -0.049131 -0.086211
v 0.017962 -0.001068 -0.052870
v -0.008191 -0.066761 0.096273
v -0.015470 -0.005758 -0.057099
v -0.006248 -0.124956 0.098851
v -0.009366 -0.078726 -0.080643
v -0.005569 -0.124988 0.098909
v -0.002636 -0.089576 0.095456
v -0.001029 -0.124680 0.097809
v 0.002519 -0.043096 0.097885
v -0.005153 -0.026244 -0.060113
v -0.005160 -0.051680 0.099022
v -0.001275 -0.122749 0.096993
v 0.008267 -0.045321 0.100517
v 0.008436 -0.004376 0.103166
v -0.003595 -0.089350 0.093436
v -0.018418 -0.000645 0.089655
v -0.002395 -0.111310 0.098448
v -0.002332 -0.051848 0.097637
v -0.005485 -0.048947 0.096835
v 0.009216 -0.063234 0.110880
v 0.003947 -0.069188 0.109458
v -0.007757 -0.095286 -0.084753
v 0.003117 -0.082151 0.092824
v 0.005797 -0.093656 0.097659
v -0.001019 -0.029772 0.099113
v 0.000805 -0.037445 0.105906
v 0.001445 -0.074238 -0.078670
v -0.006496 -0.020677 0.104163
v -0.009781 -0.080695 0.091174
v 0.000057 0.000546 0.102736
v 0.004176 -0.061144 -0.082581
v -0.003148 -0.065391 -0.074706
v -0.000572 0.000023 0.094162
v 0.003608 -0.090814 0.096581
v 0.000663 -0.000021 0.096019
v -0.000599 -0.101937 0.097290
v 0.001081 -0.115065 -0.083427
v -0.000668 -0.078423 -0.079962
v 0.002132 -0.115352 0.098153
v 0.011255 -0.080642 0.104198
v 0.001631 -0.091602 -0.084279
v 0.002519 -0.077522 0.093373
v -0.004639 -0.020005 0.098637
v 0.008585 -0.124888 0.100930
v 0.004905 -0.099333 0.096325
v 0.007002 -0.035362 0.101267
v 0.011478 -0.020122 0.108348
v 0.001679 -0.053838 0.099320
v 0.000802 -0.108894 -0.084577
v 0.010460 -0.086798 0.096866
v 0.003982 -0.051581 -0.085244
v 0.003992 -0.079057 0.097407
v 0.014745 -0.046768 -0.087129
v 0.016624 -0.023939 0.102116
v 0.006875 -0.092694 -0.082514
v -0.001025 -0.013004 0.100513
v 0.009687 -0.085402 -0.083073
v 0.009371 -0.091447 0.095256
v 0.007974 -0.122030 -0.084755
v 0.018154 -0.102957 0.099089
v 0.010528 -0.109662 0.100118
v 0.009946 -0.057740 0.100221
v 0.010375 -0.107314 -0.084463
v 0.014122 -0.034943 0.100232
v 0.013020 -0.116146 0.100945
v 0.017070 -0.108062 -0.084615
v 0.016635 -0.078374 -0.080950
v 0.012084 -0.120212 0.101151
v 0.023658 -0.037867 0.106189
v 0.011153 -0.080056 -0.079844
v 0.017040 -0.115736 0.100417
v 0.018625 -0.067780 -0.074664
v 0.016091 -0.006958 0.101460
v 0.018629 -0.019064 0.102367
v 0.008673 -0.125000 -0.082872
v 0.017395 -0.120258 -0.084635
v 0.019493 -0.031911 0.102416
v 0.020001 -0.122533 0.103038
v 0.021079 -0.078528 0.092758
v 0.019217 -0.092227 0.097441
v 0.019163 -0.124989 0.100079
v 0.020065 -0.056989 0.103316
v 0.021078 -0.095639 -0.082693
v 0.019355 -0.124865 0.102124
v -0.000131 -0.031796 -0.074891
v 0.020625 -0.124993 0.102797
v 0.005678 0.000066 0.102683
v 0.007807 -0.025678 -0.063171
v 0.024119 -0.023799 0.101654
v 0.025163 -0.005618 0.106197
v 0.022648 -0.109970 0.099274
v 0.024439 -0.052521 0.100392
v 0.024689 -0.124886 0.100422
v 0.025079 -0.075267 0.096097
v 0.023618 -0.059834 0.105881
v 0.022710 -0.011696 0.103859
v 0.024281 -0.041553 -0.082242
v 0.027072 -0.035814 0.105262
v 0.024153 -0.092701 0.097611
v 0.026175 -0.103312 -0.081354
v 0.026332 -0.037960 0.099655
v 0.028966 -0.099028 0.098646
v 0.026812 -0.091462 0.096719
v 0.025817 -0.112980 0.099951
v 0.018020 -0.009824 -0.056930
v 0.027723 -0.125059 0.101720
v 0.024453 -0.077250 -0.078648
v 0.023380 -0.025939 -0.060635
v 0.028452 -0.041086 0.097070
v 0.025434 -0.122047 0.100212
v 0.028879 -0.108139 0.100688
v 0.020154 -0.060615 -0.082837
v 0.028621 -0.064193 -0.078792
v 0.028867 -0.054010 -0.082401
v 0.028911 -0.065628 -0.073557
v 0.023836 -0.105583 0.098893
v 0.029051 -0.064815 -0.076808
v 0.027563 -0.078410 0.094597
v 0.019316 0.000025 0.097175
v 0.028595 -0.038804 0.098935
v 0.028640 -0.067304 0.102618
v 0.028860 -0.062479 0.104614
v 0.025109 -0.119699 -0.085139
v 0.029021 -0.120542 -0.083547
v 0.023292 -0.124803 -0.081720
v 0.029218 -0.011744 -0.057059
v 0.028738 -0.003715 -0.052910
v 0.028734 -0.073173 0.093321
v 0.028896 -0.097287 0.098006
v 0.029111 -0.103286 0.098645
v 0.027929 -0.111946 0.101297
v 0.028549 -0.114928 0.099603
v 0.026665 -0.004218 0.096768
v 0.029046 -0.057673 0.104968
v 0.028979 -0.051557 0.101398
v 0.028974 -0.098267 -0.081169
v 0.028992 -0.107996 -0.084224
v 0.028823 -0.092637 -0.082448
v 0.028982 -0.080095 -0.079641
v 0.029032 -0.067396 -0.072595
v 0.028252 -0.031012 -0.071576
v 0.028968 -0.026270 -0.059444
v 0.029153 -0.013342 -0.057047
v 0.029402 -0.008803 -0.056559
v 0.028930 -0.069665 0.100033
v 0.028394 -0.004032 0.095654
v 0.028802 -0.095317 0.097553
v 0.028856 -0.092526 0.098193
v 0.028813 -0.005302 0.099822
v 0.028906 -0.007496 0.103338
v 0.029080 -0.009332 0.105032
v 0.028826 -0.020633 0.107035
v 0.028844 -0.111474 -0.082789
v 0.028881 -0.124299 -0.081065
v 0.028421 -0.085289 -0.078998
v 0.028151 -0.016505 -0.056537
v 0.027417 -0.024114 -0.061070
v 0.029029 -0.079323 0.094728
v 0.029170 -0.029401 0.105677
v 0.028852 -0.007151 -0.056070
v 0.028492 -0.004776 0.096135
v -0.120594 0.230629 -0.022503
v -0.120225 0.211609 -0.043961
v -0.121969 0.210978 -0.006622
v -0.124785 0.212498 -0.028022
v -0.120442 0.214863 -0.058212
v -0.124647 0.210471 -0.014298
v -0.123870 0.226129 -0.037570
v -0.116054 0.226054 -0.012563
v -0.119742 0.203585 0.000276
v -0.120072 0.191416 -0.071865
v -0.117487 0.201741 -0.082763
v -0.115640 0.207684 -0.037888
v -0.121704 0.203541 -0.059609
v -0.114740 0.191547 -0.060305
v -0.101420 0.188217 0.002566
v -0.117693 0.219164 -0.068521
v -0.109764 0.216414 -0.076603
v -0.119530 0.188058 -0.043826
v -0.117237 0.229663 -0.060869
v -0.108581 0.203135 -0.035411
v -0.117494 0.205696 0.005126
v -0.115454 0.205984 -0.080697
v -0.109989 0.226704 -0.006866
v -0.108022 0.200904 -0.019878
v -0.110934 0.193825 -0.088771
v -0.114487 0.199333 -0.058100
v -0.112052 0.197920 -0.028486
v -0.110096 0.192602 -0.055979
v -0.111162 0.231071 -0.012261
v -0.100686 0.195663 -0.101200
v -0.110004 0.187507 -0.068791
v -0.110053 0.223501 0.004880
v -0.111241 0.187868 -0.080407
v -0.117950 0.223852 -0.069193
v -0.110494 0.189197 -0.060877
v -0.109352 0.187845 -0.063480
v -0.114500 0.225751 0.001216
v -0.107722 0.198669 -0.043124
v -0.110185 0.194451 0.003229
v -0.106728 0.225195 0.004842
v -0.104860 0.201063 -0.022999
v -0.101118 0.193148 -0.002114
v -0.100486 0.234844 -0.076251
v -0.103459 0.198394 -0.015841
v -0.105339 0.203965 -0.092179
v -0.108107 0.235062 -0.066169
v -0.102620 0.225388 0.005088
v -0.101619 0.241766 -0.020355
v -0.102583 0.211978 -0.086619
v -0.105609 0.238501 -0.027831
v -0.099674 0.219253 -0.087509
v -0.098896 0.244945 -0.037113
v -0.113246 0.194221 0.005191
v -0.100374 0.190885 -0.001248
v -0.089713 0.227099 0.005135
v -0.096986 0.226838 -0.006941
v -0.092511 0.226905 0.002416
v -0.104028 0.202066 -0.099127
v -0.089244 0.227792 -0.086531
v -0.092205 0.206210 -0.104257
v -0.091106 0.241391 -0.062545
v -0.111887 0.187827 -0.092327
v -0.055234 0.225460 0.005517
v -0.077261 0.195418 -0.115090
v -0.082248 0.235660 -0.002167
v -0.083724 0.248747 -0.046157
v -0.085046 0.250098 -0.026529
v -0.073391 0.238830 -0.075688
v -0.070902 0.201450 -0.112719
v -0.067042 0.250191 -0.058302
v -0.050667 0.251305 -0.040557
v -0.062045 0.203597 -0.109164
v -0.066242 0.233356 -0.096232
v -0.056531 0.230751 -0.100400
v -0.073700 0.223586 -0.098629
v -0.058778 0.240425 -0.006808
v -0.061155 0.253228 -0.044716
v -0.054030 0.279000 0.005484
v -0.056571 0.287674 0.004901
v -0.067464 0.226598 -0.096812
v -0.045432 0.191610 -0.115341
v -0.052798 0.279499 0.001311
v -0.056144 0.273600 -0.004112
v -0.052196 0.226895 0.002059
v -0.054821 0.285334 -0.006324
v -0.050999 0.303494 0.005173
v -0.051488 0.263711 0.000406
v -0.042429 0.236689 -0.094831
v -0.050188 0.296718 0.001470
v -0.057888 0.269363 0.005266
v -0.047408 0.322116 0.005105
v -0.050656 0.301244 0.003083
v -0.050159 0.250285 0.001025
v -0.048591 0.277683 -0.008061
v -0.041868 0.231508 -0.008766
v -0.048893 0.268872 -0.005089
v -0.047640 0.238762 0.000108
v -0.048961 0.307852 0.001343
v -0.048002 0.315089 -0.003636
v -0.045791 0.295314 -0.006688
v -0.070136 0.188018 -0.115317
v -0.043286 0.310287 -0.007096
v -0.046063 0.234934 0.005150
v -0.044290 0.229350 -0.003179
v -0.052094 0.303415 -0.002401
v -0.039287 0.288282 -0.022678
v -0.043309 0.320447 -0.002773
v -0.038955 0.335345 -0.001263
v -0.043275 0.325859 -0.000625
v -0.038163 0.268916 -0.017146
v -0.048513 0.256529 -0.010235
v -0.040870 0.294018 -0.011800
v -0.038879 0.328120 0.000081
v -0.050553 0.250081 -0.068271
v -0.030947 0.236770 -0.015562
v -0.037047 0.275897 -0.023805
v -0.035673 0.308479 -0.010382
v -0.036825 0.215147 -0.106721
v -0.038351 0.344147 0.004994
v -0.045472 0.202692 -0.116544
v -0.039116 0.233538 -0.007615
v -0.039065 0.252798 -0.041244
v -0.041137 0.332833 -0.011176
v -0.033350 0.350359 0.005448
v -0.034950 0.306875 -0.015342
v -0.035598 0.321838 -0.011686
v -0.030380 0.256871 -0.050472
v -0.033141 0.243599 -0.027524
v -0.034522 0.341805 -0.004592
v -0.030689 0.349766 0.002836
v -0.023544 0.243761 -0.031077
v -0.016613 0.316136 -0.026532
v -0.027444 0.320841 -0.022292
v -0.016814 0.362099 0.005181
v -0.036258 0.297111 -0.016630
v -0.026842 0.279529 -0.026288
v -0.023645 0.209318 -0.113927
v -0.027400 0.295666 -0.020431
v -0.028268 0.245130 -0.018388
v -0.027066 0.262978 -0.028520
v -0.027682 0.293831 -0.025407
v -0.027121 0.247461 -0.079959
v -0.018258 0.293081 -0.031520
v -0.014989 0.244647 -0.037198
v -0.022977 0.357152 -0.005507
v -0.021092 0.285790 -0.032438
v -0.020710 0.358357 0.002954
v -0.008904 0.200043 -0.115139
v -0.014124 0.290523 -0.035438
v -0.011717 0.206438 -0.115722
v -0.019909 0.303993 -0.030585
v -0.018399 0.328930 -0.020659
v -0.016591 0.269030 -0.037576
v -0.006312 0.237031 -0.093442
v -0.006870 0.257933 -0.039053
v -0.008790 0.326135 -0.032002
v -0.009760 0.251420 -0.058274
v -0.011355 0.310281 -0.032111
v -0.009898 0.365035 0.005493
v -0.005154 0.367011 0.004653
v -0.017495 0.236122 -0.096303
v -0.004946 0.355224 -0.008885
v -0.004906 0.336068 -0.023975
v -0.018308 0.187955 -0.115385
v -0.006808 0.301438 -0.036888
v -0.002670 0.286083 -0.039956
v -0.002354 0.312164 -0.034584
v -0.004528 0.242550 -0.083277
v -0.002667 0.246951 -0.041369
v 0.000607 0.364204 -0.002730
v -0.001209 0.247802 -0.048137
v -0.000489 0.251085 -0.058671
v -0.000477 0.248524 -0.041876
v -0.002305 0.217415 -0.106367
v -0.000131 0.300644 -0.034813
v 0.000114 0.303337 -0.036154
v -0.008204 0.365967 0.000490
v -0.000229 0.358918 -0.009131
v -0.000316 0.301390 -0.034487
v -0.012524 0.357525 -0.011889
v -0.000876 0.188623 -0.116852
v -0.000112 0.298999 -0.036526
v 0.000191 0.301912 -0.034563
v -0.000133 0.308005 -0.036088
v -0.000312 0.195518 -0.113492
v -0.000623 0.234068 -0.094360
v -0.000189 0.245993 -0.076971
v 0.000558 0.249737 -0.050271
v 0.001309 0.248078 -0.044862
v 0.000099 0.220024 -0.106421
v 0.000060 0.228251 -0.099970
v 0.000177 0.262474 -0.041920
v -0.000047 0.254073 -0.041345
v -0.001001 0.315862 -0.029350
v -0.000036 0.324733 -0.028488
v -0.000023 0.334258 -0.025038
v -0.000530 0.345193 -0.015188
v 0.000200 0.104612 0.102651
v 0.000278 0.025467 0.092705
v 0.000231 0.056729 0.089400
v 0.010639 0.054880 0.097899
v -0.002855 0.072271 0.094101
v 0.001636 0.000150 0.098358
v 0.008334 0.084858 0.110755
v 0.000059 0.079710 0.107004
v 0.004060 0.055933 0.090805
v 0.000814 0.117113 0.088711
v 0.000215 0.066393 0.096006
v -0.000024 0.115838 0.096748
v 0.011599 0.004173 0.098491
v 0.000165 0.118440 0.088562
v 0.002200 0.124913 0.089022
v 0.004036 0.027519 0.087172
v 0.006539 0.015672 0.101186
v 0.006454 0.110771 0.098162
v 0.004265 0.076440 0.096985
v 0.009370 0.029639 0.090124
v 0.005989 0.016845 0.099182
v 0.014048 0.121665 0.093319
v 0.005452 0.112264 0.091266
v 0.007552 0.113654 0.091583
v 0.012414 0.114579 0.098489
v 0.009166 0.027345 0.102302
v 0.002371 0.106404 0.107918
v 0.009655 0.115727 0.091991
v 0.019552 0.091421 0.112163
v 0.012547 0.030984 0.092026
v 0.016166 0.062069 0.097549
v 0.015005 0.063463 0.096738
v 0.021689 0.099894 0.114820
v 0.016486 0.002058 0.096868
v 0.014695 0.052178 0.094126
v 0.014764 0.001901 0.097417
v 0.018185 0.071830 0.104703
v 0.018072 0.000323 0.104295
v 0.021053 0.091804 0.111518
v 0.018065 0.052914 0.098029
v 0.018474 0.027557 0.095328
v 0.016498 0.119631 0.090766
v 0.030945 0.076817 0.109816
v 0.015686 0.069648 0.098040
v 0.020366 -0.000025 0.096751
v 0.022105 0.098355 0.115084
v 0.011151 0.124931 0.089945
v 0.021403 0.008240 0.099581
v 0.029763 0.058106 0.096969
v 0.022449 0.123079 0.097015
v 0.040686 0.045459 0.090716
v 0.023608 0.120256 0.107949
v 0.026336 0.065400 0.098137
v 0.016460 0.012645 0.098207
v 0.042167 0.036941 0.089071
v 0.023135 0.094695 0.111434
v 0.024573 0.124960 0.099650
v 0.022913 0.046675 0.093847
v 0.023364 0.124956 0.091203
v 0.025786 0.124911 0.096639
v 0.028140 0.004181 0.098013
v 0.031184 0.104961 0.115238
v 0.030306 0.064536 0.097947
v 0.026653 0.006114 0.096557
v 0.041184 0.007388 0.096031
v 0.047003 0.047894 0.094041
v 0.030974 0.101730 0.112277
v 0.036030 0.000114 0.095653
v 0.032100 0.000829 0.097419
v 0.034924 0.062772 0.096604
v 0.034741 0.056562 0.095214
v 0.034245 0.000326 0.093658
v 0.057504 0.090802 0.115069
v 0.041410 0.111141 0.110914
v 0.042667 0.114468 0.113028
v 0.043878 0.060661 0.095790
v 0.042361 0.117008 0.112401
v 0.050880 0.060305 0.096316
v 0.043479 0.010232 0.093883
v 0.057733 0.070689 0.107741
v 0.048736 0.043150 0.084848
v 0.034958 0.017311 0.090774
v 0.043410 0.046204 0.093802
v 0.040153 0.056191 0.094896
v 0.043676 0.011016 0.093136
v 0.045505 0.107741 0.112752
v 0.025080 0.124978 0.104991
v 0.058655 0.097708 0.130267
v 0.048354 0.116640 0.127209
v 0.046426 0.104125 0.113758
v 0.049720 0.099836 0.114751
v 0.054143 0.096234 0.118023
v 0.047676 0.124652 0.121399
v 0.058671 0.059725 0.086834
v 0.053122 0.113927 0.128005
v 0.066134 0.026487 0.075542
v 0.054714 0.007675 0.098033
v 0.051967 0.051967 0.089803
v 0.063639 0.040104 0.077738
v 0.060206 0.087634 0.132925
v 0.057510 0.019212 0.089905
v 0.054834 0.050947 0.089068
v 0.054676 0.015247 0.081121
v 0.059168 0.121011 0.128335
v 0.050466 0.027967 0.081524
v 0.057648 0.051558 0.085154
v 0.047316 0.004412 0.099705
v 0.067393 0.012383 0.093126
v 0.051499 0.056635 0.092742
v 0.055892 0.095452 0.114450
v 0.067516 0.107079 0.107855
v 0.062895 0.108490 0.129062
v 0.056723 0.092440 0.122583
v 0.066421 0.060735 0.082097
v 0.071865 0.048074 0.076030
v 0.061363 0.121812 0.100448
v 0.068334 0.064574 0.092857
v 0.061616 0.124804 0.103050
v 0.063528 0.088200 0.132035
v 0.063574 0.088774 0.130823
v 0.070473 0.045418 0.079301
v 0.062661 0.124756 0.122987
v 0.064261 0.099236 0.115637
v 0.066514 0.110211 0.119693
v 0.063053 0.097312 0.128635
v 0.072591 0.037731 0.070384
v 0.062668 0.099782 0.111285
v 0.065566 0.112788 0.104330
v 0.068200 0.104516 0.115780
v 0.064384 0.100646 0.118666
v 0.065730 0.108156 0.127420
v 0.068754 0.116250 0.112280
v 0.080957 -0.000034 0.072857
v 0.067174 0.040268 0.079522
v 0.066686 0.108266 0.123842
v 0.065410 0.058001 0.084702
v 0.066142 0.120250 0.124869
v 0.069064 0.077582 0.105367
v 0.076419 0.065266 0.077857
v 0.067348 0.019211 0.087731
v 0.072156 0.005291 0.088718
v 0.074388 0.011421 0.089146
v 0.063754 0.018571 0.076110
v 0.076601 0.024412 0.065479
v 0.072890 0.062792 0.079046
v 0.081997 0.037793 0.060735
v 0.074619 0.104686 0.103066
v 0.077480 0.047735 0.069071
v 0.075011 0.081751 0.103744
v 0.084614 0.053465 0.067231
v 0.082156 0.011235 0.084732
v 0.075879 0.020484 0.080260
v 0.084337 0.022018 0.060301
v 0.077922 0.044068 0.073084
v 0.081885 0.068357 0.074146
v 0.085068 0.005181 0.076900
v 0.079254 0.007881 0.085985
v 0.087356 0.022853 0.070530
v 0.081477 0.047455 0.063961
v 0.072970 0.054902 0.079624
v 0.081077 0.113112 0.093745
v 0.093861 0.007868 0.072580
v 0.092644 0.092803 0.075694
v 0.093414 0.108632 0.079225
v 0.086972 0.067533 0.071764
v 0.089435 0.025458 0.048509
v 0.082493 0.058798 0.070835
v 0.086748 0.000016 0.070704
v 0.086797 0.047619 0.053850
v 0.086509 0.000722 0.066816
v 0.094147 0.000029 0.060980
v 0.092567 0.014010 0.073863
v 0.088785 0.119808 0.080186
v 0.089910 0.047425 0.049506
v 0.087883 0.039433 0.051783
v 0.095363 0.021572 0.061624
v 0.088231 0.098040 0.088261
v 0.090628 0.074855 0.067034
v 0.091410 0.047554 0.043244
v 0.089423 0.019610 0.075608
v 0.093245 0.038915 0.020363
v 0.092985 0.002636 0.056400
v 0.095521 0.116397 0.080717
v 0.091537 0.031125 0.020217
v 0.092896 0.041510 0.037181
v 0.093028 0.054977 0.050146
v 0.085789 0.124796 0.081011
v 0.091614 0.035494 0.039903
v 0.094541 0.010324 0.072546
v 0.094971 0.044544 0.016335
v 0.098403 0.068180 0.047382
v 0.097998 0.096970 0.066192
v 0.094841 0.111256 0.077014
v 0.095363 0.118641 0.071637
v 0.094248 0.048700 0.035784
v 0.099411 0.061845 0.034751
v 0.098789 0.063991 0.041395
v 0.095312 0.001559 0.058996
v 0.093983 0.084984 0.066679
v 0.096905 0.058243 0.009840
v 0.095925 0.047992 0.019086
v 0.098638 0.014187 0.067787
v 0.097798 0.100940 0.066731
v 0.102213 0.012249 0.055950
v 0.091289 0.028264 0.040509
v 0.102556 0.069749 0.035533
v 0.098054 0.113321 0.067953
v 0.095066 0.051390 0.015609
v 0.104310 0.011062 0.047828
v 0.100306 0.073741 0.042668
v 0.099731 0.004927 0.036155
v 0.100887 0.099756 0.065999
v 0.099168 0.109957 0.075014
v 0.104795 0.027266 0.031382
v 0.100059 0.002588 0.046125
v 0.099621 0.097462 0.061770
v 0.100162 0.006415 0.020410
v 0.106619 0.008256 0.034735
v 0.101791 -0.000042 0.035988
v 0.099330 0.108989 0.063266
v 0.103848 0.117857 0.069173
v 0.101212 0.064338 0.024947
v 0.100774 0.014765 0.061845
v 0.100527 0.106506 0.059382
v 0.102946 0.004059 0.017508
v 0.101693 0.105630 0.069447
v 0.101856 0.065502 0.010521
v 0.102325 0.003303 0.035507
v 0.105924 0.075260 0.025734
v 0.099954 0.088057 0.055049
v 0.101839 0.093747 0.055043
v 0.107739 0.014437 0.014286
v 0.111739 0.088099 0.006019
v 0.099871 0.004432 0.007831
v 0.104151 0.090813 0.046926
v 0.102057 0.025048 0.054810
v 0.105652 0.079296 0.039528
v 0.106070 0.026919 0.009755
v 0.106251 0.012080 0.027578
v 0.104028 0.075990 0.033819
v 0.104310 0.094040 0.055256
v 0.107172 0.089352 0.041214
v 0.105693 0.102394 0.042936
v 0.106351 0.100761 0.057284
v 0.106004 0.114726 0.059328
v 0.106075 0.119540 0.062647
v 0.107955 0.087958 0.034976
v 0.106357 0.019520 0.049274
v 0.107825 0.021723 0.007518
v 0.107453 0.021404 0.047137
v 0.107402 0.105360 0.045230
v 0.107513 0.017921 0.005408
v 0.090384 0.039357 0.005620
v 0.107803 0.022221 0.015057
v 0.106733 0.021103 0.033636
v 0.108397 0.095360 0.051585
v 0.109403 0.080560 0.012030
v 0.112362 0.098796 0.038439
v 0.108494 0.088766 0.033541
v 0.113422 0.090195 0.013805
v 0.115279 0.105812 0.054430
v 0.126603 0.116909 0.066150
v 0.113435 0.097171 0.036258
v 0.118430 0.097289 0.047535
v 0.115699 0.096402 0.030466
v 0.117295 0.098857 0.021868
v 0.123658 0.113341 0.063203
v 0.117920 0.100560 0.009664
v 0.116847 0.103918 0.058311
v 0.117871 0.107777 0.057140
v 0.117068 0.103720 0.005968
v 0.121580 0.108389 0.067711
v 0.118274 0.099228 0.018374
v 0.125039 0.120664 0.083487
v 0.102815 0.125055 0.070106
v 0.121873 0.093594 0.030394
v 0.126370 0.107686 0.005602
v 0.120773 0.090902 0.050710
v 0.123465 0.100561 0.060055
v 0.124685 0.089276 0.047934
v 0.125343 0.092256 0.055015
v 0.126809 0.099695 0.064730
v 0.126538 0.099182 0.005775
v 0.125437 0.101185 0.005564
v 0.127406 0.115525 0.071268
v 0.116808 0.099389 0.018826
v 0.126416 0.095867 0.064288
v 0.127225 0.116853 0.074298
v 0.129102 0.116743 0.085201
v 0.127336 0.105928 0.005789
v 0.126722 0.096520 0.012699
v 0.127963 0.105126 0.004579
v 0.129670 0.111602 0.070762
v 0.126657 0.089154 0.036998
v 0.121670 0.124824 0.082505
v 0.129199 0.089636 0.016042
v 0.129016 0.103908 0.068927
v 0.129024 0.115476 0.083786
v 0.128893 0.084869 0.046694
v 0.128957 0.085386 0.050769
v 0.128573 0.088869 0.055175
v 0.129258 0.113509 0.073110
v 0.129312 0.115833 0.084867
v 0.129373 0.095311 0.012612
v 0.122822 0.087319 0.033829
v 0.128950 0.086575 0.039196
v 0.128983 0.092982 0.058290
v 0.129238 0.094919 0.059692
v 0.128768 0.095975 0.061111
v 0.129206 0.103353 0.068135
v 0.129565 0.115943 0.076449
v 0.129121 0.124072 0.085634
v 0.128500 0.124984 0.085457
v 0.129086 0.090134 0.031568
v 0.129402 0.089731 0.032851
v 0.129406 0.097287 0.065917
v 0.129301 0.098944 0.067464
v 0.129391 0.102651 0.066073
v 0.129544 0.120265 0.085441
v -0.074324 0.027141 0.014936
v -0.073115 0.013814 0.010891
v -0.072814 0.031378 0.009299
v -0.068882 0.006464 0.025039
v -0.073478 0.015055 0.033601
v -0.067894 0.019532 0.048542
v -0.074481 0.093259 0.052407
v -0.071957 0.093507 0.003047
v -0.063686 0.004754 0.037188
v -0.065923 0.086143 -0.005907
v -0.069478 0.003951 0.023161
v -0.073041 0.079578 0.054278
v -0.063714 0.007381 0.048999
v -0.065983 0.006680 0.011230
v -0.053346 0.072864 0.079956
v -0.060967 0.060631 -0.005537
v -0.064887 0.006354 -0.004002
v -0.065774 0.004800 0.029569
v -0.062695 0.000234 0.035633
v -0.069198 0.090279 0.001515
v -0.067013 0.062746 0.023028
v -0.065073 0.007071 0.000026
v -0.062876 0.002871 0.044096
v -0.064642 0.005875 -0.005802
v -0.060312 0.056876 0.002440
v -0.062332 0.068237 -0.001321
v -0.065006 0.013087 0.053873
v -0.063509 0.048334 0.011171
v -0.059176 0.003673 0.046743
v -0.064679 0.062632 0.035364
v -0.060309 0.053863 0.025903
v -0.059183 0.053346 -0.001349
v -0.054480 0.033328 0.038847
v -0.059756 0.049848 -0.005004
v -0.061490 0.067605 0.061136
v -0.053256 0.032236 0.000846
v -0.056342 0.000441 0.060037
v -0.057850 0.035351 0.014299
v -0.057962 0.028364 0.038641
v -0.053447 0.035998 -0.005454
v -0.052958 0.038332 0.048321
v -0.050512 0.063283 0.066979
v -0.054945 0.023417 0.061244
v -0.056845 0.029137 0.011474
v -0.059226 0.055053 0.044839
v -0.071905 0.024563 -0.005224
v -0.052588 0.030663 -0.005365
v -0.055483 0.058161 0.062578
v -0.052129 0.031441 -0.005940
v -0.054901 0.002551 0.056290
v -0.044113 0.023149 0.057816
v -0.049634 0.018192 0.071597
v -0.045689 0.000004 0.073092
v -0.047055 0.037290 0.052846
v -0.052712 0.010194 0.071894
v -0.045071 0.037288 0.055345
v -0.048017 0.065527 0.072770
v -0.049049 0.001988 0.063087
v -0.045691 0.001421 0.068781
v -0.047402 0.019070 0.075183
v -0.044819 0.067804 0.077395
v -0.045128 0.014612 0.080794
v -0.041021 0.039046 0.058967
v -0.037334 0.000477 0.076602
v -0.041926 0.045984 0.069268
v -0.041461 0.000857 0.072351
v -0.040589 0.070940 0.080915
v -0.032809 0.002938 0.087448
v -0.039447 0.072288 0.084829
v -0.029536 0.085408 0.093758
v -0.054821 0.093754 0.083945
v -0.036130 -0.000043 0.077654
v -0.035442 0.075135 0.086851
v -0.031816 0.009624 0.089530
v -0.033298 0.000100 0.080018
v -0.036957 0.053692 0.080047
v -0.019566 0.000044 0.088980
v -0.030503 0.076382 0.094249
v -0.031243 0.053833 0.081921
v -0.030542 0.043798 0.074150
v -0.030466 0.079822 0.090875
v -0.027822 0.055109 0.081427
v -0.034647 0.042148 0.074420
v -0.004433 0.022307 0.090980
v -0.015030 0.050681 0.088414
v -0.024469 0.009956 0.090606
v -0.023338 0.002061 0.091037
v -0.032584 0.015803 0.086643
v -0.024680 0.056869 0.085675
v -0.020880 0.087543 0.094205
v -0.027870 0.045142 0.075803
v -0.017979 0.009369 0.086870
v -0.019451 0.012911 0.086453
v -0.022071 0.046979 0.079341
v -0.012696 0.066768 0.098943
v -0.012696 0.064096 0.090436
v -0.014698 0.050470 0.084931
v -0.015370 0.002160 0.089355
v -0.012964 0.093768 0.096539
v -0.021857 0.085219 0.100001
v -0.013933 0.048456 0.086414
v -0.007702 0.001492 0.092460
v -0.003983 0.011647 0.094446
v -0.011789 0.057774 0.088856
v -0.010146 0.006953 0.093044
v -0.008731 0.058831 0.091735
v -0.007577 0.062949 0.094895
v -0.005106 0.075041 0.104372
v -0.010254 0.053021 0.090477
v -0.012755 0.092897 0.103373
v -0.003079 0.059493 0.093009
v -0.004943 0.070776 0.094516
v 0.000852 0.025966 0.095678
v -0.000533 0.058685 0.094752
v -0.000354 0.084529 0.107438
v 0.000104 0.025828 0.087676
v -0.000207 0.022334 0.098512
v -0.000137 0.051323 0.088481
v -0.000397 0.060035 0.096473
v -0.000117 0.044744 0.088619
v -0.000117 0.012928 0.098273
v -0.000078 0.082907 0.107298
v -0.000639 -0.000020 0.093986
v -0.000415 0.000257 0.094051
v -0.000437 0.000853 0.093964
v -0.000032 0.068260 0.096365
v -0.000199 0.033265 0.086421
v -0.000295 0.038282 0.087716
v -0.000039 0.055791 0.088582
v -0.000449 0.054747 0.088268
v -0.000001 0.057363 0.090549
v -0.000120 0.047853 0.088721
v 0.000398 0.025697 0.093598
v -0.000256 0.058498 0.093189
v 0.000182 0.000603 0.094383
v 0.000187 0.005269 0.095485
v -0.000274 0.011840 0.098118
v 0.000625 0.025811 0.096193
v 0.000019 0.014299 0.096042
v -0.000028 0.018944 0.098097
v -0.000203 0.024263 0.098173
v -0.000531 0.025015 0.096886
v -0.003644 0.093856 0.106709
v 0.000258 0.040860 0.088228
v 0.000135 0.039615 0.088039
v 0.000239 0.053803 0.088362
v -0.000149 0.072675 0.094783
v -0.000563 0.070735 0.094427
v -0.000003 0.074797 0.096613
v -0.000111 0.075280 0.100935
v -0.000336 0.077887 0.105450
v -0.000024 0.088557 0.107832
v 0.007804 0.142015 0.077108
v 0.006089 0.208394 0.092093
v 0.000376 0.210754 0.083962
v 0.007963 0.246190 0.119333
v 0.000090 0.139037 0.079587
v 0.011978 0.181191 0.039833
v 0.000253 0.211913 0.046207
v 0.008597 0.207779 0.075127
v 0.000095 0.241538 0.107079
v 0.001715 0.230304 0.096507
v 0.007057 0.242279 0.110078
v 0.003447 0.243004 0.104296
v 0.004048 0.130914 0.086284
v 0.004059 0.124971 0.088069
v 0.004790 0.229176 0.096637
v 0.003549 0.134618 0.088555
v 0.006770 0.232679 0.104985
v 0.005972 0.216706 0.057921
v 0.013680 0.222440 0.094605
v 0.011869 0.225607 0.101304
v 0.016788 0.225928 0.096924
v 0.006270 0.129413 0.087979
v 0.009071 0.241309 0.105317
v 0.018151 0.212636 0.056578
v 0.014496 0.232055 0.099225
v 0.014660 0.244316 0.104953
v 0.016025 0.131886 0.088680
v 0.018416 0.235694 0.103595
v 0.014757 0.134243 0.087388
v 0.018388 0.125088 0.091706
v 0.018540 0.245617 0.102243
v 0.035034 0.175962 0.058748
v 0.018605 0.213474 0.094034
v 0.019683 0.125503 0.092082
v 0.012748 0.249905 0.109196
v 0.025225 0.231809 0.094991
v 0.023240 0.144362 0.083388
v 0.023209 0.125011 0.091366
v 0.022914 0.231928 0.094864
v 0.028425 0.151426 0.080492
v 0.028025 0.187892 0.047838
v 0.024401 0.125183 0.104011
v 0.015012 0.170512 0.054025
v 0.010337 0.143557 0.082183
v 0.022971 0.208245 0.086600
v 0.030293 0.135061 0.091912
v 0.038494 0.214395 0.047397
v 0.028129 0.139979 0.086697
v 0.031646 0.125584 0.105762
v 0.051202 0.227637 0.042568
v 0.048438 0.125061 0.114567
v 0.035403 0.138366 0.087907
v 0.033218 0.134536 0.088027
v 0.031704 0.132179 0.093418
v 0.033531 0.135367 0.086926
v 0.033620 0.132057 0.089439
v 0.030788 0.236373 0.095402
v 0.024998 0.249670 0.100595
v 0.045525 0.164012 0.069920
v 0.038602 0.184803 0.044036
v 0.038916 0.159974 0.074751
v 0.037867 0.226847 0.081015
v 0.042796 0.140780 0.083049
v 0.049235 0.237138 0.043136
v 0.049148 0.234289 0.058234
v 0.040319 0.249770 0.090005
v 0.042513 0.157568 0.085706
v 0.051917 0.176009 0.054884
v 0.045311 0.159385 0.103417
v 0.045804 0.197862 0.069199
v 0.045382 0.143953 0.091814
v 0.048329 0.130931 0.104365
v 0.045061 0.141037 0.094219
v 0.046930 0.150277 0.084925
v 0.042967 0.168601 0.086859
v 0.045355 0.138272 0.107922
v 0.050165 0.186087 0.090495
v 0.052824 0.141668 0.110152
v 0.048462 0.129332 0.102874
v 0.046970 0.145580 0.106148
v 0.049397 0.167080 0.103598
v 0.054303 0.151539 0.110939
v 0.052792 0.240672 0.062159
v 0.045430 0.182108 0.091125
v 0.053744 0.136523 0.110905
v 0.050565 0.214338 0.034905
v 0.046906 0.169601 0.074328
v 0.045864 0.249810 0.077024
v 0.050193 0.174113 0.099751
v 0.051716 0.203477 0.081203
v 0.051862 0.213861 0.067274
v 0.049959 0.202270 0.072543
v 0.052620 0.220229 0.038790
v 0.055703 0.194145 0.091786
v 0.049315 0.249045 0.045572
v 0.052766 0.249349 0.058562
v 0.051762 0.186858 0.065156
v 0.054161 0.226606 0.047845
v 0.055294 0.216183 0.030151
v 0.053885 0.244603 0.034647
v 0.056484 0.210120 0.026449
v 0.053007 0.237148 0.050440
v 0.057095 0.125180 0.124547
v 0.051922 0.157391 0.105364
v 0.055853 0.231698 0.061686
v 0.053362 0.133505 0.116353
v 0.057766 0.198272 0.084779
v 0.052987 0.201843 0.054943
v 0.056665 0.201044 0.028308
v 0.055126 0.182028 0.093019
v 0.054640 0.176514 0.098887
v 0.055663 0.163492 0.105284
v 0.057494 0.196484 0.039311
v 0.056035 0.191228 0.033642
v 0.057305 0.158232 0.106188
v 0.055676 0.215588 0.034148
v 0.060827 0.177545 0.096068
v 0.055323 0.169916 0.101298
v 0.055496 0.152095 0.079672
v 0.055153 0.143431 0.110597
v 0.054820 0.224095 0.072656
v 0.059218 0.144265 0.107489
v 0.057782 0.131944 0.102375
v 0.060085 0.156097 0.088000
v 0.062775 0.184681 0.096011
v 0.061547 0.141091 0.099088
v 0.061822 0.140211 0.106099
v 0.057789 0.214963 0.078823
v 0.062824 0.126105 0.101332
v 0.061894 0.143488 0.098237
v 0.068027 0.244260 0.055146
v 0.063839 0.125214 0.120748
v 0.065745 0.226720 0.065867
v 0.064594 0.155407 0.096916
v 0.063401 0.125187 0.101294
v 0.061961 0.170880 0.102754
v 0.061447 0.125096 0.102922
v 0.064219 0.152568 0.102602
v 0.064831 0.164912 0.093411
v 0.063183 0.158826 0.103046
v 0.064899 0.169897 0.100451
v 0.065468 0.125072 0.096835
v 0.063793 0.125227 0.112597
v 0.066208 0.217373 0.078671
v 0.065562 0.208894 0.082274
v 0.062189 0.130553 0.115138
v 0.063011 0.239366 0.062320
v 0.064380 0.160905 0.089825
v 0.066622 0.205429 0.082017
v 0.066233 0.191300 0.092016
v 0.064412 0.178007 0.094342
v 0.069412 0.206118 0.080953
v 0.068053 0.177953 0.087914
v 0.069566 0.222298 0.071981
v 0.071581 0.213483 0.080956
v 0.063681 0.198551 0.089559
v 0.071801 0.235876 0.061793
v 0.070138 0.130551 0.093962
v 0.059424 0.127444 0.101533
v 0.072740 0.188295 0.085737
v 0.065947 0.221207 0.077699
v 0.070664 0.243424 0.056417
v 0.072504 0.237700 0.055728
v 0.072033 0.197944 0.089695
v 0.071632 0.247229 0.046562
v 0.076523 0.198159 0.080615
v 0.082635 0.147910 0.094512
v 0.072544 0.191504 0.084140
v 0.073421 0.127290 0.090722
v 0.077993 0.192887 0.091867
v 0.078018 0.148626 0.097959
v 0.074290 0.208026 0.079305
v 0.080988 0.153579 0.104136
v 0.079949 0.137976 0.078753
v 0.080290 0.222357 0.060396
v 0.081080 0.243462 0.048364
v 0.085974 0.125066 0.080940
v 0.080642 0.227507 0.063329
v 0.078012 0.183268 0.102108
v 0.073606 0.243290 0.052883
v 0.077547 0.146142 0.078441
v 0.077065 0.138252 0.085973
v 0.077275 0.203935 0.078886
v 0.076088 0.230920 0.066387
v 0.093911 0.164967 0.105818
v 0.077653 0.207724 0.071786
v 0.084846 0.150183 0.077508
v 0.080904 0.140104 0.078551
v 0.080576 0.219133 0.065991
v 0.080913 0.233957 0.058364
v 0.079739 0.215503 0.068894
v 0.062483 0.249871 0.038315
v 0.086590 0.221292 0.071610
v 0.082309 0.228442 0.057625
v 0.080589 0.243003 0.026723
v 0.083732 0.232692 0.050650
v 0.079359 0.244221 0.015835
v 0.082937 0.230833 0.058020
v 0.082050 0.249816 0.041142
v 0.079673 0.136852 0.079549
v 0.075869 0.168919 0.103837
v 0.079578 0.249206 0.013633
v 0.089413 0.200841 0.098501
v 0.089008 0.139028 0.082163
v 0.092599 0.151501 0.094548
v 0.091697 0.125300 0.081945
v 0.087189 0.180619 0.102946
v 0.090442 0.170525 0.106115
v 0.092021 0.213396 0.088491
v 0.084822 0.240297 0.037998
v 0.090281 0.250211 0.014165
v 0.091235 0.147798 0.071788
v 0.092435 0.149273 0.087889
v 0.091071 0.248787 0.006050
v 0.090403 0.132149 0.072699
v 0.096583 0.202691 0.101695
v 0.093066 0.158089 0.099317
v 0.102132 0.138598 0.089808
v 0.091115 0.193128 0.104738
v 0.094277 0.240595 0.054558
v 0.096662 0.125153 0.071878
v 0.094920 0.135006 0.072916
v 0.089312 0.130214 0.084058
v 0.096132 0.138514 0.071623
v 0.092457 0.248284 0.038793
v 0.090122 0.249753 0.022229
v 0.109638 0.137341 0.072372
v 0.097093 0.161398 0.099218
v 0.094859 0.160518 0.084229
v 0.096218 0.156332 0.091743
v 0.092912 0.183902 0.101052
v 0.099065 0.203241 0.102271
v 0.097509 0.174079 0.088272
v 0.095996 0.176592 0.102331
v 0.105297 0.215781 0.088432
v 0.106999 0.209192 0.094556
v 0.106692 0.238298 0.065526
v 0.109175 0.191768 0.100736
v 0.108012 0.148896 0.090209
v 0.104429 0.185871 0.103101
v 0.112535 0.189893 0.087225
v 0.099089 0.249959 0.031331
v 0.104526 0.250014 0.033553
v 0.108951 0.137883 0.077330
v 0.104644 0.249857 0.043304
v 0.109570 0.191211 0.098200
v 0.110118 0.125141 0.065391
v 0.106354 0.183696 0.100823
v 0.122341 0.201207 0.080912
v 0.109728 0.184983 0.098654
v 0.110094 0.185074 0.091005
v 0.112274 0.227538 0.075647
v 0.121537 0.159098 0.093832
v 0.121856 0.238796 0.069211
v 0.115860 0.194595 0.095898
v 0.113618 0.197363 0.100262
v 0.117201 0.125020 0.070412
v 0.104631 0.132726 0.069147
v 0.114379 0.207954 0.095166
v 0.119448 0.198233 0.080359
v 0.118514 0.239307 0.065987
v 0.122564 0.203245 0.089181
v 0.122980 0.208162 0.093194
v 0.120928 0.125230 0.078034
v 0.123096 0.124974 0.084006
v 0.120478 0.130347 0.084685
v 0.120123 0.223471 0.088415
v 0.125968 0.211091 0.086104
v 0.115985 0.147240 0.090245
v 0.121849 0.214330 0.089398
v 0.126137 0.158578 0.096996
v 0.126560 0.206123 0.074434
v 0.120563 0.248058 0.057637
v 0.108995 0.142981 0.093700
v 0.127935 0.202914 0.075546
v 0.129396 0.139424 0.093484
v 0.129712 0.205592 0.072661
v 0.129334 0.178116 0.090662
v 0.128807 0.142715 0.092601
v 0.111645 0.132204 0.092596
v 0.129881 0.200061 0.078530
v 0.129434 0.225677 0.083743
v 0.128773 0.128199 0.091236
v 0.128598 0.155436 0.097229
v 0.123076 0.248975 0.048485
v 0.129191 0.234271 0.069144
v 0.129003 0.227413 0.078934
v 0.129217 0.245074 0.054398
v 0.129203 0.238797 0.068283
v 0.129773 0.204573 0.073547
v 0.127970 0.207951 0.077923
v 0.123111 0.140311 0.094411
v 0.129116 0.162942 0.093175
v 0.129168 0.243633 0.063726
v 0.128869 0.242078 0.066482
v 0.130001 0.204202 0.073939
v 0.130175 0.201690 0.076827
v 0.129034 0.231208 0.076176
v 0.129627 0.226923 0.079881
v 0.129291 0.214666 0.086062
v 0.129169 0.186810 0.087245
v 0.128615 0.129086 0.093617
v 0.129262 0.148040 0.093218
v 0.129161 0.131607 0.095978
v 0.129331 0.240631 0.067522
v 0.129371 0.207143 0.073073
v 0.129800 0.207911 0.073690
v 0.128561 0.129229 0.085670
v 0.129223 0.126248 0.084838
v 0.129129 0.228794 0.077822
v 0.129188 0.127961 0.084208
v 0.129521 0.221753 0.085416
v -0.157531 -0.208077 0.013867
v -0.163589 -0.193430 0.020547
v -0.157908 -0.196165 0.020295
v -0.156853 -0.201145 0.020902
v -0.156901 -0.146556 0.019780
v -0.159367 -0.191363 0.013470
v -0.158062 -0.185768 0.014835
v -0.154872 -0.154666 0.019710
v -0.147771 -0.159894 0.002362
v -0.159040 -0.149626 0.012294
v -0.144245 -0.125406 0.002936
v -0.148904 -0.150159 -0.003452
v -0.106386 -0.125413 -0.039847
v -0.138997 -0.205619 0.007606
v -0.137939 -0.183589 -0.007595
v -0.142344 -0.201794 -0.003896
v -0.133857 -0.198323 0.008302
v -0.132667 -0.164198 -0.013379
v -0.137519 -0.187994 -0.007870
v -0.119373 -0.201331 0.004636
v -0.126506 -0.161030 -0.020929
v -0.119750 -0.202145 -0.002024
v -0.123526 -0.203660 -0.016439
v -0.130353 -0.195242 0.008791
v -0.109355 -0.161624 -0.034163
v -0.118031 -0.198877 -0.018720
v -0.132126 -0.151508 -0.025965
v -0.137459 -0.156816 -0.020919
v -0.115208 -0.208769 -0.017661
v -0.097287 -0.202046 0.004325
v -0.118433 -0.200311 -0.021604
v -0.104427 -0.211480 -0.007438
v -0.101720 -0.201826 0.000663
v -0.097124 -0.159346 -0.044024
v -0.106935 -0.198716 -0.028116
v -0.098278 -0.200215 -0.009383
v -0.099481 -0.156342 -0.050609
v -0.104485 -0.199347 -0.029137
v -0.094444 -0.200077 -0.002449
v -0.084088 -0.207667 0.008035
v -0.091591 -0.219798 -0.031090
v -0.096238 -0.200864 -0.003270
v -0.095181 -0.208675 -0.032574
v -0.092507 -0.203444 -0.005817
v -0.091627 -0.220458 -0.030543
v -0.081656 -0.148440 -0.055471
v -0.085552 -0.220433 -0.013535
v -0.123727 -0.210941 0.020238
v -0.092208 -0.144671 -0.050700
v -0.088185 -0.206530 0.002923
v -0.087341 -0.190300 -0.008543
v -0.077750 -0.144174 -0.055989
v -0.073329 -0.244188 -0.018829
v -0.078609 -0.146051 -0.055006
v -0.064192 -0.125601 -0.061675
v -0.085396 -0.230770 -0.033686
v -0.080220 -0.184545 -0.014026
v -0.086879 -0.193421 -0.008275
v -0.088240 -0.194599 -0.038798
v -0.071319 -0.214252 -0.017922
v -0.079020 -0.198539 -0.004433
v -0.074515 -0.211048 0.012343
v -0.076467 -0.152384 -0.059703
v -0.068258 -0.173356 -0.021860
v -0.075229 -0.155096 -0.057209
v -0.078585 -0.148244 -0.057607
v -0.072805 -0.157201 -0.053473
v -0.074070 -0.207548 0.005658
v -0.065332 -0.171923 -0.022890
v -0.078075 -0.187315 -0.044876
v -0.077337 -0.215519 -0.040924
v -0.073183 -0.249284 -0.028732
v -0.069848 -0.201587 0.000301
v -0.067654 -0.172696 -0.051416
v -0.069046 -0.166480 -0.052489
v -0.066265 -0.243165 -0.038712
v -0.065275 -0.197788 -0.002272
v -0.068560 -0.238735 -0.029496
v -0.072123 -0.164210 -0.051507
v -0.069069 -0.247023 -0.021806
v -0.070599 -0.211624 -0.043157
v -0.064320 -0.212382 0.017087
v -0.072620 -0.213640 0.019828
v -0.062094 -0.201886 0.005573
v -0.063838 -0.186462 -0.050699
v -0.065275 -0.179990 -0.050619
v -0.075303 -0.150752 -0.056033
v -0.064089 -0.248773 -0.036317
v -0.061108 -0.139105 -0.062423
v -0.060590 -0.194213 -0.048697
v -0.065897 -0.238835 -0.021059
v -0.062689 -0.249412 -0.038284
v -0.058413 -0.249178 -0.021572
v -0.059331 -0.247041 -0.020749
v -0.061318 -0.243920 -0.039952
v -0.064573 -0.162977 -0.055273
v -0.061346 -0.173978 -0.024026
v -0.056324 -0.153115 -0.058805
v -0.059388 -0.204561 -0.049682
v -0.059349 -0.201816 -0.049702
v -0.062539 -0.208244 -0.046631
v -0.062492 -0.188252 -0.051168
v -0.057500 -0.211510 -0.047388
v -0.058543 -0.218617 -0.046520
v -0.054384 -0.192225 -0.053355
v -0.058623 -0.166580 -0.027079
v -0.057568 -0.215385 -0.046888
v -0.057248 -0.222668 -0.044347
v -0.045274 -0.234172 -0.046734
v -0.065510 -0.150539 -0.063838
v -0.049809 -0.184185 -0.029004
v -0.056985 -0.247895 -0.020111
v -0.046919 -0.207362 -0.051948
v -0.045135 -0.178848 -0.017742
v -0.045151 -0.173410 -0.058727
v -0.049657 -0.187595 -0.027260
v -0.055843 -0.203627 0.010049
v -0.044474 -0.125109 -0.070494
v -0.050875 -0.159723 -0.030055
v -0.043436 -0.190407 0.001752
v -0.046565 -0.158705 -0.023129
v -0.049943 -0.163405 -0.029106
v -0.049689 -0.186669 -0.028237
v -0.060985 -0.212280 0.020374
v -0.037390 -0.202580 -0.029752
v -0.047515 -0.241413 -0.023766
v -0.043879 -0.216458 -0.050980
v -0.049714 -0.248745 -0.042378
v -0.046493 -0.130328 -0.070706
v -0.050857 -0.140765 -0.064421
v -0.044905 -0.161198 -0.020335
v -0.038027 -0.160499 -0.010274
v -0.042128 -0.160996 -0.015521
v -0.034106 -0.164957 -0.019021
v -0.040729 -0.157090 -0.013728
v -0.039921 -0.158075 -0.010766
v -0.036981 -0.125579 -0.069357
v -0.046524 -0.164886 -0.027597
v -0.031931 -0.182941 -0.001983
v -0.041336 -0.147557 -0.063033
v -0.034937 -0.166595 -0.062345
v -0.029422 -0.148067 -0.033332
v -0.034913 -0.158367 -0.008468
v -0.036702 -0.156616 -0.005197
v -0.037586 -0.202434 -0.028520
v -0.031389 -0.125339 -0.065696
v -0.032771 -0.183763 -0.059645
v -0.033219 -0.156770 0.001067
v -0.035486 -0.161981 -0.016305
v -0.030182 -0.181706 0.004188
v -0.037372 -0.227336 -0.050313
v -0.031858 -0.170395 -0.017441
v -0.027261 -0.162821 -0.004226
v -0.041149 -0.181880 -0.010493
v -0.034789 -0.156247 -0.001721
v -0.029030 -0.164023 -0.009374
v -0.030113 -0.155515 0.006422
v -0.026043 -0.191816 -0.060261
v -0.023266 -0.229200 -0.031124
v -0.030172 -0.158496 -0.001339
v -0.024424 -0.175288 -0.062414
v -0.032317 -0.210691 -0.054769
v -0.025747 -0.159777 0.003431
v -0.027589 -0.180629 0.008799
v -0.028995 -0.166636 -0.013335
v -0.028550 -0.171364 -0.014353
v -0.021262 -0.153933 -0.064909
v -0.026282 -0.161368 -0.000167
v -0.027460 -0.154961 0.009961
v -0.026778 -0.166145 -0.012738
v -0.040062 -0.162478 -0.025462
v -0.025202 -0.159218 0.005558
v -0.026083 -0.155706 0.011159
v -0.024978 -0.158677 0.006838
v -0.026405 -0.156693 0.010204
v -0.022919 -0.177430 0.009453
v -0.027087 -0.155485 0.010064
v -0.025206 -0.162601 -0.002668
v -0.023199 -0.159309 0.010393
v -0.024873 -0.157482 0.009410
v -0.023277 -0.178697 0.015675
v -0.025361 -0.159316 0.005169
v -0.027130 -0.155594 0.010580
v -0.024145 -0.148563 -0.039370
v -0.025505 -0.157245 0.009871
v -0.024720 -0.157552 0.010885
v -0.022987 -0.159626 0.006177
v -0.024628 -0.158165 0.010115
v -0.024844 -0.157621 0.009029
v -0.025295 -0.160028 0.006611
v -0.025533 -0.217017 -0.030512
v -0.023755 -0.158289 0.011153
v -0.024067 -0.156963 0.011744
v -0.025525 -0.147134 -0.037812
v -0.022665 -0.158964 0.009660
v -0.013283 -0.125236 -0.077753
v -0.018327 -0.151130 -0.023285
v -0.022889 -0.159975 0.009611
v -0.022513 -0.159804 0.008713
v -0.024107 -0.157572 0.009886
v -0.023791 -0.158521 0.010797
v -0.022756 -0.157524 0.012877
v -0.034718 -0.147152 -0.037008
v -0.022323 -0.166381 -0.003000
v -0.021757 -0.164838 -0.002933
v -0.022426 -0.162274 0.001903
v -0.022468 -0.161605 0.004682
v -0.022439 -0.162017 0.005007
v -0.021591 -0.162555 0.002546
v -0.022583 -0.158926 0.009888
v -0.022639 -0.159319 0.010706
v -0.022193 -0.159091 0.010128
v -0.022196 -0.162723 0.000369
v -0.022519 -0.159628 0.010618
v -0.022281 -0.159801 0.010848
v -0.022357 -0.159799 0.010634
v -0.022433 -0.159798 0.010419
v -0.026566 -0.162697 0.000746
v -0.014732 -0.163138 0.000236
v -0.022034 -0.155710 0.016110
v -0.020772 -0.155523 0.018981
v -0.025131 -0.166159 -0.011994
v -0.021995 -0.162782 0.003679
v -0.023250 -0.223621 -0.054100
v -0.019990 -0.156939 0.018777
v -0.038784 -0.250121 -0.045230
v -0.020154 -0.161146 0.005317
v -0.023503 -0.131541 -0.065936
v -0.019294 -0.155502 -0.037892
v -0.021271 -0.158002 0.015129
v -0.019258 -0.164295 -0.000724
v -0.019257 -0.170738 -0.001095
v -0.012625 -0.163603 0.020295
v -0.017075 -0.163694 0.003636
v -0.014421 -0.161372 0.013239
v -0.035258 -0.189149 0.020245
v -0.018446 -0.164679 -0.001156
v -0.017919 -0.160645 0.009843
v -0.016302 -0.160866 0.011496
v -0.014900 -0.235139 -0.053283
v -0.020267 -0.155052 0.020457
v -0.016222 -0.183429 -0.062668
v -0.012884 -0.163750 -0.038126
v -0.015970 -0.163332 0.005465
v -0.014918 -0.159621 0.016485
v -0.014298 -0.165909 0.013968
v -0.016589 -0.228281 -0.031127
v -0.015691 -0.168623 0.007379
v -0.017196 -0.147470 -0.066734
v -0.013595 -0.160940 0.012757
v -0.013525 -0.158961 0.019364
v -0.014016 -0.166330 0.020284
v -0.013344 -0.158454 0.020293
v -0.005306 -0.174257 -0.038408
v -0.012340 -0.233785 -0.030972
v -0.013470 -0.205651 -0.058288
v -0.009046 -0.198563 -0.037760
v -0.005904 -0.146791 0.001713
v -0.017046 -0.201494 -0.057752
v -0.000510 -0.137959 -0.066613
v -0.006397 -0.240558 -0.032231
v -0.007932 -0.146824 -0.065934
v -0.008336 -0.170304 -0.064489
v -0.001653 -0.241134 -0.053487
v -0.004523 -0.243890 -0.030774
v -0.003789 -0.187745 -0.061522
v -0.006857 -0.132682 -0.077012
v -0.002690 -0.203680 -0.059889
v -0.001105 -0.248645 -0.030791
v 0.002636 -0.187398 -0.037125
v -0.001361 -0.247193 -0.029417
v 0.000121 -0.249744 -0.030035
v 0.001622 -0.125373 -0.080916
v 0.012240 -0.138646 -0.031720
v -0.000779 -0.164025 -0.064991
v -0.018537 -0.149894 -0.040710
v 0.005212 -0.189855 -0.038080
v 0.008632 -0.173864 -0.064442
v 0.012643 -0.184946 -0.061772
v 0.007318 -0.210454 -0.057868
v 0.002351 -0.140163 -0.039867
v -0.007538 -0.148698 0.016293
v 0.002515 -0.203464 -0.061361
v 0.004127 -0.137861 -0.077434
v 0.015956 -0.238893 -0.055288
v 0.006037 -0.193242 -0.036873
v 0.004293 -0.152620 -0.066563
v 0.007926 -0.125035 -0.084133
v 0.015218 -0.137049 -0.040213
v 0.016098 -0.137015 -0.002235
v 0.006168 -0.220560 -0.056632
v 0.014917 -0.143042 -0.068002
v 0.008915 -0.130358 -0.080502
v 0.023230 -0.149035 -0.065165
v 0.009091 -0.198952 -0.036424
v 0.011476 -0.206216 -0.036011
v 0.013928 -0.209751 -0.036923
v 0.014031 -0.214193 -0.036065
v 0.012944 -0.210328 -0.035727
v 0.017807 -0.155077 -0.041660
v 0.021846 -0.212715 -0.057018
v 0.008711 -0.208127 -0.059422
v 0.014762 -0.135399 -0.078098
v 0.023198 -0.159843 -0.039861
v 0.023512 -0.139257 -0.020022
v 0.023172 -0.139115 -0.077581
v 0.023183 -0.136893 -0.039117
v 0.022613 -0.180441 -0.061362
v 0.021966 -0.136031 -0.038385
v 0.020449 -0.210950 -0.035661
v 0.027714 -0.125561 -0.081065
v 0.021128 -0.142356 -0.068722
v 0.017944 -0.174360 -0.063050
v 0.013002 -0.249925 -0.053635
v 0.020481 -0.208599 -0.036569
v 0.024071 -0.202868 -0.034934
v 0.025658 -0.145293 -0.064422
v 0.023918 -0.200785 -0.036050
v 0.025708 -0.196984 -0.034750
v 0.024470 -0.205865 -0.058411
v 0.026346 -0.226939 -0.054469
v 0.022707 -0.132896 -0.079683
v 0.027584 -0.139748 -0.075900
v 0.028126 -0.201666 -0.034701
v 0.028679 -0.150639 -0.064277
v 0.028614 -0.138816 -0.029243
v 0.028448 -0.143485 -0.064751
v 0.028915 -0.164828 -0.063574
v 0.027357 -0.248964 -0.050615
v 0.028375 -0.137453 -0.038493
v 0.029018 -0.138309 -0.038566
v 0.028949 -0.185902 -0.061782
v 0.028817 -0.225372 -0.053988
v 0.028548 -0.141926 -0.009782
v 0.010881 -0.134706 0.020455
v 0.028790 -0.134045 -0.079523
v 0.029033 -0.192323 -0.059299
v 0.028771 -0.204751 -0.058004
v 0.027272 -0.194685 -0.035063
v 0.028757 -0.142155 -0.072418
v 0.028660 -0.177337 -0.060858
v 0.029186 -0.194084 -0.058962
v 0.029109 -0.190972 -0.035131
v 0.029054 -0.188206 -0.061444
v 0.028874 -0.218580 -0.056829
v 0.028615 -0.236638 -0.053127
v 0.029088 -0.243985 -0.051050
v 0.028705 -0.136675 -0.037607
v 0.029077 -0.190412 -0.035838
v -0.046121 -0.269336 -0.023019
v -0.062456 -0.250477 -0.037832
v -0.043298 -0.280050 -0.030042
v -0.044240 -0.272868 -0.022895
v -0.052942 -0.258522 -0.038513
v -0.022403 -0.250236 -0.049249
v -0.038360 -0.280893 -0.024968
v -0.034886 -0.273920 -0.024331
v -0.031535 -0.284704 -0.031960
v -0.033112 -0.279338 -0.041191
v -0.041070 -0.251898 -0.044755
v -0.020565 -0.289778 -0.039677
v -0.023256 -0.288571 -0.027049
v -0.015371 -0.279583 -0.042714
v -0.010930 -0.281546 -0.045363
v -0.013730 -0.278466 -0.028538
v 0.000488 -0.309778 -0.030457
v 0.002650 -0.254130 -0.029935
v 0.012180 -0.303600 -0.025416
v 0.002727 -0.305187 -0.043360
v 0.006303 -0.259067 -0.029644
v 0.015302 -0.250293 -0.052861
v -0.014822 -0.257562 -0.049563
v 0.015921 -0.279310 -0.027905
v 0.012712 -0.274758 -0.027933
v 0.010904 -0.265465 -0.028429
v 0.013995 -0.271582 -0.027609
v 0.013195 -0.271519 -0.028870
v 0.013264 -0.269110 -0.027804
v 0.014869 -0.287781 -0.046976
v 0.015621 -0.318280 -0.035764
v 0.017005 -0.313180 -0.037705
v 0.026474 -0.256371 -0.028523
v 0.020510 -0.318122 -0.035309
v 0.020893 -0.314881 -0.042050
v 0.016705 -0.319026 -0.028635
v 0.020195 -0.266170 -0.028031
v 0.018562 -0.281935 -0.047969
v 0.027723 -0.259685 -0.027286
v 0.026540 -0.250416 -0.050602
v 0.027744 -0.254224 -0.027300
v 0.027079 -0.307670 -0.026824
v 0.028374 -0.253356 -0.050392
v 0.028167 -0.290698 -0.026564
v 0.000267 -0.250042 -0.029884
v 0.029031 -0.252490 -0.028734
v 0.028170 -0.253497 -0.027338
v 0.028801 -0.302758 -0.025774
v 0.028625 -0.258038 -0.049683
v 0.028758 -0.296936 -0.042929
v 0.028896 -0.304685 -0.026543
v 0.029478 -0.265131 -0.047679
v 0.028749 -0.275943 -0.046370
v 0.029170 -0.252151 -0.027316
v -0.170829 -0.237084 0.065007
v -0.169977 -0.181260 0.040576
v -0.166412 -0.178211 0.071748
v -0.162612 -0.249854 0.112532
v -0.168330 -0.182161 0.061944
v -0.161887 -0.162386 0.074220
v -0.173386 -0.190651 0.043842
v -0.164359 -0.185603 0.074015
v -0.159969 -0.172858 0.075507
v -0.161873 -0.197065 0.095143
v -0.163306 -0.206405 0.063487
v -0.167563 -0.233823 0.115116
v -0.165850 -0.198945 0.024164
v -0.162424 -0.185362 0.060792
v -0.160080 -0.172357 0.081672
v -0.162615 -0.181238 0.069120
v -0.172521 -0.249595 0.059002
v -0.153816 -0.141684 0.047402
v -0.156726 -0.201690 0.021018
v -0.151833 -0.152018 0.078983
v -0.163572 -0.193818 0.020537
v -0.156563 -0.200491 0.022901
v -0.153421 -0.201836 0.024665
v -0.152261 -0.153251 0.080223
v -0.154374 -0.156502 0.020629
v -0.154128 -0.206754 0.105330
v -0.159476 -0.136634 0.041693
v -0.156842 -0.197795 0.040425
v -0.143876 -0.249733 0.119574
v -0.151996 -0.169781 0.086514
v -0.153273 -0.152637 0.076895
v -0.153370 -0.131912 0.041614
v -0.151672 -0.129395 0.064265
v -0.156794 -0.146114 0.021418
v -0.151130 -0.124903 0.057308
v -0.149908 -0.125004 0.043755
v -0.158095 -0.232859 0.044665
v -0.144659 -0.204240 0.020884
v -0.147964 -0.134247 0.060994
v -0.137456 -0.175230 0.104246
v -0.149153 -0.201774 0.025915
v -0.140134 -0.166197 0.097624
v -0.132467 -0.234685 0.034198
v -0.140657 -0.128059 0.070118
v -0.156796 -0.226612 0.121183
v -0.146887 -0.163688 0.093559
v -0.132325 -0.217802 0.021341
v -0.138976 -0.213071 0.118378
v -0.144131 -0.125257 0.072061
v -0.147824 -0.151102 0.091312
v -0.150872 -0.232662 0.036035
v -0.134234 -0.125108 0.076673
v -0.124845 -0.157216 0.109195
v -0.134050 -0.158491 0.109106
v -0.143634 -0.249681 0.028014
v -0.119477 -0.164438 0.103602
v -0.118425 -0.244849 0.108100
v -0.143955 -0.234076 0.125444
v -0.119785 -0.151361 0.110642
v -0.113372 -0.163264 0.123447
v -0.117974 -0.159061 0.101317
v -0.120052 -0.141256 0.106973
v -0.082944 -0.215571 0.020933
v -0.109879 -0.245311 0.054605
v -0.105421 -0.249565 0.097631
v -0.105773 -0.189523 0.119494
v -0.114154 -0.169805 0.124629
v -0.109333 -0.157849 0.121064
v -0.097418 -0.227181 0.111608
v -0.107212 -0.175320 0.123416
v -0.108541 -0.173357 0.124652
v -0.108156 -0.176489 0.115221
v -0.111034 -0.249975 0.050161
v -0.098990 -0.146113 0.119613
v -0.088441 -0.243419 0.062251
v -0.110315 -0.211092 0.122599
v -0.114789 -0.240843 0.049577
v -0.094984 -0.135818 0.109912
v -0.093494 -0.231946 0.096137
v -0.099012 -0.164214 0.110665
v -0.098344 -0.219035 0.116015
v -0.077186 -0.162985 0.106727
v -0.089277 -0.241165 0.086123
v -0.092810 -0.138918 0.116609
v -0.083769 -0.235828 0.056017
v -0.085890 -0.132379 0.112187
v -0.089541 -0.148923 0.106058
v -0.088873 -0.126725 0.109479
v -0.084685 -0.213552 0.103272
v -0.093335 -0.249545 0.077785
v -0.085089 -0.221384 0.092028
v -0.061219 -0.202015 0.076048
v -0.081209 -0.135917 0.102176
v -0.084426 -0.141440 0.102355
v -0.094239 -0.228377 0.031917
v -0.072052 -0.152488 0.103796
v -0.085923 -0.191837 0.112194
v -0.087921 -0.125138 0.106547
v -0.080895 -0.156098 0.105128
v -0.081647 -0.135710 0.101876
v -0.080665 -0.134808 0.099248
v -0.074860 -0.173837 0.105946
v -0.071654 -0.163909 0.101459
v -0.080241 -0.124932 0.107637
v -0.079298 -0.159953 0.105845
v -0.077861 -0.126155 0.103504
v -0.071751 -0.216766 0.024477
v -0.075042 -0.161365 0.102668
v -0.068925 -0.146520 0.103056
v -0.073535 -0.140271 0.099948
v -0.080566 -0.227808 0.081730
v -0.077045 -0.199186 0.100785
v -0.070273 -0.162479 0.103256
v -0.067029 -0.200521 0.085511
v -0.069668 -0.155264 0.102306
v -0.070942 -0.150286 0.103725
v -0.062113 -0.211053 0.024644
v -0.059425 -0.197514 0.072803
v -0.069701 -0.157501 0.101314
v -0.068884 -0.160999 0.103100
v -0.088138 -0.233420 0.091534
v -0.066447 -0.147959 0.100079
v -0.053674 -0.205502 0.044105
v -0.064696 -0.156270 0.100780
v -0.058099 -0.134866 0.094297
v -0.052368 -0.203070 0.048199
v -0.063102 -0.184256 0.087500
v -0.067204 -0.169904 0.094701
v -0.062773 -0.211579 0.022213
v -0.065848 -0.143353 0.098863
v -0.058433 -0.174982 0.093698
v -0.070604 -0.125027 0.094885
v -0.058853 -0.194454 0.077613
v -0.059987 -0.130388 0.094212
v -0.061917 -0.155220 0.100322
v -0.049330 -0.149198 0.090191
v -0.056107 -0.161198 0.095759
v -0.058736 -0.182034 0.081658
v -0.054415 -0.211042 0.028888
v -0.057701 -0.182804 0.080552
v -0.053910 -0.164436 0.092538
v -0.046840 -0.201157 0.020902
v -0.053296 -0.207893 0.037210
v -0.055250 -0.187820 0.073807
v -0.057156 -0.159102 0.096806
v -0.055538 -0.188759 0.072593
v -0.056043 -0.187411 0.074716
v -0.056743 -0.209167 0.032376
v -0.051806 -0.166119 0.086387
v -0.052876 -0.197290 0.058543
v -0.053964 -0.182150 0.083753
v -0.053211 -0.137845 0.091137
v -0.054056 -0.192006 0.067258
v -0.051760 -0.204776 0.044491
v -0.050083 -0.200848 0.053069
v -0.053993 -0.184681 0.080681
v -0.051141 -0.141154 0.089368
v -0.052031 -0.191639 0.069068
v -0.050612 -0.167710 0.088609
v -0.061614 -0.212199 0.021211
v -0.050554 -0.197359 0.059471
v -0.044498 -0.180531 0.071111
v -0.049517 -0.190787 0.070192
v -0.047120 -0.175628 0.078548
v -0.049075 -0.170308 0.085942
v -0.051675 -0.130128 0.089019
v -0.046710 -0.174424 0.080089
v -0.048291 -0.141609 0.088256
v -0.045826 -0.201222 0.025204
v -0.046137 -0.195040 0.054084
v -0.046415 -0.126684 0.079990
v -0.044384 -0.201322 0.029209
v -0.046566 -0.130675 0.079263
v -0.044561 -0.166532 0.081446
v -0.048203 -0.202260 0.050424
v -0.046556 -0.147376 0.084726
v -0.042208 -0.129494 0.089586
v -0.045227 -0.177672 0.075242
v -0.043496 -0.134325 0.086019
v -0.044149 -0.143745 0.079614
v -0.045134 -0.144982 0.084053
v -0.044238 -0.140668 0.078879
v -0.043194 -0.142623 0.079077
v -0.042986 -0.198070 0.034270
v -0.042943 -0.184655 0.064344
v -0.037465 -0.130478 0.089852
v -0.041648 -0.194105 0.045908
v -0.047054 -0.174258 0.077170
v -0.040844 -0.146327 0.089324
v -0.042704 -0.186396 0.057516
v -0.041813 -0.153249 0.078128
v -0.040899 -0.151408 0.077501
v -0.041887 -0.190206 0.053897
v -0.036588 -0.183738 0.053002
v -0.037244 -0.175981 0.063244
v -0.041735 -0.149585 0.078517
v -0.039482 -0.158038 0.072597
v -0.041298 -0.149172 0.079189
v -0.039793 -0.130083 0.090578
v -0.049889 -0.125110 0.083474
v -0.034159 -0.153395 0.091568
v -0.039164 -0.156834 0.073568
v -0.039865 -0.154926 0.075296
v -0.034406 -0.140378 0.089652
v -0.038672 -0.155643 0.075567
v -0.035856 -0.171166 0.088758
v -0.037019 -0.162238 0.091043
v -0.021209 -0.174543 0.020929
v -0.039380 -0.128718 0.089407
v -0.034494 -0.135177 0.089420
v -0.036428 -0.164956 0.066275
v -0.039247 -0.153961 0.087529
v -0.033150 -0.166672 0.060444
v -0.037393 -0.159212 0.070349
v -0.033664 -0.160811 0.069725
v -0.040867 -0.152133 0.089078
v -0.032298 -0.174917 0.052596
v -0.031677 -0.147541 0.091958
v -0.032142 -0.132677 0.093355
v -0.034826 -0.159828 0.069890
v -0.028561 -0.180395 0.037133
v -0.041229 -0.196025 0.038459
v -0.032073 -0.150050 0.091262
v -0.029890 -0.188355 0.088745
v -0.031535 -0.179461 0.046458
v -0.037103 -0.160240 0.068873
v -0.030944 -0.150505 0.090643
v -0.028931 -0.144232 0.093931
v -0.030777 -0.179469 0.040459
v -0.025292 -0.169670 0.043084
v -0.033332 -0.159365 0.068606
v -0.030775 -0.151750 0.090980
v -0.025598 -0.155156 0.093482
v -0.029601 -0.168951 0.092937
v -0.031063 -0.179943 0.091899
v -0.025281 -0.136706 0.092539
v -0.027007 -0.142384 0.069519
v -0.028582 -0.176083 0.092036
v -0.020903 -0.151947 0.095013
v -0.025032 -0.128031 0.092665
v -0.015616 -0.190571 0.071443
v -0.023361 -0.163715 0.097444
v -0.021798 -0.191911 0.091256
v -0.025691 -0.168574 0.091261
v -0.030198 -0.153875 0.091641
v -0.026001 -0.146087 0.063931
v -0.031925 -0.160611 0.069649
v -0.031419 -0.167004 0.070858
v -0.024532 -0.208530 0.088711
v -0.021511 -0.175331 0.095450
v -0.023410 -0.184759 0.094277
v -0.024643 -0.151812 0.058266
v -0.021973 -0.173315 0.027913
v -0.022379 -0.151072 0.059929
v -0.022358 -0.181961 0.092901
v -0.019421 -0.196477 0.090778
v -0.020540 -0.134271 0.093946
v -0.023347 -0.135396 0.069706
v -0.022178 -0.148979 0.094666
v -0.021295 -0.164226 0.043158
v -0.022816 -0.132398 0.055379
v -0.019417 -0.189193 0.091719
v -0.017955 -0.160369 0.094063
v -0.022272 -0.144921 0.035120
v -0.022047 -0.145117 0.035368
v -0.026741 -0.170801 0.045975
v -0.020964 -0.137118 0.051902
v -0.021830 -0.127460 0.061569
v -0.017823 -0.199852 0.087584
v -0.027918 -0.125069 0.091897
v -0.021885 -0.144408 0.035021
v -0.021540 -0.145091 0.036489
v -0.022036 -0.144000 0.036350
v -0.021885 -0.145314 0.035503
v -0.021573 -0.144585 0.036996
v -0.022128 -0.143980 0.037287
v -0.022148 -0.143005 0.036746
v -0.021216 -0.142498 0.041279
v -0.021427 -0.141651 0.041014
v -0.022092 -0.139596 0.042474
v -0.022251 -0.136112 0.047874
v -0.021724 -0.158905 0.049881
v -0.021572 -0.133725 0.052262
v -0.021339 -0.131023 0.055572
v -0.022382 -0.124502 0.066409
v -0.019800 -0.173227 0.028997
v -0.021912 -0.145240 0.034884
v -0.021820 -0.145170 0.034877
v -0.019133 -0.171012 0.032480
v -0.021955 -0.145183 0.034552
v -0.021511 -0.145322 0.035569
v -0.021685 -0.145498 0.035489
v -0.021778 -0.145239 0.035761
v -0.022234 -0.141163 0.040205
v -0.021130 -0.142060 0.043291
v -0.019660 -0.161202 0.047440
v -0.019359 -0.126515 0.063384
v -0.020431 -0.201336 0.071508
v -0.021654 -0.144773 0.035718
v -0.021452 -0.145333 0.035188
v -0.021499 -0.144042 0.037036
v -0.022151 -0.142649 0.038197
v -0.021164 -0.143929 0.038248
v -0.022385 -0.126677 0.067421
v -0.021988 -0.121195 0.068081
v -0.019333 -0.157688 0.093397
v -0.021900 -0.143814 0.037470
v -0.021209 -0.141757 0.040667
v -0.021312 -0.143850 0.039501
v -0.020951 -0.142424 0.042340
v -0.021417 -0.141897 0.043035
v -0.021149 -0.140845 0.045446
v -0.021809 -0.138152 0.045280
v -0.020662 -0.136507 0.050218
v -0.021561 -0.134051 0.050908
v -0.019985 -0.128405 0.062647
v -0.020812 -0.130326 0.069851
v -0.021706 -0.136366 0.070840
v -0.015353 -0.180917 0.092365
v -0.020404 -0.141576 0.043959
v -0.019318 -0.142185 0.045336
v -0.021055 -0.140419 0.046463
v -0.020446 -0.132946 0.055834
v -0.019175 -0.144870 0.071795
v -0.016694 -0.154639 0.094942
v -0.018495 -0.154825 0.023443
v -0.020077 -0.141048 0.045323
v -0.020147 -0.140528 0.046278
v -0.020354 -0.139706 0.046259
v -0.021459 -0.134940 0.051363
v -0.020134 -0.131171 0.058769
v -0.022050 -0.128833 0.059689
v -0.017616 -0.152413 0.072313
v -0.018841 -0.140844 0.047458
v -0.020744 -0.137849 0.047508
v -0.020699 -0.135376 0.051428
v -0.019858 -0.133735 0.055446
v -0.022346 -0.149450 0.061626
v -0.019764 -0.148264 0.033292
v -0.021281 -0.138941 0.045262
v -0.019459 -0.139923 0.050010
v -0.020290 -0.150546 0.028803
v -0.020473 -0.140204 0.045123
v -0.019661 -0.141110 0.045828
v -0.018522 -0.142117 0.047085
v -0.019950 -0.140839 0.046583
v -0.019875 -0.140998 0.046942
v -0.018448 -0.137929 0.052822
v -0.020218 -0.152248 0.025507
v -0.020805 -0.170231 0.033763
v -0.021156 -0.169175 0.035451
v -0.019152 -0.141793 0.045091
v -0.019819 -0.141000 0.046267
v -0.018338 -0.140868 0.047910
v -0.017702 -0.139989 0.053073
v -0.018942 -0.142401 0.045341
v -0.019048 -0.132686 0.059551
v -0.018017 -0.141116 0.048879
v -0.017747 -0.138653 0.052767
v -0.015909 -0.161667 0.072641
v -0.020615 -0.163425 0.071723
v -0.016811 -0.180864 0.093677
v -0.018543 -0.145282 0.040610
v -0.017928 -0.140983 0.049369
v -0.018066 -0.141432 0.049439
v -0.018017 -0.140694 0.049551
v -0.018061 -0.140679 0.049705
v -0.019162 -0.139563 0.049064
v -0.019868 -0.137152 0.051707
v -0.017595 -0.138557 0.053086
v -0.017612 -0.136705 0.055578
v -0.021122 -0.131066 0.069711
v -0.020523 -0.130196 0.068914
v -0.015759 -0.172393 0.093989
v -0.016705 -0.140621 0.096352
v -0.020212 -0.151469 0.026569
v -0.018818 -0.146186 0.037891
v -0.017006 -0.143002 0.045821
v -0.017769 -0.142600 0.047867
v -0.017878 -0.141033 0.050532
v -0.017653 -0.140377 0.050821
v -0.017740 -0.140652 0.051536
v -0.017776 -0.140149 0.050917
v -0.017587 -0.142904 0.047456
v -0.017805 -0.141983 0.047885
v -0.017791 -0.141853 0.048458
v -0.017489 -0.142779 0.048136
v -0.017599 -0.141905 0.049061
v -0.017515 -0.140517 0.051822
v -0.017350 -0.139655 0.052536
v -0.017617 -0.140323 0.052290
v -0.017320 -0.139411 0.053469
v -0.017415 -0.138577 0.053256
v -0.017339 -0.138994 0.053069
v -0.016403 -0.129562 0.072379
v -0.021514 -0.120524 0.067584
v -0.017682 -0.144568 0.041455
v -0.014102 -0.149442 0.044893
v -0.017232 -0.142375 0.049286
v -0.017778 -0.141422 0.049804
v -0.017245 -0.141659 0.050562
v -0.016979 -0.139689 0.052308
v -0.016776 -0.140858 0.052787
v -0.016763 -0.140090 0.053116
v -0.017186 -0.139988 0.053577
v -0.017297 -0.139667 0.053851
v -0.017020 -0.139226 0.053642
v -0.017116 -0.138808 0.053236
v -0.016952 -0.139272 0.053317
v -0.018207 -0.138814 0.054225
v -0.017628 -0.139658 0.053697
v -0.017043 -0.139182 0.053522
v -0.017280 -0.137776 0.054880
v -0.014148 -0.158907 0.096458
v -0.017983 -0.143424 0.045230
v -0.017798 -0.142635 0.046994
v -0.017743 -0.141561 0.049468
v -0.017011 -0.140648 0.051726
v -0.016803 -0.139064 0.052445
v -0.016681 -0.140185 0.054155
v -0.015354 -0.148264 0.051422
v -0.018505 -0.132905 0.065020
v -0.016395 -0.139078 0.059042
v -0.013928 -0.192194 0.072029
v -0.013301 -0.129047 0.096732
v -0.016590 -0.141643 0.048703
v -0.017768 -0.141113 0.050205
v -0.017286 -0.139982 0.053219
v -0.011881 -0.159168 0.032784
v -0.016359 -0.148569 0.035483
v -0.014851 -0.137734 0.053214
v -0.016413 -0.139580 0.059390
v -0.008936 -0.190430 0.092409
v -0.017866 -0.151234 0.029068
v -0.017499 -0.140322 0.051974
v -0.016424 -0.108623 0.067303
v -0.015686 -0.201220 0.090656
v -0.014022 -0.142866 0.095997
v -0.017813 -0.169640 0.028658
v -0.011862 -0.157403 0.032281
v -0.014718 -0.150155 0.034331
v -0.014927 -0.150857 0.039030
v -0.016605 -0.143540 0.044040
v -0.015104 -0.145028 0.046519
v -0.014952 -0.129943 0.057865
v -0.013633 -0.162373 0.073059
v -0.013195 -0.152220 0.033434
v -0.014900 -0.144418 0.045185
v -0.015446 -0.142634 0.047424
v -0.014818 -0.145392 0.045108
v -0.015525 -0.145648 0.041820
v -0.014699 -0.145319 0.044929
v -0.014877 -0.141894 0.055300
v -0.017634 -0.136856 0.055508
v -0.014434 -0.149506 0.036094
v -0.010426 -0.150866 0.033829
v -0.015107 -0.146951 0.044498
v -0.014767 -0.145672 0.045090
v -0.014708 -0.147075 0.044152
v -0.014419 -0.145918 0.050110
v -0.021384 -0.120437 0.066518
v -0.014169 -0.147238 0.050848
v 0.007565 -0.176232 0.075602
v -0.013701 -0.146593 0.042042
v -0.014904 -0.146854 0.044465
v -0.013341 -0.150367 0.044459
v -0.013554 -0.150547 0.041150
v -0.016617 -0.159060 0.043866
v -0.013201 -0.147828 0.047988
v -0.017183 -0.145989 0.095186
v -0.011666 -0.182800 0.095487
v 0.004889 -0.136816 0.021005
v -0.012031 -0.152803 0.040948
v -0.010313 -0.159796 0.097992
v -0.016629 -0.158852 0.020558
v -0.010756 -0.137119 0.099548
v -0.007475 -0.149283 0.098704
v -0.012539 -0.154795 0.027370
v -0.011464 -0.160861 0.027927
v -0.012541 -0.162531 0.026568
v -0.011655 -0.155317 0.037767
v -0.010078 -0.209282 0.090338
v -0.017792 -0.151625 0.028999
v -0.004286 -0.142169 0.098916
v -0.009204 -0.138653 0.096276
v -0.009419 -0.120199 0.054498
v -0.011301 -0.142977 0.046014
v -0.005667 -0.188836 0.095502
v -0.010496 -0.169810 0.096680
v -0.009880 -0.132649 0.097623
v -0.018047 -0.151950 0.095161
v -0.007002 -0.174120 0.095982
v -0.007176 -0.188579 0.093450
v -0.007795 -0.124917 0.049202
v -0.002104 -0.203955 0.093184
v -0.011555 -0.125030 0.096573
v -0.006698 -0.130090 0.100803
v -0.005187 -0.129910 0.041101
v -0.004838 -0.162368 0.096776
v -0.003208 -0.153410 0.097618
v 0.001174 -0.175239 0.098674
v 0.000499 -0.130117 0.099585
v -0.003314 -0.200159 0.091594
v 0.015034 -0.120918 0.059332
v -0.003382 -0.209049 0.089861
v -0.003879 -0.138132 0.026566
v -0.002318 -0.112073 0.067867
v 0.010320 -0.110874 0.071802
v -0.001166 -0.168498 0.098871
v -0.002354 -0.147251 0.099727
v 0.002355 -0.142111 0.098212
v -0.000361 -0.188832 0.095982
v 0.009457 -0.146331 0.100007
v -0.000072 -0.213750 0.089449
v 0.003496 -0.146532 0.098971
v -0.001540 -0.198328 0.095916
v 0.006316 -0.157325 0.098829
v 0.005899 -0.169653 0.099102
v 0.002377 -0.193958 0.094672
v 0.001757 -0.233962 0.086319
v -0.003638 -0.132339 0.098665
v -0.008417 -0.156315 0.073796
v 0.002764 -0.226527 0.088446
v 0.005445 -0.159911 0.098963
v 0.007413 -0.210538 0.092660
v 0.000600 -0.180440 0.096084
v 0.005491 -0.165763 0.098389
v 0.008126 -0.145675 0.101168
v 0.009579 -0.128922 0.099921
v 0.007523 -0.222020 0.090399
v 0.004027 -0.144740 0.099827
v -0.001206 -0.125176 0.099100
v 0.001736 -0.147878 0.099099
v 0.008017 -0.202687 0.095580
v 0.007222 -0.176705 0.097217
v 0.002950 -0.131393 0.031881
v 0.014259 -0.159783 0.100385
v 0.004136 -0.189499 0.094954
v 0.012881 -0.171023 0.099528
v 0.013473 -0.211625 0.093051
v 0.011888 -0.211209 0.093952
v 0.014955 -0.136804 0.100367
v 0.009307 -0.243150 0.078262
v 0.018349 -0.190711 0.097773
v 0.012152 -0.219198 0.090266
v 0.018039 -0.174331 0.097859
v 0.012199 -0.144899 0.099805
v 0.014526 -0.236901 0.087582
v 0.010631 -0.125316 0.101627
v 0.013057 -0.196360 0.097276
v 0.009318 -0.135124 0.100949
v 0.017360 -0.207958 0.096235
v 0.013845 -0.180196 0.098104
v 0.017448 -0.140782 0.101827
v 0.016057 -0.222768 0.090613
v 0.013850 -0.199147 0.093966
v 0.008308 -0.203312 0.093179
v 0.016588 -0.150166 0.102106
v 0.020038 -0.223531 0.090925
v 0.013606 -0.133956 0.101993
v 0.018773 -0.135423 0.100849
v 0.018739 -0.168084 0.102472
v 0.032547 -0.113145 0.072198
v 0.017825 -0.133733 0.029005
v 0.011132 -0.234094 0.067773
v 0.021271 -0.148823 0.100621
v 0.018683 -0.135828 0.099851
v 0.021157 -0.143920 0.102008
v 0.017930 -0.209458 0.092026
v 0.020274 -0.161648 0.101701
v 0.019345 -0.188011 0.096983
v 0.023169 -0.125452 0.100985
v 0.022907 -0.219525 0.071660
v 0.015863 -0.234481 0.089115
v 0.024615 -0.218076 0.091082
v 0.012405 -0.182684 0.097883
v 0.019290 -0.125233 0.099991
v 0.021955 -0.169077 0.099595
v 0.023954 -0.196421 0.095391
v 0.021574 -0.136738 0.102248
v 0.023394 -0.179824 0.099272
v 0.021685 -0.125097 0.102251
v 0.025827 -0.165555 0.099625
v 0.024331 -0.207309 0.093042
v 0.023112 -0.203913 0.095200
v 0.022759 -0.220564 0.076703
v 0.026459 -0.154411 0.100779
v 0.027988 -0.175599 0.099041
v 0.024536 -0.146144 0.100404
v 0.023333 -0.183411 0.097035
v 0.026803 -0.223087 0.089081
v 0.028918 -0.127233 0.100186
v 0.028417 -0.222987 0.089045
v 0.027768 -0.168357 0.077304
v 0.027332 -0.191603 0.097212
v 0.029083 -0.175719 0.098001
v 0.028839 -0.156886 0.099880
v 0.028666 -0.208229 0.093863
v 0.028922 -0.137790 0.035389
v 0.028868 -0.134506 0.044016
v 0.029975 -0.125621 0.058386
v 0.028771 -0.163502 0.099655
v 0.029061 -0.136163 0.100595
v 0.028983 -0.158913 0.100395
v 0.028853 -0.167112 0.100281
v 0.027304 -0.208206 0.093513
v 0.029301 -0.194801 0.095859
v 0.028881 -0.185538 0.097195
v 0.028563 -0.197619 0.096298
v 0.028938 -0.165419 0.099871
v 0.029048 -0.154830 0.100281
v 0.026798 -0.136790 0.100482
v 0.017866 -0.140924 0.100979
v 0.028938 -0.133219 0.100268
v 0.029184 -0.169596 0.100570
v 0.029065 -0.162935 0.099784
v 0.029154 -0.137081 0.101157
v 0.028935 -0.147448 0.102513
v 0.026186 -0.125185 0.100066
v 0.028750 -0.210089 0.073889
v 0.028961 -0.220087 0.091977
v 0.028606 -0.173523 0.099182
v 0.028860 -0.148393 0.100651
v 0.028830 -0.170664 0.100477
v 0.029277 -0.171926 0.100038
v 0.029367 -0.168675 0.100493
v 0.029220 -0.135509 0.100665
v 0.028944 -0.221919 0.090863
v 0.038798 -0.124899 0.070658
v 0.035186 -0.114288 0.072882
v 0.040191 -0.124567 0.074393
v -0.021996 -0.143891 0.035468
v 0.033647 -0.145404 -0.063743
v 0.029083 -0.190333 -0.035407
v 0.029140 -0.252466 -0.028041
v 0.029226 -0.180919 -0.062064
v 0.029218 -0.139585 -0.071585
v 0.029668 -0.218137 -0.055230
v 0.029217 -0.303499 -0.039861
v 0.029445 -0.137224 -0.037795
v 0.036369 -0.231054 -0.052098
v 0.031174 -0.301404 -0.026019
v 0.031763 -0.301665 -0.037284
v 0.029243 -0.302446 -0.025745
v 0.032427 -0.124943 -0.080545
v 0.030721 -0.190304 -0.060465
v 0.040548 -0.169788 -0.035686
v 0.038094 -0.283824 -0.025242
v 0.035177 -0.137197 -0.077511
v 0.033580 -0.146173 0.015213
v 0.032191 -0.185439 -0.035026
v 0.033868 -0.297570 -0.042207
v 0.050001 -0.142756 -0.034927
v 0.035414 -0.125097 -0.082681
v 0.037458 -0.125219 -0.082293
v 0.041112 -0.140359 -0.074753
v 0.037630 -0.130312 -0.078615
v 0.044781 -0.150995 -0.009153
v 0.039885 -0.172683 -0.034582
v 0.045942 -0.219906 -0.051721
v 0.034686 -0.244786 -0.028450
v 0.041560 -0.281571 -0.033756
v 0.048149 -0.226219 -0.027451
v 0.030195 -0.142466 0.018461
v 0.064641 -0.263672 -0.021277
v 0.042923 -0.189327 -0.034180
v 0.036919 -0.192491 -0.058125
v 0.041511 -0.160729 0.013384
v 0.048600 -0.134102 -0.074868
v 0.038633 -0.167244 -0.062620
v 0.040405 -0.237043 -0.027206
v 0.044904 -0.125170 -0.079218
v 0.044759 -0.164389 0.015113
v 0.042370 -0.267543 -0.044581
v 0.041737 -0.161780 0.020794
v 0.042293 -0.166892 0.025917
v 0.044841 -0.163064 0.022801
v 0.044668 -0.164441 0.014871
v 0.046541 -0.162149 0.024958
v 0.047970 -0.293292 -0.030858
v 0.042833 -0.241567 -0.027354
v 0.048336 -0.166097 0.014589
v 0.056868 -0.167717 -0.003627
v 0.047262 -0.166012 0.009505
v 0.046074 -0.163213 -0.033317
v 0.047545 -0.160650 0.024038
v 0.044194 -0.161971 0.025960
v 0.047649 -0.166031 0.007953
v 0.046782 -0.165090 0.007170
v 0.045367 -0.166828 0.019389
v 0.042533 -0.209127 -0.055105
v 0.052503 -0.168081 0.002603
v 0.047112 -0.162734 0.022796
v 0.047547 -0.162565 0.022311
v 0.047080 -0.162270 0.023273
v 0.047872 -0.289157 -0.024727
v 0.047719 -0.162441 0.020810
v 0.047920 -0.161698 0.022463
v 0.047736 -0.162023 0.022502
v 0.047209 -0.160461 0.026005
v 0.047822 -0.160770 0.023041
v 0.057912 -0.148076 -0.026827
v 0.051088 -0.165023 0.012226
v 0.048357 -0.163031 0.019375
v 0.048978 -0.125048 -0.079619
v 0.049174 -0.164044 0.016273
v 0.048181 -0.160358 -0.033475
v 0.049844 -0.164592 0.014827
v 0.052870 -0.125009 -0.077040
v 0.049782 -0.167265 0.007502
v 0.052344 -0.230436 -0.048511
v 0.049165 -0.166393 0.010014
v 0.059978 -0.172645 -0.009344
v 0.045439 -0.170031 0.015601
v 0.053471 -0.152910 -0.032671
v 0.052675 -0.167732 0.001199
v 0.052157 -0.166144 0.008944
v 0.060448 -0.167385 -0.008298
v 0.055117 -0.171725 -0.031670
v 0.053124 -0.168006 0.001251
v 0.054897 -0.167113 0.003491
v 0.052454 -0.166873 0.007110
v 0.043813 -0.141834 -0.062643
v 0.051068 -0.288259 -0.038522
v 0.054306 -0.166317 0.005501
v 0.054891 -0.166756 0.003262
v 0.060164 -0.272270 -0.021287
v 0.047541 -0.170671 0.010370
v 0.061263 -0.208656 -0.024673
v 0.059660 -0.165904 -0.000193
v 0.054047 -0.166375 0.004755
v 0.054641 -0.166739 0.005046
v 0.054263 -0.166353 0.004724
v 0.054084 -0.165543 0.006056
v 0.054045 -0.165648 0.006167
v 0.054586 -0.166621 0.004511
v 0.054133 -0.165438 0.006468
v 0.058353 -0.179030 -0.029915
v 0.054698 -0.166159 0.003677
v 0.054518 -0.166459 0.004655
v 0.054217 -0.165824 0.005668
v 0.054524 -0.166429 0.004775
v 0.051229 -0.167913 0.002014
v 0.055437 -0.167152 0.000770
v 0.055289 -0.165388 0.005784
v 0.053665 -0.167218 0.002362
v 0.054996 -0.166722 0.004634
v 0.055135 -0.166615 0.004835
v 0.054440 -0.174624 -0.056451
v 0.060248 -0.209759 -0.024238
v 0.060164 -0.133162 -0.068386
v 0.055900 -0.149231 -0.033124
v 0.053322 -0.129009 -0.076354
v 0.056558 -0.168247 -0.003191
v 0.057621 -0.165344 0.002628
v 0.059279 -0.165484 -0.000241
v 0.056899 -0.167758 -0.003766
v 0.063503 -0.155856 -0.056953
v 0.055275 -0.137128 -0.069873
v 0.055031 -0.217392 -0.048545
v 0.058500 -0.146309 -0.031056
v 0.049514 -0.172212 0.004662
v 0.058037 -0.145832 -0.030572
v 0.059860 -0.164827 0.001521
v 0.058670 -0.164039 0.002732
v 0.073604 -0.190009 -0.048752
v 0.055602 -0.183530 0.014762
v 0.061711 -0.241509 -0.043372
v 0.066833 -0.131700 -0.068732
v 0.060239 -0.141095 -0.059327
v 0.046377 -0.159359 -0.004464
v 0.049777 -0.186262 -0.056796
v 0.062226 -0.165170 -0.004679
v 0.050199 -0.166727 -0.059604
v 0.061249 -0.217124 -0.024430
v 0.067039 -0.222576 -0.045607
v 0.063871 -0.165920 -0.008188
v 0.067603 -0.184928 -0.003724
v 0.066186 -0.184600 0.001911
v 0.062379 -0.125257 -0.073174
v 0.063764 -0.163919 -0.003118
v 0.070074 -0.129910 -0.057090
v 0.062797 -0.181182 -0.055978
v 0.068488 -0.125148 -0.070881
v 0.074134 -0.166378 -0.019615
v 0.061982 -0.165185 -0.002650
v 0.068570 -0.146913 -0.026841
v 0.065905 -0.166046 -0.011380
v 0.066762 -0.166434 -0.013423
v 0.065760 -0.164048 -0.005831
v 0.081995 -0.206807 0.015593
v 0.067662 -0.264211 -0.025464
v 0.069302 -0.162766 -0.012180
v 0.069049 -0.165173 -0.010469
v 0.068989 -0.165304 -0.015788
v 0.071125 -0.196083 -0.021189
v 0.071535 -0.150159 -0.027133
v 0.069459 -0.162913 -0.011245
v 0.061113 -0.184708 0.008476
v 0.079878 -0.229829 -0.038706
v 0.069728 -0.273036 -0.024421
v 0.066121 -0.163708 -0.007497
v 0.071335 -0.163730 -0.019086
v 0.071182 -0.271435 -0.020845
v 0.075572 -0.190254 -0.021697
v 0.077474 -0.256578 -0.034257
v 0.070498 -0.265419 -0.029342
v 0.069215 -0.175956 -0.052674
v 0.070562 -0.209009 -0.047582
v 0.080198 -0.185149 -0.018427
v 0.076343 -0.161779 -0.020499
v 0.072070 -0.128655 -0.062728
v 0.077630 -0.166159 -0.023512
v 0.088176 -0.178625 -0.015254
v 0.083149 -0.125123 -0.052879
v 0.076645 -0.157656 -0.023894
v 0.078230 -0.165241 -0.022373
v 0.076628 -0.165816 -0.020579
v 0.086481 -0.177539 -0.018729
v 0.082462 -0.201359 -0.044561
v 0.086490 -0.243197 -0.016574
v 0.081557 -0.184146 -0.010972
v 0.086285 -0.176055 -0.018058
v 0.085339 -0.146938 -0.050490
v 0.083738 -0.171411 -0.019790
v 0.089030 -0.167162 -0.046828
v 0.085276 -0.226997 -0.036830
v 0.088312 -0.207744 0.008976
v 0.076801 -0.136674 -0.054447
v 0.085470 -0.179288 -0.016537
v 0.091208 -0.179425 -0.015253
v 0.079117 -0.159386 -0.050807
v 0.087025 -0.245542 -0.032294
v 0.067629 -0.195833 0.025435
v 0.081091 -0.211110 0.019270
v 0.096594 -0.228007 -0.032059
v 0.101480 -0.221410 -0.010143
v 0.093533 -0.235547 -0.027846
v 0.083831 -0.131472 -0.052694
v 0.099153 -0.204462 0.001608
v 0.087791 -0.239979 -0.013224
v 0.094841 -0.239089 -0.025745
v 0.089796 -0.207934 -0.040240
v 0.092832 -0.153315 -0.048370
v 0.095368 -0.184181 -0.014131
v 0.101985 -0.204809 -0.008321
v 0.094609 -0.130759 -0.048359
v 0.098158 -0.236973 -0.029098
v 0.103010 -0.125044 -0.050993
v 0.110179 -0.212392 -0.028638
v 0.103163 -0.188295 -0.038070
v 0.102720 -0.214306 -0.032969
v 0.104355 -0.215454 0.011621
v 0.100880 -0.189823 -0.009698
v 0.102824 -0.134764 -0.051960
v 0.105044 -0.193483 -0.007479
v 0.105313 -0.220539 -0.021249
v 0.103302 -0.142701 -0.044374
v 0.106500 -0.162789 -0.040714
v 0.105570 -0.201570 -0.002126
v 0.109828 -0.198094 -0.003271
v 0.109643 -0.153029 -0.042326
v 0.115609 -0.203263 -0.000978
v 0.090424 -0.216128 0.025741
v 0.112579 -0.153055 -0.040040
v 0.117115 -0.241090 -0.005252
v 0.124043 -0.207652 0.004304
v 0.116970 -0.219163 0.013215
v 0.118668 -0.142915 -0.041634
v 0.119254 -0.155262 -0.036427
v 0.116030 -0.236461 -0.019933
v 0.117990 -0.239710 -0.006285
v 0.112143 -0.222851 -0.026390
v 0.118938 -0.147709 -0.045125
v 0.122594 -0.208064 0.002121
v 0.124193 -0.242288 -0.018273
v 0.131840 -0.212573 -0.001484
v 0.129799 -0.232253 -0.016616
v 0.112962 -0.187525 -0.032542
v 0.131907 -0.224279 -0.017749
v 0.130646 -0.204070 0.005327
v 0.122702 -0.233359 0.025759
v 0.137683 -0.146451 -0.029712
v 0.134599 -0.205713 0.009326
v 0.139453 -0.203177 -0.008939
v 0.143206 -0.194500 -0.015177
v 0.144918 -0.212450 0.013925
v 0.165532 -0.159591 -0.014222
v 0.148020 -0.151838 -0.028453
v 0.142463 -0.208147 -0.008259
v 0.142963 -0.203463 0.010387
v 0.138745 -0.207858 0.011077
v 0.149239 -0.204321 0.002538
v 0.142982 -0.172735 -0.019085
v 0.166254 -0.151295 -0.006558
v 0.150878 -0.209779 -0.005290
v 0.153821 -0.201475 -0.007338
v 0.150222 -0.212479 -0.009156
v 0.156931 -0.208106 0.014864
v 0.148863 -0.207225 0.009020
v 0.152979 -0.201372 -0.005282
v 0.162012 -0.125264 -0.003024
v 0.161055 -0.202448 0.015293
v 0.162631 -0.210674 0.002678
v 0.160332 -0.210651 -0.001376
v 0.146402 -0.229105 0.026068
v 0.168093 -0.197699 0.008866
v 0.161459 -0.161377 -0.005391
v 0.172942 -0.196719 0.008707
v 0.169875 -0.213424 0.020473
v 0.168820 -0.162477 0.004424
v 0.167924 -0.205858 0.003246
v 0.184210 -0.149651 0.025622
v 0.169996 -0.194215 0.004939
v 0.169712 -0.192749 0.005881
v 0.169643 -0.187308 0.005427
v 0.174199 -0.208134 0.012308
v 0.174862 -0.214488 0.023988
v 0.187057 -0.156362 0.020545
v 0.178690 -0.214256 0.016106
v 0.179237 -0.163755 0.020295
v 0.178186 -0.150092 0.010770
v 0.187382 -0.207521 0.022518
v 0.183872 -0.151496 0.024930
v 0.185070 -0.210626 0.020783
v 0.186277 -0.152807 0.026067
v 0.178007 -0.217865 0.025595
v 0.187775 -0.199746 0.024970
v 0.188190 -0.156426 0.025427
v 0.188870 -0.209435 0.025603
v 0.181337 -0.163239 0.025811
v 0.000945 0.040816 -0.040720
v 0.000072 0.078005 -0.055319
v 0.000432 0.056679 -0.050449
v 0.000243 0.171276 -0.117452
v 0.000165 0.228191 -0.098394
v 0.000095 0.124009 -0.115453
v 0.000082 0.077046 -0.076112
v 0.003708 0.249964 -0.041195
v 0.000974 0.087365 -0.093906
v 0.000282 0.096261 -0.107420
v 0.015287 0.032832 -0.039504
v 0.006010 0.080871 -0.053464
v 0.003708 0.075481 -0.073048
v 0.008768 0.103139 -0.108871
v 0.008014 0.008817 -0.053431
v 0.006863 0.150827 -0.121004
v 0.000362 0.010681 -0.054851
v 0.009437 0.078429 -0.059045
v 0.008261 0.202271 -0.115716
v 0.003434 0.102684 -0.110636
v 0.013806 0.082036 -0.078077
v 0.000771 0.029316 -0.055067
v 0.017617 0.005530 -0.053283
v 0.014259 0.090920 -0.095631
v 0.008336 0.028910 -0.053330
v 0.008362 0.231928 -0.098226
v 0.011585 0.016028 -0.059731
v 0.016037 0.106394 -0.110287
v 0.019292 0.008563 -0.053421
v 0.014191 0.153388 -0.115785
v 0.014594 0.240642 -0.089621
v 0.026811 0.176065 -0.112723
v 0.020119 0.076692 -0.063784
v 0.005679 0.175995 -0.112596
v 0.018719 0.059569 -0.043472
v 0.023045 0.160054 -0.118847
v 0.015536 0.131883 -0.111252
v 0.018867 0.021908 -0.057282
v 0.014889 0.000842 -0.052627
v 0.019005 0.200339 -0.111115
v 0.031947 0.249710 -0.065083
v 0.025130 0.032771 -0.039386
v 0.031549 0.250113 -0.039939
v 0.011752 0.251517 -0.047071
v 0.017224 0.067225 -0.053411
v 0.024038 0.127459 -0.113358
v 0.020499 0.084915 -0.093207
v 0.021768 0.064388 -0.052886
v 0.039961 0.052883 -0.033690
v 0.035281 0.114806 -0.107210
v 0.022884 0.227880 -0.098212
v 0.024485 0.201909 -0.110184
v 0.037214 0.097286 -0.103777
v 0.026655 0.078955 -0.087696
v 0.026754 0.077785 -0.055304
v 0.029949 0.022368 -0.058632
v 0.026759 0.134776 -0.111583
v 0.035845 0.140830 -0.115118
v 0.037683 0.218399 -0.098583
v 0.040753 0.080921 -0.051610
v 0.040353 0.020402 -0.055687
v 0.037113 0.073251 -0.063623
v 0.040501 0.199469 -0.108279
v 0.033709 0.008306 -0.049779
v 0.041469 0.087937 -0.093842
v 0.036603 0.246606 -0.043555
v 0.058180 0.006096 -0.046224
v 0.032583 0.231617 -0.092086
v 0.054349 0.090793 -0.095767
v 0.045593 0.205943 -0.103989
v 0.048818 0.098491 -0.102629
v 0.033282 0.068645 -0.042782
v 0.048102 0.189578 -0.105150
v 0.045793 0.008737 -0.048493
v 0.052662 0.080395 -0.074085
v 0.044089 0.028249 -0.050700
v 0.045813 0.145410 -0.109721
v 0.062188 0.037894 -0.022959
v 0.053356 0.250007 -0.056113
v 0.057249 0.007734 -0.043448
v 0.048193 0.055082 -0.039247
v 0.052697 0.075948 -0.056267
v 0.049761 0.227726 -0.092098
v 0.057845 0.081299 -0.048339
v 0.049696 0.063631 -0.036325
v 0.053923 0.079341 -0.066630
v 0.049967 0.107256 -0.102567
v 0.059443 0.016162 -0.049347
v 0.068942 0.031645 -0.021981
v 0.053134 0.139341 -0.110721
v 0.064707 0.080269 -0.079477
v 0.059130 0.084173 -0.085983
v 0.059553 0.147830 -0.108779
v 0.055794 0.176009 -0.105795
v 0.060174 0.083060 -0.040856
v 0.066905 0.103360 -0.097927
v 0.053488 0.164569 -0.109611
v 0.071173 0.082804 -0.063367
v 0.060901 0.029573 -0.042348
v 0.062582 0.247882 -0.067502
v 0.060278 0.126087 -0.101609
v 0.062495 0.062365 -0.031699
v 0.064917 0.216215 -0.091751
v 0.072012 0.022078 -0.040214
v 0.062904 0.196776 -0.103031
v 0.075211 0.079745 -0.045922
v 0.075515 0.019049 -0.041750
v 0.071678 0.126045 -0.096300
v 0.081973 0.090492 -0.081430
v 0.071651 0.083620 -0.069688
v 0.087184 0.079287 -0.025596
v 0.073319 0.141475 -0.099218
v 0.073499 0.188775 -0.100725
v 0.066469 0.044654 -0.023590
v 0.076551 0.249765 -0.059974
v 0.076244 0.076746 -0.055412
v 0.071266 0.154120 -0.104413
v 0.074433 0.168089 -0.099485
v 0.073658 0.100681 -0.092375
v 0.069075 0.007688 -0.037959
v 0.083073 0.117837 -0.093659
v 0.078058 0.231629 -0.077640
v 0.088369 0.105912 -0.090483
v 0.078968 0.055223 -0.017133
v 0.077402 0.140235 -0.101893
v 0.083472 0.197421 -0.092814
v 0.070505 0.247031 -0.058788
v 0.081030 0.084475 -0.043151
v 0.087530 0.082970 -0.051748
v 0.090745 0.215268 -0.083180
v 0.080119 0.250305 -0.060493
v 0.085205 0.249523 -0.055606
v 0.081405 0.250124 -0.060001
v 0.087258 0.082298 -0.056851
v 0.062354 0.081223 -0.039478
v 0.093650 0.065334 -0.010464
v 0.081535 0.007773 -0.027318
v 0.087672 0.026312 -0.023149
v 0.083507 0.155802 -0.101351
v 0.080655 0.087874 -0.033480
v 0.085123 0.085612 -0.068316
v 0.085111 0.246919 -0.051285
v 0.090360 0.249832 -0.032300
v 0.075698 0.051498 -0.022904
v 0.087835 0.250291 -0.050816
v 0.099248 0.088347 -0.055714
v 0.091464 0.007160 -0.013591
v 0.089025 0.032350 0.005349
v 0.088320 0.053117 -0.006249
v 0.088535 0.040285 -0.000398
v 0.083172 0.039172 -0.005229
v 0.088410 0.034157 0.005921
v 0.084627 0.133053 -0.096299
v 0.090647 0.052446 -0.000553
v 0.091602 0.045806 0.002770
v 0.089138 0.029053 -0.001173
v 0.091985 0.087109 -0.074829
v 0.092063 0.014387 -0.023251
v 0.092451 0.041221 0.006472
v 0.094950 0.028402 0.005356
v 0.089551 0.005129 -0.021631
v 0.095770 0.105267 -0.085757
v 0.091217 0.040076 0.005299
v 0.090640 0.092945 -0.028212
v 0.093253 0.055666 0.001481
v 0.093871 0.048829 0.005038
v 0.091485 0.044029 0.005657
v 0.106333 0.100513 -0.077627
v 0.093191 0.052537 0.005227
v 0.065023 -0.000015 -0.037572
v 0.100419 0.096658 -0.080751
v 0.097241 0.022727 -0.016964
v 0.097242 0.201889 -0.088530
v 0.101786 0.071937 -0.002325
v 0.106939 0.086615 -0.051755
v 0.097274 0.179353 -0.085052
v 0.101150 0.076807 -0.008175
v 0.096329 0.143669 -0.089040
v 0.094781 0.155302 -0.093732
v 0.096346 0.240841 -0.058811
v 0.096977 0.225338 -0.073947
v 0.096579 0.097285 -0.025502
v 0.097177 0.058652 0.005857
v 0.099834 0.063495 0.005386
v 0.088325 0.240897 -0.060295
v 0.103988 0.092336 -0.037958
v 0.084869 0.201576 -0.090125
v 0.097911 0.006625 -0.002614
v 0.098636 0.000076 -0.001072
v 0.097937 0.006840 0.002223
v 0.107650 0.221783 -0.067661
v 0.100619 0.000750 0.005696
v 0.100807 0.003584 0.004850
v 0.100231 -0.000002 0.004072
v 0.100580 0.065754 0.005196
v 0.105576 0.245686 -0.043198
v 0.113075 0.250039 -0.022736
v 0.103251 0.012882 -0.003956
v 0.106265 0.020250 0.005624
v 0.097165 0.027966 -0.014473
v 0.102238 0.132223 -0.086539
v 0.105351 0.014791 -0.001231
v 0.102972 0.188643 -0.087115
v 0.105748 0.094266 -0.070756
v 0.107889 0.084883 -0.001689
v 0.112219 0.103301 -0.024683
v 0.098493 0.006474 0.005906
v 0.103550 0.025617 0.002445
v 0.104928 0.076144 0.005735
v 0.111666 0.089837 -0.051700
v 0.112616 0.099195 -0.027792
v 0.113340 0.098385 -0.007792
v 0.111435 0.134532 -0.082536
v 0.107172 0.158400 -0.090939
v 0.108773 0.108104 -0.019235
v 0.108170 0.081963 0.004703
v 0.110557 0.145960 -0.083464
v 0.107466 0.236732 -0.058914
v 0.113537 0.093472 0.003087
v 0.116799 0.095575 -0.040463
v 0.111647 0.090420 0.005365
v 0.116616 0.093377 -0.046797
v 0.119458 0.243237 -0.035406
v 0.113813 0.201296 -0.078247
v 0.113018 0.100165 -0.070754
v 0.116023 0.212136 -0.070599
v 0.114897 0.230727 -0.054712
v 0.114066 0.172554 -0.080896
v 0.117032 0.135027 -0.078560
v 0.118148 0.119480 -0.013665
v 0.121840 0.249913 -0.011903
v 0.115480 0.093961 0.005222
v 0.120513 0.105038 -0.069214
v 0.117780 0.109602 -0.004756
v 0.118108 0.106294 0.004632
v 0.121696 0.103273 -0.064253
v 0.121268 0.217488 -0.065626
v 0.118476 0.111249 -0.020833
v 0.123502 0.122100 -0.074929
v 0.120663 0.179635 -0.073402
v 0.127061 0.108331 -0.060222
v 0.122414 0.098501 -0.041321
v 0.123262 0.125480 -0.010380
v 0.125327 0.206451 -0.063906
v 0.126020 0.249840 0.011846
v 0.125192 0.110872 -0.000088
v 0.127421 0.181631 -0.068568
v 0.120956 0.239324 -0.041571
v 0.126344 0.247314 -0.017216
v 0.128209 0.249318 0.010824
v 0.129093 0.108620 -0.030796
v 0.128528 0.110411 -0.024759
v 0.127526 0.227747 -0.043478
v 0.129253 0.124118 -0.012507
v 0.127017 0.167453 -0.077867
v 0.128308 0.111642 -0.061612
v 0.129240 0.104541 -0.034230
v 0.129052 0.117114 -0.019171
v 0.129065 0.119500 -0.069067
v 0.128697 0.240867 -0.026234
v 0.128865 0.109145 0.003334
v 0.129066 0.250029 0.012003
v 0.124821 0.144340 -0.078675
v 0.128939 0.103654 -0.047827
v 0.129163 0.111844 -0.023663
v 0.129710 0.120281 -0.015647
v 0.129239 0.116961 -0.006617
v 0.129124 0.109399 0.002627
v 0.126862 0.101012 0.002819
v 0.128529 0.105958 0.004275
v 0.128771 0.248540 0.004361
v 0.128640 0.131061 -0.071495
v 0.128926 0.158259 -0.074094
v 0.129378 0.103879 -0.045003
v 0.129274 0.104270 -0.040922
v 0.128887 0.100097 0.002580
v 0.129196 0.123021 -0.070599
v 0.129287 0.180037 -0.068637
v 0.129005 0.202459 -0.062460
v 0.129213 0.228674 -0.043050
v 0.129117 0.245687 -0.016823
v 0.129675 0.246180 -0.012913
v 0.129512 0.122214 -0.009588
v 0.128148 0.246351 -0.005831
v 0.129314 0.105178 0.001811
v 0.129320 0.149268 -0.078446
v 0.128242 0.115438 -0.066063
v 0.129002 0.103562 -0.053082
v 0.129263 0.239827 -0.030744
v 0.130169 0.239199 -0.026799
v 0.128597 0.245638 -0.019874
v 0.122155 0.104929 0.005572
v 0.000479 0.311861 -0.033441
v 0.000219 0.328159 -0.027072
v 0.000098 0.302032 -0.036126
v 0.000073 0.357547 -0.010414
v 0.000321 0.263773 -0.042003
v 0.017884 0.356657 -0.007886
v 0.004251 0.317170 -0.030063
v 0.003655 0.292328 -0.038117
v 0.007357 0.303554 -0.033865
v 0.000318 0.250374 -0.041001
v 0.009945 0.255338 -0.040355
v 0.009674 0.256771 -0.048704
v 0.010006 0.310600 -0.032412
v 0.011615 0.300805 -0.034931
v 0.002878 0.351299 -0.015122
v 0.012512 0.255500 -0.052824
v 0.011686 0.341667 -0.023330
v 0.028707 0.258035 -0.038775
v 0.022629 0.346638 -0.016945
v 0.019248 0.318129 -0.027260
v 0.019803 0.266723 -0.041091
v 0.019723 0.296146 -0.036123
v 0.030103 0.311004 -0.027126
v 0.028995 0.329660 -0.018077
v 0.037673 0.305031 -0.030131
v 0.028751 0.337694 -0.014338
v 0.038766 0.276923 -0.039235
v 0.037895 0.341644 -0.007581
v 0.034729 0.309610 -0.029200
v 0.042869 0.316606 -0.017235
v 0.043645 0.334654 -0.008150
v 0.043299 0.337124 -0.007697
v 0.039761 0.322300 -0.022899
v 0.042995 0.281945 -0.037521
v 0.053242 0.333883 -0.008005
v 0.043753 0.258633 -0.041261
v 0.046561 0.261457 -0.037433
v 0.047161 0.281184 -0.034963
v 0.045796 0.322667 -0.013853
v 0.048645 0.314793 -0.018975
v 0.059309 0.272348 -0.034776
v 0.031889 0.250120 -0.040156
v 0.041828 0.328864 -0.016296
v 0.055804 0.323714 -0.007632
v 0.055731 0.329386 -0.007829
v 0.054887 0.326555 -0.007933
v 0.055880 0.328030 -0.007557
v 0.046651 0.301235 -0.023169
v 0.057220 0.297962 -0.019851
v 0.054186 0.249993 -0.061269
v 0.060807 0.311575 -0.007659
v 0.063021 0.315725 -0.007869
v 0.065991 0.262622 -0.032155
v 0.057687 0.309086 -0.012562
v 0.041345 0.255837 -0.046271
v 0.071086 0.251830 -0.025751
v 0.062877 0.265391 -0.034597
v 0.088899 0.266299 -0.075034
v 0.121215 0.289814 -0.060642
v 0.071381 0.274615 -0.023982
v 0.074563 0.331094 -0.044513
v 0.083691 0.253650 -0.019278
v 0.083383 0.386505 -0.044409
v 0.076542 0.251061 -0.035683
v 0.077490 0.330544 -0.047515
v 0.078203 0.250053 -0.024306
v 0.090282 0.354720 -0.064678
v 0.088763 0.259029 -0.007793
v 0.086706 0.250109 -0.047618
v 0.095426 0.253119 -0.028004
v 0.090570 0.253461 -0.061138
v 0.099444 0.350626 -0.043642
v 0.087288 0.250007 -0.014010
v 0.092475 0.251868 -0.007541
v 0.094335 0.346643 -0.043157
v 0.094429 0.364148 -0.069801
v 0.139580 0.279313 -0.076060
v 0.104155 0.255138 -0.007753
v 0.105729 0.357211 -0.045031
v 0.105883 0.362420 -0.055774
v 0.113024 0.377671 -0.045933
v 0.108805 0.360620 -0.044891
v 0.097668 0.418534 -0.050850
v 0.135171 0.278791 -0.087442
v 0.124489 0.371788 -0.069573
v 0.124544 0.302072 -0.087380
v 0.091041 0.251681 -0.054287
v 0.115186 0.251605 -0.019008
v 0.112455 0.252438 -0.007922
v 0.102004 0.250301 -0.032399
v 0.117156 0.250451 -0.009050
v 0.103448 0.252404 -0.018736
v 0.117092 0.250187 -0.010181
v 0.119626 0.250062 -0.017767
v 0.115226 0.250189 -0.021678
v 0.097361 0.381911 -0.068842
v 0.120449 0.251211 -0.007361
v 0.124896 0.250389 -0.008651
v 0.115892 0.444212 -0.060008
v 0.119108 0.392666 -0.048160
v 0.123997 0.250690 -0.010162
v 0.124123 0.250425 -0.010395
v 0.127447 0.309133 -0.080146
v 0.132240 0.374787 -0.086032
v 0.126892 0.302513 -0.081059
v 0.132486 0.300064 -0.073782
v 0.130468 0.282973 -0.093851
v 0.132056 0.280908 -0.095284
v 0.134834 0.278469 -0.096977
v 0.130437 0.375940 -0.057761
v 0.126326 0.297602 -0.102310
v 0.132472 0.417175 -0.054423
v 0.070665 0.250181 -0.058960
v 0.131587 0.372461 -0.061722
v 0.129029 0.308706 -0.091834
v 0.137780 0.277812 -0.088252
v 0.136596 0.279189 -0.087434
v 0.139186 0.276680 -0.094536
v 0.135949 0.297306 -0.103564
v 0.136740 0.292498 -0.067955
v 0.137106 0.294891 -0.070319
v 0.138615 0.279040 -0.084514
v 0.138119 0.287482 -0.104585
v 0.148799 0.303586 -0.071019
v 0.139964 0.285253 -0.072104
v 0.131970 0.461320 -0.068419
v 0.140142 0.289516 -0.071038
v 0.140904 0.281877 -0.076772
v 0.150096 0.284755 -0.069154
v 0.143034 0.433801 -0.061336
v 0.144305 0.305821 -0.069927
v 0.141425 0.313162 -0.099103
v 0.149986 0.436607 -0.063504
v 0.143449 0.380863 -0.064750
v 0.153646 0.282888 -0.100273
v 0.144608 0.299310 -0.106656
v 0.145882 0.311128 -0.079260
v 0.151524 0.474170 -0.077075
v 0.147690 0.274064 -0.083698
v 0.144790 0.319634 -0.094875
v 0.140368 0.375725 -0.094860
v 0.142147 0.277495 -0.094794
v 0.152137 0.278685 -0.085946
v 0.158459 0.444579 -0.068342
v 0.146437 0.295765 -0.113277
v 0.150562 0.279016 -0.090463
v 0.155185 0.305319 -0.076987
v 0.137984 0.442757 -0.089803
v 0.163611 0.432640 -0.072581
v 0.138937 0.421641 -0.091186
v 0.148493 0.282851 -0.099865
v 0.148183 0.291641 -0.106457
v 0.149531 0.319039 -0.100043
v 0.153191 0.290190 -0.071329
v 0.154457 0.285217 -0.100472
v 0.155660 0.454064 -0.099662
v 0.156701 0.316120 -0.078673
v 0.149619 0.300013 -0.072380
v 0.150479 0.384590 -0.068046
v 0.164988 0.364274 -0.080380
v 0.153284 0.291166 -0.073909
v 0.159133 0.302350 -0.117516
v 0.148760 0.305215 -0.113213
v 0.154807 0.290699 -0.075057
v 0.154008 0.286243 -0.077142
v 0.153810 0.281676 -0.082851
v 0.164059 0.358210 -0.091625
v 0.155844 0.299011 -0.075368
v 0.149205 0.279880 -0.094581
v 0.153969 0.374013 -0.069917
v 0.152741 0.322024 -0.091998
v 0.157350 0.284299 -0.100102
v 0.159215 0.284884 -0.090311
v 0.163308 0.320403 -0.083506
v 0.161925 0.461707 -0.075266
v 0.170413 0.474546 -0.082142
v 0.166432 0.352090 -0.112745
v 0.159291 0.288325 -0.082301
v 0.159515 0.287577 -0.105241
v 0.161718 0.377538 -0.074644
v 0.158405 0.286705 -0.105265
v 0.177140 0.423606 -0.114479
v 0.160728 0.287106 -0.103783
v 0.160707 0.288247 -0.106403
v 0.159970 0.322240 -0.102785
v 0.165139 0.289393 -0.083341
v 0.167995 0.438677 -0.075342
v 0.160475 0.313681 -0.079992
v 0.155845 0.293033 -0.112498
v 0.166473 0.484508 -0.088828
v 0.153446 0.369683 -0.103957
v 0.163479 0.283732 -0.095226
v 0.164306 0.312343 -0.119598
v 0.166838 0.292637 -0.112896
v 0.157436 0.318362 -0.111415
v 0.164789 0.321080 -0.089922
v 0.167347 0.302098 -0.079461
v 0.163057 0.304545 -0.074990
v 0.170026 0.325800 -0.091019
v 0.170288 0.308685 -0.079562
v 0.166181 0.298879 -0.113458
v 0.169454 0.290754 -0.109331
v 0.168580 0.336304 -0.112097
v 0.167285 0.329818 -0.100867
v 0.168154 0.294842 -0.080439
v 0.165907 0.322272 -0.128860
v 0.167744 0.287262 -0.091343
v 0.168571 0.293309 -0.082203
v 0.168497 0.294169 -0.083796
v 0.171045 0.366344 -0.080162
v 0.170818 0.328649 -0.106058
v 0.167256 0.326657 -0.116533
v 0.168996 0.294641 -0.083545
v 0.171822 0.336478 -0.105299
v 0.169715 0.293626 -0.084167
v 0.175231 0.313566 -0.086992
v 0.175192 0.323579 -0.137655
v 0.173085 0.340397 -0.104591
v 0.172270 0.306752 -0.129860
v 0.171876 0.311681 -0.121015
v 0.169796 0.295053 -0.111007
v 0.169887 0.297646 -0.116196
v 0.169383 0.290990 -0.109014
v 0.173246 0.298529 -0.082338
v 0.176644 0.305702 -0.087202
v 0.172607 0.312438 -0.084787
v 0.172437 0.289104 -0.104760
v 0.179505 0.342926 -0.121942
v 0.177238 0.316446 -0.085592
v 0.177701 0.298986 -0.086314
v 0.179304 0.384326 -0.084803
v 0.177901 0.302424 -0.118976
v 0.176446 0.296560 -0.097301
v 0.179406 0.322790 -0.144763
v 0.177099 0.291778 -0.092034
v 0.177998 0.295743 -0.089391
v 0.179029 0.344075 -0.092489
v 0.183110 0.298976 -0.092666
v 0.178742 0.358504 -0.119823
v 0.181587 0.295088 -0.098723
v 0.177216 0.337012 -0.095788
v 0.182121 0.293418 -0.107072
v 0.176493 0.488276 -0.095730
v 0.182164 0.324321 -0.093412
v 0.175088 0.363937 -0.082506
v 0.178231 0.299925 -0.127417
v 0.176650 0.295403 -0.100902
v 0.176837 0.353033 -0.121258
v 0.170349 0.463039 -0.108427
v 0.184496 0.468919 -0.116639
v 0.184613 0.356649 -0.089676
v 0.184690 0.413123 -0.119478
v 0.181543 0.305550 -0.133238
v 0.184652 0.490058 -0.097534
v 0.184441 0.465381 -0.084591
v 0.184558 0.416634 -0.086216
v 0.184404 0.339207 -0.134725
v 0.184187 0.337066 -0.093219
v 0.172847 0.454847 -0.075942
v 0.184412 0.316612 -0.139206
v 0.185042 0.346463 -0.126212
v 0.184831 0.367379 -0.122102
v 0.184229 0.338108 -0.093439
v 0.170867 0.413979 -0.078218
v 0.184362 0.463977 -0.083934
v 0.184865 0.299670 -0.112540
v 0.184515 0.325109 -0.090629
v 0.181097 0.311703 -0.085231
v 0.184800 0.427000 -0.085984
v 0.184681 0.332569 -0.088803
v 0.184646 0.461446 -0.082611
v 0.184302 0.440971 -0.085490
v 0.184111 0.323044 -0.143077
v 0.184835 0.328259 -0.140883
v 0.184990 0.327646 -0.141235
v 0.184293 0.319510 -0.141240
v 0.184755 0.398060 -0.120460
v 0.184567 0.296216 -0.120682
v 0.184011 0.409271 -0.119436
v 0.184756 0.410946 -0.122233
v 0.184795 0.296570 -0.106229
v 0.182732 0.295534 -0.098784
v 0.185129 0.321495 -0.092184
v 0.184195 0.369111 -0.088826
v 0.187386 0.480585 -0.091679
v 0.185686 0.425516 -0.086550
v 0.184290 0.421684 -0.085927
v 0.184618 0.433204 -0.085800
v 0.184622 0.318283 -0.140220
v 0.183720 0.361465 -0.125708
v 0.184653 0.378157 -0.121398
v 0.183813 0.449183 -0.116917
v 0.184752 0.299440 -0.110246
v 0.184781 0.297104 -0.107805
v 0.184662 0.320430 -0.091969
v 0.184382 0.309868 -0.089497
v 0.184802 0.347338 -0.090092
v 0.184775 0.343473 -0.091137
v 0.184442 0.393375 -0.087498
v 0.183740 0.476960 -0.088796
v 0.184823 0.407847 -0.086956
v 0.184342 0.298923 -0.127812
v 0.184545 0.296142 -0.104020
v 0.000280 0.367314 0.079792
v 0.000213 0.352182 0.108462
v 0.000023 0.268931 0.103645
v 0.008151 0.250168 0.116593
v 0.000063 0.316038 0.111049
v 0.000157 0.373005 0.040963
v 0.000453 0.276932 0.111329
v 0.000032 0.314431 0.117851
v 0.004333 0.271709 0.109026
v 0.000470 0.331452 0.123715
v -0.000220 0.340146 0.124334
v 0.010479 0.357045 0.098010
v 0.010340 0.372540 0.039968
v 0.002915 0.317122 0.119499
v 0.005709 0.321108 0.122941
v 0.004880 0.283122 0.112857
v 0.004202 0.309777 0.112668
v 0.005210 0.311524 0.116492
v 0.011461 0.327189 0.125503
v 0.010070 0.281050 0.113987
v 0.021274 0.373977 0.014669
v 0.004111 0.370265 0.069546
v 0.004497 0.261047 0.111399
v 0.007666 0.322228 0.118517
v 0.005736 0.361044 -0.007450
v 0.011729 0.274187 0.111648
v 0.014925 0.325125 0.123185
v 0.012950 0.317714 0.115181
v 0.013288 0.341765 0.120618
v 0.012053 0.315459 0.114611
v 0.015189 0.268518 0.099711
v 0.019915 0.367171 0.064352
v 0.018605 0.360206 -0.003265
v 0.008208 0.307662 0.113187
v 0.010511 0.312379 0.111201
v 0.017419 0.323040 0.119383
v 0.018018 0.253714 0.101542
v 0.019287 0.274730 0.102629
v 0.021214 0.350717 0.106532
v 0.024019 0.249998 0.100982
v 0.021323 0.318970 0.106346
v 0.026488 0.354291 0.093998
v 0.019790 0.322953 0.116061
v 0.026158 0.339967 0.105627
v 0.022677 0.280887 0.114119
v 0.021320 0.354250 -0.005244
v 0.021668 0.275283 0.104423
v 0.018214 0.334518 0.117117
v 0.023783 0.273132 0.098238
v 0.023638 0.276628 0.105865
v 0.018653 0.342642 0.111609
v 0.014673 0.358915 -0.007082
v 0.024247 0.326958 0.104350
v 0.024565 0.316947 0.104551
v 0.031508 0.287911 0.112080
v 0.026454 0.372648 0.046678
v 0.024545 0.269185 0.100861
v 0.039142 0.267172 0.096423
v 0.020201 0.363680 0.084851
v 0.029473 0.270095 0.099922
v 0.028820 0.277980 0.100144
v 0.028023 0.330952 0.099448
v 0.033544 0.316835 0.099672
v 0.023395 0.357076 0.082736
v 0.039618 0.325026 0.101833
v 0.031000 0.334858 0.095807
v 0.027807 0.279687 0.108177
v 0.038390 0.250981 0.092040
v 0.038456 0.278360 0.109436
v 0.030056 0.309067 0.106247
v 0.032126 0.283806 0.108612
v 0.033670 0.341453 0.083465
v 0.035204 0.291129 0.107386
v 0.031869 0.338746 0.089249
v 0.030090 0.303966 0.108787
v 0.029439 0.364666 0.068147
v 0.029634 0.328356 0.105701
v 0.031247 0.362109 0.074337
v 0.034800 0.286208 0.107982
v 0.036478 0.275341 0.099680
v 0.033176 0.280419 0.106236
v 0.036299 0.275243 0.097787
v 0.034786 0.345466 0.081618
v 0.033949 0.332456 0.098935
v 0.041774 0.279723 0.105933
v 0.039551 0.342575 -0.006578
v 0.038293 0.276153 0.098414
v 0.040360 0.291151 0.102429
v 0.037219 0.362830 0.064243
v 0.041620 0.359665 0.049054
v 0.041281 0.276570 0.092366
v 0.039087 0.320679 0.097601
v 0.037020 0.346049 0.073905
v 0.035463 0.333823 0.098244
v 0.037831 0.285425 0.105159
v 0.042916 0.330079 0.092301
v 0.038024 0.313624 0.097623
v 0.037858 0.368383 0.028628
v 0.041384 0.350723 0.058329
v 0.040625 0.362680 0.053077
v 0.030196 0.371337 0.018474
v 0.041736 0.322385 0.096557
v 0.037720 0.315029 0.101376
v 0.042872 0.289394 0.097185
v 0.042875 0.326068 0.095377
v 0.045405 0.277169 0.094389
v 0.039684 0.279475 0.098773
v 0.045093 0.353094 0.023137
v 0.042936 0.362581 0.035015
v 0.033251 0.346449 -0.007415
v 0.043636 0.353076 0.038167
v 0.044039 0.313878 0.091696
v 0.046088 0.340078 0.083521
v 0.053033 0.250540 0.055094
v 0.041837 0.352411 0.011479
v 0.043385 0.327579 0.088671
v 0.047258 0.285893 0.081451
v 0.042503 0.311610 0.093565
v 0.050424 0.320755 0.091424
v 0.047072 0.315214 0.089632
v 0.048921 0.334633 0.083034
v 0.054503 0.309234 0.081751
v 0.043979 0.259027 0.093264
v 0.049786 0.298995 0.082332
v 0.053239 0.337087 0.078838
v 0.055304 0.338358 0.061388
v 0.047516 0.329213 0.086691
v 0.053665 0.250194 0.029843
v 0.049611 0.321440 0.080585
v 0.047125 0.301781 0.086725
v 0.047926 0.325615 0.085607
v 0.051429 0.269507 0.081614
v 0.051043 0.322564 0.086576
v 0.052461 0.297515 0.075435
v 0.054787 0.327178 0.076593
v 0.052454 0.306196 0.081115
v 0.060233 0.258540 0.041580
v 0.050545 0.258917 0.035618
v 0.054476 0.295613 0.074408
v 0.056000 0.258989 0.027886
v 0.053551 0.344580 0.008076
v 0.054791 0.292636 0.068231
v 0.054524 0.288289 0.068406
v 0.051776 0.317023 0.086210
v 0.056612 0.337100 0.070079
v 0.054718 0.319440 0.078933
v 0.055256 0.271597 0.046943
v 0.050132 0.348446 0.057717
v 0.054799 0.262433 0.054049
v 0.058131 0.275114 0.052551
v 0.056132 0.285255 0.065716
v 0.055221 0.290237 0.069587
v 0.058672 0.330735 -0.005444
v 0.056156 0.280965 0.046164
v 0.058950 0.277555 0.039719
v 0.058060 0.339450 0.056286
v 0.055894 0.327537 0.071338
v 0.057042 0.290803 0.063395
v 0.057631 0.303979 0.080528
v 0.057710 0.270353 0.051244
v 0.057035 0.281663 0.055204
v 0.057993 0.315664 0.068529
v 0.057384 0.288285 0.050243
v 0.060110 0.290090 0.039315
v 0.060925 0.293229 0.056317
v 0.057469 0.275392 0.032364
v 0.054188 0.349598 0.035249
v 0.058726 0.344727 0.051668
v 0.059141 0.287229 0.059977
v 0.058728 0.279484 0.061630
v 0.057528 0.306287 0.065430
v 0.061986 0.320807 0.067639
v 0.057379 0.285924 0.063553
v 0.059700 0.318182 0.072049
v 0.056902 0.340223 0.002852
v 0.058899 0.346224 0.019106
v 0.057778 0.335912 0.053065
v 0.057503 0.348684 0.024973
v 0.061781 0.291087 0.032690
v 0.058635 0.283948 0.030784
v 0.058343 0.348647 0.032429
v 0.072115 0.267030 0.029980
v 0.058334 0.282775 0.047703
v 0.057065 0.293727 0.052501
v 0.061957 0.270416 0.042231
v 0.060079 0.258769 0.050995
v 0.060665 0.324780 0.062128
v 0.058427 0.297506 0.039300
v 0.059060 0.310989 0.071323
v 0.060494 0.341817 0.045513
v 0.061132 0.295653 0.061314
v 0.062734 0.330810 0.055546
v 0.060543 0.306104 0.061793
v 0.061010 0.321592 0.070065
v 0.059752 0.306671 0.067123
v 0.060008 0.328938 0.006612
v 0.066435 0.297162 0.044667
v 0.061601 0.329657 0.066992
v 0.063396 0.330883 0.057955
v 0.064537 0.313333 0.067417
v 0.062959 0.308768 0.054349
v 0.064716 0.332464 0.015662
v 0.061108 0.256794 0.046799
v 0.064832 0.256150 0.034018
v 0.060440 0.312681 0.048311
v 0.055398 0.325289 -0.007373
v 0.062585 0.334224 0.005200
v 0.061634 0.340991 0.014852
v 0.063779 0.327838 0.034115
v 0.063827 0.316498 0.052438
v 0.062770 0.334043 0.002691
v 0.063434 0.267343 0.040482
v 0.063786 0.333264 0.046377
v 0.064109 0.330183 0.020655
v 0.067007 0.294513 0.045377
v 0.065529 0.318841 -0.001192
v 0.064192 0.322364 0.026331
v 0.060961 0.337296 0.027279
v 0.068293 0.274454 0.036882
v 0.063880 0.274429 0.037793
v 0.060061 0.330911 0.049370
v 0.065224 0.323106 0.001562
v 0.063884 0.337907 0.024783
v 0.064063 0.274374 0.038613
v 0.064929 0.332307 0.030740
v 0.065084 0.309147 0.057503
v 0.065807 0.328285 0.025995
v 0.064999 0.299716 0.049287
v 0.059253 0.340954 0.035607
v 0.064100 0.298054 0.030640
v 0.064867 0.322043 0.057643
v 0.059489 0.325614 -0.000474
v 0.065259 0.315556 0.057294
v 0.063302 0.313271 -0.003235
v 0.063738 0.306665 0.038517
v 0.066975 0.306029 0.043444
v 0.065073 0.324410 0.041713
v 0.066025 0.324701 0.048929
v 0.070382 0.326585 0.022350
v 0.066580 0.317515 0.045786
v 0.069037 0.282915 0.032404
v 0.068867 0.249919 0.049447
v 0.069310 0.316031 0.018591
v 0.068307 0.307375 0.038348
v 0.068681 0.300806 0.009985
v 0.070906 0.321688 0.021582
v 0.068637 0.296246 0.023931
v 0.066167 0.318760 0.025627
v 0.067573 0.302289 0.006396
v 0.070740 0.294309 0.036988
v 0.068342 0.318259 0.008140
v 0.070053 0.319698 0.036416
v 0.070370 0.318933 0.031767
v 0.066762 0.304178 0.019854
v 0.070113 0.310177 0.035326
v 0.070041 0.310539 0.021259
v 0.070025 0.249970 0.043266
v 0.068085 0.286912 0.023684
v 0.071294 0.292236 0.036567
v 0.070928 0.274498 0.021668
v 0.071418 0.309447 0.024881
v 0.071313 0.271359 0.025326
v 0.069686 0.296693 0.000758
v 0.070017 0.297341 0.010664
v 0.069006 0.312799 0.000064
v 0.072727 0.306277 0.019036
v 0.072879 0.310459 0.019328
v 0.074649 0.280636 0.004216
v 0.073194 0.310922 0.013469
v 0.075712 0.277917 0.015003
v 0.064854 0.299220 -0.007266
v 0.078613 0.250068 0.046142
v 0.079564 0.257022 0.035920
v 0.078923 0.257690 0.019035
v 0.080007 0.259254 0.031275
v 0.076705 0.267901 0.009259
v 0.080080 0.250391 0.012189
v 0.080224 0.256353 0.004619
v 0.090885 0.250342 0.022520
v 0.091433 0.252830 -0.007265
v 0.094711 0.253043 -0.003225
v 0.101431 0.255043 -0.007234
v 0.105480 0.250282 0.042789
v 0.102910 0.256626 0.008733
v 0.108065 0.254000 0.012347
v 0.126629 0.250096 0.043708
v 0.111614 0.255666 0.021700
v 0.117409 0.254863 0.027398
v 0.119063 0.251560 -0.007182
v 0.117431 0.252864 -0.005741
v 0.125248 0.249974 -0.007679
v 0.133619 0.249979 0.032373
v 0.129629 0.254211 0.022558
v 0.125851 0.250035 0.006449
v 0.132906 0.250227 0.020982
v 0.133192 0.250037 0.023570
v 0.135419 0.250278 0.027333
v 0.135119 0.249995 0.024719
v 0.136370 0.250023 0.026934
v 0.029330 -0.010171 0.101799
v 0.028762 -0.081122 -0.080258
v 0.029177 -0.081200 -0.080200
v 0.029340 -0.080017 -0.080244
v 0.031155 -0.024336 -0.060376
v 0.029534 -0.058495 -0.078577
v 0.028673 -0.073719 0.093601
v 0.029420 -0.104238 0.099197
v 0.029404 -0.077436 0.094267
v 0.029187 -0.108445 -0.084330
v 0.028411 -0.040916 0.097078
v 0.028858 -0.084068 -0.078614
v 0.029219 -0.003992 -0.052768
v 0.029295 -0.014985 -0.056939
v 0.036286 -0.110965 0.100970
v 0.031934 -0.061018 0.105812
v 0.031747 -0.108539 -0.083690
v 0.034945 -0.052173 -0.084098
v 0.032471 -0.097559 0.098164
v 0.037309 -0.115528 0.101490
v 0.037972 -0.115110 -0.082475
v 0.032345 -0.015606 0.100096
v 0.033958 -0.096451 0.097271
v 0.035776 -0.063065 0.101315
v 0.035308 -0.124948 0.100609
v 0.033012 -0.018849 0.104554
v 0.039872 -0.073475 0.091674
v 0.032974 -0.020363 0.101929
v 0.031880 -0.083533 -0.078871
v 0.039923 -0.003971 0.097209
v 0.040788 -0.040708 0.097632
v 0.036805 -0.050675 0.100727
v 0.034493 -0.085576 0.095074
v 0.036935 -0.120562 0.101222
v 0.039589 -0.096855 -0.080632
v 0.035531 -0.066636 -0.074651
v 0.034298 -0.004003 0.095631
v 0.047700 -0.052027 0.106797
v 0.037317 -0.103603 0.098003
v 0.039016 -0.124978 0.101423
v 0.038325 -0.086950 0.096033
v 0.038123 -0.098099 0.099187
v 0.038376 -0.101963 0.099618
v 0.040045 -0.107622 0.099213
v 0.031868 -0.029462 0.101141
v 0.038734 -0.032024 -0.075331
v 0.040662 -0.049812 -0.087324
v 0.033125 -0.124856 -0.081633
v 0.039979 -0.122738 0.103161
v 0.048074 -0.121413 0.100232
v 0.037989 -0.004894 0.099277
v 0.041236 -0.056834 0.099953
v 0.040359 -0.080026 0.093306
v 0.046896 -0.109952 0.098813
v 0.044725 -0.103868 0.097911
v 0.045370 -0.117198 -0.080143
v 0.048128 -0.082881 0.094042
v 0.047467 -0.062631 0.095577
v 0.061688 -0.038012 0.093797
v 0.040077 -0.023633 -0.056795
v 0.043847 -0.069156 -0.073032
v 0.044368 -0.108001 0.097739
v 0.043215 -0.040133 0.098574
v 0.043774 -0.091303 0.096541
v 0.034721 -0.000213 0.094168
v 0.047249 -0.093955 0.096943
v 0.046795 -0.103441 -0.081054
v 0.051014 -0.061666 -0.078776
v 0.054515 -0.109717 0.098076
v 0.048282 -0.024567 0.098606
v 0.053839 -0.097652 0.095253
v 0.051068 -0.114157 0.098151
v 0.051342 -0.090696 -0.078067
v 0.042247 -0.124967 -0.078616
v 0.057359 -0.039812 0.093490
v 0.048112 -0.095454 0.096398
v 0.062014 -0.018946 -0.049118
v 0.054844 -0.118144 -0.077465
v 0.050820 -0.047517 -0.081860
v 0.052008 -0.069085 0.088550
v 0.051790 -0.081054 -0.075951
v 0.059051 -0.026511 -0.051360
v 0.045209 -0.029023 0.096652
v 0.057241 -0.052717 0.105838
v 0.062717 -0.000162 -0.042028
v 0.053563 -0.093431 0.095706
v 0.051854 -0.120574 0.098414
v 0.054241 -0.077534 0.090917
v 0.056888 -0.106452 -0.078877
v 0.053682 -0.008980 0.095442
v 0.056196 -0.050445 -0.079541
v 0.056699 -0.002034 0.090559
v 0.043269 -0.004353 -0.049943
v 0.056222 -0.074518 0.092299
v 0.058853 -0.065788 -0.071068
v 0.064063 -0.039479 -0.074965
v 0.055724 -0.023749 0.097877
v 0.060062 -0.096268 0.095081
v 0.066024 -0.124939 0.096270
v 0.059722 -0.108069 0.099562
v 0.058706 -0.023383 0.092573
v 0.053554 -0.003278 0.090732
v 0.059338 -0.108405 0.098457
v 0.064442 -0.119422 -0.075180
v 0.062643 -0.116003 0.096833
v 0.060586 -0.031641 0.090672
v 0.060499 -0.085497 -0.076947
v 0.065422 -0.063050 0.094825
v 0.063137 -0.113247 0.096965
v 0.066246 -0.047260 0.103781
v 0.078583 -0.056405 0.103201
v 0.058929 -0.085720 0.093972
v 0.057970 -0.125240 0.099667
v 0.065432 -0.097828 0.093335
v 0.072015 -0.026346 -0.045058
v 0.059160 -0.067436 0.090070
v 0.065687 -0.038844 0.090003
v 0.064298 -0.102400 -0.077346
v 0.067107 -0.002096 0.083748
v 0.083454 0.000045 -0.026265
v 0.071856 -0.111970 0.094111
v 0.057685 -0.013999 0.092813
v 0.072134 -0.044214 -0.075239
v 0.070644 -0.063597 0.090149
v 0.071173 -0.075073 0.099713
v 0.074589 -0.008912 -0.036953
v 0.073705 -0.035159 0.087337
v 0.071291 -0.110077 -0.075926
v 0.066296 -0.000842 -0.044035
v 0.074268 -0.112999 0.091404
v 0.059238 -0.000072 0.091002
v 0.064777 -0.124771 -0.073652
v 0.069207 -0.064401 0.090970
v 0.077263 -0.044809 0.100329
v 0.081547 -0.097886 -0.071042
v 0.072897 -0.118789 0.092842
v 0.074320 -0.000718 0.079548
v 0.067144 -0.082052 -0.072604
v 0.085054 -0.099213 0.103541
v 0.088099 -0.018588 -0.030084
v 0.069179 -0.059406 0.101983
v 0.069374 -0.115705 -0.073749
v 0.083702 -0.118399 -0.053084
v 0.078296 -0.121465 -0.068608
v 0.079843 -0.022439 0.081124
v 0.069648 -0.096090 0.102465
v 0.073248 -0.093587 -0.073389
v 0.086324 -0.007671 0.070408
v 0.075342 -0.029949 0.081149
v 0.075576 0.000002 0.080459
v 0.076988 -0.052426 -0.070967
v 0.077774 -0.000150 0.076590
v 0.076209 -0.002191 0.082973
v 0.086294 -0.050219 -0.065514
v 0.079613 -0.125316 0.096695
v 0.080463 -0.123072 0.095899
v 0.080692 -0.085486 0.105181
v 0.074884 -0.066862 -0.065413
v 0.080134 -0.036543 -0.063649
v 0.075806 -0.000971 0.077811
v 0.088406 -0.061480 0.091361
v 0.083176 -0.050379 0.100642
v 0.084273 -0.011718 0.079247
v 0.080151 -0.124875 0.096211
v 0.081052 -0.124765 0.096731
v 0.080004 -0.000031 0.073791
v 0.087216 -0.125077 0.113459
v 0.090370 -0.000138 0.068753
v 0.082208 -0.000107 0.071758
v 0.080916 -0.112774 -0.068817
v 0.071621 -0.066532 0.092559
v 0.084539 -0.034694 0.077465
v 0.087210 -0.021214 0.076781
v 0.084105 -0.111688 0.108489
v 0.082891 -0.116917 -0.066346
v 0.076995 -0.037427 0.082725
v 0.090759 -0.098176 0.110128
v 0.080546 -0.010313 0.077994
v 0.099087 -0.113860 0.109062
v 0.093716 -0.037486 -0.053663
v 0.082205 -0.082753 -0.067489
v 0.088134 -0.015336 0.073562
v 0.097765 -0.110717 -0.064360
v 0.086491 -0.119410 -0.051376
v 0.091750 -0.006028 0.063430
v 0.093325 -0.124893 0.112806
v 0.086666 -0.022827 0.071286
v 0.091759 -0.035182 0.069663
v 0.075764 -0.124960 -0.055169
v 0.089823 -0.049936 -0.059690
v 0.088303 -0.114050 0.107117
v 0.093154 -0.080736 0.096368
v 0.090704 -0.061492 0.085903
v 0.092004 -0.033273 -0.046211
v 0.091013 0.000010 0.066853
v 0.091243 -0.100708 -0.067992
v 0.086357 -0.027403 0.071094
v 0.087781 -0.027440 -0.033360
v 0.094349 -0.074318 0.090938
v 0.094499 -0.116022 -0.057519
v 0.096258 -0.051303 0.091806
v 0.093899 -0.026856 -0.028583
v 0.098841 -0.034747 0.060409
v 0.105458 -0.067163 0.091264
v 0.101672 -0.001503 0.039959
v 0.103714 -0.028325 -0.012381
v 0.100716 -0.000034 0.006778
v 0.104465 -0.015064 0.050302
v 0.096961 -0.113691 -0.052317
v 0.097094 -0.061035 -0.057561
v 0.097921 -0.124997 -0.054783
v 0.099985 -0.017873 -0.014480
v 0.096776 -0.031645 0.065764
v 0.110459 -0.034877 -0.042263
v 0.097248 -0.000068 0.054151
v 0.108511 -0.057817 0.077335
v 0.102261 -0.085979 -0.056288
v 0.098167 -0.114955 -0.051986
v 0.098840 -0.011289 0.051283
v 0.113512 -0.068596 0.082511
v 0.100666 -0.026972 -0.019235
v 0.098525 -0.043419 0.088542
v 0.100871 -0.003792 -0.005532
v 0.102620 -0.010408 0.004881
v 0.098031 -0.002045 -0.009050
v 0.105100 -0.023892 0.042711
v 0.101958 0.000046 0.034737
v 0.101705 -0.010080 -0.000889
v 0.103765 -0.010091 -0.004664
v 0.102258 -0.124612 -0.052820
v 0.107454 -0.124883 0.112176
v 0.097921 -0.073993 -0.057261
v 0.101632 -0.021581 0.046786
v 0.108872 -0.057854 -0.034396
v 0.104112 -0.007408 0.043942
v 0.105857 -0.054014 0.084378
v 0.105303 -0.017066 0.044874
v 0.106059 -0.031374 0.048498
v 0.106826 -0.021189 -0.000090
v 0.107508 -0.112233 0.116026
v 0.104237 -0.033113 0.052761
v 0.103464 -0.011286 0.036174
v 0.109024 -0.099738 -0.050932
v 0.101627 -0.044317 -0.055835
v 0.110879 -0.026988 -0.000977
v 0.100717 -0.076374 0.090132
v 0.086346 -0.085788 0.101113
v 0.113212 -0.028215 0.006354
v 0.108786 -0.031791 0.039545
v 0.126042 -0.124882 0.115774
v 0.111206 -0.029426 0.033004
v 0.116069 -0.076060 0.088689
v 0.111213 -0.029665 0.012477
v 0.109908 -0.061904 -0.033478
v 0.113734 -0.053306 0.075880
v 0.109032 -0.045876 0.079222
v 0.111275 -0.071859 -0.044056
v 0.116839 -0.037470 -0.025293
v 0.115582 -0.116268 0.111971
v 0.114863 -0.042729 0.072124
v 0.112791 -0.089537 -0.044120
v 0.132321 -0.092285 -0.029938
v 0.123560 -0.033178 0.042591
v 0.129886 -0.039144 0.044725
v 0.117685 -0.102943 -0.041085
v 0.124311 -0.048689 0.063444
v 0.111333 -0.093464 -0.050262
v 0.120971 -0.117471 0.110484
v 0.124567 -0.048436 -0.027234
v 0.111486 -0.121160 0.118578
v 0.121827 -0.117969 0.111310
v 0.125009 -0.057778 0.055748
v 0.120632 -0.059960 -0.019179
v 0.124546 -0.079200 0.083862
v 0.136904 -0.100411 -0.034382
v 0.128451 -0.052048 -0.008135
v 0.146161 -0.075489 0.057300
v 0.130349 -0.125138 0.114496
v 0.124324 -0.080802 0.083923
v 0.123539 -0.040532 -0.024093
v 0.128489 -0.037498 0.023651
v 0.123693 -0.106183 0.104171
v 0.128152 -0.038207 -0.003092
v 0.127076 -0.058666 0.049436
v 0.130100 -0.049156 0.044297
v 0.127926 -0.051446 -0.009645
v 0.132109 -0.052808 0.013835
v 0.128912 -0.051687 0.051060
v 0.132272 -0.042448 0.001185
v 0.129175 -0.056820 0.013478
v 0.137005 -0.124688 0.110562
v 0.133087 -0.046655 0.002831
v 0.132608 -0.040256 0.014401
v 0.133027 -0.042723 0.009410
v 0.132293 -0.038083 0.030793
v 0.135155 -0.048572 0.027075
v 0.134634 -0.075981 0.080593
v 0.128904 -0.058471 0.001892
v 0.139200 -0.124861 0.105984
v 0.105743 -0.125130 -0.048025
v 0.147319 -0.115021 0.096635
v 0.158817 -0.124962 0.087774
v 0.129110 -0.057307 0.037498
v 0.139930 -0.125116 -0.027019
v 0.145460 -0.080969 0.068893
v 0.152169 -0.082809 0.062200
v 0.144777 -0.084741 0.066649
v 0.137199 -0.073585 0.069899
v 0.152016 -0.096781 -0.012802
v 0.152586 -0.084390 0.006630
v 0.153893 -0.078659 0.048445
v 0.153071 -0.078270 0.030368
v 0.159997 -0.096066 0.005364
v 0.160910 -0.093409 0.028816
v 0.164063 -0.088208 0.018613
v 0.146139 -0.089296 0.076722
v 0.162499 -0.089956 0.033252
v 0.158603 -0.108445 0.077540
v 0.163665 -0.102875 0.015767
v 0.163317 -0.092786 0.022960
v 0.153339 -0.087498 0.053042
v 0.168644 -0.106750 0.034035
v 0.172336 -0.121890 0.069548
v 0.176151 -0.124408 0.055483
v 0.170577 -0.109980 0.047351
v 0.173964 -0.125043 0.025498
v 0.129474 0.144821 0.094570
v 0.129657 0.206819 -0.060978
v 0.129434 0.238622 -0.032356
v 0.129307 0.246184 -0.012832
v 0.132287 0.249555 0.019279
v 0.129576 0.206685 0.072809
v 0.129696 0.215718 0.087113
v 0.129553 0.156532 -0.075973
v 0.129550 0.235654 0.071188
v 0.131860 0.206296 -0.057924
v 0.134881 0.139506 0.093327
v 0.130747 0.127503 0.086387
v 0.133708 0.217636 0.083699
v 0.133901 0.245558 0.000171
v 0.135225 0.183071 0.090740
v 0.129624 0.130889 -0.070764
v 0.135195 0.143123 -0.074356
v 0.131641 0.241048 -0.026810
v 0.139150 0.183780 0.088877
v 0.137479 0.221539 0.082011
v 0.133747 0.226049 0.077689
v 0.133224 0.125185 -0.066104
v 0.136693 0.155301 0.096663
v 0.138688 0.146286 0.093589
v 0.132297 0.128162 0.083814
v 0.151045 0.133102 -0.016367
v 0.139899 0.213509 0.077858
v 0.138076 0.212399 0.065009
v 0.131580 0.205999 0.073617
v 0.137876 0.231948 0.073757
v 0.145592 0.219554 0.070319
v 0.140135 0.213610 0.068921
v 0.140441 0.218063 0.070690
v 0.139217 0.178816 -0.066533
v 0.142530 0.166741 0.091992
v 0.141440 0.223511 -0.044777
v 0.135525 0.244666 0.058674
v 0.153615 0.124951 0.085594
v 0.141492 0.130774 0.095577
v 0.142921 0.152004 -0.069982
v 0.143982 0.205995 -0.052957
v 0.144436 0.242446 0.053520
v 0.142358 0.229463 -0.033264
v 0.142062 0.212020 0.057303
v 0.143211 0.247235 0.013256
v 0.145377 0.133879 -0.062752
v 0.143115 0.125082 -0.055678
v 0.147773 0.184383 -0.056716
v 0.145812 0.135945 0.086296
v 0.144065 0.159596 -0.064374
v 0.149809 0.131560 -0.048959
v 0.156626 0.240504 0.016349
v 0.148772 0.240876 0.024216
v 0.148879 0.219799 0.065535
v 0.152351 0.146990 -0.059088
v 0.141200 0.190967 -0.055732
v 0.146813 0.212689 0.050707
v 0.146841 0.228108 0.066405
v 0.146651 0.172288 -0.060454
v 0.148959 0.228461 0.061481
v 0.160078 0.197666 0.068859
v 0.145189 0.226901 -0.028961
v 0.140217 0.237922 -0.015537
v 0.147094 0.230334 -0.024621
v 0.152908 0.229784 -0.018852
v 0.151978 0.219862 0.054442
v 0.151381 0.231767 0.057422
v 0.151079 0.189860 -0.050297
v 0.161303 0.127602 -0.032401
v 0.154130 0.240191 0.042865
v 0.149659 0.240806 0.050302
v 0.155260 0.233358 0.045471
v 0.156319 0.125452 -0.032095
v 0.157870 0.241027 0.012904
v 0.153374 0.136555 -0.012748
v 0.147609 0.236392 0.059608
v 0.157604 0.159728 0.090117
v 0.151867 0.235318 -0.009517
v 0.156618 0.237677 0.033966
v 0.153777 0.152348 -0.056614
v 0.155867 0.125043 0.085346
v 0.157843 0.205751 -0.037251
v 0.156593 0.152474 -0.053013
v 0.150403 0.239474 0.003421
v 0.160400 0.151349 0.082023
v 0.156561 0.144750 -0.053900
v 0.154631 0.221324 0.053277
v 0.160929 0.231011 0.004491
v 0.150808 0.209190 -0.040172
v 0.157627 0.136123 -0.044476
v 0.156843 0.229967 -0.006295
v 0.157923 0.128766 0.084839
v 0.156031 0.228578 -0.012063
v 0.133656 0.125095 -0.013791
v 0.155077 0.225215 0.056680
v 0.168721 0.125008 0.085945
v 0.161841 0.155002 0.094922
v 0.163302 0.140387 -0.030748
v 0.156998 0.228161 0.044486
v 0.151743 0.140933 0.096934
v 0.157266 0.158383 -0.050714
v 0.157446 0.238827 0.026050
v 0.160167 0.213992 -0.029979
v 0.168595 0.159488 -0.044803
v 0.157406 0.221035 -0.020434
v 0.168719 0.158400 0.073536
v 0.161809 0.222750 0.044503
v 0.163645 0.175431 0.082975
v 0.162696 0.135750 -0.040181
v 0.150712 0.211154 0.045404
v 0.161973 0.143698 -0.017977
v 0.169317 0.134745 -0.008319
v 0.164420 0.219830 0.037059
v 0.159845 0.218405 0.046674
v 0.169300 0.165955 -0.049285
v 0.162686 0.139607 -0.039596
v 0.164753 0.203565 0.032943
v 0.161840 0.143600 -0.036431
v 0.163075 0.223365 0.039114
v 0.169021 0.154292 0.090533
v 0.157169 0.156195 -0.010917
v 0.161267 0.235330 0.018379
v 0.158732 0.231943 0.037279
v 0.163749 0.151504 0.077893
v 0.165480 0.138074 0.081636
v 0.169651 0.209152 0.032398
v 0.172380 0.151665 -0.016762
v 0.166006 0.144706 -0.028705
v 0.168721 0.222881 0.024333
v 0.164703 0.200238 0.031749
v 0.169522 0.153394 -0.031472
v 0.167577 0.213664 0.036507
v 0.165756 0.233468 0.023878
v 0.167023 0.227512 0.022228
v 0.167940 0.218492 0.025065
v 0.168661 0.162078 -0.015037
v 0.168274 0.130390 0.082556
v 0.167165 0.148050 -0.016766
v 0.175176 0.161020 0.065851
v 0.168811 0.221457 0.000939
v 0.168755 0.201372 -0.034404
v 0.165785 0.224548 0.012129
v 0.166175 0.190416 0.016638
v 0.168488 0.224112 0.016476
v 0.169270 0.201532 -0.032605
v 0.164865 0.159573 -0.005144
v 0.168947 0.217741 0.021654
v 0.163988 0.177942 -0.045824
v 0.173140 0.206684 0.026235
v 0.164198 0.191650 -0.039951
v 0.174592 0.196502 0.013043
v 0.171417 0.154216 -0.039350
v 0.163024 0.218797 -0.012159
v 0.170161 0.129472 -0.003618
v 0.171597 0.179365 -0.033721
v 0.184370 0.138360 0.074320
v 0.177008 0.159633 0.084217
v 0.175296 0.164757 -0.012264
v 0.170808 0.129698 0.084626
v 0.175267 0.170957 -0.036174
v 0.177326 0.159112 -0.026023
v 0.164879 0.206334 -0.027762
v 0.174034 0.139481 -0.006183
v 0.174344 0.216530 0.004826
v 0.171900 0.202502 -0.018043
v 0.170788 0.213229 -0.018740
v 0.170590 0.162020 0.000694
v 0.172293 0.171439 0.004203
v 0.168626 0.216806 0.012961
v 0.174842 0.213228 0.002535
v 0.172519 0.219763 0.006340
v 0.176259 0.171141 0.078620
v 0.172421 0.188743 0.066566
v 0.178906 0.175416 0.064702
v 0.163726 0.164333 0.088011
v 0.173898 0.136915 -0.009372
v 0.169956 0.217201 -0.002332
v 0.173704 0.143398 -0.006857
v 0.176266 0.193059 -0.029940
v 0.175008 0.155622 -0.029231
v 0.174404 0.205773 0.020643
v 0.176892 0.156823 -0.024083
v 0.173676 0.209963 -0.012320
v 0.174210 0.209611 0.018987
v 0.175796 0.208402 -0.010886
v 0.175582 0.160301 0.086030
v 0.174489 0.200339 -0.010079
v 0.174903 0.192463 0.011964
v 0.175691 0.205310 0.006607
v 0.175364 0.207851 0.015964
v 0.173696 0.168727 -0.019444
v 0.173273 0.202269 0.018813
v 0.177193 0.172476 0.071315
v 0.174331 0.182127 -0.021864
v 0.173424 0.194835 -0.025570
v 0.175303 0.139690 -0.001272
v 0.175019 0.181614 0.007861
v 0.177040 0.160257 -0.021785
v 0.177160 0.172953 -0.018030
v 0.177649 0.176194 -0.006209
v 0.175135 0.188892 0.023890
v 0.174607 0.185317 0.017889
v 0.175820 0.160922 0.063479
v 0.176405 0.175633 -0.027014
v 0.179617 0.191655 -0.017515
v 0.179991 0.179124 -0.001948
v 0.175207 0.190045 0.037500
v 0.178374 0.169699 -0.015238
v 0.177832 0.169948 -0.010851
v 0.183350 0.156101 0.005752
v 0.179299 0.198438 0.008007
v 0.179763 0.192546 -0.006026
v 0.181305 0.184081 -0.006848
v 0.179341 0.193588 0.001859
v 0.178239 0.173148 0.001181
v 0.175859 0.166400 0.007396
v 0.179494 0.196331 0.006810
v 0.177022 0.203517 -0.008457
v 0.174865 0.207259 0.003673
v 0.172795 0.124979 0.072044
v 0.182043 0.135782 0.078837
v 0.180304 0.197731 0.003986
v 0.176539 0.163396 0.085306
v 0.181474 0.180208 -0.010498
v 0.181807 0.180704 -0.005192
v 0.182071 0.188695 -0.011972
v 0.177369 0.189962 -0.000477
v 0.183459 0.148602 0.004932
v 0.181567 0.160309 0.004095
v 0.191838 0.165786 0.058297
v 0.184134 0.165641 0.002141
v 0.187138 0.130225 0.056699
v 0.185329 0.153095 0.019674
v 0.169776 0.125063 -0.003672
v 0.185714 0.161764 0.040011
v 0.189184 0.141037 0.066634
v 0.183456 0.176808 0.052503
v 0.186600 0.147183 0.070198
v 0.181763 0.126365 0.082636
v 0.185497 0.161633 0.009445
v 0.183537 0.170486 0.025114
v 0.190266 0.140240 0.070203
v 0.190814 0.127925 0.002081
v 0.187897 0.164453 0.014434
v 0.186968 0.173670 0.037398
v 0.176997 0.127025 0.068205
v 0.190206 0.159088 0.025708
v 0.190358 0.156661 0.020624
v 0.185713 0.174825 0.065210
v 0.189289 0.168246 0.067280
v 0.186552 0.164985 0.073027
v 0.192903 0.126636 0.009409
v 0.192046 0.161603 0.021635
v 0.191432 0.125178 0.057013
v 0.194738 0.166041 0.051638
v 0.193362 0.171911 0.053306
v 0.195282 0.124406 0.051369
v 0.194859 0.165103 0.033147
v 0.188376 0.125061 0.004960
v 0.194240 0.141245 0.021021
v 0.191598 0.174764 0.041266
v 0.194388 0.142890 0.058543
v 0.197860 0.124726 0.045551
v 0.196883 0.146186 0.038048
v 0.197240 0.133225 0.037807
v 0.197432 0.124964 0.017821
v 0.196209 0.134159 0.068321
v 0.200020 0.124919 0.035056
v 0.199120 0.125106 0.021366
v 0.200126 0.125280 0.027756
v 0.197139 0.130623 0.031828
v 0.202465 0.133999 0.022235
v 0.201412 0.125002 0.032052
v 0.204726 0.136462 0.030175
v 0.202748 0.135746 0.050506
v 0.199677 0.143167 0.049814
v 0.204236 0.138147 0.038094
v 0.129489 0.087396 0.043631
v 0.129963 0.104275 -0.036008
v 0.129414 0.101419 0.000797
v 0.129405 0.089990 0.023251
v 0.129958 0.096032 0.061310
v 0.129509 0.103503 0.068020
v 0.131009 0.121217 -0.068342
v 0.129379 0.104761 -0.054211
v 0.131525 0.091703 0.029405
v 0.135860 0.112229 -0.054064
v 0.129268 0.124249 -0.012868
v 0.133734 0.100827 -0.000266
v 0.130703 0.078952 0.044535
v 0.138896 0.108649 -0.042296
v 0.129558 0.118417 0.082327
v 0.129642 0.119936 0.083031
v 0.139373 0.102091 0.071495
v 0.135337 0.099998 0.066114
v 0.141006 0.114962 -0.034297
v 0.135076 0.100648 0.069843
v 0.130368 0.125016 -0.013021
v 0.138053 0.112196 0.087654
v 0.135657 0.091744 0.005323
v 0.140574 0.110498 0.077920
v 0.136553 0.119376 0.084341
v 0.136742 0.112210 -0.030956
v 0.144697 0.117159 -0.023755
v 0.155312 0.064203 0.060890
v 0.137628 0.105958 0.070923
v 0.143854 0.114708 -0.010220
v 0.143306 0.118931 0.087114
v 0.142791 0.125064 -0.057249
v 0.148361 0.110410 0.083171
v 0.144238 0.091393 0.006749
v 0.140743 0.102455 0.067288
v 0.148868 0.106724 -0.007720
v 0.148679 0.095198 0.071641
v 0.136977 0.119945 -0.060982
v 0.145068 0.120169 -0.040203
v 0.159010 0.063559 0.029214
v 0.155724 0.102914 -0.009946
v 0.151293 0.124895 -0.008984
v 0.145879 0.095785 -0.001688
v 0.145258 0.124801 -0.047669
v 0.151294 0.109622 0.078197
v 0.148187 0.079733 0.023655
v 0.132036 0.125088 0.083194
v 0.155628 0.102116 0.071733
v 0.150801 0.108614 0.069366
v 0.151141 0.124986 -0.038943
v 0.155618 0.108343 0.081459
v 0.152546 0.096428 -0.004942
v 0.149747 0.119050 -0.032459
v 0.158120 0.125072 -0.008586
v 0.155331 0.076738 0.071519
v 0.153924 0.082354 0.071463
v 0.153497 0.122120 0.086955
v 0.133898 0.124915 -0.013768
v 0.155209 0.125069 -0.037138
v 0.155822 0.124987 -0.035603
v 0.155774 0.124743 -0.034049
v 0.156734 0.124966 -0.032072
v 0.155927 0.124574 -0.030460
v 0.171247 0.062620 0.062922
v 0.149558 0.121849 -0.008256
v 0.169291 0.084459 0.073282
v 0.175284 0.050266 0.047735
v 0.170529 0.053154 0.036822
v 0.150120 0.075544 0.066483
v 0.155690 0.081968 0.072064
v 0.165523 0.117202 0.088655
v 0.161300 0.119077 0.089062
v 0.173189 0.116315 -0.003255
v 0.173155 0.125109 -0.002208
v 0.164776 0.097032 0.077801
v 0.165993 0.096649 0.073646
v 0.164810 0.121045 0.076018
v 0.156302 0.113586 0.077878
v 0.167287 0.021706 0.046568
v 0.166897 0.060064 0.022369
v 0.167459 0.115734 0.075403
v 0.169934 0.103412 0.078295
v 0.171621 0.013379 0.035732
v 0.161018 0.021651 0.057648
v 0.168955 0.032847 0.047314
v 0.177778 0.009711 0.053921
v 0.169501 0.019063 0.068138
v 0.167310 0.030152 0.062867
v 0.166193 0.117626 0.074912
v 0.173670 0.078810 0.072380
v 0.183069 0.026368 0.080513
v 0.165949 0.034742 0.068598
v 0.173194 0.010717 0.048255
v 0.175063 0.099806 0.074185
v 0.159448 0.124967 0.086762
v 0.169486 0.040150 0.073750
v 0.171696 0.051613 0.033431
v 0.172099 0.109069 0.076494
v 0.174536 0.037947 0.086739
v 0.175607 0.034335 0.052218
v 0.172717 0.124961 0.073370
v 0.181903 0.121609 0.067847
v 0.172738 0.125052 0.072160
v 0.172698 0.008717 0.041029
v 0.175035 0.109199 0.073747
v 0.176447 0.027920 0.040705
v 0.179331 0.124933 0.081855
v 0.173616 0.024421 0.080413
v 0.178059 0.028963 0.082214
v 0.176183 0.031696 0.044501
v 0.177063 0.037806 0.056382
v 0.173196 0.109118 0.076668
v 0.180023 0.052734 0.055373
v 0.184309 0.090979 0.067494
v 0.171235 0.044982 0.069267
v 0.177246 0.047716 0.076766
v 0.176590 0.125021 0.085076
v 0.186177 0.034551 0.088797
v 0.176167 0.010179 0.028125
v 0.178172 0.000968 0.029391
v 0.179243 0.016976 0.066925
v 0.181874 0.021190 0.072173
v 0.180647 0.028606 0.030321
v 0.177834 0.005190 0.065153
v 0.179847 0.000285 0.060802
v 0.185944 0.112693 0.069563
v 0.181136 0.001017 0.068947
v 0.181216 0.015578 0.075341
v 0.171545 0.097762 0.071065
v 0.183562 0.124902 0.002450
v 0.172241 0.065450 0.010193
v 0.180960 0.003480 0.057661
v 0.183266 0.003581 0.043534
v 0.183314 0.046299 0.062592
v 0.188458 0.113927 0.066285
v 0.195037 0.074107 0.064727
v 0.187500 0.000421 0.085426
v 0.178898 0.051546 0.077923
v 0.182080 0.002460 0.052340
v 0.190798 0.000137 0.035620
v 0.184539 0.023864 0.075998
v 0.188794 0.082325 0.001902
v 0.185964 0.058695 0.059380
v 0.173068 0.049423 0.019611
v 0.186041 0.048862 0.091355
v 0.183830 0.009315 0.021987
v 0.179954 -0.000002 0.057887
v 0.184436 0.004743 0.079731
v 0.192979 0.124930 0.011744
v 0.184377 0.004089 0.024924
v 0.182398 0.103986 0.072775
v 0.186939 0.113124 0.069099
v 0.191527 0.036165 0.098078
v 0.179268 0.120891 0.006704
v 0.186505 0.059578 0.060007
v 0.179843 0.018738 0.025751
v 0.195370 0.085783 0.063094
v 0.189277 0.029862 0.085657
v 0.190910 0.000009 0.038358
v 0.198339 0.055703 0.074402
v 0.192887 0.008797 0.013122
v 0.192999 0.053230 0.071388
v 0.183671 0.023253 0.029247
v 0.192270 0.052203 0.094063
v 0.185980 0.058504 0.059473
v 0.189785 0.027248 0.082301
v 0.186253 0.124565 0.001166
v 0.193601 0.121817 0.058247
v 0.200548 0.000584 0.099150
v 0.194903 0.018921 0.092580
v 0.201214 0.057085 0.009249
v 0.202172 0.119337 0.042533
v 0.192721 0.108408 0.059388
v 0.194537 0.060285 0.084846
v 0.198495 0.110802 0.060581
v 0.193146 0.016253 0.014272
v 0.191969 0.053179 0.074076
v 0.195973 0.003704 0.097152
v 0.185692 0.100882 0.003016
v 0.197652 0.118264 0.057523
v 0.202409 0.090100 0.058826
v 0.196533 0.053627 0.095105
v 0.199280 0.117727 0.057881
v 0.197233 0.056838 0.081027
v 0.191975 0.000040 0.018797
v 0.199857 0.034059 0.088885
v 0.197199 0.114732 0.005963
v 0.197049 0.053420 0.090768
v 0.202494 0.035123 0.090273
v 0.194941 0.010826 0.012597
v 0.198800 -0.000009 0.020771
v 0.201885 0.112973 0.055766
v 0.204992 0.021239 0.097687
v 0.202970 0.110083 0.017503
v 0.203486 0.121818 0.032755
v 0.192636 0.124865 0.056629
v 0.207483 0.059930 0.073527
v 0.201257 0.061593 0.089319
v 0.197405 0.039637 0.095929
v 0.203276 0.041328 0.100930
v 0.206616 0.060616 0.096879
v 0.204679 0.119877 0.032353
v 0.204860 0.114416 0.048773
v 0.199627 0.110152 0.053239
v 0.202956 0.045757 0.101674
v 0.208888 0.024621 0.097884
v 0.203298 0.023251 0.017966
v 0.201130 0.000011 0.016460
v 0.207182 0.116721 0.037047
v 0.206190 0.112431 0.024458
v 0.206694 0.018810 0.012269
v 0.224113 0.035344 0.019602
v 0.216224 0.041035 0.095684
v 0.213602 0.053808 0.096744
v 0.208781 0.092443 0.051350
v 0.209351 0.096178 0.043801
v 0.205559 0.029842 0.094165
v 0.207769 0.025342 0.019416
v 0.210535 0.039450 0.093521
v 0.210194 0.023050 0.098413
v 0.210303 0.007454 0.102822
v 0.217327 0.000318 0.023148
v 0.210199 0.028971 0.097155
v 0.210477 0.036507 0.099046
v 0.212572 0.000777 0.107000
v 0.210565 0.018063 0.100016
v 0.211528 0.000550 0.105659
v 0.218202 0.062607 0.069832
v 0.212217 0.009985 0.108214
v 0.215755 0.021123 0.105540
v 0.211970 0.066693 0.085451
v 0.212063 0.010484 0.104501
v 0.225176 0.064473 0.061846
v 0.214991 0.000172 0.112337
v 0.227283 0.063827 0.014413
v 0.218726 0.024119 0.104540
v 0.228494 0.002354 0.037465
v 0.218178 0.028093 0.100692
v 0.223623 0.015640 0.103694
v 0.215351 0.000074 0.022395
v 0.235486 -0.000021 0.099546
v 0.225647 0.005337 0.014504
v 0.224055 0.041174 0.095111
v 0.219591 0.050779 0.101167
v 0.219317 0.005031 0.109653
v 0.222322 0.069766 0.086986
v 0.233755 0.040488 0.087183
v 0.225752 0.028068 0.100905
v 0.214125 0.017200 0.008792
v 0.218446 0.035556 0.098381
v 0.224665 0.060947 0.066071
v 0.228705 0.054714 0.099686
v 0.225429 0.022049 0.105214
v 0.226145 0.034505 0.095428
v 0.226712 0.008131 0.106525
v 0.231000 0.008379 0.034992
v 0.227137 0.019594 0.101651
v 0.235378 0.039051 0.085578
v 0.217539 0.000191 0.031523
v 0.227203 0.001241 0.027249
v 0.229872 0.040617 0.094448
v 0.233066 0.035523 0.092813
v 0.233163 0.005282 0.025030
v 0.228342 0.016110 0.012118
v 0.234260 0.042330 0.020149
v 0.229713 0.067514 0.086833
v 0.214405 0.093035 0.022857
v 0.237871 0.035296 0.018500
v 0.236600 0.058580 0.030685
v 0.236462 0.008740 0.022995
v 0.217105 0.085085 0.042765
v 0.237021 0.046113 0.035442
v 0.234392 0.066672 0.029226
v 0.233828 0.070198 0.019081
v 0.237952 0.064425 0.086490
v 0.237885 0.058840 0.050531
v 0.241176 0.008701 0.053265
v 0.243524 0.051737 0.086589
v 0.242333 0.015420 0.039624
v 0.239279 0.014750 0.094503
v 0.243185 0.019625 0.047571
v 0.243308 0.044368 0.088493
v 0.240419 0.035998 0.077196
v 0.238715 0.035461 0.089476
v 0.244202 0.014412 0.027080
v 0.244681 0.045320 0.087711
v 0.244713 0.014387 0.085276
v 0.244759 0.031689 0.080892
v 0.248601 0.024521 0.027765
v 0.242407 0.036778 0.083670
v 0.248556 0.023287 0.032359
v 0.243270 0.032110 0.069316
v 0.242905 0.064841 0.078338
v 0.246795 0.001781 0.079307
v 0.247203 0.044863 0.033740
v 0.250608 0.037453 0.075232
v 0.247949 0.022575 0.054431
v 0.249408 0.047832 0.081267
v 0.247564 0.030195 0.075360
v 0.246310 0.016032 0.082044
v 0.248163 0.000073 0.072119
v 0.249959 0.037016 0.027234
v 0.247341 0.020209 0.049601
v 0.249963 0.025655 0.063842
v 0.246978 0.000073 0.060744
v 0.247617 0.026669 0.072111
v 0.248469 0.016331 0.055428
v 0.250146 0.024167 0.064085
v 0.247917 -0.000011 0.063833
v 0.249976 0.021183 0.060480
v 0.249849 0.055289 0.081214
v 0.248479 0.062199 0.074260
v 0.248896 0.002030 0.064342
v 0.248477 0.001732 0.073824
v 0.248013 -0.000154 0.066772
v 0.250873 0.019113 0.051435
v 0.256477 0.032176 0.061084
v 0.251229 0.019424 0.054255
v 0.248902 0.009166 0.070808
v 0.252120 0.023288 0.053033
v 0.250047 0.057900 0.050870
v 0.255683 0.040617 0.069558
v 0.255687 0.057527 0.062429
v 0.254681 0.038135 0.061912
v 0.257774 0.030893 0.054628
v 0.253277 0.045075 0.044490
v 0.253041 0.048430 0.074426
v 0.255402 0.044108 0.072052
v 0.258499 0.050607 0.055727
v 0.256375 0.053070 0.065544
v 0.258605 0.036664 0.041892
v 0.116661 -0.255504 0.067356
v 0.117165 -0.250213 0.061237
v 0.145795 -0.262377 0.099557
v 0.131210 -0.258566 0.086387
v 0.124197 -0.250281 0.093533
v 0.127482 -0.316204 0.031191
v 0.129082 -0.292674 0.039531
v 0.135891 -0.312888 0.064201
v 0.135698 -0.250335 0.037938
v 0.130129 -0.320880 0.053937
v 0.129343 -0.307338 0.055118
v 0.136768 -0.336454 0.020273
v 0.129610 -0.299379 0.012172
v 0.134467 -0.274725 0.056717
v 0.134374 -0.334006 0.037277
v 0.136534 -0.331604 0.022705
v 0.135993 -0.329497 0.058377
v 0.135247 -0.321945 0.005963
v 0.145913 -0.345748 0.030458
v 0.135229 -0.325038 0.012082
v 0.142856 -0.313503 0.075446
v 0.143218 -0.336910 0.016869
v 0.138164 -0.290977 0.039756
v 0.143472 -0.271476 0.030405
v 0.139908 -0.339829 0.057642
v 0.132304 -0.265579 0.048146
v 0.138830 -0.292317 0.043941
v 0.137348 -0.287053 0.043686
v 0.142299 -0.328855 0.009143
v 0.141800 -0.282684 0.024660
v 0.140074 -0.277679 0.005630
v 0.137559 -0.299721 0.057966
v 0.139998 -0.336302 0.044099
v 0.141682 -0.291910 -0.002797
v 0.144468 -0.320893 -0.000953
v 0.144308 -0.282294 0.024966
v 0.149615 -0.330364 0.010267
v 0.153373 -0.320522 -0.003524
v 0.144260 -0.336802 0.072809
v 0.140287 -0.300117 0.001221
v 0.154297 -0.333368 0.079697
v 0.169064 -0.243931 0.028912
v 0.159608 -0.301171 0.072884
v 0.142555 -0.298384 -0.002456
v 0.147459 -0.317619 -0.006059
v 0.148074 -0.347386 0.054610
v 0.150626 -0.340467 0.041272
v 0.148639 -0.300038 0.058074
v 0.153657 -0.303959 0.071613
v 0.161080 -0.341475 0.056316
v 0.156932 -0.302569 0.068615
v 0.146734 -0.307996 0.074027
v 0.158755 -0.273515 0.015519
v 0.154178 -0.333147 0.009944
v 0.158815 -0.339899 0.059499
v 0.168322 -0.263880 0.118425
v 0.156077 -0.341893 0.074900
v 0.165496 -0.282511 0.095139
v 0.159810 -0.318407 0.092622
v 0.160331 -0.323275 -0.001124
v 0.158959 -0.350408 0.040914
v 0.158159 -0.313596 0.090863
v 0.171378 -0.359563 0.041467
v 0.182833 -0.295716 0.090761
v 0.154458 -0.343855 0.019115
v 0.166637 -0.345154 0.067179
v 0.160429 -0.329715 0.086701
v 0.151828 -0.272296 -0.002706
v 0.164609 -0.299782 -0.019479
v 0.161103 -0.303497 0.073540
v 0.172259 -0.345112 0.061788
v 0.161732 -0.310029 -0.024486
v 0.166002 -0.343707 0.073469
v 0.156722 -0.347612 0.043792
v 0.165186 -0.307992 -0.023955
v 0.165275 -0.341542 0.082607
v 0.165730 -0.323413 0.092476
v 0.173998 -0.300517 0.083655
v 0.172603 -0.337568 0.085289
v 0.173670 -0.368928 0.039728
v 0.175122 -0.269999 0.110884
v 0.168714 -0.305933 -0.019719
v 0.159552 -0.356569 0.013898
v 0.169111 -0.313186 0.094549
v 0.171098 -0.366834 0.015163
v 0.173510 -0.309393 -0.013682
v 0.159105 -0.271690 -0.013921
v 0.172996 -0.348266 0.076011
v 0.173376 -0.331714 0.089852
v 0.176572 -0.372773 0.027011
v 0.163166 -0.355764 0.028729
v 0.170544 -0.259263 -0.002487
v 0.169242 -0.361494 0.003519
v 0.179582 -0.296869 -0.029223
v 0.166604 -0.345850 -0.007483
v 0.173551 -0.349560 -0.010272
v 0.176144 -0.367648 -0.005022
v 0.183114 -0.320599 0.103696
v 0.180576 -0.342342 0.089165
v 0.192707 -0.357841 0.059922
v 0.186132 -0.304149 -0.015797
v 0.189033 -0.287340 0.097778
v 0.183269 -0.258383 0.011594
v 0.172632 -0.372008 0.016732
v 0.178264 -0.325740 0.096169
v 0.175453 -0.374700 0.003644
v 0.186584 -0.337563 0.091217
v 0.178594 -0.374810 0.003074
v 0.175238 -0.265652 0.013088
v 0.184045 -0.346098 0.067577
v 0.180386 -0.322434 0.100887
v 0.190899 -0.250769 -0.001680
v 0.184630 -0.302378 0.092140
v 0.186629 -0.365968 -0.014127
v 0.178462 -0.347935 -0.017199
v 0.185866 -0.261539 0.111821
v 0.184440 -0.342220 0.081900
v 0.196876 -0.246927 0.025574
v 0.181286 -0.276096 -0.023595
v 0.186993 -0.286291 -0.027389
v 0.187981 -0.351381 -0.016723
v 0.188563 -0.294780 -0.020615
v 0.187139 -0.328460 -0.019474
v 0.183218 -0.343294 0.075964
v 0.186128 -0.312119 0.100371
v 0.193604 -0.345736 -0.020483
v 0.197068 -0.295662 0.088509
v 0.201865 -0.294960 -0.021070
v 0.182519 -0.356921 0.055079
v 0.190026 -0.367123 0.055393
v 0.196094 -0.277915 0.094986
v 0.198083 -0.331528 0.095508
v 0.205969 -0.337366 0.072386
v 0.172962 -0.250408 0.113039
v 0.199943 -0.374811 0.054034
v 0.200010 -0.338678 0.079005
v 0.190145 -0.332528 -0.025108
v 0.214514 -0.353537 0.065868
v 0.197747 -0.322081 0.100003
v 0.192109 -0.309707 0.101002
v 0.199638 -0.305382 0.100732
v 0.198382 -0.259938 0.087204
v 0.211821 -0.331463 -0.021442
v 0.198511 -0.341546 0.087801
v 0.200307 -0.324143 0.097961
v 0.210284 -0.313547 -0.017048
v 0.199731 -0.280793 0.088509
v 0.203005 -0.331101 0.092866
v 0.205695 -0.318054 -0.023429
v 0.209332 -0.366379 0.060837
v 0.212236 -0.276524 0.076140
v 0.211017 -0.374835 0.055545
v 0.208307 -0.320645 0.099839
v 0.214822 -0.364370 -0.024050
v 0.202172 -0.299793 -0.015461
v 0.210439 -0.251820 0.041040
v 0.208386 -0.348475 0.067795
v 0.205988 -0.337845 0.086589
v 0.217629 -0.295841 0.092931
v 0.211471 -0.260464 0.069733
v 0.220112 -0.336620 0.083380
v 0.210152 -0.369311 0.060753
v 0.218506 -0.336527 0.068664
v 0.206717 -0.274979 -0.024227
v 0.201449 -0.252172 0.019948
v 0.213165 -0.263481 -0.016470
v 0.221265 -0.320732 0.085632
v 0.225720 -0.340627 -0.022568
v 0.215090 -0.364267 -0.021491
v 0.221504 -0.357370 0.062268
v 0.236479 -0.375010 0.049959
v 0.218625 -0.273139 0.063866
v 0.213223 -0.317927 0.097032
v 0.198811 -0.375087 -0.017821
v 0.217617 -0.309086 0.093767
v 0.218535 -0.267023 0.053924
v 0.210792 -0.307386 0.095537
v 0.212198 -0.285974 0.082970
v 0.202822 -0.249805 0.075219
v 0.217949 -0.290706 -0.015625
v 0.217579 -0.370938 0.055269
v 0.218032 -0.273837 0.068384
v 0.211122 -0.248352 0.017632
v 0.216559 -0.258765 0.043070
v 0.225523 -0.282296 0.082627
v 0.224398 -0.368819 -0.028579
v 0.224459 -0.348715 -0.022324
v 0.218348 -0.328113 0.089175
v 0.228723 -0.267103 0.060100
v 0.226420 -0.292345 -0.016250
v 0.224919 -0.311412 0.088591
v 0.220462 -0.249492 0.001420
v 0.234442 -0.315988 0.061778
v 0.221578 -0.332804 0.083465
v 0.220999 -0.265961 -0.006897
v 0.228810 -0.265865 0.054999
v 0.221906 -0.328668 0.080942
v 0.220619 -0.301124 0.092411
v 0.225194 -0.351571 0.061972
v 0.229235 -0.327973 0.078687
v 0.226098 -0.277152 -0.015706
v 0.223875 -0.367168 0.056216
v 0.232895 -0.319550 0.066765
v 0.225628 -0.290885 -0.016914
v 0.235804 -0.309590 0.084876
v 0.223166 -0.366024 0.059558
v 0.228904 -0.360239 0.058419
v 0.228834 -0.290294 -0.012696
v 0.225594 -0.249548 0.009231
v 0.228960 -0.254899 0.035050
v 0.229200 -0.358499 0.059182
v 0.228763 -0.359753 0.059071
v 0.228327 -0.292154 -0.009672
v 0.230924 -0.325822 0.072434
v 0.236015 -0.316599 0.077928
v 0.224124 -0.309277 -0.011995
v 0.227983 -0.361100 0.058514
v 0.228795 -0.293172 0.002907
v 0.242694 -0.271312 0.059912
v 0.245594 -0.367250 -0.015390
v 0.230297 -0.343197 0.059094
v 0.230402 -0.323315 0.081410
v 0.230747 -0.359628 0.054532
v 0.232673 -0.305062 0.086186
v 0.234030 -0.355812 0.048587
v 0.231477 -0.341203 0.058015
v 0.235734 -0.329799 0.053966
v 0.239009 -0.316238 0.075625
v 0.232481 -0.341741 0.058676
v 0.233117 -0.344506 0.059747
v 0.241836 -0.313821 0.005226
v 0.233541 -0.342288 0.059174
v 0.237052 -0.282182 0.001371
v 0.232816 -0.305065 0.002360
v 0.234107 -0.339517 0.057535
v 0.233982 -0.292552 0.081749
v 0.235684 -0.256093 0.022814
v 0.233565 -0.259887 0.032150
v 0.236698 -0.263104 0.008276
v 0.242069 -0.267737 0.040370
v 0.235006 -0.331984 0.055118
v 0.237396 -0.313294 0.051670
v 0.244799 -0.353712 -0.013338
v 0.242200 -0.342455 0.051067
v 0.239431 -0.327235 0.048756
v 0.237710 -0.304429 0.081708
v 0.235021 -0.272581 0.069195
v 0.244547 -0.284412 0.016251
v 0.241379 -0.305191 0.032653
v 0.240394 -0.358398 -0.018293
v 0.239799 -0.313003 0.076121
v 0.239689 -0.306713 0.077405
v 0.241452 -0.271175 0.018255
v 0.238532 -0.336007 0.054784
v 0.240478 -0.300272 0.028747
v 0.240263 -0.338444 -0.011428
v 0.235744 -0.351398 0.053356
v 0.247356 -0.293702 0.034638
v 0.241742 -0.323307 0.044803
v 0.243880 -0.340558 0.049817
v 0.238916 -0.305964 0.009188
v 0.248753 -0.300283 0.041305
v 0.246154 -0.355596 0.034423
v 0.243800 -0.304305 0.066329
v 0.242139 -0.272518 0.054269
v 0.242216 -0.337839 0.041359
v 0.240714 -0.374444 0.047133
v 0.249629 -0.338572 0.006011
v 0.239267 -0.305185 0.019971
v 0.245725 -0.290645 0.041493
v 0.249443 -0.291859 0.032028
v 0.246020 -0.329687 0.036279
v 0.250169 -0.308817 0.054277
v 0.244239 -0.331582 0.034169
v 0.246517 -0.289345 0.025343
v 0.239015 -0.287741 0.076069
v 0.246120 -0.279433 0.055226
v 0.249702 -0.374939 0.031252
v 0.238106 -0.322573 -0.005516
v 0.247828 -0.370628 0.033278
v 0.233207 -0.264754 0.051951
v 0.246601 -0.278249 0.023914
v 0.246238 -0.288273 0.067678
v 0.246716 -0.338062 0.029125
v 0.247550 -0.326561 0.036281
v 0.248183 -0.284465 0.049096
v 0.233725 -0.269744 0.054484
v 0.244862 -0.315891 0.035248
v 0.247486 -0.336418 0.018344
v 0.248436 -0.282414 0.025544
v 0.240552 -0.277186 0.065367
v 0.245561 -0.316715 0.015553
v 0.248501 -0.333765 0.022982
v 0.250356 -0.299267 0.044736
v 0.249205 -0.288822 0.052544
v 0.246183 -0.331591 0.007839
v 0.253147 -0.356197 0.022257
v 0.250488 -0.301009 0.055646
v 0.249119 -0.282504 0.046387
v 0.251031 -0.291948 0.045795
v 0.249347 -0.297813 0.053293
v 0.249231 -0.280112 0.045181
v 0.251097 -0.353349 0.022746
v 0.252743 -0.356396 0.015408
v 0.247710 -0.296260 0.035639
v 0.252226 -0.355003 -0.002758
v 0.252162 -0.352947 0.017608
v 0.248634 -0.341515 -0.000548
v 0.248108 -0.362981 -0.010848
v 0.252324 -0.358397 0.006612
v 0.252271 -0.370130 0.023647
v 0.252211 -0.374621 0.008988
v 0.241524 -0.374709 -0.017784
v 0.029604 -0.187963 0.097228
v 0.033935 -0.178345 0.099137
v 0.029169 -0.180343 0.098016
v 0.029286 -0.162427 0.100215
v 0.029260 -0.145682 0.101557
v 0.029082 -0.210558 0.088284
v 0.029497 -0.126218 0.101251
v 0.040451 -0.125996 0.074580
v 0.031567 -0.130962 0.102832
v 0.029902 -0.151777 0.101781
v 0.043805 -0.161717 0.026215
v 0.031048 -0.138850 0.051026
v 0.030647 -0.159433 0.102101
v 0.034148 -0.141872 0.101453
v 0.037466 -0.179815 0.099056
v 0.035605 -0.165010 0.100726
v 0.036368 -0.201240 0.095646
v 0.037989 -0.125721 0.100858
v 0.037405 -0.173637 0.100461
v 0.042284 -0.150753 0.099198
v 0.038146 -0.197107 0.095622
v 0.039523 -0.187736 0.096803
v 0.034663 -0.140835 0.101381
v 0.034341 -0.148762 0.101774
v 0.038451 -0.147440 0.104605
v 0.040719 -0.200625 0.094397
v 0.037968 -0.147419 0.100307
v 0.038250 -0.193299 0.077202
v 0.039727 -0.174773 0.098400
v 0.042854 -0.187392 0.097642
v 0.031574 -0.128689 0.055553
v 0.039776 -0.198346 0.085430
v 0.041061 -0.158405 0.034331
v 0.041676 -0.151307 0.051731
v 0.040968 -0.153524 0.045319
v 0.043423 -0.129232 0.073925
v 0.045856 -0.206064 0.079982
v 0.042194 -0.152039 0.047372
v 0.042140 -0.164465 0.028314
v 0.043974 -0.154245 0.041462
v 0.044738 -0.170619 0.026835
v 0.039771 -0.162148 0.037170
v 0.039765 -0.153745 0.049811
v 0.042279 -0.151540 0.049051
v 0.042675 -0.160174 0.034787
v 0.044530 -0.132509 0.073123
v 0.044537 -0.144744 0.077173
v 0.037632 -0.124987 0.101652
v 0.042029 -0.166440 0.026639
v 0.044938 -0.157705 0.033816
v 0.045065 -0.177958 0.100896
v 0.041569 -0.129600 0.101002
v 0.048030 -0.139592 0.100367
v 0.043644 -0.161100 0.027913
v 0.043543 -0.153365 0.044027
v 0.040263 -0.149317 0.056903
v 0.046679 -0.160176 0.028370
v 0.045513 -0.145040 0.099602
v 0.043642 -0.159016 0.030370
v 0.043523 -0.155551 0.039477
v 0.047511 -0.162721 0.101466
v 0.045165 -0.158207 0.031608
v 0.045333 -0.156245 0.036424
v 0.044113 -0.153892 0.042408
v 0.044525 -0.154755 0.041138
v 0.045229 -0.200071 0.077696
v 0.048667 -0.175662 0.098960
v 0.047218 -0.152459 0.101375
v 0.046573 -0.168736 0.049254
v 0.045254 -0.156944 0.034475
v 0.046386 -0.157371 0.033037
v 0.049612 -0.189662 0.096989
v 0.045923 -0.158938 0.028545
v 0.047281 -0.160297 0.026160
v 0.047445 -0.207153 0.095066
v 0.044893 -0.167139 0.100053
v 0.047517 -0.136976 0.101202
v 0.052013 -0.179808 0.026344
v 0.056028 -0.155468 0.099069
v 0.049602 -0.171044 0.044975
v 0.050314 -0.159437 0.098707
v 0.047703 -0.160282 0.062252
v 0.053951 -0.138486 0.100777
v 0.052450 -0.188740 0.096927
v 0.049157 -0.176509 0.034443
v 0.049206 -0.171079 0.048236
v 0.055084 -0.182761 0.097988
v 0.051420 -0.161004 0.099167
v 0.050728 -0.131370 0.101106
v 0.056000 -0.164968 0.077384
v 0.056997 -0.163898 0.075920
v 0.056606 -0.135434 0.098865
v 0.060043 -0.172072 0.098157
v 0.057909 -0.184366 0.052497
v 0.058054 -0.128857 0.097890
v 0.062580 -0.153449 0.098288
v 0.052416 -0.125002 0.099139
v 0.060555 -0.124833 0.098223
v 0.066069 -0.127603 0.097531
v 0.062364 -0.149719 0.099432
v 0.061498 -0.164212 0.081215
v 0.064426 -0.155829 0.090180
v 0.063911 -0.193914 0.026991
v 0.063093 -0.159787 0.087176
v 0.062441 -0.141157 0.098629
v 0.068465 -0.195861 0.054768
v 0.072763 -0.178830 0.091978
v 0.066271 -0.146108 0.090174
v 0.060866 -0.176306 0.075627
v 0.067728 -0.190007 0.069941
v 0.067659 -0.195377 0.068431
v 0.067474 -0.136484 0.095489
v 0.069498 -0.200610 0.047484
v 0.072778 -0.139432 0.095548
v 0.075643 -0.204696 0.026835
v 0.082685 -0.176513 0.104284
v 0.078894 -0.212969 0.042184
v 0.074344 -0.174366 0.093514
v 0.061082 -0.191616 0.033779
v 0.072402 -0.204869 0.035021
v 0.083271 -0.129184 0.098331
v 0.076350 -0.207908 0.026485
v 0.073069 -0.168191 0.095484
v 0.077823 -0.149615 0.101093
v 0.077840 -0.178029 0.095589
v 0.082269 -0.132652 0.100889
v 0.077479 -0.205495 0.061826
v 0.077406 -0.190110 0.090246
v 0.090579 -0.174727 0.106932
v 0.080370 -0.190694 0.088029
v 0.086426 -0.216822 0.026662
v 0.095682 -0.159818 0.108428
v 0.085415 -0.217032 0.040788
v 0.083928 -0.215284 0.034734
v 0.089727 -0.140071 0.103547
v 0.072431 -0.125223 0.097571
v 0.099489 -0.135941 0.118097
v 0.098720 -0.221912 0.026240
v 0.102496 -0.165729 0.110095
v 0.096756 -0.151433 0.105963
v 0.095030 -0.144182 0.118196
v 0.111273 -0.132538 0.115256
v 0.104324 -0.164158 0.110071
v 0.114914 -0.241969 0.097424
v 0.091356 -0.189498 0.105141
v 0.097307 -0.229634 0.066667
v 0.111660 -0.154053 0.121642
v 0.111787 -0.156488 0.126159
v 0.093513 -0.124967 0.112843
v 0.101574 -0.229570 0.086626
v 0.118111 -0.186268 0.113244
v 0.108484 -0.241324 0.054314
v 0.117702 -0.249493 0.076568
v 0.115668 -0.126308 0.112532
v 0.119428 -0.249382 0.088721
v 0.115417 -0.229766 0.108966
v 0.129074 -0.131092 0.110763
v 0.113105 -0.248900 0.060744
v 0.118705 -0.245179 0.038894
v 0.126437 -0.249602 0.099937
v 0.119091 -0.166760 0.126850
v 0.124834 -0.192026 0.115080
v 0.125181 -0.195649 0.117768
v 0.126008 -0.179729 0.134259
v 0.122929 -0.193419 0.129505
v 0.130959 -0.189279 0.126788
v 0.141826 -0.136641 0.107154
v 0.173129 -0.221361 0.026192
v 0.130673 -0.235682 0.026556
v 0.129209 -0.189998 0.114960
v 0.132614 -0.187697 0.134611
v 0.129363 -0.188000 0.135845
v 0.144796 -0.138054 0.107691
v 0.139151 -0.178823 0.129278
v 0.154047 -0.240092 0.113922
v 0.130305 -0.192002 0.122824
v 0.135668 -0.167711 0.124580
v 0.136535 -0.186284 0.122692
v 0.140370 -0.181365 0.128408
v 0.139156 -0.186454 0.117535
v 0.136200 -0.167375 0.123596
v 0.130061 -0.239191 0.113388
v 0.141781 -0.126205 0.108801
v 0.150434 -0.177481 0.125268
v 0.144278 -0.209227 0.115355
v 0.149988 -0.178190 0.125154
v 0.138771 -0.174308 0.115535
v 0.136557 -0.186728 0.113005
v 0.132761 -0.249639 0.038578
v 0.151401 -0.181579 0.119343
v 0.137823 -0.177528 0.110843
v 0.165285 -0.221264 0.110947
v 0.149854 -0.249793 0.109443
v 0.130293 -0.125121 0.112772
v 0.149538 -0.229115 0.115653
v 0.146475 -0.169121 0.120076
v 0.149941 -0.249217 0.038912
v 0.155792 -0.149980 0.106681
v 0.151564 -0.179092 0.124389
v 0.160118 -0.140524 0.102705
v 0.159840 -0.132973 0.096977
v 0.154042 -0.178816 0.120822
v 0.168098 -0.195598 0.109282
v 0.158950 -0.184421 0.110494
v 0.164631 -0.249576 0.116236
v 0.165856 -0.146955 0.093012
v 0.162304 -0.142666 0.100258
v 0.167325 -0.179394 0.115495
v 0.174295 -0.214795 0.108253
v 0.167585 -0.175224 0.113648
v 0.149052 -0.249646 0.038557
v 0.167011 -0.238737 0.029405
v 0.170340 -0.237790 0.029582
v 0.175309 -0.222524 0.105928
v 0.161249 -0.140719 0.104224
v 0.178032 -0.151623 0.082138
v 0.172104 -0.142146 0.093172
v 0.174337 -0.171290 0.102111
v 0.176228 -0.188634 0.099888
v 0.181284 -0.147578 0.082444
v 0.172142 -0.179482 0.100275
v 0.178694 -0.140196 0.074646
v 0.175243 -0.181771 0.110102
v 0.169585 -0.149763 0.088474
v 0.178463 -0.235495 0.030941
v 0.177732 -0.236488 0.030059
v 0.176046 -0.182618 0.109075
v 0.182112 -0.249753 0.114591
v 0.170505 -0.138288 0.085959
v 0.177315 -0.186465 0.102935
v 0.180103 -0.188667 0.099302
v 0.166185 -0.161112 0.103546
v 0.181874 -0.214413 0.026459
v 0.179034 -0.177597 0.101760
v 0.181188 -0.213510 0.030497
v 0.172267 -0.125367 0.072492
v 0.183984 -0.227839 0.098686
v 0.184034 -0.186274 0.101477
v 0.184803 -0.161990 0.026922
v 0.184987 -0.213451 0.028985
v 0.183891 -0.142698 0.057381
v 0.181139 -0.155820 0.072307
v 0.184465 -0.149936 0.076727
v 0.186055 -0.213973 0.098247
v 0.187892 -0.210245 0.026481
v 0.189727 -0.161292 0.036709
v 0.185384 -0.162253 0.037674
v 0.186650 -0.144820 0.041311
v 0.188464 -0.190600 0.029686
v 0.184985 -0.146927 0.061420
v 0.191541 -0.157376 0.057393
v 0.188244 -0.152046 0.033304
v 0.191096 -0.209617 0.029029
v 0.191183 -0.151923 0.058911
v 0.191439 -0.209871 0.033855
v 0.189812 -0.233429 0.037917
v 0.191917 -0.194138 0.084050
v 0.186082 -0.174829 0.085596
v 0.185434 -0.152185 0.026748
v 0.188571 -0.156976 0.062769
v 0.190110 -0.184160 0.085047
v 0.193207 -0.234935 0.086107
v 0.187657 -0.208747 0.038207
v 0.187819 -0.210985 0.040064
v 0.191228 -0.200183 0.032688
v 0.189461 -0.198126 0.082703
v 0.191565 -0.186758 0.081985
v 0.192706 -0.158105 0.040839
v 0.185808 -0.160231 0.054838
v 0.190451 -0.203399 0.070454
v 0.188298 -0.195347 0.088273
v 0.190925 -0.192308 0.090017
v 0.191526 -0.206081 0.060512
v 0.193067 -0.202868 0.069303
v 0.194301 -0.234176 0.047475
v 0.195684 -0.249751 0.088671
v 0.198073 -0.206222 0.042520
v 0.193583 -0.197097 0.079916
v 0.200896 -0.205754 0.050932
v 0.186536 -0.247753 0.113090
v 0.198055 -0.206309 0.042634
v 0.197869 -0.196654 0.075433
v 0.190686 -0.203404 0.070220
v 0.195093 -0.207669 0.052314
v 0.197645 -0.245493 0.081906
v 0.197376 -0.228820 0.060504
v 0.198868 -0.250464 0.082538
v 0.199886 -0.200419 0.066136
v 0.206457 -0.249569 0.068553
v 0.199999 -0.195978 0.065446
v 0.200705 -0.201274 0.061907
v 0.180932 -0.242128 0.026376
v 0.196234 -0.227665 0.068864
v 0.202526 -0.242408 0.058158
v 0.208594 -0.249733 0.039109
v 0.185202 0.357111 -0.128315
v 0.184692 0.379247 -0.121372
v 0.189580 0.295224 -0.122994
v 0.184915 0.484359 -0.101875
v 0.184872 0.334747 -0.090851
v 0.184748 0.321659 -0.142325
v 0.184816 0.412158 -0.120871
v 0.188754 0.300925 -0.100592
v 0.184999 0.299333 -0.110842
v 0.187224 0.337847 -0.093450
v 0.191919 0.325275 -0.083580
v 0.184672 0.322915 -0.092325
v 0.185144 0.425869 -0.086465
v 0.185090 0.298828 -0.098203
v 0.185857 0.299300 -0.127094
v 0.184810 0.461355 -0.082706
v 0.198168 0.382173 -0.096340
v 0.186687 0.383456 -0.124799
v 0.188981 0.369830 -0.126473
v 0.201908 0.362520 -0.134988
v 0.189255 0.310874 -0.092607
v 0.193074 0.359215 -0.096062
v 0.195516 0.295680 -0.103704
v 0.189235 0.302770 -0.100508
v 0.187497 0.318373 -0.091847
v 0.187571 0.299619 -0.107648
v 0.197177 0.302794 -0.089708
v 0.191071 0.309505 -0.093987
v 0.196262 0.450877 -0.091950
v 0.189016 0.346057 -0.093626
v 0.196039 0.496238 -0.104704
v 0.193486 0.342943 -0.097763
v 0.194040 0.445843 -0.091030
v 0.194305 0.287285 -0.135427
v 0.196368 0.296316 -0.100625
v 0.198203 0.294797 -0.108844
v 0.204832 0.471666 -0.095501
v 0.198812 0.295557 -0.105808
v 0.193854 0.352562 -0.093475
v 0.209339 0.250627 -0.115250
v 0.199678 0.303893 -0.089886
v 0.198591 0.406990 -0.095061
v 0.196989 0.268284 -0.138030
v 0.186951 0.318662 -0.142058
v 0.193514 0.381264 -0.131440
v 0.202023 0.282556 -0.116088
v 0.202417 0.444780 -0.096008
v 0.195267 0.472394 -0.122894
v 0.204046 0.339780 -0.094653
v 0.190202 0.298652 -0.130067
v 0.201462 0.468802 -0.092384
v 0.203700 0.393516 -0.132005
v 0.200439 0.378939 -0.098604
v 0.202564 0.393598 -0.096345
v 0.197316 0.299002 -0.136365
v 0.238893 0.474239 -0.149129
v 0.217626 0.315614 -0.146041
v 0.187736 0.412563 -0.122127
v 0.202148 0.299388 -0.100002
v 0.207222 0.261564 -0.115925
v 0.203614 0.377248 -0.097170
v 0.200933 0.412427 -0.096031
v 0.202320 0.368934 -0.100057
v 0.202480 0.344914 -0.098997
v 0.209404 0.384455 -0.138097
v 0.213227 0.382769 -0.099931
v 0.214013 0.322686 -0.095054
v 0.196119 0.250645 -0.137572
v 0.207083 0.279511 -0.112759
v 0.214803 0.372849 -0.103522
v 0.208860 0.497970 -0.109709
v 0.207188 0.373090 -0.138882
v 0.211494 0.401814 -0.102061
v 0.212347 0.330921 -0.093412
v 0.208925 0.300781 -0.108749
v 0.250030 0.325181 -0.128029
v 0.211199 0.365011 -0.139159
v 0.224187 0.373177 -0.109392
v 0.214959 0.407974 -0.105092
v 0.214173 0.396293 -0.102024
v 0.219812 0.300566 -0.111318
v 0.219532 0.306456 -0.111545
v 0.195727 0.295735 -0.103585
v 0.222190 0.377736 -0.109438
v 0.214760 0.475159 -0.134953
v 0.226344 0.499384 -0.119343
v 0.217581 0.385596 -0.103925
v 0.220979 0.388357 -0.108236
v 0.217112 0.365419 -0.147085
v 0.221468 0.308843 -0.113044
v 0.227196 0.474419 -0.108573
v 0.220573 0.326203 -0.097595
v 0.222119 0.325795 -0.099243
v 0.214879 0.352647 -0.103792
v 0.221598 0.293832 -0.116355
v 0.220955 0.361344 -0.112712
v 0.213145 0.499386 -0.117815
v 0.241028 0.359897 -0.114489
v 0.236130 0.376794 -0.153374
v 0.225889 0.383071 -0.109723
v 0.228259 0.325571 -0.102504
v 0.232540 0.499775 -0.123586
v 0.218722 0.285590 -0.116092
v 0.227012 0.310171 -0.154048
v 0.217846 0.299852 -0.150669
v 0.224349 0.437241 -0.142092
v 0.245454 0.405253 -0.123317
v 0.227960 0.382617 -0.116007
v 0.223902 0.312517 -0.109826
v 0.237161 0.385039 -0.120597
v 0.230628 0.445887 -0.112889
v 0.229402 0.327037 -0.156985
v 0.233641 0.379466 -0.115355
v 0.236587 0.460444 -0.115090
v 0.226283 0.320611 -0.103075
v 0.226019 0.299840 -0.157638
v 0.231748 0.356438 -0.169584
v 0.243179 0.250945 -0.133302
v 0.243462 0.335075 -0.164619
v 0.243592 0.301757 -0.125151
v 0.239665 0.352269 -0.173778
v 0.222275 0.294602 -0.154959
v 0.235732 0.417672 -0.147942
v 0.246945 0.310087 -0.128713
v 0.244019 0.474330 -0.118111
v 0.250223 0.397291 -0.126512
v 0.252115 0.461507 -0.124494
v 0.234615 0.292975 -0.123632
v 0.241148 0.300291 -0.165846
v 0.247646 0.455776 -0.154959
v 0.235998 0.272168 -0.127779
v 0.245969 0.264481 -0.167838
v 0.240901 0.308079 -0.164177
v 0.243815 0.294218 -0.165660
v 0.236905 0.290250 -0.126645
v 0.241350 0.359887 -0.174598
v 0.248795 0.388641 -0.151484
v 0.238374 0.428449 -0.145919
v 0.253988 0.347471 -0.116866
v 0.255241 0.445217 -0.126545
v 0.252812 0.321932 -0.168001
v 0.237770 0.314706 -0.127027
v 0.271644 0.495202 -0.151071
v 0.248014 0.281179 -0.130909
v 0.243075 0.379283 -0.120950
v 0.237496 0.364270 -0.119398
v 0.249142 0.382782 -0.159561
v 0.254493 0.355466 -0.118206
v 0.254156 0.497418 -0.143548
v 0.250166 0.303110 -0.127836
v 0.250003 0.428933 -0.124859
v 0.252770 0.308983 -0.129018
v 0.248223 0.416623 -0.124980
v 0.248657 0.377060 -0.128286
v 0.245965 0.499455 -0.132951
v 0.259237 0.379068 -0.132959
v 0.251156 0.375707 -0.130346
v 0.265197 0.469932 -0.131156
v 0.248074 0.373244 -0.172894
v 0.253244 0.327392 -0.129885
v 0.249468 0.325166 -0.128077
v 0.265129 0.460152 -0.132042
v 0.267468 0.313542 -0.177981
v 0.262989 0.456877 -0.136019
v 0.259675 0.455682 -0.128623
v 0.252482 0.362717 -0.178084
v 0.260513 0.337815 -0.125189
v 0.258048 0.271525 -0.137200
v 0.256134 0.385461 -0.131325
v 0.257725 0.466210 -0.161427
v 0.261870 0.260489 -0.144095
v 0.262178 0.346304 -0.122805
v 0.258078 0.303172 -0.135674
v 0.264724 0.382460 -0.139787
v 0.262201 0.349680 -0.121635
v 0.261298 0.296672 -0.137934
v 0.283660 0.469375 -0.148794
v 0.260491 0.345709 -0.122040
v 0.256271 0.325362 -0.131390
v 0.261190 0.306291 -0.140492
v 0.259519 0.371200 -0.167926
v 0.264326 0.357245 -0.171110
v 0.261647 0.266321 -0.141365
v 0.262646 0.273829 -0.143465
v 0.273829 0.351787 -0.128702
v 0.259754 0.262663 -0.142587
v 0.261311 0.296553 -0.138097
v 0.262323 0.295833 -0.141733
v 0.278425 0.250287 -0.154617
v 0.269677 0.333742 -0.143092
v 0.267848 0.339648 -0.169149
v 0.255308 0.338882 -0.168816
v 0.268127 0.316651 -0.142912
v 0.277155 0.363436 -0.173989
v 0.274106 0.372660 -0.132237
v 0.269280 0.377459 -0.151085
v 0.263551 0.349199 -0.177519
v 0.270421 0.380118 -0.170549
v 0.275346 0.340465 -0.146901
v 0.279446 0.392667 -0.159202
v 0.257848 0.467939 -0.162496
v 0.292244 0.287552 -0.194293
v 0.272711 0.466509 -0.135616
v 0.280753 0.468913 -0.143493
v 0.276602 0.340419 -0.147953
v 0.275769 0.334933 -0.155675
v 0.272800 0.367684 -0.179768
v 0.284036 0.380196 -0.148909
v 0.281581 0.348300 -0.142320
v 0.274681 0.347643 -0.164770
v 0.273457 0.324859 -0.147167
v 0.278013 0.356832 -0.149089
v 0.276188 0.366018 -0.145006
v 0.292386 0.361871 -0.152306
v 0.253249 0.250051 -0.172779
v 0.280124 0.381099 -0.182667
v 0.278118 0.365924 -0.132838
v 0.263324 0.277464 -0.143991
v 0.276600 0.352154 -0.154758
v 0.281985 0.355960 -0.142101
v 0.268294 0.315244 -0.144844
v 0.282196 0.358807 -0.173123
v 0.289269 0.312174 -0.156536
v 0.287002 0.359578 -0.159787
v 0.293299 0.383696 -0.151213
v 0.282162 0.307633 -0.188414
v 0.293712 0.309530 -0.160596
v 0.292712 0.367603 -0.149161
v 0.296315 0.473098 -0.160718
v 0.296759 0.479918 -0.169837
v 0.294372 0.360969 -0.176566
v 0.286664 0.393866 -0.158754
v 0.298983 0.473419 -0.165534
v 0.295869 0.474110 -0.171019
v 0.330747 0.400583 -0.192196
v 0.337506 0.250602 -0.196787
v 0.295376 0.364428 -0.152811
v 0.296804 0.376381 -0.150654
v 0.294387 0.484451 -0.164788
v 0.297464 0.358351 -0.170662
v 0.299894 0.364468 -0.158779
v 0.299617 0.373557 -0.152815
v 0.307573 0.288897 -0.169441
v 0.329609 0.303550 -0.216542
v 0.301412 0.300063 -0.198910
v 0.307883 0.297658 -0.168104
v 0.315909 0.378094 -0.183476
v 0.330193 0.282308 -0.216251
v 0.316560 0.297639 -0.173688
v 0.340348 0.298730 -0.188051
v 0.312211 0.300750 -0.174982
v 0.334507 0.401040 -0.189716
v 0.334673 0.401805 -0.192464
v 0.348770 0.258283 -0.214894
v 0.336700 0.401935 -0.192839
v 0.335897 0.402858 -0.192180
v 0.329220 0.252594 -0.185025
v 0.345988 0.315017 -0.218751
v 0.344387 0.271744 -0.194995
v 0.328180 0.250078 -0.210174
v 0.344356 0.299293 -0.190109
v 0.350834 0.259701 -0.210660
v 0.353759 0.309608 -0.198478
v 0.358206 0.276735 -0.216172
v 0.361039 0.290623 -0.220606
v 0.365162 0.298226 -0.217984
v 0.368866 0.331414 -0.217088
v 0.367504 0.332746 -0.223992
v 0.369782 0.331075 -0.219364
v 0.044776 -0.008449 0.223379
v 0.042007 -0.014644 0.221333
v 0.062163 -0.037398 0.216733
v 0.068066 -0.046608 0.208339
v 0.053050 -0.013456 0.222373
v 0.042742 -0.007846 0.220654
v 0.072489 -0.024729 0.211030
v 0.070506 -0.015295 0.205913
v 0.093638 -0.060043 0.196051
v 0.086525 -0.024652 0.185989
v 0.094161 -0.029615 0.180581
v 0.089803 -0.043376 0.180956
v 0.070796 -0.039388 0.213258
v 0.081302 -0.024865 0.202744
v 0.096226 -0.028745 0.191768
v 0.104605 -0.042987 0.191032
v 0.118906 -0.068371 0.180877
v 0.115238 -0.073009 0.172896
v 0.092796 -0.061051 0.188260
v 0.126264 -0.072594 0.174763
v 0.108973 -0.057119 0.167781
v 0.136581 -0.082282 0.162805
v 0.152708 -0.061428 0.134561
v 0.144758 -0.071608 0.139515
v 0.120001 -0.042270 0.176562
v 0.147840 -0.079255 0.141463
v 0.146742 -0.089313 0.151565
v 0.131496 -0.043364 0.158287
v 0.151776 -0.085067 0.156373
v 0.153746 -0.080126 0.154492
v 0.146861 -0.098757 0.143894
v 0.145180 -0.061648 0.161379
v 0.145235 -0.087655 0.141751
v 0.149105 -0.074747 0.125691
v 0.155343 -0.064882 0.152091
v 0.153491 -0.085411 0.130751
v 0.154582 -0.098690 0.145013
v 0.155617 -0.074770 0.126828
v 0.153775 -0.085655 0.130950
v 0.157365 -0.084271 0.131140
v 0.157538 -0.093882 0.155945
v 0.156681 -0.077270 0.111122
v 0.161053 -0.058576 0.130856
v 0.158600 -0.090424 0.119069
v 0.152844 -0.089398 0.153725
v 0.156781 -0.103540 0.112574
v 0.158123 -0.080611 0.116168
v 0.167922 -0.100754 0.122195
v 0.157211 -0.068385 0.125579
v 0.158912 -0.069182 0.150379
v 0.158353 -0.087437 0.157846
v 0.157969 -0.098481 0.107462
v 0.155693 -0.097119 0.147645
v 0.157110 -0.055864 0.137501
v 0.160284 -0.068402 0.150667
v 0.162089 -0.091159 0.144579
v 0.164359 -0.093705 0.100965
v 0.159866 -0.100523 0.107093
v 0.162511 -0.101943 0.109160
v 0.159565 -0.060679 0.125702
v 0.160057 -0.068356 0.150504
v 0.163777 -0.093394 0.158736
v 0.160231 -0.058075 0.142268
v 0.162966 -0.086160 0.125178
v 0.159790 -0.054143 0.136423
v 0.163210 -0.055653 0.144137
v 0.156141 -0.079312 0.110581
v 0.164480 -0.092579 0.129807
v 0.169547 -0.064691 0.130280
v 0.162362 -0.053491 0.132634
v 0.165975 -0.080523 0.120385
v 0.166592 -0.089637 0.125045
v 0.166205 -0.052430 0.144503
v 0.166816 -0.076751 0.120008
v 0.161602 -0.093227 0.147808
v 0.169258 -0.069780 0.099006
v 0.163805 -0.071834 0.125172
v 0.170303 -0.093954 0.121595
v 0.168876 -0.091837 0.121952
v 0.172182 -0.095995 0.121367
v 0.172110 -0.080521 0.143867
v 0.168298 -0.066169 0.151764
v 0.170175 -0.075350 0.144751
v 0.166295 -0.088040 0.155366
v 0.172067 -0.099860 0.114611
v 0.168054 -0.092718 0.139957
v 0.164828 -0.070718 0.117756
v 0.172082 -0.100127 0.126504
v 0.170840 -0.068797 0.140257
v 0.166133 -0.055500 0.128067
v 0.171810 -0.057067 0.139232
v 0.172075 -0.083368 0.143241
v 0.158300 -0.067689 0.109861
v 0.176229 -0.094478 0.113407
v 0.171427 -0.100162 0.115620
v 0.172109 -0.064877 0.142459
v 0.175096 -0.068641 0.127312
v 0.177040 -0.101215 0.140758
v 0.178807 -0.104828 0.110625
v 0.169086 -0.081859 0.146006
v 0.174970 -0.077345 0.139730
v 0.174197 -0.078247 0.142409
v 0.175521 -0.097013 0.133717
v 0.174922 -0.090248 0.140234
v 0.174667 -0.067759 0.125927
v 0.182362 -0.093129 0.137122
v 0.177995 -0.082669 0.141106
v 0.176673 -0.075998 0.139152
v 0.176422 -0.108445 0.118850
v 0.178178 -0.095650 0.135714
v 0.176905 -0.070420 0.132576
v 0.174630 -0.078925 0.140822
v 0.191863 -0.073880 0.090056
v 0.178808 -0.081862 0.106742
v 0.178667 -0.106434 0.116001
v 0.180709 -0.109767 0.135757
v 0.189692 -0.063227 0.132696
v 0.189176 -0.084703 0.104161
v 0.183197 -0.107664 0.138833
v 0.181338 -0.081965 0.137170
v 0.182118 -0.107900 0.119847
v 0.181266 -0.071615 0.130590
v 0.184537 -0.108883 0.104602
v 0.185213 -0.068103 0.134114
v 0.180060 -0.000017 0.058773
v 0.185439 -0.083254 0.104143
v 0.183591 -0.007602 0.075800
v 0.184077 -0.077681 0.133272
v 0.185173 -0.013526 0.062169
v 0.184399 -0.107211 0.121454
v 0.186496 -0.053831 0.106830
v 0.187394 -0.053091 0.111422
v 0.185104 -0.088886 0.136634
v 0.189448 -0.111983 0.123197
v 0.187055 -0.075400 0.137070
v 0.185947 -0.052384 0.090871
v 0.189265 -0.105353 0.138639
v 0.186072 -0.108187 0.123283
v 0.186625 -0.082304 0.135813
v 0.186773 -0.008492 0.053284
v 0.184946 -0.057084 0.092141
v 0.166281 -0.100553 0.110592
v 0.185473 -0.057785 0.098462
v 0.189416 -0.100622 0.101593
v 0.181836 -0.095003 0.110233
v 0.191977 -0.018377 0.054218
v 0.176853 -0.068373 0.129537
v 0.186525 -0.010912 0.075137
v 0.190443 -0.001516 0.090574
v 0.191984 -0.017646 0.090896
v 0.187501 -0.092009 0.105110
v 0.183139 -0.047175 0.107074
v 0.190760 -0.108239 0.132196
v 0.188381 -0.004326 0.086435
v 0.181115 -0.106294 0.104357
v 0.188105 -0.108214 0.101241
v 0.188338 -0.106675 0.100453
v 0.187022 -0.013601 0.071660
v 0.188561 -0.105896 0.100201
v 0.188403 -0.097803 0.105624
v 0.190717 -0.052302 0.117620
v 0.191004 -0.114083 0.129602
v 0.191815 -0.042404 0.125634
v 0.186206 -0.108081 0.124932
v 0.187999 -0.112263 0.100996
v 0.190506 -0.111655 0.106671
v 0.188109 -0.109431 0.103560
v 0.191388 -0.019609 0.064205
v 0.191641 -0.025494 0.073050
v 0.187343 -0.000329 0.085700
v 0.184357 -0.042339 0.104369
v 0.196270 -0.035870 0.128395
v 0.190773 -0.021060 0.083473
v 0.189597 -0.047908 0.121255
v 0.191155 -0.107513 0.131215
v 0.186326 -0.109571 0.128895
v 0.188003 -0.000267 0.023657
v 0.189952 -0.015545 0.062425
v 0.195473 -0.001942 0.022025
v 0.196739 -0.004822 0.031463
v 0.190662 -0.086760 0.146347
v 0.184531 -0.003352 0.049033
v 0.193966 -0.095870 0.100190
v 0.192643 -0.111646 0.109765
v 0.188477 -0.019835 0.091200
v 0.189373 -0.086745 0.102177
v 0.192554 -0.018219 0.055744
v 0.196845 -0.019010 0.055637
v 0.192499 -0.048923 0.089877
v 0.190498 -0.039763 0.101992
v 0.190911 -0.059803 0.083149
v 0.195298 -0.065837 0.091089
v 0.199076 -0.004034 0.037353
v 0.193540 -0.024594 0.104100
v 0.197135 -0.007897 0.040663
v 0.201166 -0.009181 0.106545
v 0.194995 -0.082836 0.101819
v 0.195259 -0.112273 0.113442
v 0.195060 -0.020690 0.059849
v 0.195181 -0.038995 0.080773
v 0.195743 -0.102617 0.133763
v 0.191843 -0.030447 0.075242
v 0.194993 -0.059038 0.078681
v 0.208001 -0.006232 0.107346
v 0.194966 -0.102202 0.098000
v 0.199540 -0.039493 0.133336
v 0.205292 -0.032105 0.131815
v 0.201297 -0.055780 0.135483
v 0.191759 -0.099377 0.100388
v 0.199049 -0.118936 0.124754
v 0.201291 -0.068798 0.091162
v 0.196111 -0.009644 0.099150
v 0.192236 -0.111166 0.110204
v 0.192782 -0.004856 0.023643
v 0.200648 -0.032623 0.067517
v 0.196071 -0.035192 0.113374
v 0.195887 -0.112717 0.114674
v 0.194514 -0.076904 0.092791
v 0.196086 -0.101692 0.100198
v 0.199564 -0.114979 0.115886
v 0.198543 -0.033202 0.069517
v 0.199865 -0.117102 0.125599
v 0.198924 -0.106456 0.094092
v 0.197041 -0.060190 0.078473
v 0.197074 -0.061556 0.079599
v 0.197900 -0.082466 0.101337
v 0.197252 -0.028825 0.065611
v 0.200060 -0.049647 0.134203
v 0.202183 -0.053385 0.080324
v 0.196476 -0.056918 0.130290
v 0.200749 -0.095732 0.137000
v 0.198492 -0.048904 0.080587
v 0.198448 -0.113425 0.116535
v 0.196380 -0.112839 0.114835
v 0.196850 -0.062536 0.078477
v 0.200856 -0.116829 0.123002
v 0.202839 -0.093481 0.138913
v 0.199779 -0.020183 0.051266
v 0.197393 -0.116772 0.097753
v 0.197797 -0.100733 0.134660
v 0.200173 -0.004138 0.028419
v 0.200384 -0.116286 0.117310
v 0.199806 -0.020008 0.050736
v 0.200271 -0.078547 0.097244
v 0.202373 -0.069478 0.092437
v 0.199673 -0.114419 0.118219
v 0.200833 -0.068310 0.138308
v 0.204748 -0.003059 0.034306
v 0.204346 -0.115000 0.087688
v 0.202154 -0.042672 0.138357
v 0.200647 -0.020310 0.051478
v 0.202439 -0.062693 0.141291
v 0.203953 -0.033663 0.067913
v 0.199237 -0.084264 0.100245
v 0.203312 -0.115093 0.122576
v 0.201733 -0.020957 0.054694
v 0.202184 -0.023417 0.055991
v 0.199180 -0.063044 0.073108
v 0.203740 -0.000105 0.016274
v 0.202751 -0.116255 0.102110
v 0.203276 -0.115899 0.120480
v 0.207091 -0.079115 0.142372
v 0.201773 -0.053045 0.080434
v 0.201956 -0.116448 0.102338
v 0.201082 -0.116639 0.106982
v 0.202491 -0.115969 0.124247
v 0.206282 -0.091981 0.141132
v 0.203895 -0.035497 0.068523
v 0.203558 -0.116087 0.103395
v 0.203304 -0.069864 0.142776
v 0.201675 -0.020456 0.052558
v 0.202663 -0.110161 0.090991
v 0.201028 -0.117023 0.094638
v 0.203711 -0.116007 0.103850
v 0.212385 -0.032666 0.122333
v 0.212839 -0.098618 0.138856
v 0.204938 -0.005325 0.036731
v 0.204618 -0.006428 0.037997
v 0.212532 -0.037229 0.069952
v 0.204966 -0.041571 0.075120
v 0.202390 -0.035374 0.131647
v 0.209387 -0.074901 0.147044
v 0.207352 -0.005164 0.022983
v 0.204169 -0.042770 0.075158
v 0.210628 -0.115135 0.089607
v 0.213060 -0.030601 0.120287
v 0.202457 -0.013523 0.044177
v 0.203811 -0.033846 0.067480
v 0.201919 -0.002076 0.028583
v 0.210572 -0.118064 0.116511
v 0.206180 -0.111671 0.124872
v 0.211445 -0.057457 0.078490
v 0.203101 -0.118947 0.092869
v 0.206737 -0.084676 0.099449
v 0.207072 -0.110462 0.125725
v 0.202463 -0.116765 0.093306
v 0.193857 -0.115710 0.129568
v 0.207314 -0.110800 0.125189
v 0.214744 -0.049945 0.133093
v 0.202481 -0.094879 0.092243
v 0.212614 -0.003294 0.107264
v 0.206742 -0.110916 0.125317
v 0.204910 -0.113421 0.125600
v 0.207099 -0.059135 0.137986
v 0.207417 -0.110248 0.125576
v 0.209316 -0.002310 0.033692
v 0.208252 -0.109929 0.125705
v 0.203648 -0.108020 0.093897
v 0.208330 -0.086035 0.097820
v 0.212052 -0.023294 0.052882
v 0.205101 -0.054114 0.079292
v 0.211145 -0.105834 0.127682
v 0.208997 -0.069162 0.141015
v 0.211009 -0.081153 0.140508
v 0.218539 -0.098818 0.133325
v 0.207620 -0.069181 0.081974
v 0.211262 -0.072529 0.140599
v 0.202325 -0.073847 0.092742
v 0.205001 -0.065491 0.141706
v 0.196748 -0.117509 0.124088
v 0.210188 -0.072223 0.145521
v 0.209688 -0.103494 0.087386
v 0.209202 -0.069081 0.140159
v 0.214482 -0.077805 0.144492
v 0.214172 -0.000315 0.020823
v 0.209447 -0.111980 0.091414
v 0.211858 -0.117448 0.112856
v 0.216161 -0.115251 0.115743
v 0.212851 -0.118366 0.094096
v 0.215201 -0.064364 0.073724
v 0.213441 -0.094274 0.087729
v 0.211327 -0.114556 0.091421
v 0.213872 -0.036906 0.137371
v 0.218398 -0.042755 0.139691
v 0.211394 -0.090165 0.140227
v 0.211614 -0.073935 0.146238
v 0.215494 -0.024979 0.123998
v 0.205084 -0.048658 0.134810
v 0.223471 -0.034917 0.134115
v 0.214274 -0.075720 0.143581
v 0.213946 -0.032292 0.122932
v 0.212187 -0.074162 0.141697
v 0.225820 -0.050398 0.135147
v 0.214037 -0.030372 0.124424
v 0.222309 -0.122573 0.102889
v 0.212389 -0.000432 0.108816
v 0.211077 -0.071591 0.140686
v 0.219493 -0.099599 0.133403
v 0.211821 -0.060143 0.136773
v 0.216950 -0.032494 0.125002
v 0.213613 -0.081451 0.142275
v 0.217278 -0.113643 0.085369
v 0.206871 -0.117670 0.106876
v 0.216731 -0.066142 0.139223
v 0.219575 -0.019440 0.050940
v 0.212192 -0.104946 0.129280
v 0.219789 -0.079080 0.137578
v 0.213851 -0.004622 0.025610
v 0.220428 -0.000184 0.035287
v 0.222104 -0.105913 0.079404
v 0.215780 -0.006869 0.116344
v 0.219145 -0.116094 0.116392
v 0.222884 -0.101279 0.132080
v 0.215485 -0.102107 0.083323
v 0.215133 -0.099281 0.136442
v 0.214954 -0.074001 0.083053
v 0.214556 -0.090012 0.093744
v 0.216865 0.000077 0.032254
v 0.218481 -0.091219 0.091934
v 0.220490 -0.120653 0.099713
v 0.222262 -0.032972 0.124239
v 0.217239 -0.071991 0.138294
v 0.217416 -0.118838 0.089748
v 0.217077 -0.100464 0.132597
v 0.216802 -0.113012 0.086308
v 0.226994 -0.072501 0.081790
v 0.221185 -0.124843 0.107875
v 0.218371 -0.000271 0.029049
v 0.219032 -0.071338 0.079464
v 0.219307 -0.119861 0.115086
v 0.224246 -0.103373 0.130693
v 0.225900 -0.074841 0.084933
v 0.206369 -0.111511 0.124899
v 0.219561 -0.086373 0.136941
v 0.223709 -0.072416 0.134038
v 0.224532 -0.124373 0.109112
v 0.222896 -0.010786 0.118185
v 0.217611 -0.000070 0.112572
v 0.224644 -0.005403 0.111480
v 0.220906 -0.017585 0.117560
v 0.220659 -0.083560 0.141960
v 0.218339 -0.059920 0.139490
v 0.221301 -0.103363 0.081600
v 0.220361 -0.068976 0.138210
v 0.220115 -0.022630 0.118784
v 0.220829 -0.037936 0.137420
v 0.227250 -0.085393 0.135676
v 0.221324 -0.069214 0.136088
v 0.220487 -0.079609 0.141483
v 0.221329 -0.041893 0.072967
v 0.226700 -0.054634 0.084872
v 0.223253 -0.007294 0.116773
v 0.225837 -0.045788 0.138755
v 0.221307 -0.123861 0.083299
v 0.221091 -0.110198 0.119138
v 0.219487 -0.077368 0.135755
v 0.220240 -0.117116 0.082954
v 0.222891 -0.112784 0.077115
v 0.223314 -0.124625 0.089262
v 0.227916 -0.035092 0.121569
v 0.228362 -0.096508 0.095427
v 0.231358 -0.109964 0.071444
v 0.221290 -0.122247 0.096319
v 0.219986 -0.003203 0.037401
v 0.224471 -0.081421 0.133852
v 0.232583 -0.128116 0.098939
v 0.224186 -0.132106 0.090678
v 0.226498 -0.112506 0.102090
v 0.229787 -0.007592 0.047516
v 0.219522 -0.053679 0.132997
v 0.224065 -0.080044 0.132538
v 0.227650 -0.114370 0.099882
v 0.226141 -0.113697 0.102479
v 0.228042 -0.017166 0.114438
v 0.225842 -0.081021 0.130733
v 0.230244 -0.120361 0.096374
v 0.223992 -0.101774 0.131153
v 0.226015 -0.082335 0.137762
v 0.229094 -0.000017 0.042191
v 0.226720 -0.100776 0.079362
v 0.227333 -0.131378 0.080871
v 0.236271 -0.071439 0.093510
v 0.230014 -0.100217 0.120990
v 0.232296 -0.053616 0.130527
v 0.226594 -0.082764 0.131884
v 0.226244 -0.083172 0.132704
v 0.234231 -0.013980 0.057768
v 0.232310 -0.057972 0.123481
v 0.227300 -0.098731 0.097298
v 0.225355 -0.099976 0.130781
v 0.226370 -0.079603 0.131358
v 0.226570 -0.083601 0.132945
v 0.229332 -0.019465 0.057767
v 0.228969 -0.121876 0.074401
v 0.230001 -0.133487 0.083106
v 0.227054 -0.125522 0.092922
v 0.225975 -0.121725 0.105576
v 0.228493 -0.050553 0.133013
v 0.223942 -0.032587 0.066332
v 0.226554 -0.092133 0.128820
v 0.227589 -0.085844 0.135111
v 0.228931 -0.089521 0.133651
v 0.230969 -0.102636 0.120726
v 0.231943 -0.137096 0.089965
v 0.228457 -0.010918 0.115498
v 0.229060 -0.029390 0.118907
v 0.227920 -0.099230 0.123375
v 0.228953 -0.082279 0.127744
v 0.229847 -0.113101 0.097906
v 0.229219 -0.011755 0.112063
v 0.229145 -0.033095 0.123471
v 0.227231 -0.103421 0.099996
v 0.231150 -0.011515 0.110966
v 0.233666 -0.106660 0.111750
v 0.228827 -0.084077 0.130236
v 0.235117 -0.060657 0.083443
v 0.228422 -0.096044 0.089887
v 0.232955 -0.057494 0.125284
v 0.235970 -0.035275 0.078742
v 0.222234 -0.061533 0.076037
v 0.231346 -0.102904 0.106706
v 0.235141 -0.053113 0.092392
v 0.233941 -0.107449 0.093282
v 0.235149 -0.102762 0.116963
v 0.232455 -0.000064 0.045270
v 0.231010 -0.046913 0.135603
v 0.234810 -0.097007 0.103372
v 0.236029 -0.027374 0.072629
v 0.232737 -0.136664 0.087699
v 0.232457 -0.090943 0.129232
v 0.232690 -0.038576 0.076447
v 0.232398 -0.098305 0.086356
v 0.233233 -0.105468 0.093342
v 0.232288 -0.037384 0.118591
v 0.236968 -0.094732 0.117371
v 0.230555 -0.119874 0.072799
v 0.233395 -0.059233 0.121849
v 0.236641 -0.085287 0.115495
v 0.233335 -0.057216 0.123715
v 0.236194 -0.065020 0.114354
v 0.235809 -0.042911 0.129884
v 0.233275 -0.058755 0.122158
v 0.232571 -0.058049 0.123184
v 0.235203 -0.047658 0.133566
v 0.242188 -0.000870 0.060287
v 0.235669 -0.038872 0.081173
v 0.233639 -0.115129 0.096560
v 0.238759 -0.106726 0.094696
v 0.235216 -0.133916 0.096084
v 0.235065 -0.039097 0.115835
v 0.234396 -0.032415 0.117637
v 0.235672 -0.103474 0.072724
v 0.231183 -0.100669 0.093207
v 0.229528 -0.100406 0.122531
v 0.236272 -0.056354 0.126163
v 0.234883 -0.095673 0.114718
v 0.237420 -0.106426 0.073531
v 0.235118 -0.107334 0.071900
v 0.236792 -0.104410 0.093443
v 0.229885 -0.103742 0.103543
v 0.235358 -0.099297 0.113365
v 0.236134 -0.087817 0.124335
v 0.234057 -0.105512 0.092828
v 0.235082 -0.072292 0.097505
v 0.234062 -0.022322 0.112752
v 0.236854 -0.093694 0.114232
v 0.236721 -0.078939 0.117289
v 0.242222 -0.057998 0.123727
v 0.239079 -0.033890 0.082165
v 0.238148 -0.114329 0.098263
v 0.239885 -0.068529 0.104231
v 0.236736 -0.090604 0.110560
v 0.235479 -0.087412 0.116859
v 0.235620 -0.035020 0.080129
v 0.237046 -0.028271 0.113357
v 0.233621 -0.057978 0.122642
v 0.237264 -0.046619 0.130130
v 0.236348 -0.097036 0.082727
v 0.235314 -0.032986 0.113733
v 0.234630 -0.037388 0.124920
v 0.237244 -0.025746 0.075023
v 0.239497 -0.062838 0.088057
v 0.237495 -0.032546 0.110531
v 0.233149 -0.032728 0.120927
v 0.237840 -0.084372 0.114423
v 0.240417 -0.009290 0.065643
v 0.238694 -0.132358 0.091382
v 0.237803 -0.025728 0.112299
v 0.234482 -0.131865 0.079181
v 0.238986 -0.102855 0.092334
v 0.239352 -0.074491 0.111417
v 0.237620 -0.088395 0.119162
v 0.232209 -0.000213 0.105829
v 0.236943 -0.034248 0.111785
v 0.238085 -0.037832 0.114902
v 0.240471 -0.051666 0.127257
v 0.239863 -0.142786 0.076822
v 0.238532 -0.027525 0.110495
v 0.238985 -0.045179 0.106618
v 0.238299 -0.043641 0.108527
v 0.236317 -0.040004 0.114602
v 0.239279 -0.105327 0.074996
v 0.239310 -0.089778 0.113133
v 0.237399 -0.041062 0.113287
v 0.241754 -0.126598 0.095432
v 0.241933 -0.012054 0.098033
v 0.241727 -0.067879 0.105116
v 0.237286 -0.021897 0.108553
v 0.238816 -0.085694 0.114833
v 0.239446 -0.041181 0.119346
v 0.232668 -0.108838 0.071187
v 0.239275 -0.022796 0.074440
v 0.240108 -0.037283 0.106357
v 0.239377 -0.010395 0.062948
v 0.243471 -0.067472 0.101097
v 0.241255 -0.101039 0.079091
v 0.240421 -0.062287 0.089033
v 0.237244 -0.038921 0.114374
v 0.241083 -0.048295 0.126845
v 0.236341 -0.141206 0.080916
v 0.241221 -0.041871 0.108456
v 0.241971 -0.049340 0.093103
v 0.239830 -0.045578 0.105215
v 0.236868 -0.135438 0.091308
v 0.243231 -0.053963 0.095120
v 0.243063 -0.102399 0.082365
v 0.239451 -0.052883 0.093901
v 0.240993 -0.107316 0.070544
v 0.238204 -0.103687 0.093383
v 0.243339 -0.102450 0.082837
v 0.243731 -0.120234 0.088375
v 0.242207 -0.045347 0.093460
v 0.243267 -0.064036 0.099854
v 0.241682 -0.033057 0.099734
v 0.242594 -0.042312 0.104053
v 0.241927 -0.048219 0.098133
v 0.242050 -0.102838 0.079740
v 0.241763 -0.122232 0.096331
v 0.242528 -0.033352 0.095439
v 0.242700 -0.030263 0.098464
v 0.242786 -0.060617 0.107864
v 0.238384 -0.131806 0.073289
v 0.245050 -0.031837 0.093740
v 0.244274 -0.119666 0.093340
v 0.244227 -0.059926 0.105338
v 0.242858 -0.051684 0.127363
v 0.243321 -0.057323 0.114534
v 0.242688 -0.044248 0.091097
v 0.243611 -0.110007 0.083668
v 0.243517 -0.115956 0.087434
v 0.245532 -0.128706 0.085951
v 0.243158 -0.056073 0.117970
v 0.244856 -0.052242 0.120202
v 0.245641 -0.022952 0.076438
v 0.243648 -0.032716 0.088078
v 0.243684 -0.002247 0.092395
v 0.243462 -0.019963 0.092460
v 0.244598 -0.061038 0.100507
v 0.246141 -0.053548 0.113434
v 0.243727 -0.045924 0.115241
v 0.245744 -0.146132 0.072195
v 0.246484 -0.016959 0.087572
v 0.244904 -0.011440 0.088608
v 0.244902 -0.057774 0.096040
v 0.245751 -0.057029 0.112784
v 0.243722 -0.022751 0.087315
v 0.243183 -0.135479 0.086809
v 0.245253 -0.002527 0.087813
v 0.244923 -0.113499 0.091911
v 0.246207 -0.020022 0.076860
v 0.245019 -0.013186 0.085372
v 0.243035 -0.000456 0.093044
v 0.245413 -0.107670 0.087920
v 0.242170 -0.103609 0.078898
v 0.244834 -0.004141 0.089159
v 0.246053 -0.053240 0.117562
v 0.246076 -0.000157 0.083185
v 0.246151 -0.015992 0.089027
v 0.246630 -0.026864 0.090811
v 0.245689 -0.026310 0.095874
v 0.247216 -0.003516 0.062376
v 0.255651 -0.145097 0.062920
v 0.246662 -0.016457 0.072606
v 0.247250 -0.002531 0.069000
v 0.247566 -0.003993 0.081222
v 0.250826 -0.142948 0.080600
v 0.247880 -0.000211 0.062402
v 0.247806 -0.000112 0.066535
v 0.248946 -0.000150 0.068960
v 0.247396 0.000129 0.073700
v 0.250011 -0.119203 0.083217
v 0.248850 -0.000059 0.068326
v 0.248669 0.000111 0.067626
v 0.250095 -0.133285 0.081175
v 0.249111 0.000004 0.069880
v 0.234298 -0.116286 0.073856
v 0.249289 -0.143233 0.082222
v 0.258713 -0.148955 0.074331
v 0.257557 -0.149263 0.062237
v 0.255690 -0.151982 0.063545
v 0.258139 -0.154499 0.062432
v 0.259667 -0.138452 0.073737
v 0.249920 -0.109903 0.076624
v 0.259169 -0.145569 0.057591
v 0.258047 -0.147169 0.074074
v 0.254583 -0.133122 0.055789
v 0.263046 -0.151984 0.070710
v 0.264584 -0.151687 0.069461
v 0.272153 -0.124582 0.057645
v 0.265595 -0.129197 0.070539
v 0.278278 -0.147383 0.035782
v 0.266280 -0.158642 0.055336
v 0.270056 -0.156508 0.064783
v 0.259619 -0.125172 0.074821
v 0.276709 -0.150211 0.058405
v 0.258480 -0.144965 0.073041
v 0.271995 -0.156320 0.062800
v 0.266956 -0.144055 0.066982
v 0.276434 -0.132243 0.041811
v 0.271021 -0.161973 0.052259
v 0.277828 -0.142066 0.059913
v 0.261828 -0.120843 0.052826
v 0.274360 -0.146321 0.062110
v 0.278792 -0.157792 0.041677
v 0.274149 -0.163946 0.051091
v 0.283171 -0.165270 0.053898
v 0.274604 -0.157552 0.060005
v 0.277838 -0.159995 0.057971
v 0.271796 -0.132468 0.065054
v 0.282404 -0.168166 0.042787
v 0.273426 -0.160199 0.050016
v 0.291819 -0.157428 0.046318
v 0.283069 -0.164034 0.054264
v 0.281275 -0.160814 0.037480
v 0.283185 -0.166298 0.042315
v 0.283241 -0.160493 0.037961
v 0.283232 -0.165238 0.042268
v 0.301021 -0.177951 0.028465
v 0.282383 -0.139136 0.055903
v 0.285019 -0.171709 0.042095
v 0.290889 -0.167576 0.045567
v 0.293955 -0.148973 0.047683
v 0.289360 -0.163271 0.031991
v 0.280388 -0.127303 0.049194
v 0.289990 -0.137701 0.043919
v 0.299657 -0.163446 0.023143
v 0.296199 -0.143364 0.022606
v 0.293688 -0.162247 0.045412
v 0.289207 -0.152435 0.027248
v 0.290048 -0.169508 0.047821
v 0.294507 -0.166688 0.046225
v 0.296871 -0.161615 0.044746
v 0.295808 -0.159276 0.044636
v 0.299531 -0.165338 0.021789
v 0.299023 -0.139270 0.034627
v 0.300258 -0.160883 0.040253
v 0.302099 -0.150520 0.035139
v 0.300801 -0.139828 0.032011
v 0.295906 -0.153118 0.022788
v 0.321767 -0.179234 0.005842
v 0.309070 -0.177449 0.030806
v 0.314317 -0.157347 0.008350
v 0.312759 -0.166325 0.027868
v 0.310665 -0.156678 0.031406
v 0.340083 -0.179111 -0.009332
v 0.307625 -0.153367 0.033994
v 0.307792 -0.163222 0.035515
v 0.321312 -0.180497 0.009747
v 0.318462 -0.162354 0.024520
v 0.307414 -0.162081 0.032734
v 0.300662 -0.141188 0.025824
v 0.315664 -0.163402 0.027279
v 0.324089 -0.165142 0.018506
v 0.317058 -0.179603 0.022606
v 0.350098 -0.170183 -0.016705
v 0.333012 -0.181334 0.003706
v 0.314884 -0.148919 0.020255
v 0.349865 -0.176144 -0.017026
v 0.341322 -0.172275 0.000765
v 0.349025 -0.173478 -0.009279
v 0.346405 -0.173066 -0.017401
v 0.350674 -0.170086 -0.012058
v 0.180715 -0.383192 0.023708
v 0.180213 -0.380477 0.010661
v 0.176065 -0.375276 0.008462
v 0.182881 -0.384963 0.004556
v 0.184901 -0.383294 -0.003553
v 0.191069 -0.376594 0.045573
v 0.187310 -0.375750 -0.009638
v 0.185497 -0.385356 0.004889
v 0.190031 -0.385966 0.030792
v 0.188400 -0.391222 0.011669
v 0.189090 -0.374987 -0.011625
v 0.191461 -0.386178 0.033196
v 0.198719 -0.374910 -0.016224
v 0.187720 -0.389688 0.027888
v 0.188840 -0.375000 0.046820
v 0.192460 -0.379602 -0.010823
v 0.193422 -0.386158 0.037026
v 0.195773 -0.387759 0.036515
v 0.194605 -0.393775 -0.005905
v 0.195668 -0.384493 -0.017253
v 0.193948 -0.399467 0.020265
v 0.193514 -0.406064 0.001518
v 0.198117 -0.376265 0.052910
v 0.198605 -0.410643 0.010641
v 0.196544 -0.398572 0.025762
v 0.197371 -0.395816 0.025751
v 0.200737 -0.413964 0.014368
v 0.200268 -0.393586 -0.011855
v 0.197906 -0.375074 0.052410
v 0.208302 -0.383456 -0.023813
v 0.208077 -0.374931 -0.024754
v 0.204244 -0.419051 0.007017
v 0.203200 -0.380560 0.049549
v 0.202292 -0.400395 -0.020050
v 0.197914 -0.399237 -0.012245
v 0.210282 -0.410703 0.026323
v 0.218171 -0.391027 0.044848
v 0.205223 -0.419228 -0.008877
v 0.221212 -0.395286 0.044782
v 0.209944 -0.400535 0.033946
v 0.210061 -0.419619 0.020878
v 0.205662 -0.426261 -0.005262
v 0.212807 -0.383692 0.050113
v 0.207407 -0.421967 -0.014914
v 0.211620 -0.430045 -0.008595
v 0.208409 -0.447091 -0.006301
v 0.207793 -0.379447 0.046584
v 0.207722 -0.392485 -0.021745
v 0.212159 -0.439213 -0.004601
v 0.207210 -0.426984 0.012094
v 0.207705 -0.440597 -0.020912
v 0.215812 -0.414098 0.033009
v 0.210645 -0.446136 -0.013269
v 0.213722 -0.448509 0.011383
v 0.213049 -0.431013 -0.023245
v 0.211525 -0.434767 0.007467
v 0.214623 -0.459039 0.004530
v 0.213546 -0.437414 -0.003723
v 0.216866 -0.454471 -0.026020
v 0.210218 -0.375371 0.055213
v 0.216475 -0.429259 0.026808
v 0.210997 -0.455668 -0.011285
v 0.216534 -0.461005 -0.012270
v 0.213482 -0.434485 -0.009206
v 0.215184 -0.441213 0.006270
v 0.211562 -0.451335 -0.020392
v 0.219274 -0.439492 0.022460
v 0.225652 -0.377684 0.053224
v 0.210099 -0.395869 0.040868
v 0.213478 -0.466604 -0.024526
v 0.232766 -0.375155 -0.027032
v 0.216327 -0.455835 0.017018
v 0.216074 -0.439617 -0.034590
v 0.224522 -0.474308 0.013984
v 0.217184 -0.469672 -0.005553
v 0.228460 -0.422801 0.037109
v 0.216772 -0.441059 0.013045
v 0.216691 -0.498450 -0.020340
v 0.218796 -0.454715 0.024370
v 0.211905 -0.439320 -0.029110
v 0.221038 -0.482666 -0.006205
v 0.216444 -0.477801 -0.033698
v 0.213928 -0.409851 -0.022755
v 0.217284 -0.432095 -0.036819
v 0.215164 -0.484610 -0.023507
v 0.220139 -0.465902 0.007631
v 0.230432 -0.400460 0.045735
v 0.226008 -0.384145 0.052234
v 0.219602 -0.498807 -0.037526
v 0.215336 -0.417912 -0.026951
v 0.223496 -0.450414 0.034672
v 0.226949 -0.493125 0.008795
v 0.224981 -0.412421 0.040633
v 0.219465 -0.449777 -0.032719
v 0.222069 -0.438003 0.025571
v 0.205937 -0.379136 -0.026319
v 0.221212 -0.483117 -0.037354
v 0.228090 -0.440251 -0.043618
v 0.227944 -0.436418 0.037182
v 0.227728 -0.428622 0.032778
v 0.221230 -0.499295 -0.018535
v 0.226937 -0.407334 -0.032534
v 0.224006 -0.483944 0.001966
v 0.225239 -0.381991 0.049668
v 0.227529 -0.498412 0.008761
v 0.225323 -0.449612 0.037586
v 0.227868 -0.480984 0.010089
v 0.226514 -0.424148 -0.039089
v 0.227103 -0.480900 0.012601
v 0.233265 -0.485721 0.033235
v 0.228984 -0.464598 0.025610
v 0.230904 -0.386557 0.049911
v 0.229997 -0.491504 0.019048
v 0.232013 -0.451746 0.040767
v 0.224724 -0.483484 -0.041861
v 0.228079 -0.483050 0.006738
v 0.227241 -0.492429 0.009117
v 0.234576 -0.444906 -0.042495
v 0.221590 -0.392719 -0.028942
v 0.239543 -0.405823 0.042637
v 0.231735 -0.452304 0.037082
v 0.239366 -0.393828 0.042600
v 0.233684 -0.499763 -0.047204
v 0.231790 -0.460060 0.031666
v 0.227966 -0.483460 -0.044087
v 0.230889 -0.414514 0.039180
v 0.234568 -0.454925 0.036882
v 0.227546 -0.472104 0.040174
v 0.231051 -0.442743 0.046014
v 0.224797 -0.375127 0.052423
v 0.234755 -0.421107 -0.032968
v 0.228267 -0.492687 -0.049494
v 0.233294 -0.499326 0.007935
v 0.232522 -0.458340 0.033110
v 0.227665 -0.407203 0.040134
v 0.230924 -0.484132 0.019129
v 0.233715 -0.415511 0.036716
v 0.236076 -0.486094 0.056650
v 0.232140 -0.490084 0.040605
v 0.235329 -0.429257 0.041855
v 0.234369 -0.486402 0.040794
v 0.234865 -0.496250 0.055627
v 0.235562 -0.432733 0.046729
v 0.236452 -0.480212 0.059169
v 0.240443 -0.383603 0.046079
v 0.236139 -0.490484 0.059514
v 0.232929 -0.482249 -0.049879
v 0.235301 -0.381125 0.047130
v 0.235412 -0.487722 0.045514
v 0.238761 -0.449966 0.042493
v 0.239714 -0.415896 0.040524
v 0.235633 -0.489065 0.052018
v 0.236903 -0.489305 0.055117
v 0.239284 -0.402685 -0.029353
v 0.237492 -0.448651 0.045252
v 0.244521 -0.418150 -0.029926
v 0.239367 -0.394609 -0.030891
v 0.236608 -0.480323 0.061260
v 0.239153 -0.401843 0.040296
v 0.241850 -0.466043 0.062949
v 0.236598 -0.490430 0.058748
v 0.240375 -0.491507 0.087916
v 0.233663 -0.495835 0.064137
v 0.236662 -0.452138 0.040401
v 0.243315 -0.376770 0.039136
v 0.251343 -0.497487 0.054473
v 0.237918 -0.499212 0.079812
v 0.241297 -0.446900 0.043614
v 0.240967 -0.485351 0.088709
v 0.239950 -0.500288 0.074053
v 0.242184 -0.436461 -0.047967
v 0.242977 -0.498105 0.092870
v 0.245796 -0.488166 -0.053390
v 0.244420 -0.408985 0.035294
v 0.241859 -0.498715 0.058408
v 0.244172 -0.393778 0.039342
v 0.239538 -0.424442 0.038169
v 0.237897 -0.474787 0.061917
v 0.231791 -0.446650 -0.041824
v 0.244024 -0.402348 0.039860
v 0.244320 -0.445699 0.044116
v 0.240857 -0.490764 0.083236
v 0.252564 -0.429293 0.047944
v 0.240138 -0.439489 0.046608
v 0.251038 -0.483560 -0.048590
v 0.250023 -0.409644 -0.029920
v 0.246717 -0.425688 -0.040392
v 0.249142 -0.398745 0.032663
v 0.239072 -0.375112 0.047274
v 0.244089 -0.447085 0.045429
v 0.246098 -0.498913 0.091378
v 0.247190 -0.388208 0.035946
v 0.247883 -0.499780 0.004418
v 0.244961 -0.465282 0.063608
v 0.245844 -0.490060 0.097313
v 0.245233 -0.469762 -0.050679
v 0.226762 -0.499830 -0.009954
v 0.261911 -0.492697 0.000324
v 0.235938 -0.493719 0.041936
v 0.252686 -0.455469 0.060131
v 0.260241 -0.494623 0.035465
v 0.247486 -0.448850 -0.042149
v 0.248425 -0.379448 0.033384
v 0.252715 -0.416728 0.031653
v 0.251586 -0.498748 0.096024
v 0.248310 -0.490405 0.101220
v 0.247857 -0.412006 0.035844
v 0.248026 -0.440709 0.047893
v 0.247311 -0.497580 0.056151
v 0.250092 -0.390750 0.029896
v 0.255152 -0.425885 0.044339
v 0.251631 -0.405189 -0.021104
v 0.247635 -0.389938 0.035087
v 0.249623 -0.395544 0.032726
v 0.254489 -0.472181 0.103556
v 0.253114 -0.375140 0.005166
v 0.248588 -0.443671 0.044786
v 0.251987 -0.442358 0.043394
v 0.247867 -0.437001 -0.047080
v 0.249771 -0.388658 0.029582
v 0.253220 -0.380113 0.026214
v 0.252611 -0.437019 0.045784
v 0.251187 -0.396938 0.022288
v 0.253494 -0.484477 0.107748
v 0.250752 -0.461479 0.063086
v 0.262122 -0.497411 0.110448
v 0.247284 -0.375120 0.033821
v 0.255636 -0.417446 0.028148
v 0.252336 -0.391106 0.027073
v 0.250780 -0.393113 0.019879
v 0.251925 -0.389317 0.023430
v 0.252137 -0.375116 0.025077
v 0.255524 -0.395835 -0.016641
v 0.254618 -0.377828 0.021605
v 0.256075 -0.450032 -0.038887
v 0.254756 -0.383076 0.019536
v 0.256888 -0.497597 0.052410
v 0.258681 -0.499815 0.001762
v 0.253191 -0.394777 0.018713
v 0.256067 -0.389762 0.012264
v 0.257246 -0.386971 0.011354
v 0.258411 -0.493656 0.033055
v 0.259770 -0.438419 -0.042350
v 0.247913 -0.471642 0.091943
v 0.248093 -0.387886 -0.021890
v 0.254586 -0.407516 0.027251
v 0.261761 -0.434769 0.045143
v 0.257384 -0.395122 -0.005856
v 0.255707 -0.441269 0.041681
v 0.257227 -0.380122 0.006346
v 0.257883 -0.383594 0.007175
v 0.257239 -0.403425 0.005967
v 0.257975 -0.397639 0.018479
v 0.260156 -0.422008 -0.019578
v 0.259404 -0.403917 -0.009422
v 0.258105 -0.398021 0.012877
v 0.257683 -0.404705 -0.013595
v 0.258385 -0.395308 0.014841
v 0.261352 -0.441210 0.039491
v 0.259193 -0.457362 0.061042
v 0.259874 -0.397022 0.010281
v 0.261051 -0.493457 0.032488
v 0.263263 -0.483730 -0.042230
v 0.261764 -0.429438 -0.031887
v 0.264721 -0.415954 0.014258
v 0.281123 -0.471657 0.105701
v 0.262930 -0.488455 0.111105
v 0.257426 -0.423255 0.038356
v 0.258860 -0.498994 0.051220
v 0.262441 -0.446605 -0.038048
v 0.260841 -0.499129 -0.044817
v 0.268162 -0.493492 0.030073
v 0.266092 -0.441766 0.034786
v 0.267699 -0.498883 0.048055
v 0.265229 -0.483709 -0.036824
v 0.259853 -0.490838 0.110967
v 0.265184 -0.412174 -0.008493
v 0.267320 -0.435437 0.037817
v 0.263970 -0.457400 0.058945
v 0.278929 -0.496758 0.109476
v 0.266723 -0.420321 0.003741
v 0.266773 -0.415907 0.006399
v 0.267008 -0.432067 -0.029723
v 0.271404 -0.458676 -0.018559
v 0.289595 -0.498482 0.039831
v 0.270098 -0.449170 -0.027930
v 0.271328 -0.483981 -0.029107
v 0.275189 -0.498705 -0.021986
v 0.269350 -0.427081 -0.004575
v 0.270963 -0.434179 0.001062
v 0.272781 -0.443080 -0.026294
v 0.270401 -0.443320 0.031640
v 0.273333 -0.437536 -0.023431
v 0.272296 -0.444265 0.029252
v 0.276416 -0.430959 0.017165
v 0.264915 -0.423626 0.026305
v 0.273153 -0.438265 -0.018639
v 0.274362 -0.435608 0.035101
v 0.275739 -0.447031 -0.018650
v 0.280039 -0.499700 -0.004739
v 0.274144 -0.445285 0.027568
v 0.291293 -0.492459 0.011293
v 0.291127 -0.491621 0.009167
v 0.275943 -0.483743 -0.018710
v 0.275651 -0.443561 -0.010734
v 0.275363 -0.432344 0.031843
v 0.277409 -0.453308 -0.002113
v 0.272927 -0.452865 0.052803
v 0.277040 -0.442625 -0.014852
v 0.276404 -0.441385 -0.015280
v 0.274208 -0.435450 -0.011946
v 0.280750 -0.483476 -0.007794
v 0.278050 -0.443319 0.026973
v 0.280854 -0.452242 0.012915
v 0.277523 -0.449635 0.020315
v 0.278933 -0.464317 0.075304
v 0.278144 -0.450533 -0.006639
v 0.277646 -0.444320 0.020502
v 0.278074 -0.438585 0.028416
v 0.284573 -0.500234 0.041636
v 0.282240 -0.493341 -0.005068
v 0.276589 -0.440084 -0.004583
v 0.277190 -0.457888 0.050177
v 0.279562 -0.446608 0.002110
v 0.281133 -0.446652 0.009818
v 0.279589 -0.437941 0.018735
v 0.276579 -0.493797 0.026258
v 0.280288 -0.437664 0.014935
v 0.282725 -0.498673 -0.005032
v 0.280427 -0.454043 0.014103
v 0.284662 -0.487085 -0.005281
v 0.281666 -0.483082 -0.005221
v 0.282827 -0.498776 -0.006083
v 0.295893 -0.468042 0.025954
v 0.290437 -0.496357 0.104183
v 0.276938 -0.497634 0.044627
v 0.275157 -0.483836 0.111473
v 0.276672 -0.447114 0.023501
v 0.283879 -0.458827 0.044230
v 0.290387 -0.488595 0.103990
v 0.282247 -0.455236 0.011028
v 0.281775 -0.488074 0.107526
v 0.290304 -0.493977 0.021864
v 0.283459 -0.472168 -0.008655
v 0.284204 -0.460437 0.004776
v 0.283710 -0.464217 0.004460
v 0.287386 -0.483913 0.005335
v 0.284043 -0.459681 0.004520
v 0.281043 -0.460532 0.052047
v 0.285692 -0.489615 0.107839
v 0.295961 -0.489158 0.014580
v 0.286289 -0.464963 0.003906
v 0.288675 -0.479592 0.005954
v 0.283995 -0.470668 0.000665
v 0.285655 -0.472287 0.000877
v 0.289379 -0.480736 0.006799
v 0.305840 -0.497525 0.083865
v 0.286439 -0.461976 0.041005
v 0.298562 -0.496551 0.097193
v 0.289402 -0.459427 0.032960
v 0.304530 -0.499188 0.046703
v 0.289277 -0.481515 0.008530
v 0.292856 -0.488130 0.101140
v 0.290495 -0.484698 0.013905
v 0.295963 -0.498190 0.038007
v 0.287573 -0.461065 0.040100
v 0.297031 -0.476471 0.019216
v 0.289389 -0.463742 0.037660
v 0.291505 -0.465161 0.037642
v 0.296484 -0.493339 0.019373
v 0.291864 -0.462899 0.034493
v 0.296704 -0.493663 0.018189
v 0.294085 -0.469396 0.030397
v 0.302551 -0.496742 0.030176
v 0.294620 -0.486003 0.019018
v 0.296667 -0.494574 0.020338
v 0.297815 -0.488386 0.096476
v 0.295933 -0.485586 0.019928
v 0.296898 -0.473072 0.026061
v 0.296044 -0.474783 0.025476
v 0.302704 -0.498732 0.036959
v 0.302023 -0.496368 0.093293
v 0.298605 -0.487457 0.025123
v 0.295664 -0.480774 0.100094
v 0.300951 -0.493822 0.023950
v 0.300925 -0.489466 0.095389
v 0.303033 -0.488474 0.088412
v 0.300712 -0.476102 0.089294
v 0.302461 -0.487735 0.036011
v 0.305592 -0.498284 0.041021
v 0.306034 -0.477391 0.049290
v 0.303850 -0.484766 0.088315
v 0.305942 -0.498982 0.055728
v 0.309853 -0.497455 0.067553
v 0.303828 -0.475681 0.085709
v 0.308056 -0.487603 0.050799
v 0.308239 -0.490747 0.046031
v 0.306451 -0.489818 0.085324
v 0.307703 -0.498219 0.051871
v 0.307718 -0.488854 0.073721
v 0.309108 -0.490304 0.076576
v 0.307656 -0.480105 0.052914
v 0.309055 -0.481000 0.068973
v 0.307427 -0.488875 0.052895
v 0.309443 -0.496918 0.057360
v 0.310261 -0.490505 0.062090
v 0.144460 0.199303 -0.100753
v 0.140991 0.199135 -0.091068
v 0.147319 0.199088 -0.087877
v 0.160040 0.184758 -0.102198
v 0.160619 0.201573 -0.092576
v 0.154598 0.191389 -0.095518
v 0.163324 0.181467 -0.108859
v 0.172895 0.210543 -0.127555
v 0.172928 0.206041 -0.097500
v 0.178111 0.204786 -0.097240
v 0.173333 0.200914 -0.128129
v 0.177167 0.177891 -0.111964
v 0.180887 0.203827 -0.099069
v 0.207097 0.193277 -0.116130
v 0.181376 0.175294 -0.119180
v 0.187390 0.212855 -0.106143
v 0.196203 0.224612 -0.112922
v 0.188753 0.174044 -0.120545
v 0.189069 0.230511 -0.134522
v 0.195660 0.191626 -0.141086
v 0.195897 0.249042 -0.138851
v 0.203903 0.196941 -0.114140
v 0.200730 0.233859 -0.141949
v 0.193169 0.172260 -0.127518
v 0.201714 0.172527 -0.126688
v 0.195990 0.249795 -0.132099
v 0.211572 0.169806 -0.136615
v 0.198762 0.218348 -0.108402
v 0.208266 0.249542 -0.145583
v 0.204336 0.249664 -0.116898
v 0.206701 0.250372 -0.115253
v 0.237688 0.171951 -0.148165
v 0.233961 0.250950 -0.161128
v 0.205011 0.229200 -0.111377
v 0.207797 0.232810 -0.112580
v 0.212382 0.249680 -0.114185
v 0.227814 0.192633 -0.128364
v 0.228366 0.171321 -0.149220
v 0.219755 0.193539 -0.155558
v 0.237668 0.171561 -0.150507
v 0.254971 0.249645 -0.173895
v 0.242658 0.193674 -0.137340
v 0.241231 0.172888 -0.155580
v 0.243794 0.241635 -0.134188
v 0.242564 0.221830 -0.167865
v 0.272248 0.198974 -0.155816
v 0.257737 0.177123 -0.159713
v 0.257215 0.203552 -0.177432
v 0.255602 0.228977 -0.142149
v 0.254033 0.176213 -0.163927
v 0.235279 0.248834 -0.128769
v 0.262180 0.179334 -0.169019
v 0.268483 0.249065 -0.182014
v 0.269163 0.180937 -0.167075
v 0.279374 0.205939 -0.157921
v 0.265705 0.249406 -0.146942
v 0.271721 0.249705 -0.183972
v 0.288113 0.250188 -0.193611
v 0.299923 0.233538 -0.201310
v 0.289604 0.223139 -0.195662
v 0.275214 0.183443 -0.174635
v 0.274746 0.251214 -0.152337
v 0.274971 0.232872 -0.153604
v 0.289745 0.191175 -0.181671
v 0.287110 0.240769 -0.160463
v 0.303281 0.201308 -0.183007
v 0.312149 0.249584 -0.207680
v 0.309397 0.228113 -0.174702
v 0.299189 0.219395 -0.168809
v 0.318859 0.214476 -0.200942
v 0.283203 0.249292 -0.157582
v 0.316358 0.210865 -0.194523
v 0.321342 0.240696 -0.181104
v 0.317449 0.250425 -0.208759
v 0.318604 0.215051 -0.199727
v 0.320745 0.223186 -0.190204
v 0.319436 0.236178 -0.180931
v 0.343199 0.249530 -0.212440
v 0.327829 0.249198 -0.184623
v 0.337553 0.237544 -0.208484
v 0.327774 0.222768 -0.198920
v 0.343674 0.245359 -0.207894
v 0.345776 0.249565 -0.208321
v -0.018248 -0.165791 0.004203
v -0.018289 -0.165655 0.003997
v -0.018100 -0.165770 0.004266
v -0.018064 -0.165888 0.004398
v -0.014150 -0.149258 0.040520
v -0.014083 -0.149264 0.040508
v -0.014219 -0.149150 0.040745
vt 0.942404 0.842893
vt 0.955046 0.843434
vt 0.953664 0.834000
vt 0.941634 0.827421
vt 0.941044 0.821179
vt 0.930436 0.839758
vt 0.942551 0.848561
vt 0.954443 0.831317
vt 0.960837 0.832405
vt 0.964798 0.855678
vt 0.963977 0.825268
vt 0.953803 0.852132
vt 0.920883 0.837468
vt 0.923942 0.843789
vt 0.942972 0.857194
vt 0.927194 0.823557
vt 0.934493 0.856026
vt 0.930104 0.850744
vt 0.934574 0.859800
vt 0.959389 0.856009
vt 0.923512 0.852244
vt 0.923786 0.822470
vt 0.927677 0.863521
vt 0.953023 0.863807
vt 0.941911 0.864236
vt 0.931637 0.860940
vt 0.968623 0.817627
vt 0.943963 0.815643
vt 0.929266 0.862207
vt 0.913738 0.848504
vt 0.916663 0.853043
vt 0.917483 0.815029
vt 0.953878 0.805284
vt 0.946247 0.870010
vt 0.977190 0.825434
vt 0.975060 0.857718
vt 0.930095 0.867736
vt 0.906876 0.833316
vt 0.943159 0.717655
vt 0.965096 0.728591
vt 0.927229 0.866857
vt 0.912792 0.859704
vt 0.956123 0.724141
vt 0.942185 0.711722
vt 0.907471 0.854960
vt 0.917150 0.812144
vt 0.951111 0.726578
vt 0.969349 0.868050
vt 0.960499 0.732276
vt 0.914941 0.867084
vt 0.915849 0.702889
vt 0.944013 0.804695
vt 0.940993 0.878559
vt 0.951331 0.878572
vt 0.935923 0.878829
vt 0.928346 0.877859
vt 0.947916 0.731782
vt 0.966114 0.731149
vt 0.942194 0.721821
vt 0.921927 0.705321
vt 0.912949 0.866906
vt 0.933166 0.712941
vt 0.910380 0.708606
vt 0.935941 0.726838
vt 0.938444 0.720747
vt 0.951394 0.740053
vt 0.932389 0.715973
vt 0.914083 0.711798
vt 0.928595 0.711238
vt 0.922256 0.712179
vt 0.945292 0.734698
vt 0.919792 0.712699
vt 0.921903 0.714514
vt 0.968352 0.743150
vt 0.931156 0.731574
vt 0.913975 0.720160
vt 0.956079 0.744177
vt 0.911221 0.721142
vt 0.924578 0.727326
vt 0.929780 0.720165
vt 0.938037 0.746766
vt 0.969412 0.742505
vt 0.904453 0.728317
vt 0.925656 0.724844
vt 0.918791 0.723773
vt 0.959925 0.748199
vt 0.899984 0.733498
vt 0.951501 0.751916
vt 0.936498 0.738630
vt 0.912481 0.727405
vt 0.943361 0.751682
vt 0.946354 0.744741
vt 0.926306 0.742348
vt 0.961372 0.747420
vt 0.915880 0.729180
vt 0.451286 0.070791
vt 0.940763 0.751304
vt 0.924277 0.734487
vt 0.939718 0.750933
vt 0.912846 0.732020
vt 0.455667 0.083456
vt 0.447013 0.065432
vt 0.445781 0.073928
vt 0.430042 0.041083
vt 0.443968 0.057787
vt 0.949442 0.752874
vt 0.452590 0.072762
vt 0.919898 0.734872
vt 0.918068 0.735493
vt 0.923930 0.736942
vt 0.933731 0.749256
vt 0.444456 0.061614
vt 0.905244 0.735883
vt 0.915235 0.736921
vt 0.444807 0.060055
vt 0.910118 0.734801
vt 0.931571 0.746809
vt 0.412817 0.051665
vt 0.440041 0.054880
vt 0.438292 0.071760
vt 0.907725 0.738675
vt 0.914922 0.740629
vt 0.917803 0.741189
vt 0.923841 0.745591
vt 0.428848 0.044682
vt 0.442342 0.075637
vt 0.435570 0.049844
vt 0.443133 0.084055
vt 0.436451 0.059488
vt 0.424156 0.038066
vt 0.431346 0.047999
vt 0.419677 0.031430
vt 0.435756 0.072247
vt 0.449256 0.086142
vt 0.421125 0.049244
vt 0.423902 0.046859
vt 0.443469 0.091947
vt 0.430961 0.058467
vt 0.428096 0.053207
vt 0.433631 0.062051
vt 0.430439 0.078701
vt 0.426414 0.051845
vt 0.428661 0.072369
vt 0.445981 0.097488
vt 0.428555 0.058973
vt 0.421299 0.050485
vt 0.427697 0.080675
vt 0.428656 0.065879
vt 0.422381 0.056596
vt 0.421821 0.067494
vt 0.418559 0.049660
vt 0.424248 0.062164
vt 0.429462 0.087400
vt 0.447158 0.099970
vt 0.414113 0.048043
vt 0.421238 0.075058
vt 0.449965 0.103367
vt 0.433899 0.103303
vt 0.424166 0.096546
vt 0.454165 0.106909
vt 0.448022 0.110041
vt 0.416541 0.064571
vt 0.416821 0.064366
vt 0.453088 0.107457
vt 0.434293 0.095654
vt 0.416162 0.056646
vt 0.418444 0.067542
vt 0.454155 0.109119
vt 0.419808 0.087393
vt 0.454465 0.125469
vt 0.456627 0.114784
vt 0.442824 0.105158
vt 0.449977 0.116751
vt 0.439297 0.107425
vt 0.452229 0.122386
vt 0.414389 0.079556
vt 0.412187 0.088784
vt 0.410976 0.096943
vt 0.419368 0.097467
vt 0.426539 0.112992
vt 0.440755 0.114152
vt 0.440666 0.110769
vt 0.443268 0.137548
vt 0.448700 0.118897
vt 0.443894 0.114762
vt 0.444802 0.112457
vt 0.445302 0.118849
vt 0.193005 0.052794
vt 0.193485 0.049450
vt 0.411187 0.088172
vt 0.447811 0.127074
vt 0.189231 0.052358
vt 0.417090 0.108441
vt 0.451658 0.126969
vt 0.428231 0.109540
vt 0.441160 0.124506
vt 0.187402 0.048463
vt 0.406678 0.087588
vt 0.187378 0.062354
vt 0.183464 0.043797
vt 0.431938 0.115632
vt 0.189980 0.045066
vt 0.433444 0.118571
vt 0.438153 0.121766
vt 0.436659 0.123532
vt 0.440827 0.133451
vt 0.192041 0.044665
vt 0.407614 0.123734
vt 0.424544 0.123348
vt 0.436293 0.126900
vt 0.183079 0.055930
vt 0.422351 0.118438
vt 0.437653 0.133715
vt 0.413180 0.114498
vt 0.142817 0.067836
vt 0.433457 0.129171
vt 0.427987 0.123411
vt 0.428490 0.126397
vt 0.177333 0.044543
vt 0.145174 0.069970
vt 0.417691 0.122865
vt 0.137680 0.075962
vt 0.137760 0.067090
vt 0.145740 0.074852
vt 0.055941 0.066199
vt 0.160563 0.072513
vt 0.428571 0.132190
vt 0.176897 0.063378
vt 0.056864 0.060197
vt 0.130589 0.075973
vt 0.054868 0.057201
vt 0.180401 0.039267
vt 0.419080 0.125697
vt 0.054856 0.070940
vt 0.047011 0.061156
vt 0.061907 0.043120
vt 0.159148 0.079070
vt 0.413322 0.127571
vt 0.047035 0.050629
vt 0.108660 0.068278
vt 0.152854 0.080291
vt 0.052728 0.048274
vt 0.124250 0.070820
vt 0.165124 0.086172
vt 0.163457 0.071230
vt 0.127173 0.062687
vt 0.151489 0.067989
vt 0.428054 0.136918
vt 0.134132 0.084675
vt 0.126275 0.080362
vt 0.122985 0.062776
vt 0.127149 0.071469
vt 0.423658 0.127786
vt 0.126722 0.075253
vt 0.176109 0.076349
vt 0.127333 0.069035
vt 0.147744 0.063842
vt 0.157539 0.070431
vt 0.176721 0.069855
vt 0.180063 0.042129
vt 0.130928 0.056127
vt 0.172305 0.065573
vt 0.167070 0.054036
vt 0.158716 0.084876
vt 0.165810 0.079838
vt 0.170481 0.063632
vt 0.051058 0.076197
vt 0.037608 0.063020
vt 0.105671 0.064085
vt 0.111041 0.064718
vt 0.168570 0.061464
vt 0.067033 0.065766
vt 0.105412 0.071337
vt 0.141153 0.062860
vt 0.180468 0.036002
vt 0.189235 0.067512
vt 0.161491 0.090957
vt 0.074455 0.054540
vt 0.149364 0.055584
vt 0.167097 0.083014
vt 0.181999 0.032320
vt 0.091274 0.062042
vt 0.104563 0.059414
vt 0.162418 0.102296
vt 0.186320 0.037503
vt 0.424564 0.135095
vt 0.417593 0.133208
vt 0.422497 0.132186
vt 0.035414 0.080659
vt 0.105803 0.058942
vt 0.428054 0.136918
vt 0.121788 0.083428
vt 0.423839 0.136241
vt 0.076206 0.076456
vt 0.081822 0.060668
vt 0.118627 0.057627
vt 0.069437 0.065672
vt 0.077966 0.062369
vt 0.140858 0.055120
vt 0.194819 0.066285
vt 0.053731 0.080837
vt 0.184271 0.073317
vt 0.192524 0.075306
vt 0.067024 0.063230
vt 0.066377 0.056978
vt 0.073190 0.058676
vt 0.069655 0.051848
vt 0.143997 0.083204
vt 0.176606 0.032731
vt 0.068267 0.051855
vt 0.199858 0.078081
vt 0.062044 0.080261
vt 0.412575 0.131844
vt 0.117602 0.083107
vt 0.176138 0.025515
vt 0.065715 0.081534
vt 0.179351 0.098155
vt 0.165240 0.052292
vt 0.041775 0.071844
vt 0.193371 0.069980
vt 0.175866 0.018085
vt 0.172628 0.038784
vt 0.071608 0.049145
vt 0.106101 0.049024
vt 0.162408 0.044964
vt 0.418846 0.135220
vt 0.065522 0.072707
vt 0.103918 0.055455
vt 0.175191 0.026098
vt 0.084686 0.051992
vt 0.038578 0.052564
vt 0.035098 0.045514
vt 0.139172 0.045622
vt 0.408940 0.123692
vt 0.193136 0.091481
vt 0.195027 0.069001
vt 0.418987 0.128356
vt 0.111574 0.046918
vt 0.144580 0.047956
vt 0.049021 0.092771
vt 0.064062 0.077797
vt 0.070329 0.081140
vt 0.171629 0.033531
vt 0.173139 0.030442
vt 0.068826 0.044852
vt 0.197326 0.086285
vt 0.206055 0.069858
vt 0.112759 0.045728
vt 0.171272 0.025542
vt 0.059781 0.037838
vt 0.208825 0.066181
vt 0.040980 0.038423
vt 0.069381 0.035914
vt 0.059491 0.083225
vt 0.030342 0.068143
vt 0.070427 0.087660
vt 0.062046 0.028701
vt 0.126781 0.093766
vt 0.039978 0.087883
vt 0.053374 0.031316
vt 0.073308 0.036819
vt 0.095162 0.044013
vt 0.035599 0.067205
vt 0.126233 0.050095
vt 0.067257 0.030486
vt 0.116533 0.096672
vt 0.111121 0.041792
vt 0.169011 0.018168
vt 0.083989 0.038609
vt 0.108319 0.043671
vt 0.042135 0.092464
vt 0.169747 0.017225
vt 0.064110 0.092005
vt 0.139694 0.099312
vt 0.047696 0.032215
vt 0.088311 0.041166
vt 0.135987 0.051205
vt 0.110129 0.095950
vt 0.145255 0.042157
vt 0.108265 0.042548
vt 0.065441 0.093867
vt 0.027601 0.079053
vt 0.092229 0.038239
vt 0.097285 0.040452
vt 0.090624 0.036740
vt 0.164423 0.023393
vt 0.075643 0.035602
vt 0.084838 0.037027
vt 0.160844 0.039151
vt 0.167423 0.031812
vt 0.209877 0.063931
vt 0.158706 0.102431
vt 0.191049 0.098410
vt 0.059768 0.097752
vt 0.103461 0.095261
vt 0.099527 0.037769
vt 0.631818 0.204009
vt 0.168347 0.100928
vt 0.142232 0.038597
vt 0.023674 0.058136
vt 0.053603 0.096973
vt 0.099568 0.098341
vt 0.128138 0.097558
vt 0.131831 0.106454
vt 0.915113 0.745157
vt 0.906619 0.740184
vt 0.200787 0.089224
vt 0.022374 0.067100
vt 0.082681 0.097178
vt 0.097025 0.036668
vt 0.220508 0.488853
vt 0.162307 0.031175
vt 0.217769 0.475068
vt 0.049940 0.103656
vt 0.044599 0.029423
vt 0.061280 0.023778
vt 0.074736 0.033886
vt 0.122022 0.102386
vt 0.913175 0.744083
vt 0.144397 0.104932
vt 0.184560 0.567095
vt 0.144787 0.038445
vt 0.203730 0.083702
vt 0.629140 0.207471
vt 0.640595 0.198384
vt 0.610431 0.209716
vt 0.027877 0.043347
vt 0.051295 0.025638
vt 0.094943 0.035653
vt 0.910046 0.743202
vt 0.238528 0.522605
vt 0.190728 0.565259
vt 0.132482 0.039278
vt 0.159291 0.111042
vt 0.174232 0.110789
vt 0.190838 0.103288
vt 0.035342 0.097092
vt 0.632850 0.204604
vt 0.612660 0.209782
vt 0.037450 0.098128
vt 0.024398 0.050937
vt 0.038663 0.033494
vt 0.652657 0.184776
vt 0.080078 0.099107
vt 0.059468 0.023789
vt 0.075796 0.031965
vt 0.094638 0.035695
vt 0.113282 0.038291
vt 0.138041 0.106810
vt 0.176858 0.567299
vt 0.168732 0.110762
vt 0.145821 0.038705
vt 0.179634 0.108786
vt 0.165988 0.450748
vt 0.214667 0.465786
vt 0.033634 0.094026
vt 0.648801 0.188582
vt 0.067475 0.098994
vt 0.068416 0.098774
vt 0.040669 0.031543
vt 0.084815 0.099790
vt 0.961492 0.760371
vt 0.087364 0.098957
vt 0.069440 0.024601
vt 0.933349 0.751007
vt 0.175199 0.568643
vt 0.233347 0.511080
vt 0.160911 0.034096
vt 0.202817 0.459180
vt 0.186117 0.453123
vt 0.209441 0.461606
vt 0.035203 0.096448
vt 0.621005 0.208505
vt 0.025737 0.047182
vt 0.074274 0.098443
vt 0.657595 0.178101
vt 0.216922 0.576207
vt 0.093365 0.035475
vt 0.203384 0.562049
vt 0.121865 0.103685
vt 0.204701 0.561450
vt 0.198822 0.562099
vt 0.146150 0.038353
vt 0.146374 0.038416
vt 0.156364 0.035008
vt 0.220540 0.492498
vt 0.220315 0.489889
vt 0.216900 0.471687
vt 0.208838 0.064020
vt 0.079201 0.099081
vt 0.092482 0.034640
vt 0.202280 0.561634
vt 0.229047 0.519206
vt 0.206468 0.086965
vt 0.160860 0.111310
vt 0.171217 0.110911
vt 0.216027 0.468958
vt 0.182211 0.458365
vt 0.127273 0.039727
vt 0.223716 0.499955
vt 0.215735 0.570926
vt 0.184185 0.563088
vt 0.205133 0.463942
vt 0.170911 0.452090
vt 0.220116 0.578591
vt 0.225160 0.512439
vt 0.189815 0.456033
vt 0.213166 0.469705
vt 0.205339 0.467113
vt 0.186975 0.459694
vt 0.219784 0.567532
vt 0.216812 0.494964
vt 0.205731 0.472385
vt 0.187075 0.557606
vt 0.669858 0.168612
vt 0.228974 0.574315
vt 0.226142 0.575199
vt 0.154321 0.464383
vt 0.212883 0.476952
vt 0.207331 0.475853
vt 0.208305 0.483223
vt 0.165136 0.570067
vt 0.195964 0.469872
vt 0.183816 0.556723
vt 0.206828 0.488638
vt 0.210033 0.496091
vt 0.196596 0.553861
vt 0.211755 0.510516
vt 0.220568 0.565114
vt 0.180172 0.555007
vt 0.178483 0.561816
vt 0.227365 0.519547
vt 0.203547 0.560586
vt 0.165652 0.458789
vt 0.178152 0.463759
vt 0.196238 0.472271
vt 0.230644 0.531855
vt 0.172300 0.470005
vt 0.193236 0.472713
vt 0.200688 0.476567
vt 0.204163 0.510416
vt 0.225171 0.559150
vt 0.241649 0.564930
vt 0.206606 0.553881
vt 0.216415 0.514268
vt 0.174399 0.466150
vt 0.230064 0.573682
vt 0.205252 0.494345
vt 0.201080 0.494417
vt 0.200251 0.479996
vt 0.225277 0.556610
vt 0.221795 0.525005
vt 0.197537 0.480678
vt 0.208081 0.525882
vt 0.218607 0.520142
vt 0.166597 0.467863
vt 0.215481 0.543044
vt 0.156252 0.562412
vt 0.224121 0.528201
vt 0.216702 0.522721
vt 0.198127 0.477776
vt 0.233048 0.537992
vt 0.154575 0.472904
vt 0.220807 0.534967
vt 0.205069 0.496255
vt 0.168238 0.563453
vt 0.229419 0.550854
vt 0.156053 0.480388
vt 0.222645 0.540764
vt 0.213651 0.530421
vt 0.203041 0.546990
vt 0.229032 0.536045
vt 0.192607 0.545827
vt 0.176384 0.468817
vt 0.174060 0.478983
vt 0.230969 0.537634
vt 0.189310 0.475577
vt 0.195207 0.478672
vt 0.229461 0.543949
vt 0.233221 0.542235
vt 0.236575 0.541894
vt 0.204597 0.532397
vt 0.227870 0.540422
vt 0.228929 0.540617
vt 0.209269 0.533463
vt 0.165710 0.552172
vt 0.198464 0.493849
vt 0.195746 0.488614
vt 0.206352 0.538873
vt 0.170408 0.531427
vt 0.235381 0.550310
vt 0.149375 0.485956
vt 0.188380 0.480520
vt 0.160625 0.479645
vt 0.242741 0.549621
vt 0.194906 0.498595
vt 0.182323 0.478866
vt 0.191421 0.505329
vt 0.244284 0.559646
vt 0.185182 0.478372
vt 0.195342 0.490740
vt 0.193344 0.530436
vt 0.246238 0.557330
vt 0.163210 0.491045
vt 0.245322 0.556042
vt 0.245212 0.563514
vt 0.168270 0.520709
vt 0.166918 0.491082
vt 0.245702 0.554527
vt 0.898255 0.780952
vt 0.898467 0.779023
vt 0.153909 0.491069
vt 0.151389 0.549098
vt 0.899254 0.781574
vt 0.168567 0.498520
vt 0.186918 0.494052
vt 0.247932 0.553325
vt 0.188395 0.502014
vt 0.160234 0.542606
vt 0.177936 0.525266
vt 0.173367 0.487380
vt 0.263950 0.561138
vt 0.253041 0.561422
vt 0.181598 0.487969
vt 0.167109 0.490398
vt 0.186344 0.488442
vt 0.179052 0.484170
vt 0.183522 0.507580
vt 0.184003 0.493080
vt 0.170924 0.508864
vt 0.103940 0.587165
vt 0.157755 0.554124
vt 0.171437 0.495785
vt 0.158564 0.517443
vt 0.150466 0.548217
vt 0.149016 0.497937
vt 0.179122 0.507412
vt 0.181681 0.496037
vt 0.100411 0.581570
vt 0.180928 0.498920
vt 0.157803 0.499279
vt 0.257132 0.563014
vt 0.175322 0.502931
vt 0.095073 0.586836
vt 0.711612 0.207634
vt 0.161029 0.507940
vt 0.158255 0.503158
vt 0.093057 0.587337
vt 0.152082 0.500604
vt 0.266821 0.567987
vt 0.141333 0.530859
vt 0.141126 0.544318
vt 0.153433 0.510249
vt 0.159815 0.515808
vt 0.085215 0.589436
vt 0.148612 0.505493
vt 0.134682 0.492425
vt 0.161057 0.535052
vt 0.105929 0.577205
vt 0.145753 0.493755
vt 0.106512 0.569533
vt 0.726873 0.211119
vt 0.118037 0.573575
vt 0.085968 0.588913
vt 0.107249 0.577487
vt 0.104234 0.571627
vt 0.124270 0.534187
vt 0.077343 0.580454
vt 0.086445 0.565714
vt 0.126864 0.560629
vt 0.130177 0.540996
vt 0.104049 0.565085
vt 0.254587 0.563244
vt 0.137727 0.545497
vt 0.129458 0.529086
vt 0.124345 0.553365
vt 0.135301 0.549177
vt 0.110030 0.550363
vt 0.076587 0.578710
vt 0.290425 0.578254
vt 0.103785 0.548074
vt 0.124319 0.540160
vt 0.132154 0.566027
vt 0.299069 0.586318
vt 0.129014 0.543004
vt 0.086237 0.560387
vt 0.118853 0.538915
vt 0.300932 0.587146
vt 0.080791 0.565589
vt 0.119030 0.534781
vt 0.131949 0.558806
vt 0.127566 0.557022
vt 0.094598 0.548662
vt 0.107769 0.561398
vt 0.096527 0.558422
vt 0.123820 0.552859
vt 0.074959 0.569693
vt 0.119545 0.551389
vt 0.122169 0.552371
vt 0.099160 0.548584
vt 0.110449 0.541038
vt 0.092022 0.532458
vt 0.104724 0.529932
vt 0.115783 0.550033
vt 0.116886 0.519027
vt 0.094700 0.539937
vt 0.300188 0.580364
vt 0.100240 0.535035
vt 0.083686 0.533455
vt 0.076260 0.550306
vt 0.090131 0.541626
vt 0.074747 0.556646
vt 0.081455 0.528651
vt 0.684850 0.690137
vt 0.109609 0.526257
vt 0.298674 0.565291
vt 0.085232 0.535238
vt 0.683828 0.714314
vt 0.094596 0.516549
vt 0.113227 0.514081
vt 0.086332 0.518719
vt 0.082819 0.546375
vt 0.081131 0.531406
vt 0.075876 0.556559
vt 0.079219 0.546114
vt 0.303566 0.570385
vt 0.075048 0.536273
vt 0.073819 0.526892
vt 0.090768 0.517961
vt 0.293888 0.568926
vt 0.303966 0.583766
vt 0.295835 0.591642
vt 0.121933 0.509498
vt 0.303850 0.577367
vt 0.073697 0.553758
vt 0.116099 0.507675
vt 0.080347 0.522816
vt 0.302671 0.573711
vt 0.060089 0.566074
vt 0.071972 0.548369
vt 0.076890 0.545478
vt 0.098042 0.520924
vt 0.068894 0.542964
vt 0.114531 0.504719
vt 0.684252 0.715889
vt 0.050480 0.529848
vt 0.055487 0.548055
vt 0.067713 0.545611
vt 0.067086 0.539471
vt 0.052101 0.569164
vt 0.076728 0.512902
vt 0.053444 0.551870
vt 0.059907 0.538529
vt 0.047727 0.552718
vt 0.054726 0.565029
vt 0.060309 0.556311
vt 0.045581 0.563340
vt 0.052908 0.568061
vt 0.855659 0.953921
vt 0.042554 0.554960
vt 0.065319 0.534133
vt 0.065100 0.531556
vt 0.045567 0.558722
vt 0.822770 0.934971
vt 0.083833 0.509638
vt 0.041394 0.508266
vt 0.067118 0.524180
vt 0.103436 0.504153
vt 0.098189 0.500372
vt 0.067007 0.517227
vt 0.115097 0.502642
vt 0.065960 0.513653
vt 0.069937 0.501833
vt 0.015626 0.471471
vt 0.107072 0.498203
vt 0.090723 0.497486
vt 0.101709 0.498966
vt 0.070675 0.499816
vt 0.096322 0.496226
vt 0.075177 0.495385
vt 0.080228 0.496832
vt 0.032092 0.500643
vt 0.103144 0.486480
vt 0.061947 0.492593
vt 0.079073 0.493248
vt 0.095929 0.491153
vt 0.073537 0.493114
vt 0.053287 0.489504
vt 0.076287 0.488458
vt 0.093507 0.484487
vt 0.108967 0.485292
vt 0.093138 0.480467
vt 0.048763 0.477724
vt 0.101982 0.476040
vt 0.088133 0.478321
vt 0.078131 0.483818
vt 0.081744 0.482401
vt 0.080147 0.477592
vt 0.043064 0.482173
vt 0.067370 0.479217
vt 0.056389 0.477425
vt 0.081520 0.472867
vt 0.064698 0.480647
vt 0.094534 0.473356
vt 0.062289 0.476092
vt 0.039348 0.482719
vt 0.107794 0.465331
vt 0.034737 0.476693
vt 0.046342 0.477618
vt 0.042097 0.478226
vt 0.712053 0.724840
vt 0.110607 0.468075
vt 0.102339 0.466274
vt 0.057181 0.473429
vt 0.054333 0.469582
vt 0.075663 0.462258
vt 0.112539 0.464145
vt 0.084029 0.469675
vt 0.058817 0.468111
vt 0.046165 0.470280
vt 0.089943 0.472219
vt 0.065803 0.465778
vt 0.069948 0.464411
vt 0.069875 0.466949
vt 0.025130 0.471023
vt 0.093401 0.453656
vt 0.045379 0.466293
vt 0.019833 0.473988
vt 0.022775 0.468624
vt 0.036193 0.465182
vt 0.045009 0.465256
vt 0.016240 0.466961
vt 0.061127 0.461471
vt 0.050279 0.460008
vt 0.031928 0.469056
vt 0.086860 0.457072
vt 0.084668 0.453409
vt 0.897501 0.687693
vt 0.890851 0.677453
vt 0.751046 0.747274
vt 0.058577 0.456938
vt 0.049332 0.457639
vt 0.039091 0.459761
vt 0.098643 0.449743
vt 0.932553 0.228988
vt 0.945956 0.245001
vt 0.069143 0.454508
vt 0.065715 0.455226
vt 0.960532 0.264374
vt 0.962993 0.267532
vt 0.048395 0.458625
vt 0.907763 0.694754
vt 0.032709 0.463051
vt 0.893200 0.683361
vt 0.020717 0.462675
vt 0.887495 0.675709
vt 0.094520 0.451620
vt 0.091123 0.452184
vt 0.065499 0.455739
vt 0.037060 0.459904
vt 0.907358 0.694490
vt 0.036504 0.460344
vt 0.895556 0.684844
vt 0.823668 0.417147
vt 0.822646 0.419455
vt 0.815631 0.416218
vt 0.815421 0.414931
vt 0.812387 0.415929
vt 0.812574 0.419042
vt 0.829933 0.418331
vt 0.810359 0.419481
vt 0.818144 0.432510
vt 0.807685 0.414089
vt 0.831019 0.425595
vt 0.828160 0.428450
vt 0.805495 0.419637
vt 0.831761 0.435887
vt 0.842540 0.417252
vt 0.811016 0.409833
vt 0.838046 0.432678
vt 0.835102 0.426395
vt 0.805260 0.416680
vt 0.802909 0.414232
vt 0.835817 0.403863
vt 0.829071 0.438296
vt 0.840361 0.435894
vt 0.845099 0.419998
vt 0.843871 0.426186
vt 0.843979 0.429302
vt 0.844122 0.432101
vt 0.841506 0.436066
vt 0.833708 0.442386
vt 0.841227 0.411456
vt 0.840348 0.448402
vt 0.820828 0.441184
vt 0.841616 0.439419
vt 0.835336 0.436690
vt 0.823130 0.394701
vt 0.802425 0.417970
vt 0.816307 0.394674
vt 0.842355 0.442746
vt 0.844283 0.443153
vt 0.845207 0.443992
vt 0.853030 0.415264
vt 0.800480 0.405353
vt 0.814553 0.393813
vt 0.853735 0.415107
vt 0.822162 0.441443
vt 0.846934 0.444940
vt 0.847656 0.399951
vt 0.807640 0.443900
vt 0.858447 0.408947
vt 0.840875 0.396590
vt 0.799197 0.413998
vt 0.850403 0.447108
vt 0.857771 0.426903
vt 0.818660 0.388519
vt 0.814787 0.443315
vt 0.856213 0.415520
vt 0.855269 0.438100
vt 0.852394 0.410189
vt 0.858233 0.439689
vt 0.868902 0.424102
vt 0.836704 0.454450
vt 0.842704 0.450680
vt 0.834919 0.389248
vt 0.802793 0.424374
vt 0.845323 0.453343
vt 0.793665 0.399333
vt 0.867425 0.427729
vt 0.826090 0.387331
vt 0.860737 0.439743
vt 0.800823 0.454474
vt 0.859176 0.446622
vt 0.810676 0.380995
vt 0.793588 0.420579
vt 0.843407 0.458347
vt 0.835879 0.455539
vt 0.834638 0.469807
vt 0.832141 0.454664
vt 0.827463 0.458445
vt 0.793523 0.432611
vt 0.798289 0.422648
vt 0.864339 0.444526
vt 0.832988 0.457099
vt 0.855717 0.452363
vt 0.849203 0.388490
vt 0.796196 0.378285
vt 0.812585 0.384953
vt 0.804468 0.385588
vt 0.793328 0.449265
vt 0.784169 0.407807
vt 0.795647 0.426987
vt 0.796541 0.420523
vt 0.826077 0.458715
vt 0.788983 0.415056
vt 0.793526 0.387209
vt 0.870548 0.440974
vt 0.869047 0.449899
vt 0.829746 0.377434
vt 0.879185 0.405743
vt 0.793225 0.425015
vt 0.843134 0.464333
vt 0.856883 0.459804
vt 0.784479 0.416618
vt 0.867662 0.380171
vt 0.850904 0.368083
vt 0.818080 0.364953
vt 0.859268 0.370042
vt 0.788242 0.412584
vt 0.791299 0.426967
vt 0.860965 0.379834
vt 0.794055 0.442013
vt 0.874344 0.376835
vt 0.793496 0.384356
vt 0.790055 0.428742
vt 0.840207 0.375339
vt 0.865537 0.461959
vt 0.778110 0.362397
vt 0.778442 0.379807
vt 0.796898 0.377335
vt 0.821981 0.459882
vt 0.815869 0.351761
vt 0.882586 0.406704
vt 0.764908 0.388313
vt 0.815813 0.369300
vt 0.809837 0.361166
vt 0.797203 0.373673
vt 0.781431 0.416822
vt 0.862485 0.472326
vt 0.868743 0.472803
vt 0.887922 0.422038
vt 0.817382 0.458311
vt 0.430071 0.552695
vt 0.771780 0.413693
vt 0.776346 0.404444
vt 0.775975 0.399638
vt 0.800573 0.443839
vt 0.842018 0.469309
vt 0.790841 0.431840
vt 0.788904 0.432151
vt 0.796133 0.443325
vt 0.780668 0.391462
vt 0.842478 0.474605
vt 0.781348 0.426095
vt 0.785451 0.395280
vt 0.877080 0.481144
vt 0.780067 0.422915
vt 0.780639 0.373083
vt 0.783739 0.436128
vt 0.793142 0.440823
vt 0.428096 0.559220
vt 0.878965 0.435933
vt 0.886495 0.457381
vt 0.893975 0.426024
vt 0.740596 0.403317
vt 0.775719 0.416601
vt 0.787920 0.440720
vt 0.788929 0.442813
vt 0.791520 0.440508
vt 0.855742 0.473633
vt 0.770150 0.425601
vt 0.773489 0.423037
vt 0.427069 0.560952
vt 0.789272 0.439052
vt 0.765013 0.403585
vt 0.770657 0.393478
vt 0.784865 0.439688
vt 0.755714 0.391061
vt 0.802096 0.465472
vt 0.787697 0.443084
vt 0.790012 0.445169
vt 0.858407 0.485839
vt 0.809741 0.462425
vt 0.780139 0.429122
vt 0.792699 0.447677
vt 0.885185 0.482619
vt 0.790000 0.449611
vt 0.420395 0.584937
vt 0.788779 0.450739
vt 0.758595 0.404382
vt 0.834594 0.488116
vt 0.780483 0.443262
vt 0.767677 0.411950
vt 0.770757 0.405539
vt 0.767048 0.422547
vt 0.868527 0.485564
vt 0.764295 0.428695
vt 0.869648 0.493157
vt 0.764010 0.410104
vt 0.859905 0.479589
vt 0.790447 0.450347
vt 0.776851 0.438080
vt 0.834574 0.480622
vt 0.797119 0.463284
vt 0.860408 0.491911
vt 0.788513 0.451439
vt 0.761878 0.428839
vt 0.771054 0.444864
vt 0.750563 0.408091
vt 0.794414 0.455071
vt 0.830936 0.476609
vt 0.765828 0.437444
vt 0.790513 0.455565
vt 0.726403 0.421212
vt 0.846463 0.491265
vt 0.893410 0.485686
vt 0.790602 0.459421
vt 0.779340 0.462296
vt 0.764991 0.429070
vt 0.755949 0.458646
vt 0.827900 0.485243
vt 0.793364 0.462213
vt 0.721011 0.425186
vt 0.755355 0.431403
vt 0.757326 0.371390
vt 0.793177 0.466583
vt 0.760460 0.439338
vt 0.727900 0.427126
vt 0.801521 0.466708
vt 0.735603 0.422233
vt 0.846610 0.499086
vt 0.797821 0.464851
vt 0.764809 0.451841
vt 0.766252 0.450285
vt 0.748218 0.439380
vt 0.757675 0.437006
vt 0.741365 0.435711
vt 0.769544 0.451358
vt 0.804666 0.474701
vt 0.825730 0.487584
vt 0.793687 0.471697
vt 0.831954 0.506676
vt 0.762107 0.457079
vt 0.844298 0.534260
vt 0.796234 0.475319
vt 0.778401 0.473488
vt 0.720259 0.418650
vt 0.764974 0.467313
vt 0.774891 0.462038
vt 0.769492 0.462192
vt 0.732051 0.443102
vt 0.818726 0.489273
vt 0.774872 0.464991
vt 0.775644 0.469530
vt 0.789626 0.477423
vt 0.825464 0.503572
vt 0.721858 0.432608
vt 0.769740 0.466692
vt 0.767418 0.485755
vt 0.786377 0.481899
vt 0.774074 0.484911
vt 0.775782 0.478739
vt 0.811140 0.481084
vt 0.788258 0.528394
vt 0.807261 0.478316
vt 0.735786 0.435381
vt 0.725079 0.449517
vt 0.835543 0.515816
vt 0.790929 0.487788
vt 0.799830 0.510282
vt 0.729752 0.450918
vt 0.818285 0.482578
vt 0.793535 0.481932
vt 0.779463 0.478487
vt 0.822410 0.525161
vt 0.803721 0.499012
vt 0.813520 0.488738
vt 0.805848 0.485170
vt 0.736187 0.457815
vt 0.804879 0.488741
vt 0.802217 0.482126
vt 0.804937 0.479158
vt 0.792719 0.494202
vt 0.724349 0.455561
vt 0.799248 0.498923
vt 0.818547 0.510038
vt 0.808073 0.493819
vt 0.418161 0.610665
vt 0.771410 0.501122
vt 0.804221 0.515812
vt 0.813126 0.509830
vt 0.808121 0.508662
vt 0.806221 0.500941
vt 0.792039 0.512087
vt 0.777454 0.486284
vt 0.736759 0.463577
vt 0.764455 0.510023
vt 0.785114 0.487093
vt 0.786755 0.496744
vt 0.787803 0.493381
vt 0.797254 0.504243
vt 0.728733 0.465376
vt 0.790369 0.502206
vt 0.746059 0.474036
vt 0.794396 0.500596
vt 0.781559 0.517502
vt 0.747972 0.491184
vt 0.749627 0.480658
vt 0.758137 0.494489
vt 0.735397 0.475689
vt 0.762094 0.515368
vt 0.739706 0.484039
vt 0.802577 0.538588
vt 0.751604 0.509625
vt 0.731088 0.483431
vt 0.727793 0.486458
vt 0.412816 0.627703
vt 0.718023 0.450651
vt 0.505550 0.536705
vt 0.500170 0.535331
vt 0.522334 0.528341
vt 0.517448 0.540819
vt 0.520969 0.549647
vt 0.511691 0.529583
vt 0.495861 0.546099
vt 0.522238 0.521630
vt 0.513147 0.519966
vt 0.505858 0.527520
vt 0.503499 0.520994
vt 0.494554 0.537884
vt 0.506111 0.543609
vt 0.490755 0.539557
vt 0.509971 0.555105
vt 0.499950 0.526403
vt 0.526822 0.546018
vt 0.490011 0.549138
vt 0.526760 0.536606
vt 0.499924 0.516829
vt 0.500303 0.548549
vt 0.500536 0.554346
vt 0.497719 0.553333
vt 0.503279 0.512715
vt 0.494991 0.557936
vt 0.508758 0.560946
vt 0.500385 0.563023
vt 0.529964 0.556744
vt 0.487644 0.542383
vt 0.495426 0.526894
vt 0.487242 0.534095
vt 0.519635 0.513470
vt 0.512669 0.566681
vt 0.474847 0.535029
vt 0.474734 0.525448
vt 0.472810 0.552446
vt 0.462314 0.530772
vt 0.497393 0.512715
vt 0.478365 0.534458
vt 0.487065 0.547819
vt 0.476972 0.528315
vt 0.532319 0.526210
vt 0.451687 0.539067
vt 0.460863 0.506012
vt 0.436851 0.534318
vt 0.462877 0.524329
vt 0.476935 0.525549
vt 0.796200 0.353007
vt 0.464118 0.532179
vt 0.529849 0.513258
vt 0.531135 0.545197
vt 0.455568 0.554193
vt 0.490610 0.557960
vt 0.523177 0.506486
vt 0.489704 0.510048
vt 0.438970 0.551451
vt 0.510888 0.506958
vt 0.448187 0.539700
vt 0.449289 0.514139
vt 0.471927 0.517606
vt 0.490181 0.517765
vt 0.443067 0.550599
vt 0.468641 0.546553
vt 0.480433 0.546577
vt 0.471234 0.509697
vt 0.486301 0.505491
vt 0.495187 0.503215
vt 0.453289 0.506815
vt 0.488673 0.523656
vt 0.499999 0.501088
vt 0.462986 0.543669
vt 0.499822 0.571544
vt 0.479412 0.555745
vt 0.510174 0.500841
vt 0.454461 0.508901
vt 0.498194 0.577323
vt 0.496051 0.567200
vt 0.497735 0.581610
vt 0.536899 0.531803
vt 0.537600 0.544647
vt 0.549431 0.536965
vt 0.467266 0.500416
vt 0.550297 0.518501
vt 0.538615 0.523292
vt 0.010285 0.320344
vt 0.517911 0.492102
vt 0.478748 0.507399
vt 0.521392 0.577003
vt 0.475303 0.565949
vt 0.488617 0.499027
vt 0.537719 0.506404
vt 0.449043 0.501856
vt 0.436002 0.559871
vt 0.495607 0.490406
vt 0.498792 0.498848
vt 0.507061 0.580701
vt 0.482219 0.570703
vt 0.735245 0.393592
vt 0.465756 0.487182
vt 0.461848 0.579798
vt 0.457597 0.503160
vt 0.539304 0.563395
vt 0.005577 0.281646
vt 0.488730 0.493862
vt 0.483485 0.579710
vt 0.539200 0.508518
vt 0.504031 0.490786
vt 0.430071 0.552695
vt 0.517009 0.589783
vt 0.562579 0.501764
vt 0.427569 0.576473
vt 0.483487 0.583592
vt 0.513503 0.490623
vt 0.441777 0.578679
vt 0.439465 0.566163
vt 0.545248 0.509949
vt 0.461806 0.491126
vt 0.529450 0.497168
vt 0.540782 0.497630
vt 0.484760 0.593752
vt 0.504385 0.592320
vt 0.461100 0.502483
vt 0.500194 0.486821
vt 0.455440 0.501689
vt 0.537878 0.500145
vt 0.493146 0.589403
vt 0.459256 0.572293
vt 0.532222 0.492580
vt 0.520678 0.595949
vt 0.432128 0.584152
vt 0.499528 0.481670
vt 0.727658 0.405405
vt 0.545999 0.497904
vt 0.723496 0.409035
vt 0.719675 0.420611
vt 0.518461 0.483813
vt 0.536719 0.574198
vt 0.469833 0.585710
vt 0.497953 0.596927
vt 0.478087 0.587968
vt 0.503840 0.599906
vt 0.494865 0.478878
vt 0.449064 0.579114
vt 0.454400 0.483918
vt 0.881325 0.513423
vt 0.478282 0.594818
vt 0.399584 0.655148
vt 0.473037 0.585703
vt 0.529273 0.478731
vt 0.506423 0.481703
vt 0.451540 0.480560
vt 0.391721 0.660264
vt 0.519986 0.479445
vt 0.509444 0.605047
vt 0.515949 0.597430
vt 0.494792 0.602373
vt 0.512665 0.476605
vt 0.725051 0.476547
vt 0.558837 0.490799
vt 0.509569 0.475806
vt 0.501258 0.470660
vt 0.429023 0.591707
vt 0.001170 0.259243
vt 0.458862 0.605542
vt 0.471768 0.464952
vt 0.486990 0.474739
vt 0.495437 0.469313
vt 0.478510 0.598741
vt 0.500203 0.468798
vt 0.516576 0.471232
vt 0.459946 0.595055
vt 0.419018 0.654419
vt 0.521986 0.469550
vt 0.423668 0.588734
vt 0.525371 0.612457
vt 0.521410 0.622252
vt 0.540527 0.472356
vt 0.438733 0.608228
vt 0.478471 0.606417
vt 0.530202 0.474744
vt 0.564187 0.464161
vt 0.416198 0.645637
vt 0.491909 0.458201
vt 0.503449 0.614401
vt 0.515276 0.614715
vt 0.447502 0.602623
vt 0.513387 0.465290
vt 0.395440 0.660620
vt 0.503263 0.465244
vt 0.420632 0.590685
vt 0.413237 0.651546
vt 0.515579 0.631303
vt 0.515185 0.661437
vt 0.470559 0.611342
vt 0.490576 0.450527
vt 0.778063 0.533683
vt 0.485892 0.616500
vt 0.521881 0.466498
vt 0.424386 0.617540
vt 0.544588 0.470998
vt 0.519907 0.462826
vt 0.475652 0.618628
vt 0.485779 0.440508
vt 0.507408 0.460955
vt 0.544156 0.447235
vt 0.467337 0.617300
vt 0.494254 0.617692
vt 0.760096 0.521990
vt 0.505728 0.454073
vt 0.522942 0.460214
vt 0.507669 0.624529
vt 0.438732 0.614839
vt 0.415600 0.623390
vt 0.476877 0.620610
vt 0.454881 0.607108
vt 0.420622 0.624795
vt 0.412684 0.636173
vt 0.487926 0.622342
vt 0.425602 0.622848
vt 0.522524 0.457746
vt 0.439866 0.622486
vt 0.543891 0.460142
vt 0.421944 0.637772
vt 0.433176 0.653838
vt 0.519488 0.455801
vt 0.533250 0.466885
vt 0.489854 0.441112
vt 0.500696 0.446055
vt 0.439235 0.627006
vt 0.500053 0.448544
vt 0.511920 0.453381
vt 0.460461 0.628180
vt 0.427410 0.642046
vt 0.515423 0.448100
vt 0.456548 0.639129
vt 0.447526 0.622379
vt 0.439734 0.670624
vt 0.500461 0.637753
vt 0.525274 0.449114
vt 0.437675 0.633827
vt 0.535329 0.453990
vt 0.524511 0.452604
vt 0.439346 0.639015
vt 0.446551 0.647473
vt 0.506769 0.446116
vt 0.495085 0.629531
vt 0.503619 0.652974
vt 0.491859 0.436314
vt 0.563747 0.453726
vt 0.473675 0.628509
vt 0.480345 0.624879
vt 0.561365 0.446243
vt 0.577725 0.442542
vt 0.487609 0.640179
vt 0.494867 0.447930
vt 0.573641 0.475612
vt 0.549211 0.444648
vt 0.435187 0.674069
vt 0.459718 0.647828
vt 0.439052 0.666673
vt 0.576448 0.435436
vt 0.571004 0.445035
vt 0.551875 0.439740
vt 0.469580 0.630474
vt 0.542293 0.441081
vt 0.507988 0.436707
vt 0.002879 0.196804
vt 0.470809 0.633532
vt 0.512934 0.444024
vt 0.577331 0.446097
vt 0.518882 0.440475
vt 0.529871 0.443599
vt 0.499323 0.667907
vt 0.576756 0.453468
vt 0.482245 0.686143
vt 0.495877 0.640896
vt 0.447172 0.655491
vt 0.533922 0.441049
vt 0.444055 0.659858
vt 0.495828 0.662335
vt 0.441637 0.676228
vt 0.473551 0.687368
vt 0.515931 0.432509
vt 0.541197 0.440233
vt 0.460573 0.686294
vt 0.478456 0.685315
vt 0.489826 0.647989
vt 0.518193 0.432451
vt 0.505246 0.433091
vt 0.485413 0.647759
vt 0.444352 0.665414
vt 0.484156 0.660703
vt 0.485400 0.670827
vt 0.476339 0.679088
vt 0.455540 0.653442
vt 0.451535 0.658698
vt 0.468273 0.648908
vt 0.458544 0.655310
vt 0.475414 0.663088
vt 0.472908 0.680340
vt 0.459818 0.677298
vt 0.478700 0.661569
vt 0.476425 0.671907
vt 0.462150 0.671047
vt 0.460132 0.656551
vt 0.911771 0.743651
vt 0.084775 0.032344
vt 0.962853 0.761485
vt 0.910757 0.745772
vt 0.928720 0.754457
vt 0.956058 0.761966
vt 0.946043 0.760284
vt 0.953964 0.763191
vt 0.916225 0.765039
vt 0.949090 0.767904
vt 0.901396 0.751164
vt 0.952954 0.768647
vt 0.961049 0.778894
vt 0.906297 0.756965
vt 0.931333 0.762945
vt 0.946034 0.771871
vt 0.901840 0.757120
vt 0.960443 0.774581
vt 0.950601 0.775775
vt 0.922759 0.763181
vt 0.942162 0.778216
vt 0.949124 0.772973
vt 0.956782 0.777994
vt 0.897622 0.740647
vt 0.234973 0.538478
vt 0.918491 0.767885
vt 0.945013 0.779701
vt 0.232141 0.535575
vt 0.903665 0.777942
vt 0.908164 0.765855
vt 0.936075 0.776747
vt 0.952310 0.783410
vt 0.915451 0.772465
vt 0.930633 0.780067
vt 0.916325 0.770216
vt 0.908383 0.775436
vt 0.946292 0.793485
vt 0.898963 0.780532
vt 0.910452 0.775541
vt 0.940967 0.782966
vt 0.933040 0.786470
vt 0.946571 0.788511
vt 0.925544 0.784003
vt 0.936755 0.801602
vt 0.898738 0.781609
vt 0.923664 0.787001
vt 0.938536 0.785679
vt 0.902413 0.781012
vt 0.911690 0.789776
vt 0.905407 0.790200
vt 0.897358 0.789900
vt 0.938902 0.793345
vt 0.901784 0.792663
vt 0.905259 0.802727
vt 0.939278 0.799786
vt 0.933757 0.791682
vt 0.908995 0.795990
vt 0.928504 0.791395
vt 0.931665 0.798142
vt 0.918451 0.792790
vt 0.927720 0.792787
vt 0.924347 0.795341
vt 0.921109 0.794941
vt 0.917317 0.796680
vt 0.909720 0.800688
vt 0.928034 0.797802
vt 0.913301 0.803069
vt 0.920707 0.801059
vt 0.924005 0.796840
vt 0.926603 0.801853
vt 0.918132 0.800551
vt 0.912936 0.797724
vt 0.903209 0.818305
vt 0.900994 0.799982
vt 0.903869 0.814125
vt 0.685346 0.686930
vt 0.645767 0.678653
vt 0.639489 0.689175
vt 0.641082 0.699388
vt 0.644163 0.685544
vt 0.777441 0.543167
vt 0.643852 0.698097
vt 0.654832 0.684197
vt 0.651189 0.693231
vt 0.677518 0.686547
vt 0.671679 0.679364
vt 0.642091 0.673847
vt 0.660569 0.688501
vt 0.652753 0.680749
vt 0.774767 0.556271
vt 0.650144 0.703356
vt 0.658662 0.689958
vt 0.656319 0.712176
vt 0.659513 0.695726
vt 0.658773 0.705595
vt 0.643246 0.716085
vt 0.115097 0.502642
vt 0.652856 0.728437
vt 0.589263 0.831739
vt 0.618237 0.819885
vt 0.619579 0.819299
vt 0.643052 0.744170
vt 0.658461 0.715847
vt 0.660073 0.798124
vt 0.626926 0.818821
vt 0.628734 0.830366
vt 0.675696 0.718050
vt 0.772963 0.592015
vt 0.686908 0.727479
vt 0.620612 0.812810
vt 0.663878 0.729444
vt 0.640662 0.758528
vt 0.610699 0.782154
vt 0.639309 0.769678
vt 0.649745 0.767491
vt 0.686923 0.738808
vt 0.647442 0.781463
vt 0.632231 0.787383
vt 0.594778 0.839843
vt 0.609582 0.807349
vt 0.623241 0.777119
vt 0.625848 0.783545
vt 0.628120 0.766283
vt 0.632675 0.769125
vt 0.629231 0.771878
vt 0.645790 0.771854
vt 0.644954 0.773259
vt 0.625914 0.788650
vt 0.643380 0.773576
vt 0.659804 0.798610
vt 0.615896 0.834252
vt 0.615678 0.768883
vt 0.600532 0.779112
vt 0.691241 0.736277
vt 0.616356 0.788245
vt 0.624984 0.798283
vt 0.618800 0.802486
vt 0.622152 0.809260
vt 0.612631 0.752358
vt 0.614185 0.771178
vt 0.606268 0.796878
vt 0.618168 0.792160
vt 0.619914 0.790402
vt 0.653085 0.772050
vt 0.614939 0.763604
vt 0.648373 0.768923
vt 0.611134 0.797415
vt 0.639607 0.798594
vt 0.644860 0.759264
vt 0.607345 0.788023
vt 0.603579 0.798519
vt 0.617303 0.830810
vt 0.590521 0.785428
vt 0.611366 0.793488
vt 0.600550 0.795272
vt 0.653172 0.781780
vt 0.633657 0.795137
vt 0.657133 0.790298
vt 0.643815 0.801080
vt 0.606668 0.763254
vt 0.612956 0.760405
vt 0.611816 0.763259
vt 0.618238 0.761900
vt 0.591730 0.781251
vt 0.622896 0.763410
vt 0.642516 0.735356
vt 0.617187 0.757820
vt 0.606792 0.776969
vt 0.598624 0.789882
vt 0.597668 0.802875
vt 0.602119 0.808599
vt 0.614414 0.798632
vt 0.605344 0.811750
vt 0.610847 0.815991
vt 0.602482 0.773637
vt 0.597719 0.786662
vt 0.609905 0.784968
vt 0.601682 0.800882
vt 0.612053 0.798997
vt 0.635241 0.819571
vt 0.666790 0.808526
vt 0.613790 0.784006
vt 0.644969 0.794135
vt 0.597969 0.771788
vt 0.608284 0.777620
vt 0.611570 0.785054
vt 0.598664 0.806132
vt 0.597265 0.792988
vt 0.593264 0.796394
vt 0.663991 0.772672
vt 0.653646 0.798056
vt 0.666273 0.811433
vt 0.605680 0.768657
vt 0.622847 0.755073
vt 0.601892 0.788399
vt 0.598450 0.826932
vt 0.642076 0.797439
vt 0.609170 0.817544
vt 0.638384 0.801492
vt 0.615639 0.753581
vt 0.648871 0.805974
vt 0.630164 0.813575
vt 0.642353 0.735120
vt 0.609915 0.836180
vt 0.636726 0.826524
vt 0.781215 0.664225
vt 0.583574 0.794922
vt 0.589908 0.795332
vt 0.585739 0.800361
vt 0.592108 0.800666
vt 0.656202 0.807670
vt 0.629944 0.821767
vt 0.641306 0.828823
vt 0.584906 0.783534
vt 0.580521 0.822936
vt 0.648568 0.814803
vt 0.580016 0.794440
vt 0.661970 0.758447
vt 0.587265 0.824592
vt 0.639736 0.819972
vt 0.595401 0.806482
vt 0.659827 0.770446
vt 0.665886 0.789077
vt 0.655611 0.808587
vt 0.632598 0.755656
vt 0.591430 0.768967
vt 0.591594 0.774631
vt 0.699183 0.740484
vt 0.586149 0.793687
vt 0.708438 0.723962
vt 0.663586 0.761460
vt 0.781902 0.677520
vt 0.669655 0.790483
vt 0.624593 0.854735
vt 0.665489 0.777312
vt 0.575826 0.784818
vt 0.616341 0.750721
vt 0.652117 0.749077
vt 0.667230 0.772029
vt 0.598121 0.832286
vt 0.625259 0.838399
vt 0.576870 0.780555
vt 0.578719 0.776953
vt 0.564053 0.798777
vt 0.572007 0.813235
vt 0.655741 0.812242
vt 0.648528 0.831266
vt 0.564400 0.789829
vt 0.626495 0.746316
vt 0.662391 0.743973
vt 0.666659 0.812216
vt 0.769512 0.630023
vt 0.569205 0.789438
vt 0.570484 0.795253
vt 0.665805 0.748009
vt 0.645420 0.748587
vt 0.641918 0.842845
vt 0.650456 0.746292
vt 0.638843 0.745047
vt 0.573752 0.803843
vt 0.668446 0.799446
vt 0.637634 0.742202
vt 0.649566 0.747297
vt 0.564022 0.788477
vt 0.582104 0.831368
vt 0.663554 0.827802
vt 0.656358 0.814087
vt 0.657938 0.825442
vt 0.676747 0.801010
vt 0.652025 0.834840
vt 0.557440 0.800946
vt 0.676868 0.801567
vt 0.599349 0.840989
vt 0.681796 0.743191
vt 0.679954 0.805400
vt 0.617112 0.846461
vt 0.680631 0.789402
vt 0.598468 0.844977
vt 0.557160 0.813769
vt 0.691787 0.749256
vt 0.575397 0.850556
vt 0.595674 0.867233
vt 0.635053 0.854978
vt 0.659178 0.830103
vt 0.565777 0.809260
vt 0.681331 0.758568
vt 0.696118 0.747220
vt 0.672621 0.782698
vt 0.684820 0.788007
vt 0.612223 0.844615
vt 0.553606 0.803891
vt 0.558345 0.793562
vt 0.676382 0.818524
vt 0.709202 0.744142
vt 0.690848 0.746252
vt 0.670691 0.766671
vt 0.611820 0.875339
vt 0.696183 0.750349
vt 0.672862 0.775284
vt 0.686219 0.795606
vt 0.681519 0.827398
vt 0.702745 0.756290
vt 0.697660 0.753329
vt 0.695403 0.787311
vt 0.699207 0.753330
vt 0.702961 0.758525
vt 0.690810 0.829278
vt 0.703476 0.752230
vt 0.700341 0.752345
vt 0.706880 0.763131
vt 0.699210 0.798607
vt 0.677734 0.775753
vt 0.681158 0.778722
vt 0.702954 0.755366
vt 0.697739 0.803128
vt 0.668758 0.827450
vt 0.696091 0.753196
vt 0.675053 0.769728
vt 0.691579 0.825700
vt 0.667761 0.836172
vt 0.688313 0.784057
vt 0.631107 0.869582
vt 0.676651 0.750607
vt 0.687068 0.775604
vt 0.560747 0.846143
vt 0.710798 0.788808
vt 0.680076 0.765057
vt 0.646923 0.866430
vt 0.693026 0.755831
vt 0.680494 0.770157
vt 0.698832 0.774100
vt 0.692954 0.775485
vt 0.672977 0.822473
vt 0.709142 0.735509
vt 0.695109 0.783550
vt 0.699109 0.812061
vt 0.695878 0.823153
vt 0.637797 0.874617
vt 0.710065 0.793335
vt 0.695783 0.820708
vt 0.678324 0.842772
vt 0.552731 0.798638
vt 0.704098 0.777009
vt 0.704923 0.802527
vt 0.682205 0.772149
vt 0.636336 0.868993
vt 0.708546 0.796883
vt 0.698559 0.779973
vt 0.693489 0.836493
vt 0.621098 0.873414
vt 0.684784 0.760636
vt 0.541135 0.822529
vt 0.707829 0.799433
vt 0.695073 0.826233
vt 0.659337 0.851807
vt 0.714705 0.782435
vt 0.693488 0.829715
vt 0.684301 0.773529
vt 0.693836 0.831768
vt 0.688353 0.834972
vt 0.710262 0.749867
vt 0.717204 0.778352
vt 0.716529 0.782789
vt 0.704470 0.830709
vt 0.726808 0.733516
vt 0.680186 0.768102
vt 0.556046 0.831926
vt 0.681886 0.766283
vt 0.680229 0.767845
vt 0.730610 0.815668
vt 0.694561 0.848006
vt 0.720101 0.759764
vt 0.565413 0.859803
vt 0.672333 0.850056
vt 0.723522 0.793379
vt 0.712722 0.821948
vt 0.680939 0.768025
vt 0.690954 0.838624
vt 0.683105 0.848364
vt 0.549372 0.831629
vt 0.719915 0.771974
vt 0.723653 0.780850
vt 0.697679 0.829016
vt 0.644775 0.868628
vt 0.708867 0.823481
vt 0.583207 0.857653
vt 0.720064 0.753920
vt 0.707253 0.828211
vt 0.659049 0.871267
vt 0.720700 0.751527
vt 0.701897 0.836025
vt 0.718674 0.778076
vt 0.674665 0.868127
vt 0.655303 0.867723
vt 0.695631 0.842965
vt 0.720243 0.765653
vt 0.693784 0.853691
vt 0.724086 0.742514
vt 0.544151 0.839269
vt 0.723942 0.778822
vt 0.690729 0.853621
vt 0.552007 0.850249
vt 0.702318 0.838966
vt 0.720982 0.751663
vt 0.725776 0.741490
vt 0.706981 0.832701
vt 0.738067 0.760362
vt 0.720942 0.757422
vt 0.735484 0.803811
vt 0.740568 0.754628
vt 0.696447 0.844130
vt 0.715771 0.836080
vt 0.703558 0.841195
vt 0.743035 0.744210
vt 0.706466 0.839068
vt 0.696798 0.856333
vt 0.700999 0.844634
vt 0.647450 0.875799
vt 0.734138 0.792688
vt 0.699734 0.856037
vt 0.579237 0.870301
vt 0.706102 0.844791
vt 0.731078 0.777036
vt 0.709480 0.841613
vt 0.701580 0.853410
vt 0.646182 0.880397
vt 0.534646 0.833155
vt 0.101090 0.449704
vt 0.699253 0.857723
vt 0.639677 0.878354
vt 0.586633 0.861654
vt 0.672691 0.876543
vt 0.619651 0.884328
vt 0.555303 0.860811
vt 0.762159 0.739966
vt 0.548488 0.848679
vt 0.742884 0.783362
vt 0.745402 0.810535
vt 0.734279 0.822285
vt 0.673572 0.880301
vt 0.743458 0.791096
vt 0.745022 0.800348
vt 0.552414 0.860935
vt 0.918802 0.213746
vt 0.743285 0.782069
vt 0.841158 0.679265
vt 0.834243 0.678293
vt 0.523754 0.830498
vt 0.900357 0.191141
vt 0.888784 0.181982
vt 0.599823 0.874989
vt 0.743711 0.758971
vt 0.765815 0.740072
vt 0.915399 0.209494
vt 0.911561 0.208727
vt 0.728675 0.832650
vt 0.799821 0.696374
vt 0.726588 0.833337
vt 0.763744 0.747270
vt 0.766030 0.741668
vt 0.745928 0.804556
vt 0.687668 0.871970
vt 0.730790 0.842711
vt 0.668357 0.874419
vt 0.882030 0.178053
vt 0.886152 0.691671
vt 0.887847 0.689944
vt 0.882515 0.692883
vt 0.862690 0.689077
vt 0.661099 0.877523
vt 0.748252 0.758873
vt 0.904900 0.195671
vt 0.902192 0.193273
vt 0.746035 0.813901
vt 0.791214 0.703680
vt 0.796597 0.699288
vt 0.797306 0.698480
vt 0.736472 0.824291
vt 0.874859 0.175566
vt 0.873185 0.173953
vt 0.895070 0.689987
vt 0.858996 0.688874
vt 0.878317 0.691211
vt 0.864834 0.690033
vt 0.856388 0.167203
vt 0.729911 0.844198
vt 0.851146 0.683287
vt 0.846773 0.681216
vt 0.527159 0.834265
vt 0.760389 0.754801
vt 0.531371 0.838877
vt 0.542408 0.851994
vt 0.785888 0.711800
vt 0.572686 0.875763
vt 0.730812 0.837579
vt 0.803206 0.692650
vt 0.861834 0.169449
vt 0.609557 0.885550
vt 0.618192 0.887643
vt 0.818068 0.681845
vt 0.630264 0.886389
vt 0.833369 0.679413
vt 0.697560 0.862180
vt 0.057094 0.102225
vt 0.655729 0.190548
vt 0.658154 0.178406
vt 0.668385 0.167489
vt 0.627972 0.208474
vt 0.038663 0.033494
vt 0.567750 0.234063
vt 0.638260 0.210513
vt 0.646272 0.198765
vt 0.621796 0.215667
vt 0.661709 0.192323
vt 0.598459 0.223851
vt 0.576452 0.237105
vt 0.661382 0.187821
vt 0.640553 0.213948
vt 0.599692 0.230005
vt 0.569348 0.245329
vt 0.670065 0.182103
vt 0.645349 0.218076
vt 0.655341 0.202154
vt 0.646585 0.211193
vt 0.658313 0.206899
vt 0.614955 0.229346
vt 0.682011 0.191040
vt 0.662782 0.197764
vt 0.594384 0.254297
vt 0.685681 0.191515
vt 0.561373 0.237732
vt 0.637766 0.223789
vt 0.593397 0.244961
vt 0.598325 0.238852
vt 0.571443 0.258505
vt 0.681914 0.196449
vt 0.685333 0.193963
vt 0.730017 0.226906
vt 0.697090 0.219267
vt 0.682303 0.220334
vt 0.700025 0.233136
vt 0.714982 0.239244
vt 0.680510 0.214500
vt 0.674736 0.221916
vt 0.689230 0.192455
vt 0.708612 0.218320
vt 0.692691 0.251632
vt 0.665344 0.213697
vt 0.673277 0.226208
vt 0.625410 0.238826
vt 0.110857 0.589977
vt 0.716907 0.213149
vt 0.724196 0.217618
vt 0.688770 0.241096
vt 0.739848 0.228589
vt 0.709097 0.231899
vt 0.715651 0.219267
vt 0.719778 0.209805
vt 0.694215 0.223798
vt 0.698871 0.214391
vt 0.707384 0.263987
vt 0.098172 0.594292
vt 0.646809 0.246509
vt 0.686393 0.240980
vt 0.667219 0.238190
vt 0.703036 0.239810
vt 0.710086 0.246456
vt 0.692305 0.214838
vt 0.713861 0.218209
vt 0.586121 0.270221
vt 0.719192 0.252897
vt 0.665985 0.239499
vt 0.733693 0.215708
vt 0.577189 0.266228
vt 0.732989 0.212823
vt 0.582197 0.282638
vt 0.632260 0.269213
vt 0.714827 0.215076
vt 0.671677 0.243044
vt 0.115442 0.585308
vt 0.572133 0.265285
vt 0.269192 0.582874
vt 0.703639 0.207802
vt 0.713939 0.210733
vt 0.576278 0.275211
vt 0.711941 0.208108
vt 0.706276 0.252721
vt 0.705369 0.205478
vt 0.696185 0.258363
vt 0.928966 0.804241
vt 0.639925 0.255624
vt 0.621842 0.271137
vt 0.580805 0.288865
vt 0.681093 0.252019
vt 0.707607 0.202040
vt 0.693971 0.266396
vt 0.755735 0.227114
vt 0.606145 0.289354
vt 0.736508 0.526538
vt 0.735152 0.255985
vt 0.745578 0.229563
vt 0.722792 0.242469
vt 0.696337 0.273753
vt 0.718332 0.262882
vt 0.685815 0.264564
vt 0.690435 0.267657
vt 0.680548 0.256233
vt 0.659570 0.260400
vt 0.756315 0.222560
vt 0.668066 0.250201
vt 0.742774 0.267245
vt 0.606057 0.279954
vt 0.682878 0.270904
vt 0.762117 0.224996
vt 0.758316 0.232082
vt 0.711990 0.197090
vt 0.682529 0.274198
vt 0.741189 0.273634
vt 0.709385 0.204151
vt 0.688335 0.547088
vt 0.741259 0.292701
vt 0.726202 0.280723
vt 0.742813 0.279185
vt 0.706087 0.276293
vt 0.740433 0.286198
vt 0.732787 0.286660
vt 0.685830 0.271848
vt 0.709153 0.289748
vt 0.674309 0.269882
vt 0.733139 0.276964
vt 0.721607 0.287336
vt 0.740357 0.271314
vt 0.584701 0.292048
vt 0.679448 0.274016
vt 0.680685 0.284190
vt 0.729116 0.278764
vt 0.736420 0.274296
vt 0.657044 0.282873
vt 0.699450 0.281846
vt 0.720977 0.289123
vt 0.661701 0.285266
vt 0.724871 0.281738
vt 0.674911 0.286915
vt 0.717714 0.284972
vt 0.672678 0.278454
vt 0.733841 0.293510
vt 0.681229 0.287193
vt 0.662426 0.269298
vt 0.743603 0.300476
vt 0.668007 0.286032
vt 0.673650 0.558981
vt 0.638017 0.290914
vt 0.715960 0.291143
vt 0.709438 0.293791
vt 0.600636 0.311849
vt 0.670168 0.285607
vt 0.682033 0.297440
vt 0.620727 0.308196
vt 0.707388 0.293364
vt 0.719363 0.300440
vt 0.688278 0.287534
vt 0.740048 0.305966
vt 0.598070 0.313344
vt 0.719483 0.311357
vt 0.705557 0.300970
vt 0.666635 0.306000
vt 0.712892 0.304162
vt 0.609117 0.321768
vt 0.738337 0.309275
vt 0.694254 0.302016
vt 0.610036 0.309624
vt 0.717644 0.316007
vt 0.625444 0.297119
vt 0.681421 0.302573
vt 0.655350 0.301650
vt 0.740839 0.317991
vt 0.610822 0.316378
vt 0.650273 0.299815
vt 0.747335 0.316144
vt 0.619175 0.309417
vt 0.680725 0.307562
vt 0.622544 0.314478
vt 0.728323 0.319556
vt 0.698649 0.316162
vt 0.638774 0.303350
vt 0.569674 0.365849
vt 0.664321 0.576703
vt 0.655971 0.309040
vt 0.692587 0.325499
vt 0.607363 0.323557
vt 0.747013 0.320908
vt 0.625419 0.314638
vt 0.723489 0.324973
vt 0.675238 0.312708
vt 0.675395 0.318789
vt 0.609906 0.332620
vt 0.638419 0.307755
vt 0.622957 0.327274
vt 0.563375 0.380079
vt 0.601642 0.338164
vt 0.661592 0.318672
vt 0.047406 0.569967
vt 0.567307 0.375639
vt 0.623471 0.323211
vt 0.747319 0.330809
vt 0.642315 0.317354
vt 0.574288 0.368007
vt 0.626956 0.322652
vt 0.637900 0.323926
vt 0.556028 0.378154
vt 0.558374 0.380324
vt 0.633679 0.323235
vt 0.625272 0.332687
vt 0.596136 0.353229
vt 0.604691 0.351527
vt 0.718282 0.329806
vt 0.620580 0.337926
vt 0.576399 0.381871
vt 0.685529 0.331844
vt 0.709386 0.338661
vt 0.593638 0.350398
vt 0.584279 0.362765
vt 0.672500 0.330837
vt 0.566423 0.387882
vt 0.740546 0.334466
vt 0.580015 0.388571
vt 0.577974 0.395887
vt 0.575864 0.398381
vt 0.620833 0.348839
vt 0.586783 0.361073
vt 0.653090 0.332426
vt 0.585020 0.380366
vt 0.601404 0.355868
vt 0.581132 0.393345
vt 0.681531 0.339556
vt 0.652463 0.326523
vt 0.637196 0.336582
vt 0.570289 0.395294
vt 0.590360 0.363855
vt 0.660789 0.340446
vt 0.632235 0.330608
vt 0.572388 0.394973
vt 0.672639 0.342407
vt 0.636673 0.349876
vt 0.749055 0.341027
vt 0.714329 0.351110
vt 0.579842 0.406501
vt 0.723311 0.337758
vt 0.580493 0.402702
vt 0.740546 0.352239
vt 0.722280 0.342137
vt 0.613746 0.363545
vt 0.629065 0.362716
vt 0.614901 0.357164
vt 0.686542 0.349606
vt 0.588467 0.390967
vt 0.621376 0.378081
vt 0.600325 0.386084
vt 0.649456 0.337490
vt 0.596396 0.367685
vt 0.648361 0.610134
vt 0.700584 0.347571
vt 0.689694 0.356526
vt 0.710158 0.352624
vt 0.623796 0.361482
vt 0.628677 0.366197
vt 0.585574 0.405217
vt 0.612840 0.381531
vt 0.587120 0.408542
vt 0.588959 0.410188
vt 0.672812 0.361249
vt 0.720100 0.360315
vt 0.655628 0.355337
vt 0.594982 0.397485
vt 0.646893 0.353817
vt 0.711376 0.356687
vt 0.646622 0.614724
vt 0.645708 0.615268
vt 0.646824 0.367846
vt 0.652363 0.366087
vt 0.665152 0.352154
vt 0.737705 0.361214
vt 0.750870 0.363336
vt 0.689508 0.363526
vt 0.609671 0.403495
vt 0.602967 0.408451
vt 0.715445 0.371628
vt 0.596813 0.417628
vt 0.724694 0.369507
vt 0.635405 0.372033
vt 0.666425 0.366251
vt 0.743059 0.370145
vt 0.676765 0.371718
vt 0.660477 0.375546
vt 0.751574 0.373430
vt 0.629574 0.379375
vt 0.614728 0.384661
vt 0.684497 0.368323
vt 0.610100 0.412720
vt 0.573251 0.406009
vt 0.495504 0.395751
vt 0.594784 0.419240
vt 0.623696 0.394219
vt 0.647287 0.370420
vt 0.618274 0.400336
vt 0.479671 0.353080
vt 0.681329 0.376127
vt 0.478204 0.349678
vt 0.475320 0.345968
vt 0.476221 0.348792
vt 0.738169 0.369983
vt 0.700846 0.373823
vt 0.643834 0.378461
vt 0.645913 0.371906
vt 0.474014 0.343749
vt 0.719219 0.375732
vt 0.607152 0.418159
vt 0.471098 0.340286
vt 0.492900 0.392131
vt 0.645025 0.377373
vt 0.618315 0.401713
vt 0.742289 0.375134
vt 0.674897 0.376502
vt 0.486094 0.373897
vt 0.711264 0.377332
vt 0.658658 0.376028
vt 0.459721 0.336996
vt 0.617425 0.403916
vt 0.697376 0.376645
vt 0.701760 0.377243
vt 0.698796 0.377070
vt 0.703369 0.377292
vt 0.399945 0.268252
vt 0.428120 0.305107
vt 0.683063 0.377186
vt 0.469043 0.339342
vt 0.609012 0.416465
vt 0.478824 0.350260
vt 0.480143 0.351168
vt 0.352018 0.334161
vt 0.105330 0.267970
vt 0.113105 0.290637
vt 0.354369 0.384768
vt 0.341216 0.378638
vt 0.346608 0.404848
vt 0.337818 0.390299
vt 0.322469 0.358357
vt 0.336323 0.325957
vt 0.329319 0.323632
vt 0.342483 0.400927
vt 0.338430 0.326375
vt 0.318417 0.350637
vt 0.325169 0.404647
vt 0.344233 0.312940
vt 0.312401 0.365813
vt 0.327232 0.346647
vt 0.335235 0.403565
vt 0.312574 0.399137
vt 0.317483 0.359728
vt 0.335196 0.313541
vt 0.349044 0.312617
vt 0.344093 0.400619
vt 0.099298 0.196892
vt 0.346211 0.300907
vt 0.314207 0.356354
vt 0.342975 0.298129
vt 0.312026 0.405830
vt 0.310344 0.365822
vt 0.306167 0.376686
vt 0.329373 0.410801
vt 0.346042 0.283149
vt 0.286767 0.329378
vt 0.334917 0.409509
vt 0.302691 0.354355
vt 0.288639 0.346149
vt 0.309373 0.299904
vt 0.297265 0.321547
vt 0.275414 0.342933
vt 0.296826 0.336348
vt 0.294696 0.338053
vt 0.294064 0.346655
vt 0.291052 0.315411
vt 0.301997 0.321620
vt 0.301564 0.329395
vt 0.299282 0.338856
vt 0.304916 0.314387
vt 0.304327 0.317754
vt 0.339709 0.261298
vt 0.303454 0.315238
vt 0.286977 0.351524
vt 0.307591 0.296989
vt 0.297663 0.305600
vt 0.304398 0.311555
vt 0.293365 0.356659
vt 0.301661 0.375383
vt 0.291777 0.377723
vt 0.317157 0.419619
vt 0.311691 0.407994
vt 0.287543 0.297410
vt 0.287564 0.375583
vt 0.295124 0.296449
vt 0.289159 0.365343
vt 0.304306 0.291046
vt 0.281788 0.306743
vt 0.265264 0.377736
vt 0.291450 0.289850
vt 0.301909 0.295472
vt 0.312746 0.419607
vt 0.278604 0.317178
vt 0.314145 0.425387
vt 0.339115 0.271650
vt 0.273561 0.379482
vt 0.277499 0.359726
vt 0.270459 0.331250
vt 0.307579 0.412656
vt 0.315297 0.417433
vt 0.269002 0.326907
vt 0.258024 0.330844
vt 0.273427 0.306747
vt 0.266655 0.346680
vt 0.291149 0.382251
vt 0.271165 0.304254
vt 0.253101 0.324305
vt 0.294939 0.281567
vt 0.273354 0.301244
vt 0.312626 0.432395
vt 0.258884 0.321221
vt 0.279630 0.385531
vt 0.301768 0.266451
vt 0.259889 0.347847
vt 0.336544 0.270997
vt 0.303907 0.429865
vt 0.271053 0.288577
vt 0.250459 0.323384
vt 0.302511 0.419409
vt 0.554855 0.384160
vt 0.304321 0.421197
vt 0.101541 0.183632
vt 0.310428 0.430903
vt 0.263227 0.355981
vt 0.312373 0.435715
vt 0.285852 0.384880
vt 0.306025 0.269266
vt 0.266763 0.289386
vt 0.272966 0.294667
vt 0.275165 0.403334
vt 0.248472 0.349136
vt 0.305471 0.441684
vt 0.259794 0.363222
vt 0.320860 0.271746
vt 0.309200 0.268067
vt 0.345939 0.244083
vt 0.296854 0.426354
vt 0.289581 0.267265
vt 0.260764 0.356825
vt 0.320926 0.265591
vt 0.363620 0.291070
vt 0.326925 0.262071
vt 0.288878 0.277093
vt 0.252073 0.367366
vt 0.332008 0.275608
vt 0.282193 0.390150
vt 0.276296 0.409689
vt 0.272415 0.284705
vt 0.255965 0.287378
vt 0.239783 0.347415
vt 0.275137 0.398066
vt 0.249283 0.356859
vt 0.261496 0.285249
vt 0.271777 0.279895
vt 0.258129 0.395465
vt 0.298498 0.444687
vt 0.295022 0.445361
vt 0.256565 0.369448
vt 0.285364 0.422699
vt 0.249592 0.284341
vt 0.302674 0.436704
vt 0.289736 0.431607
vt 0.327512 0.254701
vt 0.335954 0.249353
vt 0.340783 0.253617
vt 0.252275 0.377676
vt 0.267424 0.266623
vt 0.574146 0.406817
vt 0.281557 0.430517
vt 0.257128 0.378089
vt 0.270362 0.270846
vt 0.296818 0.439151
vt 0.266761 0.386869
vt 0.285121 0.257967
vt 0.243376 0.359740
vt 0.103635 0.165859
vt 0.257129 0.276475
vt 0.317020 0.256607
vt 0.290788 0.448858
vt 0.278082 0.416791
vt 0.271758 0.397655
vt 0.246923 0.384643
vt 0.266784 0.406070
vt 0.250661 0.280775
vt 0.286782 0.440383
vt 0.284441 0.438083
vt 0.312035 0.244564
vt 0.343866 0.236876
vt 0.286837 0.441538
vt 0.267745 0.407786
vt 0.228783 0.363037
vt 0.278954 0.430998
vt 0.746479 0.913882
vt 0.284257 0.444640
vt 0.305107 0.254463
vt 0.295711 0.251551
vt 0.332638 0.240967
vt 0.322127 0.241313
vt 0.271485 0.418308
vt 0.285601 0.447832
vt 0.272069 0.425559
vt 0.274956 0.429619
vt 0.245205 0.377061
vt 0.245445 0.368927
vt 0.237188 0.375308
vt 0.272813 0.438731
vt 0.256390 0.409656
vt 0.275593 0.439642
vt 0.278741 0.449522
vt 0.281280 0.453946
vt 0.268998 0.264585
vt 0.244595 0.403403
vt 0.241347 0.392404
vt 0.281698 0.454621
vt 0.230716 0.374080
vt 0.320862 0.233832
vt 0.301021 0.242083
vt 0.332379 0.235744
vt 0.330700 0.232960
vt 0.262887 0.258913
vt 0.897977 0.872223
vt 0.235888 0.382352
vt 0.285726 0.245887
vt 0.239969 0.394894
vt 0.263838 0.432574
vt 0.275162 0.442416
vt 0.277758 0.453565
vt 0.262654 0.417190
vt 0.256323 0.257219
vt 0.290456 0.236102
vt 0.866172 0.057660
vt 0.264493 0.422010
vt 0.227571 0.379475
vt 0.210865 0.382451
vt 0.262612 0.401851
vt 0.263867 0.426044
vt 0.345617 0.230853
vt 0.261149 0.421780
vt 0.914455 0.879738
vt 0.229227 0.379315
vt 0.753743 0.908887
vt 0.222190 0.367075
vt 0.277970 0.456589
vt 0.350593 0.228445
vt 0.584343 0.416196
vt 0.271809 0.449723
vt 0.217219 0.372231
vt 0.250620 0.397143
vt 0.268426 0.443460
vt 0.271155 0.443745
vt 0.234249 0.390039
vt 0.866751 0.043870
vt 0.269157 0.448308
vt 0.271575 0.448044
vt 0.313870 0.226283
vt 0.262394 0.430129
vt 0.251792 0.423111
vt 0.305606 0.235958
vt 0.588477 0.419784
vt 0.323387 0.229837
vt 0.236524 0.393164
vt 0.270599 0.458741
vt 0.256689 0.431112
vt 0.253873 0.420541
vt 0.264150 0.246965
vt 0.267643 0.452542
vt 0.327142 0.225508
vt 0.266874 0.254915
vt 0.242956 0.406633
vt 0.269144 0.461996
vt 0.269826 0.455029
vt 0.337938 0.219419
vt 0.220383 0.386789
vt 0.209296 0.376347
vt 0.237829 0.403702
vt 0.324846 0.218339
vt 0.244718 0.412500
vt 0.236530 0.402722
vt 0.239864 0.414286
vt 0.281238 0.238799
vt 0.345671 0.222572
vt 0.237453 0.419681
vt 0.261898 0.447954
vt 0.262263 0.442990
vt 0.264160 0.456287
vt 0.333025 0.211176
vt 0.226669 0.403612
vt 0.255844 0.443693
vt 0.234023 0.405797
vt 0.219534 0.392301
vt 0.257432 0.448793
vt 0.265321 0.462590
vt 0.267049 0.463006
vt 0.295599 0.229009
vt 0.247420 0.429195
vt 0.258324 0.453746
vt 0.294108 0.222597
vt 0.316169 0.217461
vt 0.282333 0.222760
vt 0.234194 0.232187
vt 0.243820 0.423609
vt 0.248058 0.251658
vt 0.767831 0.899661
vt 0.308669 0.222425
vt 0.768237 0.899305
vt 0.249660 0.441694
vt 0.771724 0.896910
vt 0.224399 0.411087
vt 0.260769 0.237685
vt 0.233565 0.414788
vt 0.261951 0.464529
vt 0.220487 0.415108
vt 0.197484 0.389235
vt 0.251031 0.440911
vt 0.216053 0.371757
vt 0.257995 0.456902
vt 0.231233 0.414776
vt 0.232456 0.411819
vt 0.228528 0.429348
vt 0.233210 0.430565
vt 0.321013 0.216774
vt 0.244186 0.438377
vt 0.245423 0.447963
vt 0.214219 0.401007
vt 0.218420 0.406955
vt 0.302226 0.215456
vt 0.215238 0.393322
vt 0.252918 0.432437
vt 0.202203 0.381826
vt 0.288699 0.216712
vt 0.296693 0.220950
vt 0.204680 0.376373
vt 0.245766 0.445098
vt 0.807927 0.669124
vt 0.252613 0.450774
vt 0.333184 0.206977
vt 0.306452 0.215810
vt 0.256255 0.461129
vt 0.234381 0.439499
vt 0.315539 0.211376
vt 0.243666 0.435110
vt 0.211871 0.394872
vt 0.256286 0.470266
vt 0.248001 0.451566
vt 0.212606 0.407480
vt 0.202969 0.400722
vt 0.228891 0.417723
vt 0.329052 0.208035
vt 0.238962 0.444842
vt 0.282096 0.218686
vt 0.240921 0.436492
vt 0.275912 0.212634
vt 0.201887 0.405656
vt 0.315107 0.207081
vt 0.207698 0.390073
vt 0.309043 0.206639
vt 0.241738 0.448339
vt 0.336639 0.199850
vt 0.240941 0.460438
vt 0.249291 0.460518
vt 0.224390 0.423213
vt 0.325027 0.201061
vt 0.208880 0.409712
vt 0.250202 0.466855
vt 0.324084 0.196358
vt 0.303119 0.202485
vt 0.252057 0.469185
vt 0.205877 0.417669
vt 0.304874 0.206574
vt 0.246730 0.468184
vt 0.293359 0.204117
vt 0.194312 0.395077
vt 0.198393 0.403721
vt 0.863270 0.018404
vt 0.332349 0.192711
vt 0.204147 0.411361
vt 0.246914 0.473775
vt 0.227961 0.447223
vt 0.236055 0.453512
vt 0.249884 0.475016
vt 0.219396 0.429348
vt 0.313828 0.196283
vt 0.248426 0.475252
vt 0.268972 0.228469
vt 0.786513 0.888636
vt 0.803626 0.664663
vt 0.257611 0.227177
vt 0.197725 0.408573
vt 0.187032 0.398476
vt 0.240368 0.466500
vt 0.214735 0.428028
vt 0.243813 0.478127
vt 0.224219 0.445585
vt 0.218556 0.433305
vt 0.191889 0.401162
vt 0.268313 0.207753
vt 0.203246 0.418806
vt 0.233560 0.456187
vt 0.318200 0.189643
vt 0.205644 0.422676
vt 0.232917 0.461701
vt 0.231079 0.457099
vt 0.239511 0.470052
vt 0.240881 0.227300
vt 0.790437 0.885590
vt 0.299526 0.197287
vt 0.250945 0.219022
vt 0.206814 0.425174
vt 0.242515 0.476133
vt 0.235538 0.468240
vt 0.283915 0.205297
vt 0.285718 0.198321
vt 0.389670 0.738512
vt 0.288945 0.196673
vt 0.238654 0.464352
vt 0.390014 0.748664
vt 0.224294 0.450847
vt 0.181647 0.391399
vt 0.204965 0.424106
vt 0.218376 0.440228
vt 0.591215 0.661758
vt 0.329738 0.186354
vt 0.387444 0.793425
vt 0.334234 0.186683
vt 0.238599 0.220430
vt 0.232702 0.224023
vt 0.221074 0.448025
vt 0.616348 0.672054
vt 0.620442 0.672702
vt 0.237485 0.470248
vt 0.238663 0.472379
vt 0.179990 0.397274
vt 0.214116 0.434131
vt 0.583629 0.659562
vt 0.313764 0.188826
vt 0.387536 0.785068
vt 0.309931 0.190561
vt 0.300240 0.193369
vt 0.390512 0.753011
vt 0.396134 0.716303
vt 0.248936 0.215240
vt 0.239725 0.219851
vt 0.405106 0.695530
vt 0.596070 0.665055
vt 0.178498 0.397657
vt 0.615421 0.671523
vt 0.230139 0.458510
vt 0.556933 0.636959
vt 0.559796 0.637087
vt 0.561311 0.637185
vt 0.568188 0.641613
vt 0.387996 0.787987
vt 0.387405 0.796704
vt 0.388555 0.768057
vt 0.242125 0.219748
vt 0.401187 0.706177
vt 0.223817 0.452012
vt 0.572285 0.646840
vt 0.235901 0.221962
vt 0.179141 0.398084
vt 0.751096 0.567938
vt 0.736932 0.552501
vt 0.765295 0.555433
vt 0.749375 0.555017
vt 0.726603 0.556357
vt 0.759895 0.555107
vt 0.741562 0.562857
vt 0.759320 0.568144
vt 0.772233 0.550104
vt 0.712245 0.542115
vt 0.706296 0.550436
vt 0.741526 0.548123
vt 0.724351 0.548895
vt 0.721079 0.538745
vt 0.772944 0.532488
vt 0.719718 0.561362
vt 0.711086 0.561871
vt 0.734905 0.528219
vt 0.725455 0.567169
vt 0.743955 0.542175
vt 0.635746 0.689317
vt 0.707852 0.553469
vt 0.764367 0.572522
vt 0.755316 0.541019
vt 0.697839 0.548171
vt 0.724876 0.542983
vt 0.747973 0.533932
vt 0.725935 0.536669
vt 0.758869 0.573103
vt 0.686982 0.556582
vt 0.713268 0.535035
vt 0.632152 0.703397
vt 0.743157 0.278329
vt 0.719796 0.563397
vt 0.720993 0.535124
vt 0.743056 0.267688
vt 0.769702 0.568498
vt 0.737423 0.539244
vt 0.774168 0.540561
vt 0.773477 0.575078
vt 0.752761 0.540037
vt 0.769128 0.535231
vt 0.714056 0.576523
vt 0.758425 0.537971
vt 0.696953 0.558182
vt 0.721788 0.573259
vt 0.773384 0.577778
vt 0.751496 0.583255
vt 0.702186 0.563323
vt 0.746856 0.579255
vt 0.703039 0.569272
vt 0.739914 0.584514
vt 0.776754 0.542523
vt 0.769893 0.533955
vt 0.772466 0.590194
vt 0.765761 0.582964
vt 0.771048 0.588039
vt 0.692023 0.558515
vt 0.703785 0.579385
vt 0.687347 0.567264
vt 0.721771 0.587409
vt 0.693021 0.544912
vt 0.770743 0.622150
vt 0.671744 0.572226
vt 0.765370 0.599328
vt 0.732170 0.594523
vt 0.745481 0.595409
vt 0.709527 0.596976
vt 0.673505 0.578882
vt 0.721724 0.604864
vt 0.732234 0.619441
vt 0.672100 0.587868
vt 0.694381 0.597166
vt 0.689222 0.602625
vt 0.691288 0.587028
vt 0.758166 0.616801
vt 0.730018 0.611145
vt 0.599017 0.762587
vt 0.781872 0.670895
vt 0.691941 0.594011
vt 0.657100 0.595477
vt 0.778087 0.664237
vt 0.775129 0.659711
vt 0.767808 0.624021
vt 0.774281 0.670070
vt 0.578719 0.776953
vt 0.774051 0.652031
vt 0.690038 0.614950
vt 0.778707 0.679545
vt 0.607327 0.756948
vt 0.564523 0.787369
vt 0.780109 0.683293
vt 0.771681 0.643106
vt 0.769123 0.663923
vt 0.757921 0.629793
vt 0.770294 0.656787
vt 0.767149 0.635207
vt 0.778626 0.688584
vt 0.776046 0.694763
vt 0.771182 0.679108
vt 0.747427 0.318938
vt 0.771387 0.691671
vt 0.634594 0.739898
vt 0.762683 0.629065
vt 0.776524 0.684995
vt 0.757986 0.674242
vt 0.774431 0.699843
vt 0.772674 0.712622
vt 0.776227 0.704723
vt 0.758002 0.658650
vt 0.765427 0.649214
vt 0.765608 0.679241
vt 0.774723 0.707619
vt 0.711902 0.615930
vt 0.749514 0.637022
vt 0.754976 0.665794
vt 0.765284 0.691499
vt 0.671513 0.610226
vt 0.548082 0.802837
vt 0.664850 0.598750
vt 0.758124 0.633141
vt 0.729566 0.627642
vt 0.767346 0.708818
vt 0.773120 0.726978
vt 0.761383 0.690410
vt 0.765209 0.701826
vt 0.720517 0.632890
vt 0.740228 0.634648
vt 0.768140 0.717929
vt 0.769986 0.726308
vt 0.736552 0.643036
vt 0.746887 0.700112
vt 0.755179 0.702285
vt 0.761980 0.739381
vt 0.760864 0.682520
vt 0.747167 0.669095
vt 0.663356 0.616857
vt 0.753220 0.682670
vt 0.748082 0.643086
vt 0.742434 0.657959
vt 0.749807 0.681711
vt 0.698027 0.629440
vt 0.741935 0.681446
vt 0.727793 0.647941
vt 0.760192 0.730569
vt 0.742447 0.674891
vt 0.764091 0.735267
vt 0.652038 0.625519
vt 0.737736 0.680023
vt 0.657171 0.624765
vt 0.744781 0.689952
vt 0.750956 0.710154
vt 0.735095 0.664096
vt 0.681374 0.640557
vt 0.724976 0.659443
vt 0.741042 0.708756
vt 0.709889 0.645236
vt 0.738932 0.695720
vt 0.759216 0.743549
vt 0.756315 0.746206
vt 0.682404 0.632339
vt 0.747302 0.735617
vt 0.739817 0.718147
vt 0.751600 0.360379
vt 0.733913 0.689334
vt 0.727990 0.679555
vt 0.733029 0.698121
vt 0.688433 0.644128
vt 0.718896 0.654969
vt 0.756179 0.773059
vt 0.714517 0.654449
vt 0.366851 0.183984
vt 0.718541 0.656127
vt 0.663354 0.635693
vt 0.728585 0.690103
vt 0.729173 0.692149
vt 0.755571 0.742303
vt 0.745371 0.739441
vt 0.158443 0.444427
vt 0.752274 0.731656
vt 0.388367 0.248834
vt 0.159698 0.443128
vt 0.728832 0.691013
vt 0.730076 0.696012
vt 0.646813 0.630755
vt 0.677479 0.642807
vt 0.693079 0.648882
vt 0.365976 0.177440
vt 0.716035 0.656811
vt 0.663929 0.637711
vt 0.671481 0.641343
vt 0.182890 0.426903
vt 0.719781 0.658927
vt 0.149796 0.452938
vt 0.146266 0.457704
vt 0.141245 0.463521
vt 0.740184 0.729047
vt 0.020719 0.464393
vt 0.832473 0.667608
vt 0.854494 0.666686
vt 0.857296 0.657462
vt 0.920655 0.944000
vt 0.807098 0.667833
vt 0.881380 0.665716
vt 0.921191 0.954279
vt 0.854630 0.663618
vt 0.904267 0.691444
vt 0.862616 0.666452
vt 0.032124 0.463135
vt 0.810899 0.660066
vt 0.038429 0.459707
vt 0.968580 0.276206
vt 0.836970 0.665255
vt 0.819266 0.663834
vt 0.899720 0.682071
vt 0.870455 0.665091
vt 0.837041 0.660298
vt 0.820429 0.664416
vt 0.912607 0.684670
vt 0.903701 0.686658
vt 0.904868 0.685672
vt 0.904257 0.678920
vt 0.828297 0.661165
vt 0.893388 0.675736
vt 0.906618 0.684549
vt 0.887679 0.659682
vt 0.837954 0.656886
vt 0.862095 0.654338
vt 0.863496 0.655380
vt 0.894096 0.660540
vt 0.809555 0.656748
vt 0.853669 0.654849
vt 0.809154 0.658041
vt 0.873828 0.654041
vt 0.803777 0.655678
vt 0.888154 0.657736
vt 0.856160 0.651622
vt 0.831244 0.654259
vt 0.911675 0.682157
vt 0.879899 0.646796
vt 0.868280 0.655698
vt 0.808689 0.653874
vt 0.893213 0.660032
vt 0.963109 0.280906
vt 0.814755 0.653688
vt 0.861171 0.644339
vt 0.913094 0.675403
vt 0.850743 0.634651
vt 0.907997 0.666682
vt 0.867147 0.647576
vt 0.818517 0.656589
vt 0.842493 0.634738
vt 0.890297 0.657283
vt 0.956419 0.294560
vt 0.849595 0.649536
vt 0.916639 0.678679
vt 0.915556 0.674132
vt 0.812464 0.648799
vt 0.900161 0.656422
vt 0.866999 0.644626
vt 0.814470 0.649366
vt 0.815979 0.638236
vt 0.853808 0.630783
vt 0.897333 0.654381
vt 0.548762 0.636983
vt 0.810590 0.645965
vt 0.865771 0.640800
vt 0.860697 0.640042
vt 0.811212 0.643681
vt 0.894122 0.630098
vt 0.907200 0.651761
vt 0.911174 0.652376
vt 0.865682 0.633490
vt 0.912782 0.653906
vt 0.867549 0.628346
vt 0.818834 0.636613
vt 0.879507 0.626700
vt 0.846438 0.628402
vt 0.827061 0.640646
vt 0.853186 0.633563
vt 0.860863 0.636242
vt 0.819603 0.636241
vt 0.906225 0.648162
vt 0.956954 0.298611
vt 0.912136 0.634949
vt 0.919761 0.643335
vt 0.903959 0.645643
vt 0.901237 0.640927
vt 0.900941 0.634690
vt 0.922920 0.648813
vt 0.863930 0.619834
vt 0.919778 0.639197
vt 0.833705 0.614260
vt 0.812097 0.629452
vt 0.857336 0.626108
vt 0.843816 0.615954
vt 0.909506 0.633058
vt 0.819916 0.624390
vt 0.855668 0.623749
vt 0.826448 0.625203
vt 0.926051 0.634137
vt 0.835645 0.627099
vt 0.856827 0.620202
vt 0.811881 0.634617
vt 0.813268 0.620183
vt 0.861487 0.627187
vt 0.898048 0.631573
vt 0.909370 0.615732
vt 0.918212 0.630203
vt 0.904400 0.633262
vt 0.864076 0.612982
vt 0.852082 0.608052
vt 0.918658 0.607500
vt 0.871020 0.615749
vt 0.921357 0.608130
vt 0.909674 0.631647
vt 0.909481 0.631147
vt 0.849610 0.610794
vt 0.928537 0.626754
vt 0.905169 0.623276
vt 0.916032 0.622820
vt 0.911887 0.629437
vt 0.841026 0.606190
vt 0.901833 0.621598
vt 0.912063 0.611734
vt 0.909700 0.620880
vt 0.907503 0.623581
vt 0.917341 0.627876
vt 0.917474 0.616794
vt 0.800278 0.605132
vt 0.846253 0.613857
vt 0.916514 0.625631
vt 0.861632 0.614732
vt 0.924183 0.625567
vt 0.884669 0.619288
vt 0.866459 0.603927
vt 0.818769 0.618058
vt 0.807384 0.617047
vt 0.811851 0.614975
vt 0.827791 0.616647
vt 0.830921 0.602534
vt 0.864944 0.607274
vt 0.840012 0.595582
vt 0.902600 0.610115
vt 0.850287 0.600870
vt 0.886732 0.614580
vt 0.854578 0.595727
vt 0.811629 0.609149
vt 0.820568 0.610888
vt 0.827056 0.595567
vt 0.847150 0.603597
vt 0.867880 0.598833
vt 0.805701 0.604507
vt 0.809159 0.611410
vt 0.820891 0.600426
vt 0.849010 0.596056
vt 0.858727 0.607461
vt 0.904435 0.600955
vt 0.808670 0.598844
vt 0.886712 0.589768
vt 0.897755 0.589550
vt 0.866704 0.594874
vt 0.828644 0.585053
vt 0.859412 0.597697
vt 0.520416 0.667260
vt 0.847371 0.587278
vt 0.800384 0.599210
vt 0.797605 0.592640
vt 0.812712 0.599949
vt 0.906712 0.589524
vt 0.846189 0.583448
vt 0.840253 0.587355
vt 0.818713 0.591709
vt 0.893009 0.598009
vt 0.871181 0.589025
vt 0.845272 0.578752
vt 0.816806 0.601842
vt 0.835015 0.562130
vt 0.801008 0.590110
vt 0.903862 0.585554
vt 0.829267 0.563037
vt 0.839617 0.574324
vt 0.853648 0.581574
vt 0.910689 0.590604
vt 0.834607 0.577264
vt 0.810127 0.598242
vt 0.838913 0.558811
vt 0.862474 0.576028
vt 0.887531 0.581030
vt 0.899430 0.585661
vt 0.905455 0.579734
vt 0.844927 0.571760
vt 0.854859 0.567738
vt 0.858126 0.572497
vt 0.798654 0.591274
vt 0.878434 0.585320
vt 0.846442 0.552059
vt 0.841227 0.560183
vt 0.812413 0.594298
vt 0.889959 0.580858
vt 0.809698 0.586691
vt 0.829660 0.578412
vt 0.861694 0.566060
vt 0.901330 0.576593
vt 0.843304 0.557154
vt 0.808020 0.580913
vt 0.865688 0.570613
vt 0.800954 0.574510
vt 0.890119 0.578474
vt 0.898687 0.582232
vt 0.819514 0.570090
vt 0.798310 0.581637
vt 0.886591 0.577397
vt 0.801666 0.562672
vt 0.806569 0.572715
vt 0.498871 0.682965
vt 0.897674 0.573948
vt 0.905651 0.574028
vt 0.854745 0.561057
vt 0.812511 0.590502
vt 0.895180 0.571325
vt 0.798274 0.560926
vt 0.894842 0.578617
vt 0.852251 0.551172
vt 0.798737 0.574186
vt 0.862588 0.557124
vt 0.878617 0.575070
vt 0.882709 0.573029
vt 0.809069 0.558486
vt 0.558633 0.292047
vt 0.799002 0.554079
vt 0.878899 0.567314
vt 0.818598 0.585173
vt 0.868999 0.564400
vt 0.817694 0.555317
vt 0.807386 0.567853
vt 0.865408 0.562395
vt 0.883903 0.571552
vt 0.877352 0.562581
vt 0.889642 0.560507
vt 0.889004 0.570830
vt 0.902353 0.567651
vt 0.906355 0.569423
vt 0.874614 0.557836
vt 0.814802 0.581977
vt 0.813795 0.553162
vt 0.815041 0.579988
vt 0.892260 0.560749
vt 0.572956 0.340815
vt 0.554857 0.327296
vt 0.814629 0.558336
vt 0.814739 0.571398
vt 0.883989 0.566766
vt 0.861392 0.547154
vt 0.886093 0.554721
vt 0.874900 0.556277
vt 0.868055 0.542506
vt 0.900794 0.557814
vt 0.915409 0.558942
vt 0.883751 0.552824
vt 0.895595 0.550400
vt 0.880753 0.547794
vt 0.876071 0.540437
vt 0.911695 0.558260
vt 0.868599 0.535069
vt 0.903561 0.554725
vt 0.904279 0.557384
vt 0.866177 0.532154
vt 0.911716 0.554137
vt 0.875170 0.537393
vt 0.927372 0.561359
vt 0.914920 0.373074
vt 0.884378 0.542665
vt 0.568609 0.275823
vt 0.898230 0.545347
vt 0.906040 0.549621
vt 0.897384 0.542330
vt 0.902255 0.543220
vt 0.909598 0.546976
vt 0.875842 0.525540
vt 0.572739 0.279292
vt 0.918384 0.557231
vt 0.874445 0.539143
vt 0.908221 0.545267
vt 0.920318 0.558234
vt 0.928884 0.557038
vt 0.569970 0.276665
vt 0.878283 0.530336
vt 0.570991 0.275961
vt 0.918374 0.553631
vt 0.891356 0.539848
vt 0.896135 0.382013
vt 0.884039 0.530537
vt 0.914200 0.548780
vt 0.927462 0.556301
vt 0.754398 0.210922
vt 0.900233 0.537653
vt 0.902286 0.539271
vt 0.919668 0.555375
vt 0.928306 0.556557
vt 0.880311 0.529149
vt 0.888861 0.541077
vt 0.892963 0.538507
vt 0.905269 0.541384
vt 0.906631 0.541937
vt 0.907359 0.542539
vt 0.913678 0.548344
vt 0.708720 0.053472
vt 0.697517 0.058366
vt 0.931784 0.562192
vt 0.889899 0.536397
vt 0.890345 0.536575
vt 0.910531 0.544025
vt 0.911792 0.545045
vt 0.718553 0.046649
vt 0.699834 0.058387
vt 0.849786 0.879117
vt 0.848797 0.869159
vt 0.845456 0.880498
vt 0.860848 0.866767
vt 0.864320 0.875405
vt 0.872747 0.882130
vt 0.850289 0.950739
vt 0.819856 0.934488
vt 0.870126 0.867560
vt 0.817633 0.925365
vt 0.860808 0.862267
vt 0.856224 0.942517
vt 0.876473 0.873232
vt 0.851322 0.862661
vt 0.877998 0.944703
vt 0.826410 0.909465
vt 0.841323 0.857108
vt 0.864605 0.865580
vt 0.871161 0.862210
vt 0.820735 0.931257
vt 0.844398 0.920164
vt 0.843906 0.859113
vt 0.875093 0.866474
vt 0.840364 0.856459
vt 0.832453 0.909718
vt 0.826691 0.916439
vt 0.877565 0.878594
vt 0.840267 0.905633
vt 0.877726 0.868934
vt 0.852380 0.923140
vt 0.849259 0.913058
vt 0.830947 0.906167
vt 0.866549 0.901077
vt 0.592713 0.350696
vt 0.866453 0.936307
vt 0.836408 0.891579
vt 0.887682 0.867132
vt 0.847422 0.896256
vt 0.866372 0.892830
vt 0.831684 0.893288
vt 0.871311 0.908744
vt 0.876013 0.932906
vt 0.884144 0.889695
vt 0.845765 0.891612
vt 0.862218 0.919753
vt 0.836304 0.875308
vt 0.833075 0.889786
vt 0.873528 0.926713
vt 0.832053 0.890029
vt 0.885362 0.870024
vt 0.885838 0.897141
vt 0.892290 0.886781
vt 0.231747 0.358724
vt 0.878514 0.907108
vt 0.892830 0.880775
vt 0.880738 0.908192
vt 0.880192 0.935616
vt 0.891653 0.871748
vt 0.896774 0.871564
vt 0.895281 0.887730
vt 0.884260 0.938559
vt 0.899201 0.885056
vt 0.884819 0.909873
vt 0.905053 0.874691
vt 0.886251 0.920820
vt 0.900485 0.873486
vt 0.886858 0.942346
vt 0.911159 0.881364
vt 0.889304 0.943498
vt 0.896041 0.956696
vt 0.876388 0.959182
vt 0.226109 0.362099
vt 0.891875 0.946854
vt 0.910227 0.886091
vt 0.909207 0.876025
vt 0.891850 0.929305
vt 0.921068 0.885138
vt 0.898022 0.948499
vt 0.896506 0.929520
vt 0.896894 0.918114
vt 0.895509 0.951731
vt 0.899180 0.929173
vt 0.893409 0.918714
vt 0.925074 0.905868
vt 0.909942 0.927683
vt 0.914788 0.889199
vt 0.917857 0.884774
vt 0.907184 0.889317
vt 0.902247 0.932994
vt 0.901484 0.959204
vt 0.899161 0.919114
vt 0.918293 0.892034
vt 0.916432 0.896031
vt 0.904315 0.921685
vt 0.912141 0.944475
vt 0.912108 0.937231
vt 0.910328 0.925337
vt 0.923945 0.888153
vt 0.906189 0.965047
vt 0.904930 0.955946
vt 0.911951 0.923715
vt 0.208108 0.372835
vt 0.930219 0.896790
vt 0.912232 0.932534
vt 0.927278 0.891873
vt 0.914714 0.934416
vt 0.916661 0.937582
vt 0.917286 0.950617
vt 0.913813 0.929683
vt 0.910444 0.962573
vt 0.919347 0.934069
vt 0.918956 0.942967
vt 0.831048 0.667137
vt 0.921440 0.934554
vt 0.920609 0.957855
vt 0.923998 0.910585
vt 0.930985 0.905736
vt 0.851625 0.666608
vt 0.922365 0.935499
vt 0.847181 0.665638
vt 0.818058 0.668892
vt 0.877917 0.671613
vt 0.204680 0.376373
vt 0.935162 0.888290
vt 0.935292 0.888786
vt 0.922500 0.941237
vt 0.922566 0.914727
vt 0.843741 0.666116
vt 0.921626 0.929350
vt 0.921282 0.928643
vt 0.855685 0.666797
vt 0.921506 0.924348
vt 0.832473 0.667608
vt 0.857214 0.666120
vt 0.808942 0.669896
vt 0.935087 0.892068
vt 0.817174 0.668949
vt 0.830606 0.667295
vt 0.932609 0.899550
vt 0.932136 0.902632
vt 0.828443 0.667872
vt 0.829745 0.668138
vt 0.011959 0.466931
vt 0.845151 0.665450
vt 0.844552 0.665625
vt 0.852312 0.666567
vt 0.922404 0.944217
vt 0.922155 0.942744
vt 0.868946 0.667997
vt 0.921493 0.948980
vt 0.874517 0.670668
vt 0.881044 0.672502
vt 0.952452 0.263858
vt 0.893268 0.191407
vt 0.900357 0.191141
vt 0.855208 0.173950
vt 0.054842 0.458159
vt 0.926460 0.234702
vt 0.917850 0.214459
vt 0.899130 0.202223
vt 0.730317 0.836792
vt 0.879236 0.178169
vt 0.861360 0.175499
vt 0.866475 0.173836
vt 0.964211 0.273567
vt 0.967004 0.276942
vt 0.878230 0.180176
vt 0.962294 0.271291
vt 0.871182 0.180004
vt 0.908292 0.211506
vt 0.882292 0.189399
vt 0.878239 0.186373
vt 0.878226 0.190376
vt 0.963856 0.275799
vt 0.864467 0.179170
vt 0.901481 0.219398
vt 0.873496 0.186822
vt 0.860988 0.183228
vt 0.957110 0.279433
vt 0.868123 0.187624
vt 0.956376 0.277281
vt 0.915744 0.682447
vt 0.860706 0.188085
vt 0.920125 0.256252
vt 0.885686 0.195823
vt 0.957933 0.285424
vt 0.902063 0.703476
vt 0.871264 0.195343
vt 0.945875 0.276217
vt 0.916639 0.678679
vt 0.872136 0.193739
vt 0.939333 0.274412
vt 0.914184 0.240561
vt 0.957379 0.297677
vt 0.930910 0.245651
vt 0.952366 0.268954
vt 0.888295 0.201232
vt 0.948087 0.285811
vt 0.891924 0.234109
vt 0.945814 0.281604
vt 0.953300 0.301526
vt 0.875398 0.247499
vt 0.920631 0.653819
vt 0.942304 0.285936
vt 0.945443 0.287467
vt 0.948315 0.292201
vt 0.944388 0.286814
vt 0.946459 0.289516
vt 0.867763 0.198681
vt 0.857360 0.192424
vt 0.921459 0.274144
vt 0.911116 0.248112
vt 0.928570 0.273972
vt 0.874850 0.209291
vt 0.936595 0.287538
vt 0.869207 0.241751
vt 0.872037 0.228444
vt 0.857369 0.206307
vt 0.923896 0.288755
vt 0.911116 0.263592
vt 0.921585 0.301161
vt 0.894784 0.275609
vt 0.933855 0.294283
vt 0.941036 0.307001
vt 0.936475 0.296835
vt 0.929709 0.287819
vt 0.915451 0.288522
vt 0.935429 0.308160
vt 0.899582 0.292061
vt 0.931888 0.312068
vt 0.942056 0.306562
vt 0.930754 0.304932
vt 0.914499 0.301482
vt 0.923294 0.309837
vt 0.866427 0.226760
vt 0.905093 0.290933
vt 0.936112 0.315152
vt 0.888560 0.244510
vt 0.916179 0.278005
vt 0.895509 0.745204
vt 0.908427 0.298816
vt 0.887078 0.283069
vt 0.881648 0.271783
vt 0.890644 0.277348
vt 0.882205 0.247308
vt 0.892662 0.292522
vt 0.896179 0.774907
vt 0.894460 0.759129
vt 0.902730 0.271701
vt 0.875191 0.253775
vt 0.887440 0.248143
vt 0.858700 0.243366
vt 0.890349 0.248798
vt 0.867345 0.253665
vt 0.950145 0.322350
vt 0.919074 0.305471
vt 0.868008 0.263526
vt 0.942154 0.317588
vt 0.888253 0.289119
vt 0.891610 0.265197
vt 0.894483 0.250350
vt 0.900237 0.296938
vt 0.904703 0.300281
vt 0.913579 0.306690
vt 0.896123 0.255023
vt 0.899600 0.252658
vt 0.917057 0.309150
vt 0.886158 0.249745
vt 0.900261 0.304034
vt 0.908724 0.303637
vt 0.914122 0.328768
vt 0.929350 0.313214
vt 0.873411 0.272516
vt 0.927752 0.316501
vt 0.932076 0.325480
vt 0.911857 0.325162
vt 0.895150 0.301470
vt 0.926090 0.322820
vt 0.929073 0.319310
vt 0.878676 0.280376
vt 0.934668 0.331845
vt 0.923596 0.321871
vt 0.853848 0.260455
vt 0.928207 0.623824
vt 0.864479 0.272214
vt 0.914564 0.318319
vt 0.935570 0.332594
vt 0.906501 0.308276
vt 0.936051 0.330525
vt 0.918203 0.316947
vt 0.905433 0.316937
vt 0.914758 0.313497
vt 0.905054 0.310783
vt 0.934663 0.336912
vt 0.924309 0.614299
vt 0.871474 0.282738
vt 0.876254 0.287653
vt 0.942098 0.324148
vt 0.861508 0.263923
vt 0.906802 0.323086
vt 0.877493 0.290145
vt 0.889225 0.300317
vt 0.898187 0.306802
vt 0.875351 0.291554
vt 0.893996 0.310606
vt 0.864635 0.279577
vt 0.870569 0.287831
vt 0.885375 0.294152
vt 0.856221 0.270026
vt 0.929279 0.338878
vt 0.934080 0.329199
vt 0.883900 0.306035
vt 0.870275 0.280149
vt 0.852884 0.262860
vt 0.852802 0.267161
vt 0.881626 0.298411
vt 0.846810 0.258120
vt 0.875290 0.301208
vt 0.898967 0.340572
vt 0.881704 0.304007
vt 0.929673 0.343611
vt 0.877868 0.309745
vt 0.899676 0.336459
vt 0.871349 0.293429
vt 0.895444 0.334514
vt 0.918160 0.347657
vt 0.853779 0.284001
vt 0.843248 0.265597
vt 0.910757 0.590502
vt 0.853601 0.279556
vt 0.883770 0.318560
vt 0.849536 0.263539
vt 0.912009 0.343530
vt 0.920432 0.343274
vt 0.870144 0.298481
vt 0.856413 0.276342
vt 0.885139 0.334737
vt 0.865906 0.294105
vt 0.908063 0.348027
vt 0.916396 0.347588
vt 0.857067 0.287614
vt 0.849785 0.275290
vt 0.860373 0.290094
vt 0.892254 0.797761
vt 0.853920 0.293736
vt 0.849284 0.280706
vt 0.829247 0.259872
vt 0.843332 0.275966
vt 0.823932 0.253633
vt 0.849481 0.278431
vt 0.888109 0.813367
vt 0.919259 0.347768
vt 0.892653 0.324467
vt 0.823826 0.250663
vt 0.867548 0.314692
vt 0.915445 0.353656
vt 0.892396 0.344559
vt 0.924759 0.358793
vt 0.879939 0.323587
vt 0.883879 0.330428
vt 0.857393 0.307117
vt 0.833778 0.268546
vt 0.815969 0.257825
vt 0.907419 0.357804
vt 0.894450 0.350752
vt 0.812944 0.252673
vt 0.915504 0.362235
vt 0.862547 0.318444
vt 0.888372 0.340487
vt 0.892593 0.362377
vt 0.870782 0.320466
vt 0.835656 0.283196
vt 0.910535 0.578642
vt 0.912307 0.364147
vt 0.921833 0.355679
vt 0.910245 0.363828
vt 0.827691 0.272804
vt 0.820508 0.262710
vt 0.903828 0.370635
vt 0.884806 0.339417
vt 0.881939 0.348338
vt 0.887198 0.346285
vt 0.875253 0.325308
vt 0.861489 0.319385
vt 0.873810 0.342547
vt 0.877027 0.330503
vt 0.849256 0.313745
vt 0.853123 0.319840
vt 0.832392 0.295720
vt 0.862318 0.329238
vt 0.882815 0.360526
vt 0.868392 0.329469
vt 0.858811 0.338993
vt 0.886243 0.836050
vt 0.819187 0.275928
vt 0.900669 0.369024
vt 0.896287 0.838805
vt 0.862225 0.330861
vt 0.911183 0.569794
vt 0.868235 0.332387
vt 0.845702 0.338110
vt 0.865475 0.333170
vt 0.863339 0.338060
vt 0.837195 0.306009
vt 0.869453 0.363593
vt 0.825195 0.304634
vt 0.856989 0.331930
vt 0.858133 0.328405
vt 0.917282 0.567535
vt 0.909143 0.370558
vt 0.850035 0.324497
vt 0.848478 0.339040
vt 0.826394 0.301966
vt 0.846892 0.331822
vt 0.845428 0.327773
vt 0.923681 0.565127
vt 0.895147 0.382476
vt 0.892997 0.378115
vt 0.838111 0.318827
vt 0.840336 0.329339
vt 0.879283 0.365385
vt 0.841550 0.324807
vt 0.867077 0.366666
vt 0.838742 0.339254
vt 0.819230 0.295873
vt 0.886167 0.364709
vt 0.840665 0.341276
vt 0.877654 0.376750
vt 0.837443 0.341251
vt 0.189882 0.851340
vt 0.205414 0.876867
vt 0.889964 0.370196
vt 0.842494 0.343800
vt 0.830520 0.319750
vt 0.208656 0.892266
vt 0.867365 0.369818
vt 0.901550 0.851845
vt 0.153010 0.806845
vt 0.828967 0.316741
vt 0.813451 0.299368
vt 0.820995 0.308298
vt 0.838437 0.341808
vt 0.171915 0.830144
vt 0.880453 0.372793
vt 0.863361 0.364558
vt 0.818036 0.304404
vt 0.819610 0.306382
vt 0.838725 0.342096
vt 0.840983 0.343190
vt 0.159875 0.809814
vt 0.163144 0.812638
vt 0.172758 0.821133
vt 0.183793 0.845866
vt 0.884828 0.381063
vt 0.872628 0.372827
vt 0.882489 0.380629
vt 0.820254 0.307309
vt 0.836761 0.340069
vt 0.168814 0.832404
vt 0.890198 0.383701
vt 0.209188 0.899450
vt 0.161427 0.811301
vt 0.890832 0.384852
vt 0.832434 0.322826
vt 0.632186 0.620760
vt 0.062740 0.318009
vt 0.631272 0.630081
vt 0.635501 0.625852
vt 0.101400 0.307779
vt 0.624506 0.628485
vt 0.621700 0.630651
vt 0.606098 0.644691
vt 0.599638 0.631793
vt 0.599542 0.644939
vt 0.578423 0.650863
vt 0.590723 0.636357
vt 0.549863 0.622040
vt 0.628029 0.609305
vt 0.606979 0.610889
vt 0.621256 0.612482
vt 0.624875 0.603775
vt 0.592316 0.616491
vt 0.608254 0.606141
vt 0.621971 0.591672
vt 0.584873 0.612799
vt 0.617736 0.590563
vt 0.606570 0.591068
vt 0.622955 0.601115
vt 0.573927 0.601732
vt 0.602053 0.589088
vt 0.578750 0.621309
vt 0.584076 0.621257
vt 0.605833 0.582862
vt 0.625459 0.572703
vt 0.600695 0.586906
vt 0.613740 0.576695
vt 0.621611 0.574615
vt 0.564357 0.596844
vt 0.594976 0.578246
vt 0.613425 0.566316
vt 0.559900 0.600386
vt 0.592575 0.576080
vt 0.621798 0.564394
vt 0.635942 0.567913
vt 0.590974 0.558170
vt 0.619779 0.565861
vt 0.588420 0.565904
vt 0.616592 0.559784
vt 0.591491 0.557507
vt 0.545653 0.595778
vt 0.602949 0.549645
vt 0.635419 0.596081
vt 0.550389 0.604613
vt 0.630815 0.566257
vt 0.627982 0.550141
vt 0.542149 0.596909
vt 0.591830 0.536847
vt 0.543456 0.596296
vt 0.356776 0.258666
vt 0.586755 0.550042
vt 0.631388 0.543202
vt 0.626985 0.552157
vt 0.576583 0.572972
vt 0.609680 0.537304
vt 0.633964 0.555633
vt 0.643794 0.567831
vt 0.884115 0.086084
vt 0.638708 0.531864
vt 0.887276 0.084571
vt 0.544119 0.594247
vt 0.890809 0.082986
vt 0.641028 0.562371
vt 0.639795 0.530212
vt 0.566897 0.573356
vt 0.575890 0.556239
vt 0.586687 0.538199
vt 0.642150 0.556723
vt 0.553792 0.576466
vt 0.551628 0.579703
vt 0.573829 0.533811
vt 0.644528 0.552505
vt 0.581297 0.535376
vt 0.552557 0.582315
vt 0.589120 0.535140
vt 0.570243 0.556080
vt 0.651425 0.568072
vt 0.057234 0.366731
vt 0.649550 0.557181
vt 0.556964 0.568309
vt 0.906981 0.078984
vt 0.543573 0.592274
vt 0.100527 0.978884
vt 0.873298 0.075685
vt 0.558067 0.562613
vt 0.590803 0.530572
vt 0.573061 0.528398
vt 0.584824 0.523725
vt 0.585447 0.525204
vt 0.955203 0.079309
vt 0.894461 0.077047
vt 0.641074 0.526412
vt 0.886582 0.070930
vt 0.925781 0.075020
vt 0.923486 0.075430
vt 0.563079 0.555725
vt 0.913604 0.077545
vt 0.560892 0.551812
vt 0.563329 0.548219
vt 0.916018 0.070829
vt 0.645467 0.521786
vt 0.561496 0.549934
vt 0.940127 0.075648
vt 0.948624 0.066714
vt 0.882080 0.077650
vt 0.632952 0.516960
vt 0.585516 0.523096
vt 0.928060 0.066086
vt 0.655637 0.532590
vt 0.902227 0.062758
vt 0.629677 0.517418
vt 0.654647 0.559881
vt 0.352315 0.242948
vt 0.652504 0.513383
vt 0.661828 0.546743
vt 0.658949 0.513852
vt 0.651739 0.516793
vt 0.630394 0.516927
vt 0.654573 0.569341
vt 0.618341 0.508524
vt 0.591156 0.517288
vt 0.934708 0.064422
vt 0.088579 0.985848
vt 0.868108 0.063048
vt 0.876639 0.065891
vt 0.660654 0.516765
vt 0.669989 0.518552
vt 0.664851 0.517431
vt 0.668145 0.507233
vt 0.667458 0.514960
vt 0.669421 0.516354
vt 0.865599 0.056102
vt 0.654452 0.519303
vt 0.668304 0.539488
vt 0.883396 0.059104
vt 0.897320 0.054611
vt 0.657910 0.496436
vt 0.673177 0.513692
vt 0.674315 0.516449
vt 0.617997 0.509709
vt 0.352848 0.231363
vt 0.910952 0.053991
vt 0.679263 0.518010
vt 0.668680 0.510102
vt 0.671743 0.542226
vt 0.943888 0.060660
vt 0.665351 0.526522
vt 0.679184 0.509481
vt 0.659995 0.536254
vt 0.677258 0.516870
vt 0.675138 0.508329
vt 0.683773 0.518218
vt 0.917134 0.049570
vt 0.598264 0.499466
vt 0.679521 0.513678
vt 0.905161 0.047862
vt 0.931659 0.054923
vt 0.684409 0.512171
vt 0.675242 0.544100
vt 0.673100 0.506209
vt 0.668086 0.528316
vt 0.888824 0.043848
vt 0.681839 0.510702
vt 0.687012 0.518318
vt 0.674331 0.504995
vt 0.662079 0.508694
vt 0.686115 0.512709
vt 0.697613 0.525528
vt 0.694514 0.528715
vt 0.687166 0.520206
vt 0.679347 0.541290
vt 0.698689 0.525709
vt 0.680665 0.508807
vt 0.690675 0.525450
vt 0.697259 0.527147
vt 0.681361 0.545044
vt 0.685829 0.512406
vt 0.698615 0.524909
vt 0.654848 0.491795
vt 0.697480 0.527960
vt 0.696082 0.527404
vt 0.687227 0.511272
vt 0.695596 0.527807
vt 0.686659 0.515257
vt 0.700815 0.528225
vt 0.607118 0.500641
vt 0.694948 0.523882
vt 0.695634 0.525804
vt 0.655726 0.492998
vt 0.689835 0.511334
vt 0.864365 0.035285
vt 0.668504 0.492267
vt 0.689140 0.526389
vt 0.689070 0.510759
vt 0.694859 0.526794
vt 0.694948 0.523882
vt 0.694595 0.524926
vt 0.655117 0.499206
vt 0.682587 0.504518
vt 0.681960 0.505868
vt 0.684783 0.508651
vt 0.689583 0.519801
vt 0.690052 0.519487
vt 0.686604 0.507716
vt 0.692388 0.525581
vt 0.691888 0.524458
vt 0.690337 0.510821
vt 0.683850 0.507879
vt 0.690615 0.511202
vt 0.690946 0.511300
vt 0.690738 0.511337
vt 0.689555 0.527055
vt 0.680010 0.524455
vt 0.685957 0.499942
vt 0.698500 0.522944
vt 0.700842 0.523223
vt 0.675577 0.504440
vt 0.689161 0.518565
vt 0.941113 0.049020
vt 0.694704 0.530826
vt 0.960258 0.062666
vt 0.691168 0.518443
vt 0.872453 0.044874
vt 0.649247 0.489969
vt 0.692199 0.529758
vt 0.684978 0.503125
vt 0.678121 0.532253
vt 0.908809 0.395811
vt 0.691343 0.515254
vt 0.697852 0.516274
vt 0.674059 0.554983
vt 0.684635 0.502083
vt 0.694806 0.518153
vt 0.696375 0.517377
vt 0.949848 0.043435
vt 0.702209 0.523208
vt 0.911217 0.041929
vt 0.643620 0.486178
vt 0.692658 0.515103
vt 0.700644 0.517689
vt 0.688547 0.535500
vt 0.598616 0.494834
vt 0.684103 0.533800
vt 0.884461 0.040405
vt 0.697461 0.515583
vt 0.702795 0.517475
vt 0.070177 0.112603
vt 0.921946 0.401748
vt 0.635969 0.481483
vt 0.594196 0.491798
vt 0.928459 0.041119
vt 0.618797 0.485871
vt 0.688495 0.485832
vt 0.925153 0.043329
vt 0.878201 0.027335
vt 0.589356 0.487767
vt 0.884564 0.033458
vt 0.902092 0.035192
vt 0.954931 0.034583
vt 0.586452 0.487029
vt 0.915458 0.032532
vt 0.869245 0.030507
vt 0.927063 0.032036
vt 0.582879 0.484851
vt 0.626143 0.476883
vt 0.583254 0.486040
vt 0.070399 0.929128
vt 0.340661 0.204131
vt 0.666253 0.467431
vt 0.897720 0.028921
vt 0.652759 0.488403
vt 0.624246 0.474557
vt 0.905669 0.022490
vt 0.914084 0.020388
vt 0.933509 0.025687
vt 0.659560 0.473818
vt 0.698649 0.490066
vt 0.927401 0.028672
vt 0.873185 0.021983
vt 0.954666 0.021113
vt 0.621817 0.474903
vt 0.889303 0.024468
vt 0.862510 0.018646
vt 0.660953 0.464784
vt 0.687424 0.467718
vt 0.940782 0.027511
vt 0.882287 0.015618
vt 0.867216 0.017876
vt 0.888316 0.010209
vt 0.617511 0.473337
vt 0.612503 0.471999
vt 0.609423 0.470643
vt 0.606485 0.471137
vt 0.609362 0.471609
vt 0.648005 0.463561
vt 0.936014 0.015155
vt 0.931063 0.023872
vt 0.871897 0.014034
vt 0.644401 0.460194
vt 0.676470 0.461996
vt 0.875337 0.008952
vt 0.661954 0.459341
vt 0.912060 0.011787
vt 0.662676 0.460401
vt 0.608024 0.465386
vt 0.865988 0.003860
vt 0.881940 0.011159
vt 0.906370 0.015087
vt 0.037432 0.996553
vt 0.609992 0.465407
vt 0.613008 0.461804
vt 0.886081 0.008208
vt 0.615022 0.462391
vt 0.617118 0.459920
vt 0.930392 0.012125
vt 0.946640 0.012552
vt 0.871281 0.007884
vt 0.877031 0.004688
vt 0.648071 0.139753
vt 0.512353 0.199017
vt 0.669685 0.456995
vt 0.507683 0.199389
vt 0.521942 0.198055
vt 0.027383 0.999969
vt 0.679900 0.104789
vt 0.679259 0.105155
vt 0.915866 0.008164
vt 0.562810 0.197253
vt 0.679407 0.081159
vt 0.942174 0.416735
vt 0.872236 0.003312
vt 0.920442 0.008498
vt 0.549443 0.196729
vt 0.618651 0.458873
vt 0.880314 0.004547
vt 0.909543 0.007699
vt 0.921959 0.008176
vt 0.652561 0.133718
vt 0.538092 0.197277
vt 0.940829 0.010156
vt 0.954349 0.012180
vt 0.959850 0.011846
vt 0.662974 0.455644
vt 0.653193 0.133438
vt 0.087164 0.961621
vt 0.573653 0.527739
vt 0.081936 0.965921
vt 0.085127 0.961818
vt 0.089470 0.977597
vt 0.960709 0.050065
vt 0.080315 0.963511
vt 0.077770 0.960971
vt 0.067189 0.964033
vt 0.066004 0.970411
vt 0.077155 0.986345
vt 0.059199 0.964501
vt 0.063199 0.959496
vt 0.053309 0.968428
vt 0.047372 0.967809
vt 0.058916 0.951771
vt 0.036140 0.949879
vt 0.066878 0.928801
vt 0.033423 0.940996
vt 0.032902 0.958043
vt 0.062603 0.928578
vt 0.035676 0.996341
vt 0.054902 0.986353
vt 0.046421 0.930481
vt 0.050752 0.930528
vt 0.057117 0.929629
vt 0.052837 0.931182
vt 0.052002 0.928228
vt 0.054361 0.930740
vt 0.026987 0.970795
vt 0.024706 0.949665
vt 0.022035 0.952872
vt 0.055931 0.914675
vt 0.020794 0.948914
vt 0.018824 0.952756
vt 0.024600 0.946249
vt 0.051692 0.921923
vt 0.026051 0.975397
vt 0.632560 0.170942
vt 0.027240 0.998804
vt 0.633637 0.167246
vt 0.020552 0.937855
vt 0.025591 0.997183
vt 0.034019 0.927575
vt 0.070399 0.929128
vt 0.057435 0.911559
vt 0.056149 0.911867
vt 0.627964 0.201262
vt 0.024503 0.994437
vt 0.014181 0.965339
vt 0.627696 0.202574
vt 0.022420 0.989201
vt 0.020923 0.981689
vt 0.633070 0.165568
vt 0.015962 0.289987
vt 0.067565 0.301753
vt 0.061780 0.279575
vt 0.000215 0.256286
vt 0.061341 0.286763
vt 0.072999 0.275667
vt 0.061003 0.301062
vt 0.052679 0.277427
vt 0.064874 0.273297
vt 0.041676 0.263144
vt 0.039072 0.289024
vt 0.012374 0.255868
vt 0.059244 0.315044
vt 0.055483 0.287425
vt 0.064086 0.268718
vt 0.057748 0.280081
vt 0.551424 0.553686
vt 0.096877 0.287512
vt 0.053203 0.319584
vt 0.080809 0.267404
vt 0.062740 0.318009
vt 0.053976 0.318399
vt 0.050810 0.317387
vt 0.079664 0.267011
vt 0.607436 0.644123
vt 0.033246 0.254225
vt 0.101128 0.291812
vt 0.048377 0.305308
vt 0.000645 0.238462
vt 0.062933 0.261642
vt 0.080935 0.269502
vt 0.107137 0.289908
vt 0.103651 0.273928
vt 0.101400 0.307779
vt 0.363303 0.376413
vt 0.112720 0.287077
vt 0.022375 0.307576
vt 0.046778 0.321898
vt 0.098813 0.275707
vt 0.057529 0.246318
vt 0.047418 0.316748
vt 0.064219 0.249822
vt 0.023993 0.331439
vt 0.101343 0.265715
vt 0.016316 0.249032
vt 0.067273 0.255666
vt 0.640936 0.599342
vt 0.029392 0.239694
vt 0.105244 0.265902
vt 0.079961 0.258101
vt 0.023951 0.315496
vt 0.102900 0.258420
vt 0.074232 0.239872
vt 0.074803 0.244534
vt 0.011604 0.324635
vt 0.067472 0.234907
vt 0.007654 0.218423
vt 0.012810 0.240574
vt 0.079157 0.234855
vt 0.071352 0.223401
vt 0.070501 0.235970
vt 0.087437 0.235481
vt 0.643514 0.576098
vt 0.016298 0.354512
vt 0.004430 0.204488
vt 0.050112 0.217507
vt 0.067506 0.221879
vt 0.075826 0.221908
vt 0.023855 0.206970
vt 0.064362 0.219084
vt 0.065573 0.219838
vt 0.059427 0.219454
vt 0.012740 0.351586
vt 0.083204 0.216033
vt 0.018755 0.370579
vt 0.033921 0.218790
vt 0.019581 0.349491
vt 0.093085 0.215777
vt 0.017127 0.197122
vt 0.069100 0.208881
vt 0.029898 0.209628
vt 0.069170 0.194443
vt 0.007057 0.382678
vt 0.088358 0.212174
vt 0.026877 0.371808
vt 0.093789 0.206468
vt 0.080445 0.202742
vt 0.098613 0.209527
vt 0.032995 0.195701
vt 0.577754 0.449934
vt 0.025211 0.190404
vt 0.041253 0.170240
vt 0.091929 0.197377
vt 0.086950 0.199055
vt 0.039291 0.357700
vt 0.079538 0.190162
vt 0.048661 0.202113
vt 0.100948 0.210569
vt 0.075257 0.196361
vt 0.092203 0.197457
vt 0.093339 0.195554
vt 0.062129 0.192607
vt 0.069829 0.188629
vt 0.323346 0.428399
vt 0.071520 0.194984
vt 0.099840 0.198723
vt 0.054096 0.367988
vt 0.071218 0.191713
vt 0.084058 0.188086
vt 0.089543 0.190510
vt 0.015801 0.388434
vt 0.043095 0.191520
vt 0.071817 0.188034
vt 0.041437 0.177437
vt 0.077513 0.188179
vt 0.081223 0.189389
vt 0.059124 0.374969
vt 0.042958 0.167017
vt 0.076197 0.187271
vt 0.073333 0.187027
vt 0.016213 0.192026
vt 0.084000 0.184861
vt 0.053399 0.389594
vt 0.077175 0.183983
vt 0.094324 0.178377
vt 0.052631 0.392929
vt 0.054398 0.177190
vt 0.064581 0.183010
vt 0.060147 0.373727
vt 0.087897 0.184757
vt 0.064449 0.176338
vt 0.101084 0.188214
vt 0.045904 0.169277
vt 0.097808 0.179687
vt 0.078351 0.182130
vt 0.084574 0.170730
vt 0.074740 0.176753
vt 0.055897 0.171581
vt 0.030360 0.134210
vt 0.055490 0.170549
vt 0.072632 0.173997
vt 0.664367 0.562273
vt 0.033627 0.139377
vt 0.042025 0.411946
vt 0.076003 0.177948
vt 0.042180 0.410885
vt 0.051955 0.165831
vt 0.057351 0.381609
vt 0.072318 0.169255
vt 0.048391 0.400564
vt 0.058877 0.169613
vt 0.092809 0.174159
vt 0.044798 0.407032
vt 0.054563 0.390748
vt 0.042810 0.148624
vt 0.056857 0.167371
vt 0.090431 0.171968
vt 0.045768 0.408823
vt 0.070318 0.170528
vt 0.061184 0.373558
vt 0.045669 0.152526
vt 0.060663 0.157658
vt 0.052257 0.159092
vt 0.064481 0.163289
vt 0.068513 0.168366
vt 0.098582 0.173181
vt 0.065837 0.164127
vt 0.090469 0.169835
vt 0.038773 0.128469
vt 0.048424 0.148257
vt 0.102445 0.165256
vt 0.039759 0.131256
vt 0.099603 0.164598
vt 0.072927 0.162636
vt 0.042210 0.146278
vt 0.086616 0.166475
vt 0.103215 0.157529
vt 0.063092 0.160359
vt 0.098730 0.157999
vt 0.089622 0.162527
vt 0.088392 0.165973
vt 0.092301 0.162437
vt 0.729825 0.910028
vt 0.043180 0.133937
vt 0.057335 0.153056
vt 0.743868 0.911231
vt 0.048724 0.141133
vt 0.065918 0.161929
vt 0.734598 0.903336
vt 0.055496 0.148429
vt 0.082572 0.160052
vt 0.725667 0.905416
vt 0.052418 0.146121
vt 0.058530 0.143280
vt 0.064497 0.148929
vt 0.085633 0.160619
vt 0.078652 0.155452
vt 0.727229 0.906179
vt 0.103307 0.155507
vt 0.298904 0.444679
vt 0.735294 0.895876
vt 0.079749 0.155799
vt 0.081295 0.157289
vt 0.741067 0.903253
vt 0.722294 0.903669
vt 0.244423 0.952588
vt 0.245144 0.958984
vt 0.063223 0.116172
vt 0.104252 0.155764
vt 0.743364 0.907016
vt 0.073406 0.150826
vt 0.240896 0.964576
vt 0.072239 0.146497
vt 0.719386 0.906385
vt 0.227089 0.954555
vt 0.732224 0.899967
vt 0.065240 0.141128
vt 0.739300 0.898125
vt 0.746940 0.907147
vt 0.717785 0.907547
vt 0.059593 0.130337
vt 0.045669 0.136721
vt 0.737921 0.896959
vt 0.246318 0.941673
vt 0.061729 0.137260
vt 0.719531 0.907301
vt 0.738509 0.895882
vt 0.743685 0.898256
vt 0.060160 0.132992
vt 0.722011 0.929125
vt 0.716856 0.908712
vt 0.738064 0.895347
vt 0.257339 0.962555
vt 0.250673 0.953412
vt 0.247870 0.946555
vt 0.749679 0.901792
vt 0.703959 0.909641
vt 0.250226 0.949029
vt 0.746395 0.889238
vt 0.752887 0.906613
vt 0.233013 0.927591
vt 0.258280 0.955931
vt 0.252810 0.936464
vt 0.253943 0.953123
vt 0.737308 0.893490
vt 0.706107 0.913401
vt 0.225917 0.953829
vt 0.228171 0.949417
vt 0.247255 0.930929
vt 0.257245 0.947339
vt 0.253753 0.941160
vt 0.709715 0.917982
vt 0.064702 0.121304
vt 0.707263 0.918097
vt 0.254893 0.942735
vt 0.253508 0.931209
vt 0.753708 0.900700
vt 0.697494 0.909464
vt 0.745922 0.892466
vt 0.717265 0.929741
vt 0.691142 0.978810
vt 0.255633 0.936597
vt 0.263513 0.956628
vt 0.331635 0.001198
vt 0.332192 0.000697
vt 0.067843 0.134588
vt 0.707032 0.983644
vt 0.696406 0.981369
vt 0.249792 0.926480
vt 0.752754 0.909695
vt 0.331086 0.000918
vt 0.329949 0.001255
vt 0.327905 0.001091
vt 0.332177 0.000494
vt 0.329756 0.000768
vt 0.702742 0.968899
vt 0.328378 0.000340
vt 0.699612 0.968579
vt 0.694202 0.967090
vt 0.693962 0.968932
vt 0.709314 0.981422
vt 0.713580 0.924991
vt 0.689934 0.976420
vt 0.692447 0.978154
vt 0.699344 0.984380
vt 0.066607 0.121358
vt 0.332661 0.000768
vt 0.332661 0.000768
vt 0.721199 0.938019
vt 0.335173 0.001147
vt 0.329857 0.001882
vt 0.332343 0.000301
vt 0.329671 0.001826
vt 0.700284 0.970496
vt 0.696177 0.967442
vt 0.713727 0.927666
vt 0.699042 0.980013
vt 0.238992 0.929072
vt 0.327903 0.001959
vt 0.332730 0.001428
vt 0.327420 0.000331
vt 0.701940 0.969665
vt 0.702006 0.967986
vt 0.698136 0.985488
vt 0.906287 0.453125
vt 0.262276 0.959132
vt 0.702633 0.968965
vt 0.700827 0.971704
vt 0.701140 0.968407
vt 0.695690 0.966976
vt 0.691793 0.969444
vt 0.707195 0.978426
vt 0.709760 0.978957
vt 0.711372 0.982567
vt 0.688949 0.976010
vt 0.698035 0.979464
vt 0.696241 0.988423
vt 0.697667 0.908085
vt 0.260855 0.940583
vt 0.696177 0.968305
vt 0.699554 0.970264
vt 0.706657 0.979062
vt 0.692713 0.976397
vt 0.702345 0.903912
vt 0.266191 0.960497
vt 0.916946 0.402856
vt 0.696813 0.969526
vt 0.706126 0.978440
vt 0.711685 0.978730
vt 0.710778 0.983752
vt 0.695048 0.977673
vt 0.694839 0.980599
vt 0.707168 0.901104
vt 0.713183 0.978741
vt 0.711031 0.980291
vt 0.711240 0.983671
vt 0.692862 0.975509
vt 0.706119 0.917097
vt 0.700975 0.940112
vt 0.710510 0.978612
vt 0.705278 0.981630
vt 0.702379 0.943592
vt 0.705283 0.978020
vt 0.706100 0.977622
vt 0.704155 0.979222
vt 0.705447 0.979110
vt 0.705447 0.979110
vt 0.690916 0.971761
vt 0.914612 0.404795
vt 0.068141 0.124686
vt 0.721251 0.935157
vt 0.712749 0.977038
vt 0.705412 0.978660
vt 0.713893 0.978971
vt 0.684485 0.980585
vt 0.703726 0.977743
vt 0.696230 0.975752
vt 0.703559 0.980707
vt 0.691246 0.971241
vt 0.712327 0.896208
vt 0.714952 0.898751
vt 0.259376 0.942471
vt 0.699342 0.934803
vt 0.703567 0.980956
vt 0.703878 0.980710
vt 0.703474 0.981219
vt 0.703474 0.981219
vt 0.713386 0.980222
vt 0.713027 0.982899
vt 0.691441 0.971595
vt 0.911179 0.430600
vt 0.693878 0.909329
vt 0.695922 0.987772
vt 0.262308 0.947532
vt 0.754472 0.895124
vt 0.702982 0.945527
vt 0.699769 0.936899
vt 0.912075 0.421358
vt 0.909798 0.421711
vt 0.703915 0.981886
vt 0.703484 0.982328
vt 0.910103 0.425983
vt 0.703291 0.982451
vt 0.698351 0.929385
vt 0.911026 0.422038
vt 0.910454 0.422478
vt 0.909615 0.422704
vt 0.910701 0.423271
vt 0.703680 0.982967
vt 0.715563 0.982035
vt 0.909667 0.426121
vt 0.909224 0.427597
vt 0.691560 0.971380
vt 0.715586 0.982542
vt 0.907924 0.461480
vt 0.702909 0.985024
vt 0.698491 0.934128
vt 0.913004 0.416266
vt 0.909335 0.423394
vt 0.910069 0.423998
vt 0.910343 0.424850
vt 0.910479 0.428186
vt 0.909040 0.426538
vt 0.910522 0.427225
vt 0.909803 0.427873
vt 0.909772 0.428431
vt 0.908939 0.427885
vt 0.910998 0.428376
vt 0.910779 0.427623
vt 0.685661 0.980968
vt 0.684896 0.980842
vt 0.908939 0.427885
vt 0.910863 0.429852
vt 0.266983 0.956818
vt 0.698171 0.931213
vt 0.697901 0.929621
vt 0.910144 0.423861
vt 0.910860 0.426065
vt 0.910765 0.427914
vt 0.908431 0.427580
vt 0.902834 0.423592
vt 0.692982 0.986180
vt 0.907537 0.430961
vt 0.233669 0.925385
vt 0.760961 0.900518
vt 0.911602 0.423572
vt 0.910289 0.424710
vt 0.909429 0.427025
vt 0.905203 0.404986
vt 0.698396 0.939691
vt 0.912817 0.428216
vt 0.906914 0.431109
vt 0.262590 0.932442
vt 0.700817 0.944060
vt 0.703682 0.983133
vt 0.914439 0.449591
vt 0.253362 0.926719
vt 0.754542 0.892130
vt 0.068967 0.120285
vt 0.709878 0.939772
vt 0.697296 0.941291
vt 0.704556 0.935612
vt 0.697114 0.932497
vt 0.913040 0.419271
vt 0.699464 0.974586
vt 0.903266 0.485628
vt 0.918062 0.411342
vt 0.914329 0.420224
vt 0.913217 0.422568
vt 0.913351 0.419040
vt 0.696716 0.934926
vt 0.913249 0.418964
vt 0.906350 0.427651
vt 0.911179 0.430600
vt 0.696429 0.939880
vt 0.919495 0.411816
vt 0.912051 0.418208
vt 0.913005 0.419081
vt 0.701895 0.931398
vt 0.908482 0.416296
vt 0.702725 0.984198
vt 0.908460 0.415188
vt 0.217168 0.917776
vt 0.915909 0.418276
vt 0.912051 0.418208
vt 0.913736 0.414643
vt 0.704987 0.933448
vt 0.711942 0.931686
vt 0.910684 0.415550
vt 0.750757 0.891489
vt 0.263664 0.938734
vt 0.703141 0.478088
vt 0.706581 0.933752
vt 0.270435 0.955027
vt 0.702765 0.527528
vt 0.759161 0.894926
vt 0.275415 0.961487
vt 0.920084 0.407300
vt 0.906924 0.401073
vt 0.906258 0.399242
vt 0.708376 0.936131
vt 0.255191 0.920211
vt 0.700306 0.944370
vt 0.761456 0.887915
vt 0.759547 0.892168
vt 0.919804 0.439157
vt 0.916048 0.422354
vt 0.266297 0.933422
vt 0.267383 0.948041
vt 0.761734 0.896767
vt 0.265392 0.963266
vt 0.269386 0.943518
vt 0.264212 0.933330
vt 0.921935 0.434499
vt 0.264159 0.920895
vt 0.269640 0.461635
vt 0.765816 0.896780
vt 0.926173 0.428245
vt 0.273433 0.951070
vt 0.278034 0.956489
vt 0.275933 0.940229
vt 0.770553 0.893163
vt 0.263150 0.923994
vt 0.937398 0.446410
vt 0.260096 0.918399
vt 0.930689 0.416931
vt 0.922831 0.450925
vt 0.930484 0.455503
vt 0.275546 0.945550
vt 0.280424 0.960157
vt 0.765933 0.885256
vt 0.269137 0.930696
vt 0.290043 0.956923
vt 0.261574 0.914820
vt 0.764282 0.881800
vt 0.265920 0.925501
vt 0.283849 0.951002
vt 0.279692 0.941873
vt 0.270107 0.926083
vt 0.256084 0.904706
vt 0.766188 0.894117
vt 0.907961 0.481772
vt 0.259361 0.907512
vt 0.282405 0.949161
vt 0.268223 0.912646
vt 0.272894 0.936159
vt 0.280944 0.944747
vt 0.289595 0.958533
vt 0.776596 0.889699
vt 0.263696 0.906468
vt 0.766419 0.882341
vt 0.262572 0.466612
vt 0.284268 0.958400
vt 0.272349 0.918198
vt 0.279037 0.936226
vt 0.934388 0.423208
vt 0.289158 0.946323
vt 0.272750 0.928389
vt 0.284785 0.938809
vt 0.271705 0.907906
vt 0.270977 0.909489
vt 0.776827 0.882100
vt 0.253600 0.898686
vt 0.284092 0.920521
vt 0.267102 0.904272
vt 0.287437 0.934650
vt 0.771816 0.878142
vt 0.259030 0.897278
vt 0.778777 0.892310
vt 0.277141 0.920223
vt 0.773358 0.885919
vt 0.276762 0.909097
vt 0.282823 0.931398
vt 0.776911 0.878248
vt 0.266869 0.899428
vt 0.276741 0.916527
vt 0.271380 0.916803
vt 0.293242 0.952158
vt 0.266722 0.894924
vt 0.777633 0.884975
vt 0.780143 0.881350
vt 0.289602 0.939407
vt 0.943954 0.460307
vt 0.945693 0.424121
vt 0.248148 0.897580
vt 0.297852 0.951523
vt 0.779690 0.881388
vt 0.300102 0.955191
vt 0.274896 0.906161
vt 0.293165 0.942480
vt 0.284362 0.923233
vt 0.786655 0.886239
vt 0.242860 0.887760
vt 0.260160 0.896656
vt 0.271576 0.894118
vt 0.280861 0.929709
vt 0.784356 0.888147
vt 0.292002 0.936421
vt 0.284886 0.914506
vt 0.781604 0.879394
vt 0.290099 0.928700
vt 0.786567 0.887991
vt 0.295816 0.937904
vt 0.280143 0.904483
vt 0.281439 0.908103
vt 0.248607 0.886426
vt 0.299882 0.945996
vt 0.294501 0.930115
vt 0.301863 0.951758
vt 0.288728 0.925304
vt 0.264901 0.886165
vt 0.261394 0.722987
vt 0.264996 0.884263
vt 0.335987 0.712047
vt 0.288236 0.917358
vt 0.289452 0.701440
vt 0.300659 0.943116
vt 0.282407 0.902007
vt 0.380120 0.719547
vt 0.374821 0.716513
vt 0.947939 0.447631
vt 0.298375 0.938343
vt 0.308179 0.956865
vt 0.281362 0.709135
vt 0.284811 0.705154
vt 0.281566 0.902588
vt 0.288887 0.913683
vt 0.291773 0.921637
vt 0.287557 0.911795
vt 0.297870 0.937029
vt 0.278417 0.710279
vt 0.306660 0.957638
vt 0.777345 0.878749
vt 0.309392 0.958795
vt 0.296994 0.934106
vt 0.283260 0.707116
vt 0.266929 0.717417
vt 0.304685 0.949296
vt 0.788880 0.885350
vt 0.233742 0.886619
vt 0.270400 0.888247
vt 0.288025 0.702275
vt 0.303459 0.948609
vt 0.296468 0.933150
vt 0.287472 0.703296
vt 0.285799 0.704603
vt 0.265571 0.718042
vt 0.268457 0.886553
vt 0.952661 0.461967
vt 0.945475 0.461049
vt 0.952145 0.464312
vt 0.331255 0.000442
vt 0.508123 0.195469
vt 0.652911 0.133373
vt 0.633791 0.165587
vt 0.533454 0.197121
vt 0.502536 0.201706
vt 0.558575 0.196848
vt 0.619295 0.208396
vt 0.662616 0.455158
vt 0.567231 0.192062
vt 0.626175 0.200593
vt 0.619630 0.204800
vt 0.023744 0.932693
vt 0.488288 0.203204
vt 0.539273 0.195953
vt 0.657820 0.118305
vt 0.620147 0.187933
vt 0.497108 0.199836
vt 0.677039 0.064111
vt 0.653875 0.129638
vt 0.615466 0.204710
vt 0.665170 0.100278
vt 0.487086 0.200964
vt 0.393951 0.798099
vt 0.497947 0.193867
vt 0.491261 0.198302
vt 0.666024 0.080575
vt 0.656140 0.119898
vt 0.560663 0.184279
vt 0.631810 0.159299
vt 0.612378 0.191566
vt 0.627453 0.143513
vt 0.679689 0.062688
vt 0.605986 0.163687
vt 0.645906 0.125336
vt 0.540965 0.190790
vt 0.659335 0.057943
vt 0.493426 0.188649
vt 0.523317 0.190960
vt 0.628982 0.152756
vt 0.486449 0.193358
vt 0.649396 0.052785
vt 0.593423 0.191998
vt 0.659816 0.053157
vt 0.373459 0.747085
vt 0.649192 0.046845
vt 0.649396 0.052785
vt 0.646406 0.043566
vt 0.609689 0.183986
vt 0.625108 0.156458
vt 0.644356 0.053793
vt 0.650660 0.072721
vt 0.648961 0.056570
vt 0.657180 0.112641
vt 0.648793 0.043765
vt 0.380052 0.741253
vt 0.650896 0.058295
vt 0.651907 0.058656
vt 0.642223 0.049513
vt 0.553371 0.186674
vt 0.648329 0.063603
vt 0.646777 0.045234
vt 0.645177 0.047014
vt 0.646862 0.044876
vt 0.612203 0.182028
vt 0.646218 0.048060
vt 0.644796 0.046487
vt 0.646807 0.045701
vt 0.650049 0.042587
vt 0.648132 0.043949
vt 0.658532 0.094341
vt 0.645656 0.056396
vt 0.645777 0.049350
vt 0.485701 0.190257
vt 0.645808 0.051733
vt 0.657814 0.110346
vt 0.645660 0.052599
vt 0.407234 0.798360
vt 0.648198 0.058918
vt 0.568246 0.180292
vt 0.647643 0.057022
vt 0.635418 0.078507
vt 0.638007 0.058549
vt 0.658338 0.104360
vt 0.648245 0.064464
vt 0.645955 0.059920
vt 0.649168 0.078432
vt 0.647635 0.111841
vt 0.650633 0.067981
vt 0.646082 0.064425
vt 0.647083 0.060468
vt 0.504990 0.188581
vt 0.605571 0.185334
vt 0.647553 0.065319
vt 0.646322 0.064303
vt 0.608039 0.169891
vt 0.638147 0.062337
vt 0.624982 0.127741
vt 0.647291 0.072901
vt 0.646512 0.065309
vt 0.645405 0.063442
vt 0.646323 0.065255
vt 0.648272 0.065221
vt 0.648521 0.065447
vt 0.646033 0.065135
vt 0.648512 0.065088
vt 0.641572 0.114015
vt 0.646152 0.064671
vt 0.648288 0.067753
vt 0.647924 0.065089
vt 0.648288 0.067753
vt 0.649042 0.064390
vt 0.648803 0.069779
vt 0.647444 0.066617
vt 0.646896 0.064384
vt 0.645606 0.063844
vt 0.645706 0.063687
vt 0.529014 0.178116
vt 0.624789 0.129115
vt 0.493593 0.179251
vt 0.658950 0.101448
vt 0.489229 0.186343
vt 0.650936 0.072115
vt 0.645556 0.068869
vt 0.646978 0.072077
vt 0.650660 0.072721
vt 0.514850 0.172360
vt 0.495846 0.183389
vt 0.558998 0.177580
vt 0.658992 0.098648
vt 0.637122 0.066783
vt 0.658719 0.097985
vt 0.643536 0.071662
vt 0.645397 0.071460
vt 0.540686 0.162218
vt 0.626926 0.062742
vt 0.576906 0.174214
vt 0.491269 0.175092
vt 0.503654 0.176146
vt 0.661472 0.075552
vt 0.537174 0.181315
vt 0.645958 0.077106
vt 0.522570 0.181613
vt 0.620876 0.133000
vt 0.563436 0.168017
vt 0.646438 0.079609
vt 0.625302 0.078593
vt 0.624143 0.074730
vt 0.415485 0.799107
vt 0.643480 0.076590
vt 0.495938 0.168308
vt 0.533292 0.171819
vt 0.420203 0.799081
vt 0.638007 0.090890
vt 0.642051 0.075432
vt 0.652457 0.095574
vt 0.646186 0.082094
vt 0.646464 0.083632
vt 0.642973 0.079031
vt 0.603937 0.071650
vt 0.600924 0.166707
vt 0.643033 0.084158
vt 0.641160 0.083240
vt 0.645423 0.085597
vt 0.623595 0.116339
vt 0.650081 0.095729
vt 0.642719 0.083725
vt 0.624919 0.068469
vt 0.570607 0.158180
vt 0.599337 0.162794
vt 0.643102 0.080362
vt 0.644083 0.088774
vt 0.600391 0.161670
vt 0.624721 0.110883
vt 0.588867 0.161446
vt 0.596317 0.166051
vt 0.529912 0.166834
vt 0.554019 0.164632
vt 0.623101 0.105424
vt 0.641938 0.092194
vt 0.491663 0.169773
vt 0.637931 0.095819
vt 0.620384 0.097250
vt 0.438486 0.805757
vt 0.644339 0.094612
vt 0.638860 0.094663
vt 0.638635 0.092762
vt 0.625935 0.097785
vt 0.549427 0.155389
vt 0.592816 0.143351
vt 0.620471 0.089220
vt 0.626867 0.097269
vt 0.508739 0.156469
vt 0.630523 0.096622
vt 0.524162 0.152067
vt 0.570046 0.153031
vt 0.601115 0.077629
vt 0.501410 0.163853
vt 0.622734 0.097330
vt 0.618309 0.097654
vt 0.517511 0.160720
vt 0.583689 0.152737
vt 0.612759 0.061521
vt 0.601236 0.069358
vt 0.572304 0.143569
vt 0.588056 0.119306
vt 0.580264 0.144717
vt 0.497929 0.158355
vt 0.598379 0.087296
vt 0.593416 0.139425
vt 0.582326 0.141541
vt 0.555256 0.149256
vt 0.513300 0.150451
vt 0.613774 0.098292
vt 0.597828 0.105742
vt 0.497100 0.150770
vt 0.579228 0.140758
vt 0.453534 0.801340
vt 0.559630 0.130941
vt 0.539185 0.139260
vt 0.561836 0.137114
vt 0.588943 0.079432
vt 0.606679 0.098098
vt 0.497144 0.143954
vt 0.602039 0.098053
vt 0.574879 0.129200
vt 0.505159 0.143696
vt 0.519481 0.138272
vt 0.595979 0.092686
vt 0.596463 0.096437
vt 0.511953 0.137129
vt 0.587140 0.094835
vt 0.593861 0.066786
vt 0.512357 0.134794
vt 0.575488 0.112480
vt 0.574532 0.090085
vt 0.579632 0.078175
vt 0.500829 0.130937
vt 0.513399 0.129578
vt 0.571287 0.119279
vt 0.575001 0.112361
vt 0.566831 0.126557
vt 0.505347 0.132201
vt 0.577558 0.092359
vt 0.569923 0.115094
vt 0.566590 0.096950
vt 0.565469 0.112497
vt 0.538183 0.130199
vt 0.561381 0.110764
vt 0.566696 0.089046
vt 0.576423 0.064502
vt 0.501240 0.115830
vt 0.563673 0.084639
vt 0.552652 0.098570
vt 0.541079 0.102450
vt 0.558731 0.074629
vt 0.506368 0.092739
vt 0.504999 0.109726
vt 0.551997 0.093907
vt 0.556891 0.080634
vt 0.561307 0.081174
vt 0.550593 0.083035
vt 0.524044 0.106287
vt 0.499522 0.090598
vt 0.548166 0.088831
vt 0.542024 0.089546
vt 0.548743 0.090979
vt 0.548774 0.070322
vt 0.552569 0.078391
vt 0.542266 0.087783
vt 0.510518 0.799634
vt 0.543507 0.068972
vt 0.543163 0.077732
vt 0.543105 0.079967
vt 0.563970 0.061726
vt 0.535555 0.071065
vt 0.512042 0.090330
vt 0.532440 0.068173
vt 0.544809 0.058827
vt 0.510715 0.081675
vt 0.539415 0.076301
vt 0.190862 0.850274
vt 0.532431 0.074538
vt 0.531198 0.073755
vt 0.527449 0.075648
vt 0.537515 0.061233
vt 0.543921 0.053633
vt 0.497650 0.067052
vt 0.538861 0.055987
vt 0.507490 0.067949
vt 0.495209 0.077257
vt 0.531813 0.051956
vt 0.493046 0.065940
vt 0.534439 0.051764
vt 0.493615 0.064048
vt 0.409487 0.839243
vt 0.526075 0.053020
vt 0.195089 0.854375
vt 0.531976 0.048772
vt 0.506068 0.063497
vt 0.483755 0.358479
vt 0.466978 0.339349
vt 0.476125 0.345832
vt 0.738035 0.374137
vt 0.672581 0.641495
vt 0.703892 0.375836
vt 0.660560 0.376778
vt 0.188224 0.417935
vt 0.441910 0.316350
vt 0.683765 0.377816
vt 0.495959 0.360631
vt 0.463770 0.336001
vt 0.455750 0.326086
vt 0.434252 0.300988
vt 0.497452 0.388510
vt 0.408199 0.273622
vt 0.491546 0.388926
vt 0.467081 0.330883
vt 0.390443 0.237709
vt 0.429765 0.304417
vt 0.457946 0.317186
vt 0.486832 0.374802
vt 0.506077 0.388998
vt 0.447158 0.306910
vt 0.491923 0.372299
vt 0.381504 0.213599
vt 0.497913 0.381069
vt 0.436842 0.295487
vt 0.504813 0.385482
vt 0.413507 0.268037
vt 0.383271 0.203597
vt 0.413123 0.247282
vt 0.470954 0.322029
vt 0.398033 0.256366
vt 0.488585 0.340000
vt 0.416837 0.259382
vt 0.424687 0.281037
vt 0.501268 0.376049
vt 0.505337 0.393432
vt 0.398381 0.234436
vt 0.390928 0.183271
vt 0.501763 0.357184
vt 0.386489 0.163789
vt 0.374500 0.173913
vt 0.479797 0.332281
vt 0.430970 0.279106
vt 0.454412 0.306297
vt 0.483942 0.332841
vt 0.506407 0.339314
vt 0.444449 0.281571
vt 0.393228 0.212424
vt 0.402514 0.230772
vt 0.453902 0.290473
vt 0.460918 0.306527
vt 0.480309 0.321637
vt 0.507949 0.373630
vt 0.430289 0.273477
vt 0.431807 0.266247
vt 0.406145 0.212833
vt 0.489163 0.314470
vt 0.515238 0.372222
vt 0.479967 0.311779
vt 0.414177 0.227136
vt 0.516432 0.382774
vt 0.462910 0.294954
vt 0.390601 0.167193
vt 0.534175 0.377641
vt 0.398893 0.204998
vt 0.468271 0.286052
vt 0.415302 0.220908
vt 0.459847 0.284184
vt 0.495218 0.325744
vt 0.422637 0.229895
vt 0.524453 0.378779
vt 0.480851 0.297569
vt 0.516316 0.364947
vt 0.437658 0.258630
vt 0.527590 0.341067
vt 0.171586 0.389197
vt 0.533301 0.375440
vt 0.509263 0.332859
vt 0.492165 0.305521
vt 0.411704 0.203302
vt 0.500017 0.304808
vt 0.508144 0.324728
vt 0.486456 0.300395
vt 0.457581 0.278450
vt 0.529771 0.368847
vt 0.534414 0.343224
vt 0.444945 0.258925
vt 0.482720 0.289279
vt 0.476640 0.288943
vt 0.445821 0.251347
vt 0.433656 0.234317
vt 0.506522 0.306551
vt 0.469422 0.273923
vt 0.435546 0.243951
vt 0.495210 0.291313
vt 0.527312 0.358463
vt 0.414517 0.178354
vt 0.456484 0.263835
vt 0.517406 0.319977
vt 0.425942 0.204083
vt 0.537506 0.360357
vt 0.430156 0.220279
vt 0.508943 0.295161
vt 0.539577 0.361586
vt 0.464586 0.258429
vt 0.489267 0.275446
vt 0.491537 0.287792
vt 0.529317 0.300326
vt 0.459463 0.248239
vt 0.440460 0.219610
vt 0.527886 0.335043
vt 0.420973 0.166881
vt 0.503160 0.290941
vt 0.451569 0.242583
vt 0.449494 0.231921
vt 0.476314 0.272384
vt 0.542202 0.371866
vt 0.475613 0.257975
vt 0.429780 0.186201
vt 0.483587 0.263230
vt 0.534050 0.320894
vt 0.462539 0.246818
vt 0.445543 0.209412
vt 0.419626 0.171040
vt 0.513723 0.291524
vt 0.509272 0.284724
vt 0.444258 0.194123
vt 0.421952 0.163886
vt 0.128061 0.357575
vt 0.183264 0.376902
vt 0.505461 0.283396
vt 0.509952 0.306601
vt 0.542152 0.310052
vt 0.552371 0.364708
vt 0.548827 0.349892
vt 0.459516 0.235542
vt 0.520834 0.295060
vt 0.497941 0.279429
vt 0.430068 0.163468
vt 0.433495 0.148230
vt 0.531024 0.325248
vt 0.429511 0.160256
vt 0.510829 0.274650
vt 0.563995 0.358677
vt 0.828815 0.551440
vt 0.544410 0.319565
vt 0.550785 0.327922
vt 0.547339 0.331726
vt 0.556273 0.329592
vt 0.470430 0.248329
vt 0.548666 0.318960
vt 0.552263 0.322933
vt 0.555807 0.334987
vt 0.496647 0.273418
vt 0.556000 0.356053
vt 0.835057 0.552500
vt 0.824382 0.551569
vt 0.559927 0.363682
vt 0.489186 0.260991
vt 0.555005 0.326293
vt 0.528749 0.288613
vt 0.550577 0.316107
vt 0.553608 0.320541
vt 0.836585 0.551688
vt 0.499715 0.259786
vt 0.841743 0.550179
vt 0.542689 0.378103
vt 0.495423 0.264215
vt 0.556990 0.348292
vt 0.452144 0.200734
vt 0.549184 0.303765
vt 0.516426 0.271680
vt 0.462577 0.213753
vt 0.545810 0.298983
vt 0.474922 0.236798
vt 0.468540 0.231119
vt 0.439596 0.168208
vt 0.444972 0.182822
vt 0.534001 0.283759
vt 0.846149 0.549234
vt 0.554106 0.310133
vt 0.434037 0.170469
vt 0.525350 0.276954
vt 0.444727 0.206011
vt 0.572404 0.355223
vt 0.474638 0.690593
vt 0.575077 0.352706
vt 0.453382 0.178655
vt 0.580016 0.355580
vt 0.578855 0.353796
vt 0.579457 0.356695
vt 0.850398 0.547108
vt 0.444589 0.155415
vt 0.450397 0.139119
vt 0.569167 0.348094
vt 0.571727 0.339559
vt 0.556359 0.345339
vt 0.483756 0.241341
vt 0.570055 0.345819
vt 0.461027 0.205834
vt 0.503697 0.264024
vt 0.552012 0.293393
vt 0.539484 0.271834
vt 0.800312 0.552234
vt 0.566378 0.338020
vt 0.856176 0.544703
vt 0.517649 0.267731
vt 0.535233 0.271495
vt 0.552828 0.282027
vt 0.489482 0.236136
vt 0.476371 0.223955
vt 0.543878 0.274899
vt 0.555923 0.296392
vt 0.485625 0.228559
vt 0.448391 0.168169
vt 0.558329 0.287900
vt 0.527003 0.266326
vt 0.558487 0.290914
vt 0.522675 0.265565
vt 0.456159 0.148861
vt 0.464692 0.191347
vt 0.506467 0.257960
vt 0.461695 0.182726
vt 0.455677 0.166368
vt 0.476652 0.210923
vt 0.494225 0.234058
vt 0.553658 0.266565
vt 0.100751 0.352014
vt 0.864549 0.537722
vt 0.509440 0.252161
vt 0.557530 0.274768
vt 0.563206 0.278676
vt 0.514105 0.253181
vt 0.463860 0.176916
vt 0.545894 0.266979
vt 0.504661 0.238732
vt 0.478233 0.201167
vt 0.517464 0.248475
vt 0.528861 0.261649
vt 0.557476 0.263546
vt 0.471537 0.180302
vt 0.874810 0.858200
vt 0.565384 0.272317
vt 0.482790 0.196167
vt 0.457980 0.153729
vt 0.460114 0.134602
vt 0.460920 0.113922
vt 0.540473 0.258204
vt 0.699337 0.178666
vt 0.466646 0.158701
vt 0.558331 0.259298
vt 0.487418 0.207683
vt 0.516628 0.245971
vt 0.536741 0.257448
vt 0.704980 0.177544
vt 0.510888 0.239937
vt 0.069777 0.811401
vt 0.569190 0.273675
vt 0.875851 0.860516
vt 0.495676 0.224139
vt 0.680288 0.175800
vt 0.545677 0.258890
vt 0.708939 0.176515
vt 0.564932 0.264606
vt 0.724145 0.185818
vt 0.574107 0.277185
vt 0.570526 0.275365
vt 0.462146 0.118820
vt 0.026058 0.897139
vt 0.029100 0.875399
vt 0.529291 0.254715
vt 0.685044 0.176827
vt 0.575506 0.276837
vt 0.509151 0.237068
vt 0.034656 0.859115
vt 0.475489 0.180905
vt 0.467272 0.157557
vt 0.462368 0.133978
vt 0.081426 0.806983
vt 0.561382 0.260560
vt 0.086766 0.804302
vt 0.572336 0.273845
vt 0.025807 0.882043
vt 0.512978 0.242886
vt 0.523824 0.251982
vt 0.066469 0.813429
vt 0.069946 0.813029
vt 0.075762 0.807587
vt 0.867524 0.528739
vt 0.152490 0.449910
vt 0.734903 0.712827
vt 0.729173 0.692149
vt 0.125777 0.476933
vt 0.721031 0.665072
vt 0.116021 0.467421
vt 0.146825 0.451738
vt 0.162246 0.438064
vt 0.153495 0.442249
vt 0.189916 0.419305
vt 0.182759 0.416859
vt 0.177430 0.417770
vt 0.147585 0.443930
vt 0.152746 0.437794
vt 0.129040 0.470753
vt 0.176019 0.416967
vt 0.130814 0.460997
vt 0.167812 0.406159
vt 0.120854 0.459073
vt 0.137606 0.443349
vt 0.166641 0.416624
vt 0.150337 0.430115
vt 0.136229 0.433096
vt 0.123980 0.446166
vt 0.137574 0.423798
vt 0.119785 0.450831
vt 0.153291 0.410209
vt 0.787485 0.791738
vt 0.135203 0.428828
vt 0.123196 0.430013
vt 0.111101 0.441873
vt 0.109930 0.443463
vt 0.124348 0.435524
vt 0.147052 0.409407
vt 0.802223 0.796983
vt 0.159537 0.396326
vt 0.156456 0.396726
vt 0.144778 0.406819
vt 0.116937 0.432845
vt 0.123278 0.425673
vt 0.142481 0.393449
vt 0.169660 0.400742
vt 0.116986 0.438017
vt 0.110031 0.427010
vt 0.807373 0.798846
vt 0.108991 0.430477
vt 0.108032 0.430966
vt 0.131097 0.418062
vt 0.126802 0.410387
vt 0.407005 0.175358
vt 0.113866 0.416515
vt 0.110885 0.418782
vt 0.141502 0.382456
vt 0.118744 0.415781
vt 0.163778 0.395630
vt 0.132930 0.376634
vt 0.145047 0.385323
vt 0.178651 0.360421
vt 0.159705 0.331473
vt 0.129215 0.390152
vt 0.165348 0.208639
vt 0.122785 0.374511
vt 0.164002 0.192319
vt 0.135318 0.370497
vt 0.165455 0.208963
vt 0.128948 0.373362
vt 0.174406 0.210265
vt 0.113122 0.377806
vt 0.132896 0.360691
vt 0.122383 0.362819
vt 0.129873 0.352163
vt 0.157885 0.211988
vt 0.117740 0.372247
vt 0.856263 0.835647
vt 0.159570 0.210943
vt 0.178368 0.208175
vt 0.147554 0.316105
vt 0.106399 0.364732
vt 0.155353 0.213079
vt 0.162443 0.220259
vt 0.147682 0.202755
vt 0.153528 0.212542
vt 0.162876 0.178214
vt 0.138751 0.313740
vt 0.166564 0.228066
vt 0.180901 0.322680
vt 0.132496 0.355325
vt 0.109436 0.353603
vt 0.859277 0.849611
vt 0.441887 0.146727
vt 0.101808 0.355766
vt 0.113003 0.361379
vt 0.452459 0.129855
vt 0.106652 0.351223
vt 0.110500 0.352671
vt 0.180336 0.197157
vt 0.860135 0.854625
vt 0.098008 0.351011
vt 0.163895 0.163941
vt 0.144113 0.194802
vt 0.099342 0.351532
vt 0.099377 0.350904
vt 0.175971 0.317854
vt 0.184595 0.226413
vt 0.175818 0.322670
vt 0.168008 0.319884
vt 0.196217 0.331168
vt 0.198409 0.330128
vt 0.201130 0.329151
vt 0.145803 0.219481
vt 0.191235 0.320237
vt 0.140802 0.177920
vt 0.418996 0.169003
vt 0.151785 0.225338
vt 0.183093 0.316728
vt 0.138524 0.311581
vt 0.201515 0.335997
vt 0.204717 0.330976
vt 0.195143 0.315998
vt 0.159626 0.319394
vt 0.161628 0.318616
vt 0.141386 0.312865
vt 0.200269 0.321365
vt 0.165483 0.307364
vt 0.153328 0.316462
vt 0.165229 0.152131
vt 0.156635 0.316222
vt 0.148492 0.314256
vt 0.154625 0.309370
vt 0.140161 0.165190
vt 0.167651 0.309596
vt 0.189345 0.303809
vt 0.137539 0.161929
vt 0.139974 0.222283
vt 0.212183 0.319086
vt 0.199171 0.310383
vt 0.174108 0.305274
vt 0.164349 0.138342
vt 0.144046 0.307315
vt 0.185950 0.300623
vt 0.193928 0.223992
vt 0.135475 0.305306
vt 0.144706 0.302432
vt 0.137197 0.153248
vt 0.202879 0.308766
vt 0.141691 0.301104
vt 0.167632 0.299579
vt 0.188289 0.157824
vt 0.124812 0.163562
vt 0.199057 0.173202
vt 0.209002 0.321068
vt 0.204844 0.313761
vt 0.189620 0.296238
vt 0.156925 0.305653
vt 0.212631 0.317543
vt 0.194279 0.145771
vt 0.173989 0.296256
vt 0.163969 0.305302
vt 0.135133 0.221353
vt 0.158334 0.246032
vt 0.157239 0.303774
vt 0.207868 0.298892
vt 0.201297 0.302298
vt 0.156732 0.302184
vt 0.153199 0.302968
vt 0.148060 0.301100
vt 0.179110 0.248451
vt 0.162075 0.300325
vt 0.211749 0.324035
vt 0.146865 0.233912
vt 0.184382 0.294063
vt 0.140022 0.290793
vt 0.147133 0.294482
vt 0.176768 0.288954
vt 0.149037 0.139184
vt 0.157721 0.127171
vt 0.200171 0.249063
vt 0.152367 0.297099
vt 0.214388 0.311186
vt 0.139608 0.234373
vt 0.137540 0.286968
vt 0.226762 0.169190
vt 0.139642 0.285806
vt 0.214732 0.310222
vt 0.192523 0.286510
vt 0.153691 0.292504
vt 0.126598 0.155400
vt 0.172327 0.293797
vt 0.208912 0.306182
vt 0.171603 0.126048
vt 0.198916 0.231811
vt 0.145318 0.289615
vt 0.208351 0.287606
vt 0.215339 0.303138
vt 0.197800 0.292430
vt 0.180293 0.286165
vt 0.163535 0.290762
vt 0.165632 0.294715
vt 0.182604 0.280066
vt 0.168223 0.287662
vt 0.213903 0.298719
vt 0.141311 0.277595
vt 0.198955 0.266086
vt 0.190310 0.277119
vt 0.158422 0.291284
vt 0.213153 0.274271
vt 0.149808 0.287478
vt 0.157363 0.290635
vt 0.157123 0.289384
vt 0.152615 0.247716
vt 0.193422 0.274215
vt 0.202845 0.273820
vt 0.157453 0.289177
vt 0.192537 0.265375
vt 0.156700 0.288391
vt 0.171541 0.280211
vt 0.221813 0.268896
vt 0.191950 0.261373
vt 0.221025 0.281791
vt 0.214122 0.285120
vt 0.218197 0.300750
vt 0.217147 0.295912
vt 0.141311 0.277595
vt 0.160554 0.286185
vt 0.165198 0.280508
vt 0.171002 0.283542
vt 0.145098 0.278959
vt 0.210144 0.256141
vt 0.173277 0.278517
vt 0.160120 0.282184
vt 0.121991 0.235318
vt 0.221887 0.291140
vt 0.153930 0.276795
vt 0.226259 0.267360
vt 0.154267 0.281648
vt 0.157216 0.281369
vt 0.178028 0.260993
vt 0.159664 0.273552
vt 0.214130 0.244456
vt 0.229093 0.306096
vt 0.184699 0.265827
vt 0.227762 0.300847
vt 0.175874 0.118345
vt 0.178955 0.272729
vt 0.151549 0.250838
vt 0.225925 0.285523
vt 0.225146 0.306147
vt 0.212156 0.248634
vt 0.198957 0.133385
vt 0.204887 0.123381
vt 0.159704 0.261050
vt 0.235783 0.183995
vt 0.228101 0.280115
vt 0.280481 0.620594
vt 0.286524 0.662810
vt 0.102758 0.184115
vt 0.111488 0.624043
vt 0.235385 0.757905
vt 0.136910 0.139361
vt 0.094053 0.629112
vt 0.118364 0.618619
vt 0.133364 0.612824
vt 0.179322 0.264908
vt 0.112850 0.187246
vt 0.286330 0.663837
vt 0.228271 0.295198
vt 0.234354 0.769629
vt 0.169829 0.276316
vt 0.106549 0.166011
vt 0.177372 0.266953
vt 0.139060 0.126035
vt 0.115090 0.149573
vt 0.229160 0.266176
vt 0.225562 0.261820
vt 0.102179 0.628443
vt 0.230057 0.269811
vt 0.153934 0.606328
vt 0.080138 0.625001
vt 0.235129 0.188960
vt 0.164098 0.603253
vt 0.223189 0.794648
vt 0.229556 0.306032
vt 0.176181 0.272239
vt 0.142820 0.254812
vt 0.163026 0.112724
vt 0.104590 0.169429
vt 0.104160 0.175728
vt 0.272214 0.693120
vt 0.230151 0.271081
vt 0.220245 0.246182
vt 0.140610 0.611126
vt 0.202970 0.584612
vt 0.228825 0.296406
vt 0.222763 0.795028
vt 0.175734 0.272485
vt 0.167699 0.273036
vt 0.238873 0.751773
vt 0.175508 0.264551
vt 0.253742 0.721535
vt 0.287330 0.646849
vt 0.259305 0.711451
vt 0.081139 0.627345
vt 0.230085 0.301884
vt 0.571381 0.874462
vt 0.807080 0.689635
vt 0.886152 0.691671
vt 0.852773 0.173875
vt 0.856282 0.682983
vt 0.767886 0.738548
vt 0.702260 0.857774
vt 0.661665 0.879562
vt 0.883624 0.696319
vt 0.633261 0.886430
vt 0.823459 0.680828
vt 0.805410 0.701501
vt 0.774446 0.741510
vt 0.848219 0.684398
vt 0.843020 0.684367
vt 0.873141 0.694222
vt 0.853777 0.689293
vt 0.851158 0.687738
vt 0.835231 0.686955
vt 0.873866 0.698188
vt 0.773789 0.762355
vt 0.782969 0.719049
vt 0.893661 0.696698
vt 0.841588 0.687302
vt 0.758554 0.777895
vt 0.878704 0.700866
vt 0.836106 0.689782
vt 0.844237 0.692819
vt 0.823826 0.690585
vt 0.846047 0.692511
vt 0.888066 0.707861
vt 0.790315 0.729021
vt 0.769280 0.778324
vt 0.853503 0.693060
vt 0.849439 0.694094
vt 0.837502 0.692874
vt 0.899370 0.710555
vt 0.882189 0.708318
vt 0.815573 0.701998
vt 0.857360 0.192424
vt 0.841596 0.703084
vt 0.810126 0.713029
vt 0.837554 0.696089
vt 0.822748 0.705143
vt 0.871307 0.706568
vt 0.770993 0.782619
vt 0.880557 0.709723
vt 0.828799 0.694718
vt 0.884739 0.713078
vt 0.878649 0.710316
vt 0.821600 0.697161
vt 0.116711 0.470622
vt 0.833694 0.705365
vt 0.842655 0.706637
vt 0.865889 0.711946
vt 0.786464 0.743061
vt 0.888377 0.715599
vt 0.886721 0.727369
vt 0.800358 0.714582
vt 0.885664 0.717952
vt 0.880928 0.715751
vt 0.828477 0.710903
vt 0.843423 0.715247
vt 0.804382 0.718852
vt 0.836255 0.717583
vt 0.825098 0.715431
vt 0.874682 0.712850
vt 0.857286 0.204619
vt 0.874931 0.719007
vt 0.850144 0.710112
vt 0.869389 0.714190
vt 0.817190 0.723738
vt 0.862408 0.715079
vt 0.820519 0.719097
vt 0.853936 0.709999
vt 0.798046 0.731259
vt 0.833851 0.710412
vt 0.801563 0.727456
vt 0.867183 0.715759
vt 0.882044 0.722382
vt 0.871006 0.716361
vt 0.881538 0.721353
vt 0.814216 0.725200
vt 0.829479 0.715870
vt 0.873964 0.721129
vt 0.788658 0.790627
vt 0.880598 0.722600
vt 0.861987 0.720309
vt 0.800886 0.736894
vt 0.800052 0.747949
vt 0.877724 0.729253
vt 0.839785 0.719364
vt 0.813266 0.731416
vt 0.828457 0.717123
vt 0.866823 0.719084
vt 0.831236 0.724039
vt 0.846177 0.719879
vt 0.788578 0.758480
vt 0.807923 0.743356
vt 0.799387 0.744728
vt 0.781543 0.762285
vt 0.838811 0.721603
vt 0.844084 0.718363
vt 0.863628 0.724782
vt 0.835448 0.721887
vt 0.875571 0.727652
vt 0.870514 0.724207
vt 0.797608 0.768030
vt 0.794811 0.756066
vt 0.111129 0.454542
vt 0.802058 0.757166
vt 0.845648 0.726168
vt 0.823386 0.729947
vt 0.860685 0.232006
vt 0.792199 0.775547
vt 0.833207 0.726543
vt 0.867426 0.737616
vt 0.847728 0.724908
vt 0.839791 0.728352
vt 0.844300 0.728461
vt 0.827503 0.731530
vt 0.847008 0.736904
vt 0.890453 0.732290
vt 0.856947 0.736348
vt 0.826299 0.735987
vt 0.821927 0.747323
vt 0.832166 0.729887
vt 0.854324 0.240698
vt 0.837178 0.734675
vt 0.854757 0.732294
vt 0.834483 0.730397
vt 0.880390 0.740109
vt 0.838107 0.730860
vt 0.857943 0.742356
vt 0.832550 0.737897
vt 0.850177 0.736817
vt 0.883870 0.774793
vt 0.886633 0.782702
vt 0.859136 0.744332
vt 0.884430 0.790460
vt 0.801028 0.782243
vt 0.860906 0.748546
vt 0.865137 0.748592
vt 0.842351 0.732635
vt 0.825253 0.741900
vt 0.839610 0.737890
vt 0.876444 0.764857
vt 0.813153 0.747197
vt 0.884941 0.763243
vt 0.874614 0.760376
vt 0.867403 0.751073
vt 0.863023 0.748094
vt 0.807779 0.795934
vt 0.870380 0.765080
vt 0.872601 0.768835
vt 0.820291 0.751706
vt 0.831836 0.741662
vt 0.861899 0.752461
vt 0.851829 0.740293
vt 0.878069 0.761744
vt 0.869467 0.758864
vt 0.841546 0.746064
vt 0.865123 0.764600
vt 0.864667 0.770027
vt 0.857415 0.758126
vt 0.873182 0.785224
vt 0.807864 0.763156
vt 0.816695 0.753842
vt 0.864794 0.755275
vt 0.870818 0.754870
vt 0.849993 0.750165
vt 0.837167 0.746574
vt 0.866366 0.752959
vt 0.839498 0.744120
vt 0.804485 0.787329
vt 0.806842 0.774867
vt 0.823028 0.754283
vt 0.806818 0.770279
vt 0.857556 0.783480
vt 0.865294 0.786663
vt 0.809311 0.766022
vt 0.875241 0.801718
vt 0.868756 0.765055
vt 0.858856 0.761206
vt 0.876452 0.771148
vt 0.885152 0.768604
vt 0.834019 0.750589
vt 0.852559 0.774038
vt 0.845763 0.745645
vt 0.817753 0.758465
vt 0.856932 0.754563
vt 0.828260 0.754078
vt 0.849668 0.753289
vt 0.837299 0.744811
vt 0.849632 0.748429
vt 0.814925 0.790263
vt 0.857877 0.771404
vt 0.830385 0.746583
vt 0.828819 0.752433
vt 0.843401 0.749680
vt 0.845012 0.757965
vt 0.816044 0.781560
vt 0.885087 0.771125
vt 0.885231 0.798694
vt 0.841913 0.763128
vt 0.109739 0.429942
vt 0.810525 0.788253
vt 0.809936 0.780055
vt 0.826021 0.770507
vt 0.839082 0.759001
vt 0.809576 0.790013
vt 0.877637 0.773297
vt 0.823403 0.761154
vt 0.819297 0.779537
vt 0.859199 0.770113
vt 0.822158 0.799292
vt 0.828209 0.777424
vt 0.815945 0.772236
vt 0.872220 0.777376
vt 0.873091 0.774072
vt 0.826321 0.758655
vt 0.820021 0.794671
vt 0.815227 0.774685
vt 0.873225 0.773584
vt 0.821395 0.771101
vt 0.844565 0.755998
vt 0.822843 0.776500
vt 0.852039 0.763855
vt 0.814871 0.765157
vt 0.850459 0.782389
vt 0.835201 0.754815
vt 0.815445 0.795947
vt 0.840234 0.755835
vt 0.826414 0.802351
vt 0.845316 0.771599
vt 0.846973 0.767570
vt 0.831394 0.766451
vt 0.832745 0.760273
vt 0.824615 0.781557
vt 0.836891 0.765644
vt 0.866013 0.779672
vt 0.894997 0.806758
vt 0.832151 0.785706
vt 0.843141 0.774393
vt 0.842222 0.797135
vt 0.827166 0.782970
vt 0.850744 0.788865
vt 0.830861 0.779205
vt 0.839522 0.799022
vt 0.860181 0.775979
vt 0.825397 0.791655
vt 0.834060 0.771525
vt 0.833343 0.774443
vt 0.843228 0.788667
vt 0.840617 0.775722
vt 0.837173 0.785694
vt 0.890476 0.805334
vt 0.858170 0.792647
vt 0.860957 0.776263
vt 0.865817 0.799940
vt 0.839191 0.782789
vt 0.869799 0.800241
vt 0.841214 0.805090
vt 0.845764 0.797976
vt 0.830069 0.798981
vt 0.839211 0.789176
vt 0.836946 0.788131
vt 0.852110 0.810929
vt 0.835054 0.790950
vt 0.860468 0.804688
vt 0.834610 0.808342
vt 0.891278 0.811249
vt 0.883104 0.809887
vt 0.871531 0.814507
vt 0.878254 0.808943
vt 0.862099 0.814420
vt 0.822778 0.249513
vt 0.864396 0.823455
vt 0.878708 0.830831
vt 0.855943 0.834893
vt 0.859709 0.835589
vt 0.107385 0.367218
vt 0.895596 0.839449
vt 0.870452 0.840431
vt 0.873527 0.844372
vt 0.898573 0.855518
vt 0.880275 0.845505
vt 0.886061 0.849934
vt 0.860135 0.854625
vt 0.861425 0.852504
vt 0.097317 0.351494
vt 0.120405 0.801731
vt 0.884292 0.859183
vt 0.459815 0.117297
vt 0.882847 0.863175
vt 0.885366 0.863049
vt 0.888150 0.864307
vt 0.886810 0.864049
vt 0.115510 0.802963
vt 0.559500 0.639632
vt 0.388792 0.764382
vt 0.389103 0.764406
vt 0.300240 0.193369
vt 0.403309 0.706981
vt 0.392322 0.743830
vt 0.221705 0.447650
vt 0.621188 0.673463
vt 0.601946 0.669362
vt 0.321025 0.185997
vt 0.206814 0.425174
vt 0.389119 0.766630
vt 0.232351 0.223950
vt 0.404793 0.699598
vt 0.625177 0.678851
vt 0.589214 0.662838
vt 0.389608 0.785612
vt 0.395207 0.737701
vt 0.615412 0.674499
vt 0.628140 0.680947
vt 0.394726 0.790940
vt 0.561202 0.643885
vt 0.614811 0.675539
vt 0.589973 0.667073
vt 0.263454 0.727264
vt 0.564939 0.643278
vt 0.597368 0.676141
vt 0.564558 0.645127
vt 0.391538 0.766516
vt 0.550408 0.641856
vt 0.571146 0.661767
vt 0.580683 0.664548
vt 0.606851 0.674306
vt 0.633976 0.681010
vt 0.396623 0.776979
vt 0.395106 0.754300
vt 0.552056 0.637433
vt 0.576977 0.672591
vt 0.619921 0.678871
vt 0.636035 0.683711
vt 0.607353 0.677217
vt 0.614858 0.679046
vt 0.617713 0.679903
vt 0.622645 0.681818
vt 0.569751 0.649013
vt 0.401416 0.721985
vt 0.399163 0.736236
vt 0.390773 0.797676
vt 0.633823 0.683847
vt 0.631049 0.689721
vt 0.552246 0.641683
vt 0.583935 0.669876
vt 0.602554 0.678046
vt 0.622275 0.687120
vt 0.618121 0.684680
vt 0.400962 0.792653
vt 0.601873 0.683697
vt 0.586282 0.677407
vt 0.558227 0.671867
vt 0.410563 0.707931
vt 0.401859 0.755123
vt 0.621742 0.685283
vt 0.569043 0.662313
vt 0.609181 0.682161
vt 0.549298 0.635547
vt 0.610395 0.685173
vt 0.401674 0.782458
vt 0.406641 0.745749
vt 0.620946 0.692706
vt 0.557059 0.657132
vt 0.612107 0.690992
vt 0.624572 0.691019
vt 0.406621 0.772763
vt 0.398641 0.798595
vt 0.561793 0.671384
vt 0.610897 0.686320
vt 0.427688 0.707844
vt 0.408635 0.793185
vt 0.407128 0.736372
vt 0.591371 0.683159
vt 0.407248 0.765812
vt 0.424877 0.713175
vt 0.562208 0.657371
vt 0.574633 0.678643
vt 0.432156 0.692169
vt 0.608029 0.690221
vt 0.629371 0.692623
vt 0.595725 0.687374
vt 0.410020 0.784589
vt 0.547104 0.651774
vt 0.412186 0.738220
vt 0.539094 0.648554
vt 0.416752 0.693723
vt 0.592991 0.688203
vt 0.414152 0.754316
vt 0.417763 0.731575
vt 0.554042 0.659861
vt 0.608634 0.695500
vt 0.277725 0.743072
vt 0.617754 0.697189
vt 0.551470 0.662532
vt 0.541287 0.648702
vt 0.618364 0.696976
vt 0.416056 0.794410
vt 0.623084 0.700783
vt 0.554751 0.668589
vt 0.413524 0.769082
vt 0.581017 0.690297
vt 0.621388 0.700279
vt 0.567949 0.681304
vt 0.569032 0.690901
vt 0.600516 0.694245
vt 0.631070 0.698619
vt 0.608696 0.700161
vt 0.435648 0.713830
vt 0.587581 0.687730
vt 0.556488 0.675634
vt 0.416388 0.781594
vt 0.532820 0.655790
vt 0.451968 0.694018
vt 0.618697 0.706295
vt 0.546911 0.657452
vt 0.423323 0.737137
vt 0.578339 0.695470
vt 0.587908 0.699656
vt 0.442108 0.700311
vt 0.550734 0.678114
vt 0.421820 0.787630
vt 0.434286 0.694393
vt 0.618042 0.708673
vt 0.536227 0.648813
vt 0.416775 0.798340
vt 0.579028 0.695033
vt 0.561519 0.687284
vt 0.430128 0.779557
vt 0.621777 0.709538
vt 0.527889 0.659012
vt 0.419456 0.766451
vt 0.599118 0.717217
vt 0.452793 0.707803
vt 0.574370 0.688797
vt 0.420518 0.791766
vt 0.438210 0.800872
vt 0.427699 0.796214
vt 0.537893 0.674925
vt 0.603801 0.705450
vt 0.424344 0.775999
vt 0.524306 0.672325
vt 0.544323 0.677144
vt 0.801857 0.611953
vt 0.427806 0.742736
vt 0.800630 0.608723
vt 0.530293 0.661831
vt 0.434594 0.741561
vt 0.277407 0.747833
vt 0.622610 0.715844
vt 0.591106 0.710140
vt 0.427210 0.754737
vt 0.432677 0.730996
vt 0.526726 0.660316
vt 0.566574 0.703535
vt 0.562768 0.692478
vt 0.531741 0.672281
vt 0.623712 0.716367
vt 0.623304 0.717134
vt 0.522925 0.662608
vt 0.617055 0.727961
vt 0.518957 0.669563
vt 0.800052 0.603926
vt 0.430567 0.790345
vt 0.579835 0.696576
vt 0.542043 0.685422
vt 0.533368 0.677550
vt 0.608982 0.721288
vt 0.432538 0.793536
vt 0.548729 0.682379
vt 0.595157 0.722079
vt 0.530672 0.669299
vt 0.604021 0.731502
vt 0.444262 0.731826
vt 0.432245 0.767789
vt 0.529445 0.676261
vt 0.443884 0.787708
vt 0.440175 0.801464
vt 0.518715 0.675359
vt 0.613182 0.732328
vt 0.531986 0.681075
vt 0.536355 0.691511
vt 0.432160 0.805003
vt 0.439407 0.741975
vt 0.607481 0.724122
vt 0.579458 0.716037
vt 0.563106 0.706779
vt 0.446646 0.725797
vt 0.517693 0.670667
vt 0.437998 0.781158
vt 0.534916 0.683838
vt 0.450963 0.715720
vt 0.573415 0.713852
vt 0.445072 0.794621
vt 0.556355 0.700483
vt 0.456868 0.714694
vt 0.529026 0.696709
vt 0.563772 0.716908
vt 0.502022 0.682683
vt 0.471853 0.714897
vt 0.480870 0.689818
vt 0.512358 0.689025
vt 0.449852 0.793247
vt 0.445316 0.750092
vt 0.448735 0.801299
vt 0.467157 0.706737
vt 0.530151 0.692958
vt 0.457543 0.732054
vt 0.797141 0.587507
vt 0.550815 0.714378
vt 0.449547 0.770729
vt 0.450213 0.794214
vt 0.513101 0.684428
vt 0.557275 0.722160
vt 0.465557 0.714388
vt 0.550808 0.698960
vt 0.472385 0.695187
vt 0.481999 0.697903
vt 0.468960 0.694533
vt 0.511898 0.697381
vt 0.498319 0.683676
vt 0.477141 0.698331
vt 0.474229 0.699374
vt 0.451703 0.801190
vt 0.253840 0.766113
vt 0.446273 0.762448
vt 0.514014 0.693387
vt 0.464232 0.748211
vt 0.506908 0.685856
vt 0.551706 0.707652
vt 0.510099 0.691466
vt 0.518864 0.700275
vt 0.480353 0.707114
vt 0.598266 0.737760
vt 0.521776 0.699330
vt 0.503002 0.690722
vt 0.456909 0.781655
vt 0.448111 0.738163
vt 0.481782 0.711785
vt 0.572019 0.718197
vt 0.586760 0.713473
vt 0.487538 0.710409
vt 0.512604 0.704311
vt 0.599645 0.752900
vt 0.506825 0.704624
vt 0.565028 0.726791
vt 0.492321 0.711674
vt 0.465960 0.750856
vt 0.545551 0.713313
vt 0.544803 0.706716
vt 0.460219 0.758782
vt 0.469271 0.730264
vt 0.595895 0.743795
vt 0.538621 0.709073
vt 0.462433 0.772146
vt 0.479438 0.774411
vt 0.516151 0.714977
vt 0.518804 0.719580
vt 0.466127 0.785302
vt 0.534797 0.717634
vt 0.458038 0.776428
vt 0.594243 0.747174
vt 0.473894 0.738836
vt 0.602193 0.742924
vt 0.595013 0.748130
vt 0.533600 0.726722
vt 0.478473 0.748063
vt 0.562423 0.734458
vt 0.481031 0.781363
vt 0.487035 0.739652
vt 0.540160 0.747155
vt 0.598097 0.755877
vt 0.563829 0.735048
vt 0.474456 0.733024
vt 0.504460 0.722221
vt 0.584975 0.744745
vt 0.487575 0.728286
vt 0.529765 0.729972
vt 0.522602 0.725642
vt 0.486107 0.739118
vt 0.502917 0.735617
vt 0.527404 0.724648
vt 0.492445 0.731354
vt 0.503070 0.739627
vt 0.235937 0.783495
vt 0.494636 0.734007
vt 0.499755 0.727162
vt 0.497571 0.729932
vt 0.510395 0.722738
vt 0.510725 0.730103
vt 0.555616 0.737442
vt 0.495004 0.742895
vt 0.590772 0.761153
vt 0.456356 0.801220
vt 0.578926 0.762880
vt 0.576313 0.774173
vt 0.520771 0.733043
vt 0.486107 0.801643
vt 0.549600 0.747350
vt 0.545201 0.752694
vt 0.551416 0.751013
vt 0.548023 0.739590
vt 0.497815 0.778780
vt 0.508382 0.765733
vt 0.535345 0.754184
vt 0.523012 0.756347
vt 0.511363 0.776956
vt 0.527186 0.770958
vt 0.519920 0.769695
vt 0.559990 0.752264
vt 0.528467 0.767004
vt 0.563908 0.767791
vt 0.520716 0.781314
vt 0.522558 0.771489
vt 0.542355 0.759331
vt 0.534453 0.781095
vt 0.562531 0.782573
vt 0.196584 0.822489
vt 0.545059 0.780446
vt 0.179674 0.835259
vt 0.204308 0.875401
vt 0.474220 0.177455
vt 0.065722 0.814119
vt 0.081426 0.806983
vt 0.881814 0.863357
vt 0.836968 0.340696
vt 0.171850 0.819594
vt 0.493873 0.213649
vt 0.154478 0.807863
vt 0.046782 0.840556
vt 0.202174 0.881021
vt 0.888986 0.384477
vt 0.168254 0.819978
vt 0.093344 0.807063
vt 0.183850 0.850802
vt 0.506029 0.230772
vt 0.029729 0.886854
vt 0.071340 0.813766
vt 0.181215 0.852218
vt 0.164152 0.819425
vt 0.160739 0.815271
vt 0.670391 0.156849
vt 0.197144 0.869273
vt 0.197811 0.876563
vt 0.206317 0.897873
vt 0.076675 0.913486
vt 0.163988 0.825597
vt 0.158232 0.832932
vt 0.168854 0.834307
vt 0.155051 0.814405
vt 0.154311 0.824701
vt 0.159161 0.829582
vt 0.158214 0.825933
vt 0.041604 0.862608
vt 0.187157 0.863766
vt 0.061643 0.830685
vt 0.141186 0.806100
vt 0.193569 0.905622
vt 0.200182 0.889680
vt 0.038400 0.882938
vt 0.056309 0.844428
vt 0.136785 0.811734
vt 0.070172 0.825907
vt 0.152064 0.835951
vt 0.104942 0.809454
vt 0.039992 0.896763
vt 0.681099 0.156254
vt 0.052430 0.861087
vt 0.194106 0.895071
vt 0.042768 0.877411
vt 0.049807 0.901861
vt 0.110669 0.821029
vt 0.114898 0.814294
vt 0.150827 0.826505
vt 0.047525 0.888895
vt 0.050049 0.854196
vt 0.146423 0.837556
vt 0.148859 0.820091
vt 0.047583 0.869196
vt 0.144866 0.821456
vt 0.158406 0.852700
vt 0.073740 0.827864
vt 0.082955 0.817405
vt 0.077786 0.826226
vt 0.083975 0.828089
vt 0.143427 0.831044
vt 0.140647 0.820704
vt 0.058535 0.857118
vt 0.063164 0.907744
vt 0.129000 0.818323
vt 0.134423 0.815381
vt 0.132033 0.822992
vt 0.701311 0.154521
vt 0.108809 0.821661
vt 0.081652 0.913606
vt 0.141230 0.816598
vt 0.181258 0.874896
vt 0.090025 0.823717
vt 0.123520 0.821053
vt 0.050125 0.885315
vt 0.702056 0.078227
vt 0.071766 0.847165
vt 0.054331 0.885945
vt 0.099640 0.818905
vt 0.178247 0.892387
vt 0.051637 0.891585
vt 0.141017 0.830784
vt 0.102944 0.828877
vt 0.066897 0.842542
vt 0.056948 0.899913
vt 0.094003 0.828624
vt 0.190007 0.904654
vt 0.089848 0.829502
vt 0.071258 0.927875
vt 0.141580 0.826387
vt 0.707033 0.086263
vt 0.181449 0.881236
vt 0.070359 0.900215
vt 0.132211 0.826800
vt 0.190994 0.885947
vt 0.056693 0.882226
vt 0.116916 0.821053
vt 0.078079 0.842608
vt 0.065701 0.882490
vt 0.083441 0.835170
vt 0.168513 0.892794
vt 0.133279 0.832598
vt 0.169744 0.866754
vt 0.061620 0.900887
vt 0.142387 0.840433
vt 0.084369 0.904255
vt 0.093329 0.913410
vt 0.128607 0.837202
vt 0.135656 0.834841
vt 0.064581 0.877774
vt 0.062923 0.898395
vt 0.129948 0.850577
vt 0.065356 0.895934
vt 0.129019 0.833277
vt 0.176505 0.883676
vt 0.091503 0.895568
vt 0.112766 0.825994
vt 0.126862 0.825910
vt 0.174611 0.894706
vt 0.180185 0.903478
vt 0.126514 0.846196
vt 0.082636 0.893077
vt 0.073470 0.897860
vt 0.118491 0.836417
vt 0.129871 0.853615
vt 0.073396 0.890325
vt 0.129332 0.842164
vt 0.116969 0.828520
vt 0.116897 0.833109
vt 0.119920 0.839105
vt 0.089431 0.887720
vt 0.181659 0.909250
vt 0.082846 0.897360
vt 0.160970 0.893130
vt 0.102048 0.837978
vt 0.077368 0.854243
vt 0.109887 0.834607
vt 0.119326 0.862453
vt 0.112934 0.835401
vt 0.078587 0.854214
vt 0.096719 0.892285
vt 0.117763 0.839797
vt 0.066184 0.868976
vt 0.121531 0.848724
vt 0.071468 0.859822
vt 0.113073 0.857738
vt 0.068939 0.886785
vt 0.091216 0.838874
vt 0.095406 0.918375
vt 0.076318 0.870028
vt 0.166806 0.912104
vt 0.169156 0.883712
vt 0.092922 0.883222
vt 0.180927 0.912183
vt 0.074766 0.876529
vt 0.079418 0.885934
vt 0.080809 0.849020
vt 0.099632 0.909068
vt 0.105540 0.842692
vt 0.089287 0.853902
vt 0.089158 0.846867
vt 0.101354 0.890180
vt 0.111166 0.876739
vt 0.111473 0.841032
vt 0.104453 0.844705
vt 0.106015 0.840381
vt 0.164440 0.876404
vt 0.154903 0.863647
vt 0.155109 0.873681
vt 0.175335 0.875372
vt 0.097097 0.911523
vt 0.100046 0.841586
vt 0.098838 0.905853
vt 0.082203 0.862238
vt 0.076549 0.887975
vt 0.118030 0.849760
vt 0.080275 0.887441
vt 0.093578 0.848834
vt 0.116080 0.847649
vt 0.094669 0.850191
vt 0.170473 0.882486
vt 0.095234 0.855959
vt 0.112600 0.861075
vt 0.107932 0.851424
vt 0.114349 0.848961
vt 0.087172 0.880703
vt 0.116775 0.852938
vt 0.159882 0.874207
vt 0.086527 0.870320
vt 0.084778 0.860036
vt 0.103507 0.907918
vt 0.110300 0.869342
vt 0.082242 0.885866
vt 0.089658 0.877577
vt 0.099963 0.876591
vt 0.125750 0.866056
vt 0.121611 0.868456
vt 0.159305 0.893813
vt 0.081845 0.874910
vt 0.091079 0.863932
vt 0.102800 0.873071
vt 0.134317 0.863337
vt 0.091515 0.879805
vt 0.094698 0.880149
vt 0.111188 0.893889
vt 0.108585 0.856684
vt 0.099416 0.862898
vt 0.098933 0.869652
vt 0.104618 0.860403
vt 0.106662 0.877472
vt 0.113019 0.880448
vt 0.107764 0.858458
vt 0.096853 0.853481
vt 0.105639 0.849733
vt 0.720609 0.090348
vt 0.170963 0.912983
vt 0.105825 0.857673
vt 0.168541 0.881281
vt 0.096707 0.872054
vt 0.100377 0.871455
vt 0.095219 0.865776
vt 0.103382 0.863868
vt 0.110872 0.900679
vt 0.109144 0.889971
vt 0.149242 0.885906
vt 0.108496 0.885458
vt 0.155279 0.927813
vt 0.122811 0.899597
vt 0.728987 0.152289
vt 0.139643 0.895272
vt 0.159668 0.910956
vt 0.145746 0.874862
vt 0.161900 0.906073
vt 0.174540 0.919430
vt 0.114816 0.888896
vt 0.125645 0.880853
vt 0.161663 0.912847
vt 0.111040 0.919297
vt 0.119086 0.888647
vt 0.134727 0.879173
vt 0.167815 0.929054
vt 0.127828 0.893794
vt 0.123703 0.894793
vt 0.153572 0.877880
vt 0.155249 0.883192
vt 0.159287 0.883604
vt 0.115642 0.922531
vt 0.125010 0.891187
vt 0.153427 0.932478
vt 0.145134 0.886701
vt 0.146048 0.882876
vt 0.735292 0.108322
vt 0.133398 0.888562
vt 0.110507 0.922306
vt 0.124855 0.911104
vt 0.138155 0.881417
vt 0.152740 0.911242
vt 0.736847 0.110778
vt 0.137114 0.909711
vt 0.138281 0.924101
vt 0.122070 0.926005
vt 0.158972 0.918084
vt 0.134648 0.930837
vt 0.124539 0.927532
vt 0.129217 0.928402
vt 0.133652 0.925352
vt 0.127238 0.919033
vt 0.131711 0.930400
vt 0.133020 0.918355
vt 0.146619 0.919062
vt 0.145751 0.913059
vt 0.137966 0.917360
vt 0.753252 0.208861
vt 0.689379 0.177873
vt 0.575164 0.274849
vt 0.886779 0.533091
vt 0.726167 0.044531
vt 0.913678 0.548344
vt 0.667902 0.159741
vt 0.676225 0.173544
vt 0.748758 0.199397
vt 0.678952 0.166380
vt 0.558331 0.259298
vt 0.732867 0.183995
vt 0.758561 0.207599
vt 0.687852 0.169794
vt 0.926425 0.557929
vt 0.930470 0.558492
vt 0.721566 0.054744
vt 0.724229 0.050506
vt 0.694468 0.167480
vt 0.721497 0.051377
vt 0.712581 0.175956
vt 0.707308 0.063717
vt 0.739916 0.186516
vt 0.713765 0.060658
vt 0.700731 0.063837
vt 0.696457 0.171857
vt 0.703846 0.165954
vt 0.778621 0.211196
vt 0.718493 0.054442
vt 0.727042 0.171474
vt 0.703440 0.068025
vt 0.039961 0.904034
vt 0.714073 0.068474
vt 0.746986 0.182145
vt 0.725060 0.054848
vt 0.733595 0.171614
vt 0.731926 0.058783
vt 0.675629 0.160224
vt 0.692173 0.160750
vt 0.774884 0.187672
vt 0.737847 0.168203
vt 0.081644 0.922690
vt 0.740729 0.177003
vt 0.046540 0.907388
vt 0.719943 0.067785
vt 0.759707 0.189289
vt 0.696376 0.061143
vt 0.729129 0.065339
vt 0.724717 0.062732
vt 0.694582 0.156272
vt 0.722848 0.071003
vt 0.743537 0.172315
vt 0.698922 0.160552
vt 0.724398 0.159544
vt 0.745739 0.057135
vt 0.741887 0.058506
vt 0.703637 0.075913
vt 0.071258 0.927875
vt 0.697403 0.154203
vt 0.698627 0.154224
vt 0.699700 0.154663
vt 0.701311 0.154521
vt 0.063258 0.911730
vt 0.788676 0.211418
vt 0.722781 0.166520
vt 0.745653 0.068867
vt 0.794156 0.198454
vt 0.788162 0.190331
vt 0.774120 0.219101
vt 0.742716 0.059823
vt 0.710694 0.081654
vt 0.708386 0.079466
vt 0.736158 0.153109
vt 0.097864 0.922197
vt 0.733360 0.072400
vt 0.736806 0.072105
vt 0.719236 0.083101
vt 0.719597 0.074649
vt 0.819119 0.192761
vt 0.778995 0.181450
vt 0.723637 0.082628
vt 0.731482 0.077653
vt 0.822525 0.184501
vt 0.820273 0.199808
vt 0.811347 0.195336
vt 0.832971 0.195843
vt 0.825183 0.205854
vt 0.815803 0.206021
vt 0.722008 0.083094
vt 0.750604 0.069252
vt 0.827385 0.220590
vt 0.815388 0.209971
vt 0.828103 0.192058
vt 0.737152 0.079416
vt 0.704274 0.080554
vt 0.812731 0.215786
vt 0.789051 0.186873
vt 0.729438 0.081588
vt 0.817131 0.222424
vt 0.806999 0.198323
vt 0.720007 0.090201
vt 0.727349 0.093968
vt 0.720609 0.090348
vt 0.827517 0.187290
vt 0.730747 0.084047
vt 0.809678 0.188016
vt 0.712953 0.093100
vt 0.824073 0.215458
vt 0.823120 0.220055
vt 0.806978 0.191451
vt 0.805283 0.203209
vt 0.730082 0.081814
vt 0.795464 0.205937
vt 0.750406 0.081026
vt 0.809333 0.214339
vt 0.807666 0.221396
vt 0.179025 0.918027
vt 0.821221 0.229103
vt 0.824398 0.179055
vt 0.830055 0.178457
vt 0.831716 0.207839
vt 0.831061 0.213638
vt 0.807697 0.178676
vt 0.839610 0.203510
vt 0.818826 0.875043
vt 0.734267 0.091473
vt 0.843997 0.205226
vt 0.836118 0.213838
vt 0.739662 0.076313
vt 0.106117 0.922232
vt 0.773391 0.170560
vt 0.838804 0.197120
vt 0.836083 0.186509
vt 0.800088 0.211451
vt 0.735312 0.094254
vt 0.765406 0.079863
vt 0.849573 0.217689
vt 0.806542 0.222846
vt 0.838328 0.192624
vt 0.839612 0.178164
vt 0.830386 0.218058
vt 0.764472 0.153096
vt 0.768456 0.065937
vt 0.787356 0.176536
vt 0.810132 0.232133
vt 0.825045 0.172134
vt 0.819158 0.877139
vt 0.844153 0.214303
vt 0.735580 0.132701
vt 0.829654 0.173534
vt 0.737461 0.085296
vt 0.734768 0.092183
vt 0.820377 0.236202
vt 0.737721 0.146213
vt 0.767984 0.066920
vt 0.817646 0.176283
vt 0.759356 0.086267
vt 0.827148 0.227664
vt 0.818775 0.893689
vt 0.777217 0.069814
vt 0.825713 0.164292
vt 0.795855 0.222977
vt 0.812305 0.175806
vt 0.807353 0.237890
vt 0.768456 0.065937
vt 0.830279 0.225287
vt 0.734631 0.141262
vt 0.734321 0.102851
vt 0.854177 0.229806
vt 0.839389 0.229702
vt 0.787004 0.152401
vt 0.741982 0.112235
vt 0.744986 0.095232
vt 0.799076 0.234119
vt 0.742666 0.098765
vt 0.821137 0.164350
vt 0.797670 0.224409
vt 0.850735 0.227992
vt 0.752137 0.149269
vt 0.738688 0.102445
vt 0.760629 0.092666
vt 0.806266 0.240701
vt 0.739395 0.102421
vt 0.795620 0.231609
vt 0.832469 0.167434
vt 0.829025 0.236436
vt 0.743631 0.136253
vt 0.803619 0.239871
vt 0.814460 0.046532
vt 0.824863 0.162893
vt 0.968348 0.201808
vt 0.743839 0.102759
vt 0.840868 0.237968
vt 0.750858 0.129817
vt 0.741394 0.118465
vt 0.152782 0.932857
vt 0.781608 0.075214
vt 0.789101 0.060827
vt 0.820828 0.240204
vt 0.807041 0.050891
vt 0.795045 0.060162
vt 0.743058 0.118571
vt 0.745844 0.107160
vt 0.747091 0.101869
vt 0.803921 0.052307
vt 0.826490 0.047727
vt 0.814995 0.157142
vt 0.833505 0.161024
vt 0.746526 0.115391
vt 0.749331 0.123714
vt 0.821031 0.155540
vt 0.807527 0.139529
vt 0.815739 0.059639
vt 0.802652 0.061594
vt 0.762020 0.100977
vt 0.760827 0.108470
vt 0.820172 0.046871
vt 0.812762 0.154028
vt 0.815192 0.053787
vt 0.840877 0.241896
vt 0.851900 0.239124
vt 0.840390 0.147986
vt 0.823911 0.049747
vt 0.820498 0.054605
vt 0.811167 0.837217
vt 0.844761 0.241256
vt 0.810952 0.838438
vt 0.784358 0.083888
vt 0.841282 0.047961
vt 0.833464 0.053223
vt 0.790630 0.068599
vt 0.838806 0.045928
vt 0.785891 0.092852
vt 0.848939 0.046630
vt 0.787502 0.132034
vt 0.832771 0.056460
vt 0.846969 0.130170
vt 0.828930 0.057172
vt 0.839273 0.058321
vt 0.956795 0.208523
vt 0.822693 0.817794
vt 0.831749 0.143216
vt 0.821591 0.064908
vt 0.808379 0.063653
vt 0.846816 0.051749
vt 0.797180 0.074475
vt 0.822266 0.074519
vt 0.832336 0.061949
vt 0.822620 0.149227
vt 0.823196 0.059552
vt 0.788085 0.088896
vt 0.808279 0.069928
vt 0.836187 0.059626
vt 0.826948 0.065072
vt 0.846189 0.057978
vt 0.841974 0.129894
vt 0.838499 0.062007
vt 0.823868 0.076335
vt 0.951768 0.202817
vt 0.839846 0.138282
vt 0.823774 0.068659
vt 0.827896 0.070402
vt 0.836213 0.135828
vt 0.825881 0.141964
vt 0.803136 0.131141
vt 0.800319 0.077024
vt 0.765185 0.125332
vt 0.813139 0.130375
vt 0.794539 0.119404
vt 0.832504 0.133701
vt 0.770294 0.108429
vt 0.803462 0.118754
vt 0.788438 0.119614
vt 0.786260 0.125881
vt 0.804518 0.079686
vt 0.796911 0.104231
vt 0.846896 0.113022
vt 0.813189 0.081071
vt 0.835503 0.120940
vt 0.843716 0.071678
vt 0.837541 0.113767
vt 0.818288 0.080038
vt 0.827200 0.084541
vt 0.829221 0.075234
vt 0.830082 0.127759
vt 0.817655 0.081065
vt 0.845305 0.080365
vt 0.832895 0.082533
vt 0.823538 0.123845
vt 0.828972 0.079841
vt 0.826424 0.121334
vt 0.830058 0.091298
vt 0.803876 0.085492
vt 0.907207 0.197642
vt 0.810518 0.116856
vt 0.823410 0.090122
vt 0.834667 0.104805
vt 0.816732 0.085687
vt 0.833962 0.086959
vt 0.844330 0.083434
vt 0.855284 0.092758
vt 0.815801 0.120198
vt 0.836886 0.109632
vt 0.836191 0.096593
vt 0.853647 0.104331
vt 0.836059 0.089802
vt 0.841241 0.103973
vt 0.837049 0.096707
vt 0.919082 0.199537
vt 0.838533 0.099795
vt 0.811842 0.086121
vt 0.805711 0.088989
vt 0.852863 0.099280
vt 0.854292 0.091200
vt 0.917176 0.198892
vt 0.838178 0.106591
vt 0.825338 0.101337
vt 0.838428 0.104982
vt 0.848701 0.093064
vt 0.831973 0.106596
vt 0.804957 0.103157
vt 0.820772 0.094205
vt 0.809055 0.097000
vt 0.822062 0.099065
vt 0.825125 0.105314
vt 0.813178 0.109082
vt 0.816285 0.090455
vt 0.819034 0.092942
vt 0.812334 0.101533
vt 0.812320 0.095918
vt 0.820019 0.111274
vt 0.459054 0.465812
vt 0.458930 0.470438
vt 0.465810 0.433265
vt 0.463774 0.449128
vt 0.472991 0.451774
vt 0.397568 0.450633
vt 0.414555 0.457590
vt 0.412824 0.435204
vt 0.373530 0.827342
vt 0.404439 0.437986
vt 0.412238 0.442705
vt 0.381291 0.444954
vt 0.398206 0.466213
vt 0.439496 0.459680
vt 0.389877 0.438809
vt 0.383982 0.446027
vt 0.399686 0.430702
vt 0.383992 0.457617
vt 0.377212 0.435760
vt 0.384644 0.452843
vt 0.416149 0.427087
vt 0.376426 0.446109
vt 0.420106 0.460284
vt 0.423834 0.480691
vt 0.394194 0.426528
vt 0.440915 0.470064
vt 0.421936 0.456116
vt 0.424398 0.461202
vt 0.377799 0.453194
vt 0.413786 0.475304
vt 0.401913 0.481350
vt 0.419621 0.443097
vt 0.389556 0.432987
vt 0.391929 0.476410
vt 0.377985 0.461145
vt 0.415471 0.476272
vt 0.371764 0.452087
vt 0.372488 0.463720
vt 0.401479 0.420088
vt 0.389705 0.471073
vt 0.406057 0.414128
vt 0.392295 0.844409
vt 0.432321 0.426956
vt 0.388341 0.474233
vt 0.376834 0.464863
vt 0.387926 0.422525
vt 0.380670 0.427912
vt 0.426685 0.440839
vt 0.427064 0.428244
vt 0.385974 0.414071
vt 0.430069 0.430000
vt 0.420845 0.428173
vt 0.411375 0.493370
vt 0.367792 0.450937
vt 0.388304 0.414513
vt 0.473173 0.415051
vt 0.398776 0.413096
vt 0.452074 0.418590
vt 0.419141 0.411678
vt 0.366050 0.462584
vt 0.374281 0.422171
vt 0.421300 0.413853
vt 0.367389 0.412297
vt 0.442980 0.403323
vt 0.367353 0.439656
vt 0.391652 0.407894
vt 0.410375 0.410361
vt 0.397622 0.491031
vt 0.373979 0.486150
vt 0.431341 0.424679
vt 0.385960 0.405276
vt 0.371170 0.479188
vt 0.396194 0.406286
vt 0.377921 0.422416
vt 0.370411 0.480425
vt 0.402650 0.405616
vt 0.416629 0.407712
vt 0.437767 0.412209
vt 0.404754 0.401400
vt 0.359544 0.411164
vt 0.467480 0.410753
vt 0.368901 0.481858
vt 0.355814 0.436405
vt 0.424555 0.407068
vt 0.347060 0.430083
vt 0.362572 0.480539
vt 0.391056 0.495570
vt 0.395559 0.401188
vt 0.410618 0.402049
vt 0.349372 0.416639
vt 0.363277 0.426878
vt 0.397241 0.506780
vt 0.344346 0.441132
vt 0.368398 0.493063
vt 0.349871 0.455457
vt 0.343404 0.456741
vt 0.334855 0.446544
vt 0.422213 0.395674
vt 0.404868 0.395803
vt 0.376981 0.389909
vt 0.358799 0.490992
vt 0.451319 0.398626
vt 0.404607 0.518032
vt 0.344911 0.426454
vt 0.417027 0.399058
vt 0.334454 0.437289
vt 0.407423 0.392559
vt 0.331692 0.005474
vt 0.408552 0.508445
vt 0.388614 0.394974
vt 0.420298 0.397975
vt 0.392701 0.521967
vt 0.436053 0.399344
vt 0.327124 0.455610
vt 0.339794 0.463731
vt 0.472463 0.403148
vt 0.400840 0.393584
vt 0.393649 0.861281
vt 0.377938 0.504159
vt 0.370114 0.502760
vt 0.332797 0.465581
vt 0.363631 0.497876
vt 0.345993 0.478449
vt 0.395886 0.394729
vt 0.427818 0.395462
vt 0.330860 0.471881
vt 0.443527 0.388863
vt 0.359082 0.505440
vt 0.374922 0.398595
vt 0.368392 0.392728
vt 0.457791 0.391345
vt 0.414139 0.385896
vt 0.396538 0.376988
vt 0.303081 0.860826
vt 0.363190 0.383892
vt 0.400125 0.382179
vt 0.340888 0.478729
vt 0.383909 0.371820
vt 0.421145 0.387219
vt 0.429950 0.391426
vt 0.432581 0.386480
vt 0.470478 0.384097
vt 0.329321 0.491260
vt 0.405722 0.384792
vt 0.419304 0.385189
vt 0.342179 0.500778
vt 0.455741 0.385186
vt 0.412897 0.382486
vt 0.340688 0.494362
vt 0.371577 0.375970
vt 0.457297 0.370906
vt 0.364546 0.374286
vt 0.421951 0.380943
vt 0.309156 0.473447
vt 0.353780 0.503936
vt 0.399746 0.874918
vt 0.387891 0.375826
vt 0.406811 0.379649
vt 0.438171 0.371700
vt 0.470192 0.368377
vt 0.407864 0.371388
vt 0.369656 0.376216
vt 0.397732 0.365388
vt 0.368576 0.517291
vt 0.398781 0.539957
vt 0.373522 0.525033
vt 0.418989 0.368348
vt 0.317669 0.493669
vt 0.310526 0.474378
vt 0.378748 0.365817
vt 0.212806 0.068911
vt 0.461458 0.359380
vt 0.423093 0.376952
vt 0.378069 0.036333
vt 0.429341 0.372809
vt 0.380434 0.576046
vt 0.431230 0.377870
vt 0.448860 0.372632
vt 0.420657 0.886268
vt 0.354591 0.518152
vt 0.267614 0.555343
vt 0.460281 0.363243
vt 0.390783 0.543397
vt 0.384715 0.566482
vt 0.446242 0.362984
vt 0.300795 0.476989
vt 0.314520 0.488392
vt 0.414413 0.373035
vt 0.460816 0.349715
vt 0.351892 0.522402
vt 0.426160 0.366400
vt 0.379562 0.538277
vt 0.414916 0.347593
vt 0.409957 0.369697
vt 0.368886 0.531592
vt 0.463892 0.347656
vt 0.411252 0.367283
vt 0.434097 0.370501
vt 0.383783 0.362889
vt 0.411977 0.362686
vt 0.359861 0.527000
vt 0.272046 0.552801
vt 0.412992 0.351700
vt 0.352849 0.522559
vt 0.426837 0.359619
vt 0.371989 0.365678
vt 0.278195 0.553816
vt 0.351439 0.525018
vt 0.377898 0.543428
vt 0.375524 0.559649
vt 0.279126 0.554484
vt 0.376381 0.360445
vt 0.349543 0.525185
vt 0.411014 0.358363
vt 0.420280 0.356646
vt 0.337097 0.512031
vt 0.374927 0.361219
vt 0.343119 0.530747
vt 0.453356 0.341318
vt 0.293426 0.493715
vt 0.389982 0.356394
vt 0.415538 0.362049
vt 0.278488 0.549653
vt 0.429670 0.361251
vt 0.282737 0.546004
vt 0.391044 0.354478
vt 0.301247 0.557513
vt 0.420519 0.354398
vt 0.292191 0.558310
vt 0.289333 0.557023
vt 0.325511 0.526304
vt 0.389196 0.354003
vt 0.351306 0.537620
vt 0.334752 0.525930
vt 0.293659 0.557024
vt 0.438276 0.357579
vt 0.370463 0.552934
vt 0.369648 0.558970
vt 0.364770 0.544633
vt 0.361238 0.565702
vt 0.400465 0.346965
vt 0.414902 0.339226
vt 0.301708 0.499279
vt 0.293876 0.549043
vt 0.304537 0.553181
vt 0.429608 0.357231
vt 0.452354 0.350820
vt 0.346408 0.547960
vt 0.421458 0.321674
vt 0.300066 0.492502
vt 0.422995 0.354184
vt 0.427143 0.353911
vt 0.357895 0.550645
vt 0.297110 0.554309
vt 0.330221 0.549167
vt 0.311738 0.504641
vt 0.286295 0.550306
vt 0.336737 0.560153
vt 0.308272 0.550533
vt 0.295859 0.548178
vt 0.330243 0.531511
vt 0.428214 0.327947
vt 0.287413 0.533579
vt 0.427328 0.345745
vt 0.454722 0.337481
vt 0.298330 0.542807
vt 0.270614 0.537614
vt 0.306159 0.517603
vt 0.329605 0.540412
vt 0.435859 0.325321
vt 0.339176 0.559204
vt 0.306357 0.542525
vt 0.424781 0.337796
vt 0.305326 0.539687
vt 0.341636 0.553950
vt 0.440811 0.352387
vt 0.447678 0.336658
vt 0.274653 0.524303
vt 0.321862 0.514459
vt 0.277922 0.528087
vt 0.368711 0.574348
vt 0.349887 0.554494
vt 0.439992 0.345230
vt 0.301554 0.534221
vt 0.308362 0.542737
vt 0.443403 0.331584
vt 0.366584 0.576567
vt 0.315883 0.545361
vt 0.305279 0.527014
vt 0.346662 0.555514
vt 0.449115 0.345348
vt 0.319965 0.532342
vt 0.306236 0.530618
vt 0.430145 0.330020
vt 0.438755 0.333933
vt 0.311004 0.520659
vt 0.290227 0.524215
vt 0.429247 0.337240
vt 0.443810 0.329045
vt 0.435380 0.329401
vt 0.432199 0.335244
vt 0.349456 0.571076
vt 0.291603 0.525254
vt 0.291139 0.518619
vt 0.430067 0.322068
vt 0.295887 0.506893
vt 0.293317 0.521352
vt 0.305420 0.512480
vt 0.294120 0.498290
vt 0.292307 0.512484
vt 0.279729 0.520553
vt 0.265451 0.179825
vt 0.289258 0.488376
vt 0.296117 0.695180
vt 0.292831 0.701871
vt 0.293389 0.926303
vt 0.299086 0.938888
vt 0.272125 0.713642
vt 0.280261 0.898538
vt 0.791040 0.883717
vt 0.354200 0.707787
vt 0.264654 0.722091
vt 0.277415 0.712584
vt 0.380317 0.741113
vt 0.369173 0.717929
vt 0.282442 0.709904
vt 0.272442 0.718587
vt 0.295740 0.704270
vt 0.287197 0.710710
vt 0.308227 0.692788
vt 0.264942 0.728583
vt 0.292005 0.708022
vt 0.283034 0.720811
vt 0.306293 0.695960
vt 0.300418 0.701367
vt 0.272332 0.719200
vt 0.277639 0.716014
vt 0.278564 0.720620
vt 0.310224 0.695258
vt 0.278282 0.718390
vt 0.326075 0.702330
vt 0.294172 0.708897
vt 0.301799 0.704249
vt 0.368326 0.711895
vt 0.319656 0.696293
vt 0.376269 0.735809
vt 0.363441 0.729500
vt 0.368887 0.731066
vt 0.353700 0.710230
vt 0.318415 0.701868
vt 0.366404 0.731053
vt 0.641337 0.042977
vt 0.369534 0.734293
vt 0.635433 0.050331
vt 0.367954 0.741089
vt 0.363080 0.732143
vt 0.365341 0.730344
vt 0.370924 0.740345
vt 0.353463 0.712948
vt 0.346412 0.720714
vt 0.264466 0.728407
vt 0.640583 0.044501
vt 0.374134 0.737821
vt 0.297920 0.711539
vt 0.269481 0.728701
vt 0.278779 0.728305
vt 0.378980 0.740230
vt 0.367843 0.733194
vt 0.359576 0.727519
vt 0.376341 0.742177
vt 0.281176 0.725283
vt 0.376948 0.739092
vt 0.371498 0.734611
vt 0.291645 0.719104
vt 0.375005 0.739286
vt 0.372087 0.737070
vt 0.368896 0.734015
vt 0.369509 0.734851
vt 0.320385 0.703955
vt 0.299089 0.714160
vt 0.286935 0.723564
vt 0.356202 0.742859
vt 0.373348 0.737691
vt 0.373682 0.738791
vt 0.306317 0.708065
vt 0.376638 0.741147
vt 0.377644 0.743121
vt 0.311575 0.700260
vt 0.293678 0.715428
vt 0.276286 0.728826
vt 0.626776 0.053710
vt 0.293728 0.728103
vt 0.357280 0.746474
vt 0.292904 0.722584
vt 0.349096 0.735326
vt 0.280465 0.732190
vt 0.307103 0.710469
vt 0.364357 0.751225
vt 0.355303 0.746182
vt 0.306571 0.715741
vt 0.294544 0.723070
vt 0.274499 0.733459
vt 0.328650 0.733189
vt 0.330515 0.735083
vt 0.280596 0.734769
vt 0.304641 0.723822
vt 0.348738 0.756320
vt 0.277206 0.737994
vt 0.295965 0.733052
vt 0.272447 0.737915
vt 0.630429 0.701516
vt 0.279555 0.742463
vt 0.292456 0.734188
vt 0.318813 0.739390
vt 0.303163 0.742400
vt 0.614424 0.058268
vt 0.309287 0.740282
vt 0.287055 0.736513
vt 0.346410 0.767286
vt 0.316602 0.761774
vt 0.294448 0.742316
vt 0.329934 0.749445
vt 0.334895 0.763021
vt 0.337072 0.767778
vt 0.286091 0.741477
vt 0.352030 0.771032
vt 0.288584 0.747247
vt 0.367788 0.774194
vt 0.306246 0.769838
vt 0.357565 0.781334
vt 0.313184 0.759916
vt 0.360847 0.762473
vt 0.361550 0.773983
vt 0.278367 0.751201
vt 0.368007 0.776413
vt 0.309387 0.756091
vt 0.292993 0.754872
vt 0.312724 0.764888
vt 0.280493 0.752566
vt 0.342704 0.778687
vt 0.320637 0.770937
vt 0.302416 0.773049
vt 0.321259 0.774470
vt 0.595653 0.065113
vt 0.290386 0.769971
vt 0.360146 0.787197
vt 0.364671 0.784273
vt 0.281574 0.759209
vt 0.626859 0.711497
vt 0.266686 0.766978
vt 0.371798 0.795020
vt 0.291602 0.775648
vt 0.285736 0.766680
vt 0.274685 0.767971
vt 0.256125 0.771813
vt 0.289250 0.776334
vt 0.326730 0.822806
vt 0.309788 0.782650
vt 0.345292 0.802404
vt 0.268609 0.781485
vt 0.272632 0.781954
vt 0.263178 0.758595
vt 0.331894 0.807424
vt 0.294968 0.795106
vt 0.355445 0.811517
vt 0.466062 0.462451
vt 0.250005 0.771521
vt 0.334735 0.827551
vt 0.316264 0.817204
vt 0.245330 0.782695
vt 0.460998 0.471840
vt 0.367821 0.817553
vt 0.475775 0.448185
vt 0.272784 0.789435
vt 0.293092 0.804769
vt 0.290819 0.804240
vt 0.278879 0.796119
vt 0.286539 0.799623
vt 0.283609 0.804093
vt 0.241643 0.793516
vt 0.548770 0.052230
vt 0.382136 0.817353
vt 0.288676 0.809957
vt 0.281119 0.800376
vt 0.281556 0.799454
vt 0.241598 0.795696
vt 0.275324 0.803699
vt 0.304463 0.845304
vt 0.285965 0.805423
vt 0.267490 0.801853
vt 0.280548 0.807100
vt 0.276339 0.804867
vt 0.280244 0.810567
vt 0.266274 0.802522
vt 0.314933 0.830993
vt 0.234053 0.787919
vt 0.264553 0.813890
vt 0.290869 0.826183
vt 0.264757 0.814080
vt 0.270948 0.811089
vt 0.281748 0.813755
vt 0.443738 0.483323
vt 0.265838 0.817675
vt 0.274507 0.813478
vt 0.287861 0.845860
vt 0.312737 0.847102
vt 0.597261 0.755680
vt 0.300560 0.838116
vt 0.260141 0.809907
vt 0.436484 0.491220
vt 0.243408 0.807796
vt 0.264640 0.814824
vt 0.233675 0.805902
vt 0.225961 0.803118
vt 0.262613 0.818167
vt 0.271013 0.836311
vt 0.268063 0.825820
vt 0.481474 0.420041
vt 0.233078 0.815803
vt 0.233204 0.808500
vt 0.259689 0.825292
vt 0.279719 0.848491
vt 0.256474 0.824019
vt 0.437116 0.490693
vt 0.394201 0.842135
vt 0.395758 0.843319
vt 0.282957 0.852186
vt 0.232779 0.805532
vt 0.226035 0.826249
vt 0.226951 0.814888
vt 0.247889 0.829874
vt 0.260167 0.838753
vt 0.223699 0.824979
vt 0.253128 0.832810
vt 0.215396 0.822716
vt 0.258451 0.830869
vt 0.231515 0.820718
vt 0.400844 0.847846
vt 0.400034 0.847518
vt 0.258523 0.831596
vt 0.298654 0.866001
vt 0.220758 0.814489
vt 0.258617 0.836112
vt 0.257399 0.840677
vt 0.245582 0.819643
vt 0.413714 0.836900
vt 0.250048 0.835719
vt 0.414665 0.840032
vt 0.207420 0.813626
vt 0.279729 0.861154
vt 0.253873 0.840683
vt 0.200203 0.860011
vt 0.415987 0.837465
vt 0.206439 0.832177
vt 0.224281 0.834904
vt 0.221073 0.829416
vt 0.271101 0.855111
vt 0.417792 0.834013
vt 0.204087 0.854044
vt 0.207418 0.856695
vt 0.198886 0.840323
vt 0.431481 0.828579
vt 0.210995 0.833066
vt 0.213761 0.842871
vt 0.198005 0.849594
vt 0.420679 0.835174
vt 0.212827 0.838855
vt 0.421907 0.838069
vt 0.408139 0.855972
vt 0.250492 0.853314
vt 0.240122 0.842016
vt 0.493615 0.064048
vt 0.216929 0.840151
vt 0.244533 0.847861
vt 0.275909 0.873530
vt 0.422907 0.842391
vt 0.422148 0.844475
vt 0.427497 0.834518
vt 0.254007 0.856486
vt 0.244513 0.850825
vt 0.205127 0.849796
vt 0.216203 0.846712
vt 0.440614 0.858367
vt 0.254388 0.851629
vt 0.251840 0.849670
vt 0.433810 0.854777
vt 0.440629 0.855868
vt 0.413022 0.862316
vt 0.478091 0.384480
vt 0.231382 0.879444
vt 0.249548 0.857326
vt 0.235649 0.875634
vt 0.296224 0.867488
vt 0.431697 0.844020
vt 0.245525 0.860101
vt 0.440708 0.857970
vt 0.239188 0.877913
vt 0.427816 0.886006
vt 0.422402 0.866012
vt 0.427039 0.889160
vt 0.242256 0.866281
vt 0.477871 0.370010
vt 0.239768 0.863777
vt 0.240222 0.868625
vt 0.419406 0.525864
vt 0.427330 0.870306
vt 0.414107 0.873268
vt 0.393665 0.562328
vt 0.126442 0.617554
vt 0.141233 0.610495
vt 0.076551 0.626348
vt 0.183018 0.114739
vt 0.178908 0.265983
vt 0.230647 0.267365
vt 0.165303 0.602098
vt 0.222775 0.788533
vt 0.228825 0.296406
vt 0.233535 0.756500
vt 0.227872 0.766791
vt 0.234225 0.771978
vt 0.267838 0.699532
vt 0.226674 0.789410
vt 0.079930 0.628608
vt 0.139060 0.126035
vt 0.239501 0.723256
vt 0.144607 0.612718
vt 0.135755 0.617059
vt 0.132641 0.629769
vt 0.227396 0.779225
vt 0.234929 0.740101
vt 0.076957 0.613747
vt 0.222512 0.787817
vt 0.230686 0.774227
vt 0.219939 0.793427
vt 0.218263 0.779459
vt 0.225125 0.780136
vt 0.271069 0.675542
vt 0.234122 0.750378
vt 0.268773 0.617778
vt 0.229778 0.751398
vt 0.271936 0.680510
vt 0.071282 0.636299
vt 0.214974 0.786653
vt 0.072897 0.615538
vt 0.273287 0.651977
vt 0.073879 0.613442
vt 0.232133 0.744586
vt 0.434726 0.915081
vt 0.217437 0.778070
vt 0.248253 0.707237
vt 0.058622 0.640055
vt 0.096362 0.631267
vt 0.145450 0.619708
vt 0.063874 0.620288
vt 0.264425 0.679171
vt 0.233300 0.592975
vt 0.221600 0.752793
vt 0.079562 0.632049
vt 0.274951 0.655672
vt 0.156987 0.624372
vt 0.236082 0.725002
vt 0.240167 0.715281
vt 0.080189 0.639037
vt 0.218609 0.618505
vt 0.094290 0.653476
vt 0.166269 0.604789
vt 0.211388 0.782957
vt 0.048245 0.623875
vt 0.233468 0.724947
vt 0.248856 0.702904
vt 0.230974 0.730835
vt 0.223594 0.747949
vt 0.150944 0.631591
vt 0.228221 0.718741
vt 0.210888 0.762823
vt 0.045085 0.642687
vt 0.059198 0.617548
vt 0.222742 0.724449
vt 0.262093 0.621720
vt 0.141855 0.632595
vt 0.235919 0.705390
vt 0.214427 0.757218
vt 0.071220 0.605195
vt 0.168966 0.756170
vt 0.135544 0.636470
vt 0.215428 0.720854
vt 0.234212 0.699660
vt 0.231855 0.708822
vt 0.066364 0.598695
vt 0.070104 0.596226
vt 0.076957 0.613747
vt 0.218190 0.717768
vt 0.227545 0.604710
vt 0.252707 0.625611
vt 0.225644 0.714994
vt 0.222544 0.711213
vt 0.136617 0.642778
vt 0.070179 0.594007
vt 0.257767 0.650913
vt 0.207361 0.758542
vt 0.204922 0.758941
vt 0.216961 0.738039
vt 0.060238 0.600821
vt 0.212089 0.730125
vt 0.255866 0.618921
vt 0.197855 0.728672
vt 0.150583 0.654965
vt 0.217422 0.713390
vt 0.200231 0.757580
vt 0.249205 0.626980
vt 0.057024 0.606931
vt 0.091273 0.662981
vt 0.082367 0.657371
vt 0.190311 0.625659
vt 0.205240 0.685994
vt 0.213369 0.710849
vt 0.196526 0.768411
vt 0.206590 0.705494
vt 0.241312 0.673353
vt 0.103038 0.664583
vt 0.209056 0.712861
vt 0.245813 0.661771
vt 0.200343 0.761628
vt 0.083283 0.665144
vt 0.125978 0.662289
vt 0.481918 0.961219
vt 0.108816 0.676009
vt 0.054655 0.583457
vt 0.122639 0.669233
vt 0.079206 0.662548
vt 0.184058 0.650070
vt 0.057702 0.577128
vt 0.247274 0.651504
vt 0.198128 0.689017
vt 0.235575 0.660677
vt 0.053312 0.592677
vt 0.084149 0.679223
vt 0.202493 0.637039
vt 0.040036 0.599412
vt 0.059587 0.681824
vt 0.089721 0.678351
vt 0.080039 0.681253
vt 0.049901 0.592340
vt 0.128366 0.668105
vt 0.171310 0.668265
vt 0.190252 0.649479
vt 0.184430 0.737902
vt 0.219150 0.666054
vt 0.100149 0.689429
vt 0.064149 0.580335
vt 0.231261 0.634853
vt 0.040045 0.588907
vt 0.201752 0.709667
vt 0.201339 0.723927
vt 0.158960 0.666121
vt 0.186863 0.731422
vt 0.235939 0.629617
vt 0.051818 0.578811
vt 0.211672 0.672934
vt 0.054180 0.574113
vt 0.205830 0.677882
vt 0.195369 0.707897
vt 0.242684 0.629866
vt 0.188444 0.702529
vt 0.193138 0.707983
vt 0.232415 0.653990
vt 0.140408 0.667808
vt 0.165469 0.753733
vt 0.169416 0.756356
vt 0.224237 0.658566
vt 0.094446 0.705886
vt 0.216714 0.658530
vt 0.224366 0.662066
vt 0.129851 0.675121
vt 0.170984 0.744308
vt 0.029131 0.587343
vt 0.191099 0.694964
vt 0.209742 0.634108
vt 0.019934 0.588852
vt 0.175766 0.737922
vt 0.144253 0.762268
vt 0.183360 0.696032
vt 0.178990 0.734942
vt 0.141695 0.763975
vt 0.221497 0.649251
vt 0.176766 0.738898
vt 0.159762 0.753504
vt 0.142730 0.758053
vt 0.143196 0.673182
vt 0.123894 0.690175
vt 0.023734 0.586270
vt 0.138162 0.776172
vt 0.169208 0.732299
vt 0.022435 0.589210
vt 0.141695 0.763975
vt 0.138638 0.763453
vt 0.525783 0.967055
vt 0.147009 0.741572
vt 0.114895 0.707306
vt 0.111531 0.688432
vt 0.141619 0.750423
vt 0.129841 0.694542
vt 0.179478 0.714700
vt 0.175801 0.691298
vt 0.119540 0.690284
vt 0.150240 0.678680
vt 0.142569 0.734908
vt 0.167015 0.689121
vt 0.210830 0.632913
vt 0.068979 0.722823
vt 0.226079 0.654663
vt 0.223834 0.651023
vt 0.140251 0.733919
vt 0.126348 0.728771
vt 0.135125 0.687711
vt 0.171456 0.705093
vt 0.153716 0.731948
vt 0.123567 0.713344
vt 0.137300 0.743067
vt 0.152313 0.726826
vt 0.168851 0.719135
vt 0.152064 0.720342
vt 0.049436 0.687528
vt 0.143905 0.685166
vt 0.173553 0.721859
vt 0.137036 0.775481
vt 0.136747 0.724156
vt 0.160582 0.728166
vt 0.138900 0.750246
vt 0.130719 0.703673
vt 0.117436 0.745029
vt 0.141681 0.720207
vt 0.167356 0.705851
vt 0.088368 0.720256
vt 0.112184 0.746235
vt 0.158426 0.718175
vt 0.221715 0.643633
vt 0.221739 0.640487
vt 0.135976 0.705925
vt 0.166916 0.693237
vt 0.221298 0.642395
vt 0.220392 0.640842
vt 0.151318 0.698791
vt 0.060652 0.805161
vt 0.153991 0.718716
vt 0.162960 0.712286
vt 0.223635 0.640056
vt 0.138949 0.711561
vt 0.149217 0.716829
vt 0.159203 0.714111
vt 0.100878 0.765244
vt 0.060891 0.746499
vt 0.077045 0.732574
vt 0.100740 0.757283
vt 0.145528 0.703740
vt 0.043441 0.747369
vt 0.094267 0.758789
vt 0.079859 0.768843
vt 0.094503 0.753683
vt 0.152103 0.700084
vt 0.151637 0.699323
vt 0.034515 0.779096
vt 0.151698 0.699604
vt 0.151813 0.699537
vt 0.081402 0.803039
vt 0.061826 0.754156
vt 0.065134 0.790278
vt 0.021928 0.751444
vt 0.077387 0.770625
vt 0.039558 0.785158
vt 0.071337 0.768058
vt 0.044988 0.777170
vt 0.048853 0.771001
vt 0.052737 0.771469
vt 0.061462 0.763782
vt 0.060315 0.762692
vt 0.060792 0.763696
vt 0.649726 0.954133
vt 0.649051 0.953454
vt 0.650926 0.946846
vt 0.648576 0.943331
vt 0.651452 0.953848
vt 0.649322 0.954157
vt 0.657157 0.954372
vt 0.651504 0.960260
vt 0.653255 0.935500
vt 0.644785 0.965850
vt 0.643696 0.968399
vt 0.632972 0.952893
vt 0.652931 0.945141
vt 0.658366 0.959031
vt 0.658664 0.965121
vt 0.667985 0.955401
vt 0.661144 0.929536
vt 0.644644 0.926235
vt 0.646001 0.934693
vt 0.661180 0.926004
vt 0.625276 0.949943
vt 0.651486 0.918118
vt 0.615185 0.978540
vt 0.608837 0.952216
vt 0.666120 0.969045
vt 0.611463 0.934768
vt 0.636502 0.913037
vt 0.649806 0.982508
vt 0.658438 0.911946
vt 0.676467 0.920921
vt 0.620222 0.912476
vt 0.682876 0.961686
vt 0.615362 0.923441
vt 0.600729 0.955839
vt 0.684326 0.972569
vt 0.600811 0.933673
vt 0.620946 0.907461
vt 0.597468 0.956914
vt 0.537228 0.039787
vt 0.537387 0.037241
vt 0.640957 0.903406
vt 0.734902 0.850559
vt 0.524714 0.050529
vt 0.533779 0.021031
vt 0.646863 0.908397
vt 0.537569 0.011708
vt 0.527282 0.023545
vt 0.543896 0.019420
vt 0.601419 0.970428
vt 0.691347 0.963399
vt 0.487297 0.042042
vt 0.533712 0.008872
vt 0.484967 0.028663
vt 0.632376 0.993461
vt 0.691185 0.968114
vt 0.547325 0.044963
vt 0.728477 0.864934
vt 0.536209 0.007631
vt 0.540168 0.007845
vt 0.608198 0.983291
vt 0.691185 0.968114
vt 0.488263 0.037374
vt 0.650254 0.996740
vt 0.537763 0.031369
vt 0.628722 0.994223
vt 0.646934 0.999401
vt 0.732790 0.851993
vt 0.543938 0.032624
vt 0.519429 0.039898
vt 0.624644 0.994743
vt 0.530975 0.029301
vt 0.540942 0.028748
vt 0.512320 0.054263
vt 0.528101 0.030793
vt 0.489974 0.029570
vt 0.746130 0.859366
vt 0.527053 0.036352
vt 0.543613 0.024447
vt 0.541645 0.025569
vt 0.545462 0.023527
vt 0.503570 0.034899
vt 0.502987 0.047278
vt 0.504792 0.039000
vt 0.492456 0.037733
vt 0.724718 0.875107
vt 0.550381 0.037822
vt 0.523749 0.029772
vt 0.549635 0.023521
vt 0.510511 0.041413
vt 0.521884 0.049217
vt 0.514009 0.049120
vt 0.555838 0.044105
vt 0.740482 0.851038
vt 0.730443 0.875631
vt 0.546983 0.014683
vt 0.510109 0.044622
vt 0.517872 0.034818
vt 0.560089 0.027858
vt 0.724230 0.881849
vt 0.501073 0.035568
vt 0.507616 0.034420
vt 0.505307 0.035522
vt 0.554097 0.030282
vt 0.555829 0.038119
vt 0.518431 0.034203
vt 0.561994 0.034403
vt 0.559818 0.043613
vt 0.508996 0.033907
vt 0.552871 0.014697
vt 0.557669 0.032394
vt 0.514211 0.035160
vt 0.506376 0.034197
vt 0.754863 0.873273
vt 0.739788 0.871439
vt 0.552869 0.011881
vt 0.560938 0.021594
vt 0.753283 0.830987
vt 0.742759 0.878942
vt 0.562812 0.023075
vt 0.563685 0.042681
vt 0.555694 0.012184
vt 0.568015 0.051175
vt 0.726113 0.888701
vt 0.572528 0.050770
vt 0.841680 0.197398
vt 0.743594 0.874614
vt 0.809425 0.866378
vt 0.566914 0.046121
vt 0.808190 0.876450
vt 0.715511 0.882356
vt 0.763356 0.850188
vt 0.763274 0.846348
vt 0.564455 0.037097
vt 0.712533 0.886127
vt 0.571124 0.045132
vt 0.768547 0.861290
vt 0.566923 0.022757
vt 0.713670 0.882997
vt 0.567315 0.041495
vt 0.812728 0.882202
vt 0.764822 0.861952
vt 0.722982 0.870127
vt 0.761862 0.858489
vt 0.733816 0.888355
vt 0.733010 0.879325
vt 0.804714 0.883265
vt 0.565483 0.054611
vt 0.806253 0.866919
vt 0.809539 0.854774
vt 0.797839 0.856567
vt 0.738481 0.881558
vt 0.768643 0.849333
vt 0.567047 0.017548
vt 0.808933 0.858462
vt 0.726953 0.885843
vt 0.954327 0.105715
vt 0.729595 0.890991
vt 0.804745 0.870290
vt 0.730140 0.890834
vt 0.735397 0.884871
vt 0.763410 0.840483
vt 0.567657 0.011826
vt 0.771163 0.834764
vt 0.561190 0.013351
vt 0.954371 0.102697
vt 0.723454 0.892412
vt 0.726051 0.890997
vt 0.801404 0.876590
vt 0.795382 0.870628
vt 0.849573 0.217689
vt 0.772544 0.850553
vt 0.775898 0.832096
vt 0.797254 0.862259
vt 0.767610 0.838108
vt 0.567345 0.016695
vt 0.562179 0.016048
vt 0.833057 0.171130
vt 0.804537 0.876903
vt 0.822655 0.905746
vt 0.817450 0.900582
vt 0.572643 0.034872
vt 0.816827 0.884688
vt 0.946570 0.114089
vt 0.720312 0.892592
vt 0.795159 0.856797
vt 0.742920 0.881363
vt 0.804035 0.882585
vt 0.801404 0.883784
vt 0.774102 0.862811
vt 0.778035 0.851725
vt 0.767642 0.869964
vt 0.760785 0.872260
vt 0.813243 0.897371
vt 0.790094 0.847730
vt 0.811084 0.894326
vt 0.801752 0.842385
vt 0.747558 0.881086
vt 0.717121 0.893363
vt 0.800034 0.880155
vt 0.783614 0.867044
vt 0.572094 0.019879
vt 0.791432 0.868774
vt 0.770060 0.873394
vt 0.805144 0.838788
vt 0.947419 0.108597
vt 0.774000 0.827695
vt 0.778964 0.825474
vt 0.759720 0.823568
vt 0.948753 0.112721
vt 0.707941 0.893451
vt 0.761171 0.877316
vt 0.802638 0.848792
vt 0.720231 0.892373
vt 0.822993 0.903486
vt 0.789997 0.877747
vt 0.781109 0.841115
vt 0.962331 0.094182
vt 0.753512 0.876372
vt 0.946822 0.109866
vt 0.961435 0.091329
vt 0.789073 0.875574
vt 0.572199 0.006568
vt 0.944737 0.104427
vt 0.769922 0.874919
vt 0.945342 0.142876
vt 0.749425 0.882401
vt 0.793481 0.877531
vt 0.766043 0.825765
vt 0.941594 0.151278
vt 0.759443 0.829561
vt 0.576923 0.024156
vt 0.777458 0.870711
vt 0.962744 0.091911
vt 0.962135 0.093685
vt 0.945118 0.142555
vt 0.369499 0.828462
vt 0.579004 0.025932
vt 0.800952 0.887895
vt 0.949643 0.096912
vt 0.574076 0.020922
vt 0.816801 0.903809
vt 0.370302 0.833396
vt 0.954671 0.178778
vt 0.940581 0.125231
vt 0.940766 0.131145
vt 0.963375 0.090513
vt 0.583132 0.046098
vt 0.958956 0.195810
vt 0.941182 0.097185
vt 0.771388 0.824126
vt 0.953931 0.178757
vt 0.754917 0.819671
vt 0.787565 0.879038
vt 0.941838 0.121056
vt 0.367687 0.829397
vt 0.798254 0.885840
vt 0.796337 0.884936
vt 0.941759 0.143820
vt 0.967068 0.206765
vt 0.950766 0.092232
vt 0.367923 0.831846
vt 0.585182 0.036335
vt 0.941762 0.151565
vt 0.951214 0.092412
vt 0.371003 0.840452
vt 0.368450 0.828378
vt 0.582346 0.026406
vt 0.786766 0.878314
vt 0.370081 0.843366
vt 0.586507 0.044500
vt 0.953676 0.178259
vt 0.941775 0.100921
vt 0.374880 0.847479
vt 0.951683 0.090904
vt 0.787428 0.826074
vt 0.585657 0.020864
vt 0.957637 0.193819
vt 0.809361 0.899507
vt 0.938731 0.165179
vt 0.941392 0.158921
vt 0.777509 0.827498
vt 0.589853 0.039688
vt 0.961572 0.203883
vt 0.941511 0.158178
vt 0.373134 0.855048
vt 0.789269 0.827044
vt 0.805074 0.894359
vt 0.787565 0.879038
vt 0.962842 0.198427
vt 0.363084 0.835241
vt 0.883889 0.089137
vt 0.934153 0.149101
vt 0.374138 0.849481
vt 0.936856 0.120659
vt 0.883788 0.090334
vt 0.374961 0.849126
vt 0.569254 0.010489
vt 0.884175 0.090313
vt 0.768196 0.813761
vt 0.937882 0.112586
vt 0.808699 0.837193
vt 0.883848 0.089988
vt 0.704747 0.897726
vt 0.758831 0.817307
vt 0.883972 0.090603
vt 0.955960 0.198019
vt 0.884351 0.091189
vt 0.940922 0.103619
vt 0.935454 0.120443
vt 0.945343 0.179136
vt 0.939311 0.150771
vt 0.884281 0.094987
vt 0.593111 0.044784
vt 0.676850 0.902849
vt 0.884969 0.103361
vt 0.935681 0.138046
vt 0.750098 0.809381
vt 0.939409 0.128701
vt 0.754088 0.818324
vt 0.569986 0.006144
vt 0.591155 0.041150
vt 0.933374 0.105821
vt 0.752539 0.812345
vt 0.673126 0.907113
vt 0.958392 0.208786
vt 0.937074 0.099757
vt 0.362520 0.838516
vt 0.358424 0.835878
vt 0.368874 0.854677
vt 0.930649 0.143657
vt 0.929259 0.112069
vt 0.936129 0.097618
vt 0.778499 0.818850
vt 0.775263 0.814247
vt 0.585708 0.027320
vt 0.591819 0.039607
vt 0.793609 0.823469
vt 0.767536 0.821437
vt 0.782483 0.814006
vt 0.594120 0.037610
vt 0.788062 0.824657
vt 0.748851 0.808218
vt 0.773339 0.807441
vt 0.789436 0.823675
vt 0.355303 0.848225
vt 0.810281 0.835910
vt 0.751330 0.810168
vt 0.885668 0.103136
vt 0.760138 0.813714
vt 0.787841 0.820833
vt 0.588845 0.033576
vt 0.380006 0.866712
vt 0.366859 0.842320
vt 0.756540 0.807842
vt 0.942365 0.185461
vt 0.697721 0.902724
vt 0.749505 0.800860
vt 0.956833 0.204400
vt 0.949122 0.201659
vt 0.924838 0.099295
vt 0.806614 0.830611
vt 0.356321 0.836560
vt 0.888660 0.103969
vt 0.928629 0.104786
vt 0.691041 0.902827
vt 0.929327 0.134730
vt 0.928958 0.118010
vt 0.951884 0.202297
vt 0.925413 0.116593
vt 0.357327 0.851257
vt 0.789388 0.816483
vt 0.753363 0.805753
vt 0.371832 0.861661
vt 0.693214 0.905205
vt 0.931784 0.097644
vt 0.921406 0.138042
vt 0.356099 0.845202
vt 0.845338 0.143278
vt 0.927334 0.138306
vt 0.356610 0.839421
vt 0.350823 0.823089
vt 0.920906 0.134332
vt 0.364561 0.827362
vt 0.682322 0.908401
vt 0.756071 0.799533
vt 0.353975 0.844360
vt 0.805843 0.824167
vt 0.812244 0.830881
vt 0.811969 0.824661
vt 0.801241 0.822515
vt 0.678756 0.910198
vt 0.760314 0.808682
vt 0.924730 0.102247
vt 0.756271 0.804564
vt 0.797998 0.821547
vt 0.779478 0.814557
vt 0.881206 0.115282
vt 0.756747 0.803110
vt 0.676020 0.911624
vt 0.930202 0.163107
vt 0.921414 0.153164
vt 0.807990 0.824922
vt 0.775993 0.809844
vt 0.376370 0.874500
vt 0.353762 0.832335
vt 0.751186 0.801310
vt 0.380349 0.872391
vt 0.388880 0.894072
vt 0.367054 0.864092
vt 0.791223 0.811141
vt 0.914949 0.116943
vt 0.378242 0.932344
vt 0.359323 0.855172
vt 0.947818 0.199400
vt 0.750036 0.796605
vt 0.344519 0.858479
vt 0.362437 0.865683
vt 0.342821 0.846371
vt 0.937809 0.195833
vt 0.766586 0.808999
vt 0.751601 0.796751
vt 0.341964 0.849018
vt 0.344020 0.847038
vt 0.805138 0.817941
vt 0.881131 0.122631
vt 0.343760 0.853605
vt 0.889834 0.104359
vt 0.680165 0.914540
vt 0.850579 0.127545
vt 0.920151 0.101458
vt 0.373686 0.879123
vt 0.910656 0.138034
vt 0.895762 0.110182
vt 0.774202 0.801072
vt 0.881294 0.120939
vt 0.680369 0.918316
vt 0.931274 0.189851
vt 0.883109 0.140383
vt 0.913665 0.115031
vt 0.889859 0.105561
vt 0.752858 0.795374
vt 0.680749 0.918113
vt 0.934002 0.184622
vt 0.383154 0.902120
vt 0.369039 0.875861
vt 0.356763 0.858863
vt 0.352010 0.846024
vt 0.774089 0.805262
vt 0.932091 0.172032
vt 0.887272 0.111146
vt 0.881206 0.115282
vt 0.884498 0.114421
vt 0.344919 0.829894
vt 0.356031 0.866332
vt 0.808303 0.820790
vt 0.797113 0.813138
vt 0.893837 0.109031
vt 0.884201 0.123180
vt 0.336603 0.849571
vt 0.809595 0.819200
vt 0.793025 0.812599
vt 0.910080 0.112823
vt 0.810161 0.817056
vt 0.342881 0.836188
vt 0.883703 0.120576
vt 0.916355 0.147034
vt 0.918281 0.110295
vt 0.771378 0.797889
vt 0.919802 0.169877
vt 0.926151 0.145773
vt 0.338288 0.839213
vt 0.912839 0.154332
vt 0.322221 0.851160
vt 0.342133 0.832023
vt 0.937086 0.201191
vt 0.777627 0.805561
vt 0.907055 0.117919
vt 0.923078 0.175957
vt 0.358538 0.868712
vt 0.887663 0.115748
vt 0.922684 0.166949
vt 0.914954 0.105158
vt 0.910381 0.109724
vt 0.792846 0.806961
vt 0.896731 0.117921
vt 0.382665 0.907805
vt 0.769774 0.795164
vt 0.894629 0.124882
vt 0.882784 0.140925
vt 0.891387 0.138472
vt 0.783342 0.803465
vt 0.884124 0.140234
vt 0.883109 0.140383
vt 0.779099 0.802810
vt 0.855326 0.108396
vt 0.918679 0.166543
vt 0.331597 0.852778
vt 0.313174 0.858783
vt 0.346002 0.861781
vt 0.794373 0.803927
vt 0.797210 0.808475
vt 0.915085 0.094025
vt 0.914140 0.110266
vt 0.895391 0.109224
vt 0.774187 0.796263
vt 0.899318 0.116949
vt 0.341185 0.951395
vt 0.363031 0.945562
vt 0.908196 0.108396
vt 0.907659 0.112917
vt 0.338759 0.832554
vt 0.890765 0.120065
vt 0.910579 0.109196
vt 0.908957 0.135074
vt 0.804913 0.812020
vt 0.898335 0.118862
vt 0.892202 0.128824
vt 0.886706 0.146196
vt 0.916282 0.170608
vt 0.324225 0.856689
vt 0.901763 0.138076
vt 0.900338 0.121959
vt 0.893620 0.123099
vt 0.918914 0.169424
vt 0.802827 0.808465
vt 0.883725 0.140754
vt 0.781328 0.801067
vt 0.913542 0.101694
vt 0.799382 0.806917
vt 0.787922 0.806000
vt 0.920927 0.177108
vt 0.912718 0.145942
vt 0.892578 0.168216
vt 0.794899 0.809793
vt 0.895548 0.125334
vt 0.923720 0.191159
vt 0.340063 0.863437
vt 0.804294 0.809004
vt 0.374186 0.885930
vt 0.304931 0.862468
vt 0.896571 0.132653
vt 0.894122 0.121210
vt 0.819288 0.821178
vt 0.891753 0.166645
vt 0.890416 0.163423
vt 0.779283 0.796493
vt 0.363296 0.878991
vt 0.804715 0.807137
vt 0.897019 0.158554
vt 0.895193 0.159447
vt 0.795007 0.802744
vt 0.911710 0.093040
vt 0.898424 0.122384
vt 0.891465 0.160679
vt 0.332396 0.860962
vt 0.897105 0.183811
vt 0.900941 0.139667
vt 0.807953 0.809480
vt 0.896316 0.124135
vt 0.887177 0.158952
vt 0.374167 0.936754
vt 0.919858 0.179248
vt 0.896493 0.165223
vt 0.925937 0.191621
vt 0.903517 0.141444
vt 0.910021 0.097114
vt 0.911545 0.145945
vt 0.891226 0.162493
vt 0.882543 0.152126
vt 0.362456 0.875519
vt 0.896101 0.161872
vt 0.907948 0.158318
vt 0.898291 0.158796
vt 0.346959 0.864483
vt 0.906608 0.152026
vt 0.290248 0.894766
vt 0.908983 0.154321
vt 0.330607 0.948829
vt 0.907553 0.107478
vt 0.290961 0.892428
vt 0.314420 0.869560
vt 0.907420 0.161438
vt 0.903991 0.144212
vt 0.900448 0.169015
vt 0.899705 0.161904
vt 0.904150 0.157817
vt 0.292924 0.920319
vt 0.326168 0.860664
vt 0.903386 0.169655
vt 0.901454 0.171348
vt 0.897783 0.145308
vt 0.375779 0.896974
vt 0.904784 0.171652
vt 0.318967 0.863909
vt 0.899569 0.146882
vt 0.883670 0.149481
vt 0.892938 0.146714
vt 0.908548 0.162708
vt 0.296042 0.888517
vt 0.306495 0.874573
vt 0.323663 0.868377
vt 0.890371 0.147486
vt 0.888782 0.150165
vt 0.914514 0.181123
vt 0.909039 0.171573
vt 0.826407 0.810372
vt 0.902160 0.180051
vt 0.902968 0.146330
vt 0.893445 0.150093
vt 0.891001 0.155235
vt 0.362656 0.882203
vt 0.905950 0.183050
vt 0.904018 0.186805
vt 0.905829 0.149447
vt 0.894022 0.148219
vt 0.907237 0.179211
vt 0.340883 0.866260
vt 0.829134 0.808225
vt 0.310261 0.867742
vt 0.914205 0.182918
vt 0.906479 0.185468
vt 0.855360 0.074163
vt 0.298389 0.878661
vt 0.294915 0.924093
vt 0.828160 0.808204
vt 0.890648 0.149980
vt 0.905419 0.195083
vt 0.904990 0.183399
vt 0.906067 0.175073
vt 0.902598 0.174671
vt 0.920691 0.197434
vt 0.367034 0.896453
vt 0.916170 0.186239
vt 0.915824 0.196716
vt 0.907622 0.193292
vt 0.342865 0.871077
vt 0.854035 0.102209
vt 0.917176 0.198892
vt 0.915361 0.198791
vt 0.912372 0.197485
vt 0.303914 0.883353
vt 0.855186 0.096537
vt 0.916245 0.199096
vt 0.325307 0.870789
vt 0.855328 0.094847
vt 0.375302 0.928562
vt 0.344202 0.870913
vt 0.344419 0.875225
vt 0.363710 0.891635
vt 0.360808 0.887030
vt 0.358460 0.886148
vt 0.322932 0.876305
vt 0.297696 0.917512
vt 0.366908 0.902897
vt 0.341205 0.874299
vt 0.362635 0.926722
vt 0.343264 0.877027
vt 0.341812 0.877319
vt 0.310232 0.919969
vt 0.306966 0.894317
vt 0.354627 0.921371
vt 0.356972 0.889458
vt 0.343055 0.880114
vt 0.304708 0.892856
vt 0.326716 0.883339
vt 0.337468 0.874263
vt 0.341198 0.880425
vt 0.325128 0.879417
vt 0.335902 0.932694
vt 0.354376 0.889300
vt 0.315892 0.892210
vt 0.331172 0.938462
vt 0.322782 0.883865
vt 0.358867 0.902905
vt 0.353248 0.889818
vt 0.342131 0.885592
vt 0.338920 0.881133
vt 0.340664 0.882793
vt 0.308872 0.897354
vt 0.352694 0.894402
vt 0.357483 0.893978
vt 0.329511 0.888605
vt 0.341415 0.885169
vt 0.356517 0.902019
vt 0.354296 0.896394
vt 0.357093 0.903917
vt 0.354773 0.896924
vt 0.345482 0.897033
vt 0.312503 0.900333
vt 0.349441 0.892622
vt 0.337551 0.887999
vt 0.318876 0.897424
vt 0.354761 0.906311
vt 0.316476 0.924021
vt 0.315617 0.912062
vt 0.351115 0.910130
vt 0.335398 0.925199
vt 0.333082 0.888332
vt 0.350070 0.920486
vt 0.341464 0.888462
vt 0.335384 0.889273
vt 0.331115 0.890549
vt 0.328224 0.890764
vt 0.350860 0.907898
vt 0.320784 0.917696
vt 0.327745 0.893211
vt 0.319764 0.907103
vt 0.322234 0.918981
vt 0.346910 0.920994
vt 0.342448 0.904537
vt 0.340072 0.895801
vt 0.339062 0.918071
vt 0.330999 0.897373
vt 0.323693 0.902236
vt 0.338086 0.907835
vt 0.321860 0.903779
vt 0.329332 0.895347
vt 0.341751 0.903201
vt 0.327414 0.901753
vt 0.327387 0.896972
vt 0.327690 0.922080
vt 0.327761 0.900127
vt 0.329310 0.902848
vt 0.339673 0.898925
vt 0.336225 0.909963
vt 0.338377 0.904360
vt 0.326417 0.915478
vt 0.336664 0.909356
vt 0.333878 0.906557
vt 0.335453 0.908270
vt 0.336799 0.909884
vt 0.335320 0.909609
vt 0.303974 0.005816
vt 0.321275 0.007942
vt 0.323929 0.003564
vt 0.330812 0.012886
vt 0.343418 0.017032
vt 0.267060 0.007786
vt 0.322924 0.448821
vt 0.329952 0.015078
vt 0.286549 0.012086
vt 0.317833 0.016323
vt 0.321371 0.451418
vt 0.282461 0.012867
vt 0.376548 0.033206
vt 0.293074 0.013466
vt 0.268233 0.004700
vt 0.362003 0.026145
vt 0.275189 0.013914
vt 0.274761 0.017584
vt 0.351406 0.030645
vt 0.371598 0.037732
vt 0.302209 0.021770
vt 0.332324 0.029530
vt 0.255086 0.011945
vt 0.316840 0.029577
vt 0.292417 0.021578
vt 0.290576 0.020361
vt 0.308748 0.030485
vt 0.364334 0.040967
vt 0.255390 0.011145
vt 0.389151 0.062367
vt 0.306953 0.465043
vt 0.321465 0.035384
vt 0.254041 0.017851
vt 0.370601 0.053543
vt 0.359867 0.041656
vt 0.281915 0.033068
vt 0.243071 0.040751
vt 0.349853 0.046939
vt 0.240905 0.046983
vt 0.268749 0.031475
vt 0.293585 0.035608
vt 0.341275 0.046227
vt 0.242195 0.032674
vt 0.355904 0.053824
vt 0.345160 0.051214
vt 0.337401 0.056356
vt 0.250086 0.023621
vt 0.383263 0.062454
vt 0.336969 0.051858
vt 0.312970 0.038237
vt 0.354921 0.066020
vt 0.268953 0.039528
vt 0.344772 0.060477
vt 0.315011 0.049853
vt 0.361929 0.069029
vt 0.319747 0.044012
vt 0.323806 0.057545
vt 0.335862 0.050424
vt 0.353164 0.074366
vt 0.364164 0.375394
vt 0.282962 0.042065
vt 0.339499 0.061915
vt 0.338939 0.065515
vt 0.345382 0.053890
vt 0.321670 0.047501
vt 0.349462 0.067116
vt 0.292908 0.045404
vt 0.223067 0.048484
vt 0.259347 0.031554
vt 0.346868 0.073923
vt 0.396572 0.126695
vt 0.309438 0.052454
vt 0.364304 0.081619
vt 0.314987 0.063551
vt 0.331274 0.065884
vt 0.252061 0.057702
vt 0.310635 0.045669
vt 0.334976 0.082705
vt 0.298363 0.051818
vt 0.362594 0.075709
vt 0.329877 0.072285
vt 0.347925 0.083354
vt 0.375565 0.070801
vt 0.369248 0.086967
vt 0.340260 0.078727
vt 0.319604 0.060622
vt 0.233138 0.062938
vt 0.227358 0.052640
vt 0.340906 0.088691
vt 0.373914 0.076890
vt 0.282860 0.053252
vt 0.320235 0.077243
vt 0.248456 0.053042
vt 0.359507 0.081278
vt 0.284801 0.046442
vt 0.391688 0.059613
vt 0.347106 0.086559
vt 0.366291 0.098356
vt 0.264452 0.056317
vt 0.261876 0.052209
vt 0.333805 0.083910
vt 0.382719 0.102430
vt 0.323431 0.071133
vt 0.226533 0.050037
vt 0.321702 0.079672
vt 0.278232 0.054456
vt 0.317346 0.068484
vt 0.373445 0.099757
vt 0.315574 0.067865
vt 0.303328 0.069687
vt 0.299028 0.058007
vt 0.225153 0.060775
vt 0.313655 0.075411
vt 0.269439 0.061024
vt 0.348352 0.090352
vt 0.319725 0.070172
vt 0.319698 0.076902
vt 0.363328 0.104096
vt 0.391353 0.091836
vt 0.229608 0.082591
vt 0.274961 0.057982
vt 0.223037 0.084626
vt 0.341521 0.096222
vt 0.288685 0.057123
vt 0.348914 0.093096
vt 0.242778 0.062121
vt 0.276677 0.058905
vt 0.289891 0.063092
vt 0.259116 0.064557
vt 0.222785 0.045329
vt 0.374761 0.112897
vt 0.345443 0.094402
vt 0.321408 0.082561
vt 0.285032 0.057213
vt 0.241830 0.056826
vt 0.311900 0.069520
vt 0.240201 0.068327
vt 0.287666 0.070745
vt 0.300561 0.072533
vt 0.247129 0.070703
vt 0.298745 0.069888
vt 0.294718 0.076035
vt 0.249066 0.071383
vt 0.282431 0.069877
vt 0.216907 0.082786
vt 0.289138 0.073288
vt 0.349879 0.098024
vt 0.216953 0.071329
vt 0.296129 0.070607
vt 0.261141 0.068164
vt 0.234858 0.084014
vt 0.292693 0.071564
vt 0.290455 0.071982
vt 0.378748 0.127074
vt 0.258998 0.068716
vt 0.367786 0.130805
vt 0.379886 0.133876
vt 0.280993 0.070949
vt 0.227720 0.082917
vt 0.266506 0.073819
vt 0.289313 0.073097
vt 0.279824 0.081400
vt 0.290252 0.076844
vt 0.268102 0.063068
vt 0.211245 0.098263
vt 0.298480 0.085239
vt 0.285657 0.080779
vt 0.254408 0.073911
vt 0.275626 0.081092
vt 0.288142 0.080776
vt 0.364104 0.114875
vt 0.281480 0.084179
vt 0.345197 0.104211
vt 0.230071 0.103219
vt 0.295578 0.080052
vt 0.222086 0.096568
vt 0.240376 0.078345
vt 0.276687 0.070537
vt 0.363326 0.100656
vt 0.226353 0.094863
vt 0.250901 0.078738
vt 0.279953 0.079525
vt 0.240606 0.101646
vt 0.248882 0.076752
vt 0.345295 0.108102
vt 0.363176 0.142155
vt 0.365394 0.124297
vt 0.227723 0.117429
vt 0.210884 0.076501
vt 0.251957 0.078461
vt 0.282743 0.085209
vt 0.219983 0.110466
vt 0.321014 0.091315
vt 0.263222 0.077040
vt 0.276855 0.084685
vt 0.352112 0.107899
vt 0.330196 0.084376
vt 0.318129 0.100460
vt 0.302071 0.076215
vt 0.253340 0.087987
vt 0.306556 0.091580
vt 0.357469 0.116554
vt 0.216722 0.118720
vt 0.239058 0.124792
vt 0.281845 0.086947
vt 0.276424 0.086403
vt 0.232269 0.109698
vt 0.245094 0.089327
vt 0.297527 0.082928
vt 0.226357 0.127035
vt 0.240155 0.108651
vt 0.352111 0.154435
vt 0.221988 0.112590
vt 0.226438 0.119247
vt 0.268796 0.090333
vt 0.276417 0.182789
vt 0.246544 0.089281
vt 0.245082 0.098658
vt 0.361324 0.120046
vt 0.226102 0.129511
vt 0.226891 0.141964
vt 0.243079 0.099249
vt 0.240635 0.144430
vt 0.273221 0.089649
vt 0.256699 0.084573
vt 0.278044 0.092430
vt 0.213385 0.118207
vt 0.245968 0.134509
vt 0.230693 0.135078
vt 0.242822 0.149922
vt 0.234843 0.144011
vt 0.225366 0.145668
vt 0.340313 0.166119
vt 0.235375 0.155515
vt 0.351545 0.124081
vt 0.243483 0.158850
vt 0.299502 0.088369
vt 0.320841 0.098093
vt 0.247922 0.153398
vt 0.263629 0.167515
vt 0.264582 0.169520
vt 0.307021 0.091002
vt 0.354120 0.128768
vt 0.267564 0.085312
vt 0.363096 0.158215
vt 0.243139 0.137526
vt 0.245422 0.115358
vt 0.314453 0.172911
vt 0.245880 0.106663
vt 0.277501 0.177363
vt 0.276613 0.176172
vt 0.283587 0.166376
vt 0.253550 0.155031
vt 0.341556 0.150742
vt 0.320695 0.167004
vt 0.265936 0.162827
vt 0.331412 0.163962
vt 0.262013 0.162402
vt 0.249660 0.118212
vt 0.252649 0.097124
vt 0.272976 0.166891
vt 0.307287 0.093059
vt 0.339747 0.114139
vt 0.349849 0.139226
vt 0.275802 0.157362
vt 0.269832 0.101654
vt 0.275172 0.092946
vt 0.241846 0.118847
vt 0.299278 0.089990
vt 0.347374 0.130319
vt 0.337236 0.107634
vt 0.307938 0.097840
vt 0.255942 0.128391
vt 0.301177 0.095045
vt 0.337772 0.116345
vt 0.275744 0.092050
vt 0.316449 0.163606
vt 0.252968 0.128526
vt 0.253580 0.105307
vt 0.278397 0.097903
vt 0.295259 0.159598
vt 0.290113 0.160716
vt 0.344214 0.141031
vt 0.329792 0.134783
vt 0.301789 0.108866
vt 0.338083 0.135851
vt 0.332437 0.118691
vt 0.327688 0.112524
vt 0.313053 0.156656
vt 0.306610 0.153608
vt 0.336877 0.139418
vt 0.263218 0.134013
vt 0.335105 0.143521
vt 0.267199 0.136514
vt 0.279908 0.149268
vt 0.258234 0.142503
vt 0.330693 0.145022
vt 0.260769 0.136491
vt 0.328536 0.141698
vt 0.320942 0.111674
vt 0.271310 0.138728
vt 0.311194 0.117950
vt 0.311709 0.118611
vt 0.326686 0.121463
vt 0.321724 0.145769
vt 0.262864 0.139838
vt 0.313589 0.142999
vt 0.258272 0.119727
vt 0.326085 0.144320
vt 0.326201 0.145209
vt 0.324129 0.148680
vt 0.320553 0.122979
vt 0.273746 0.141521
vt 0.297190 0.143794
vt 0.285029 0.143064
vt 0.263047 0.110301
vt 0.317548 0.142958
vt 0.281974 0.144341
vt 0.270238 0.141593
vt 0.301678 0.105717
vt 0.318821 0.114850
vt 0.314295 0.149177
vt 0.263285 0.123264
vt 0.306903 0.146871
vt 0.298337 0.146209
vt 0.283629 0.147303
vt 0.308456 0.104216
vt 0.287773 0.148732
vt 0.320524 0.112886
vt 0.296426 0.142901
vt 0.318979 0.120233
vt 0.319142 0.123843
vt 0.320868 0.113088
vt 0.293888 0.133080
vt 0.279619 0.101854
vt 0.302403 0.100734
vt 0.273389 0.097869
vt 0.279253 0.142153
vt 0.271427 0.129821
vt 0.276746 0.102792
vt 0.301143 0.142364
vt 0.275493 0.099703
vt 0.307753 0.114110
vt 0.320003 0.129572
vt 0.308387 0.139122
vt 0.309687 0.136954
vt 0.313060 0.124137
vt 0.308295 0.139443
vt 0.266139 0.123618
vt 0.276517 0.100799
vt 0.308691 0.121595
vt 0.309011 0.135774
vt 0.311547 0.127782
vt 0.313881 0.132689
vt 0.313360 0.131538
vt 0.311190 0.127087
vt 0.284244 0.108972
vt 0.276767 0.131321
vt 0.280990 0.104963
vt 0.283437 0.135014
vt 0.295841 0.114764
vt 0.310508 0.126773
vt 0.276823 0.104298
vt 0.308207 0.125082
vt 0.301105 0.112505
vt 0.277484 0.132155
vt 0.301827 0.129911
vt 0.281585 0.132600
vt 0.283008 0.131992
vt 0.306825 0.118541
vt 0.284231 0.133603
vt 0.307269 0.118994
vt 0.291076 0.132484
vt 0.301579 0.117882
vt 0.305272 0.124645
vt 0.306160 0.118285
vt 0.277931 0.106536
vt 0.303917 0.124924
vt 0.296732 0.131428
vt 0.296963 0.130648
vt 0.299517 0.115707
vt 0.281672 0.106556
vt 0.301961 0.123504
vt 0.274857 0.105928
vt 0.303724 0.119535
vt 0.279079 0.107142
vt 0.279619 0.109650
vt 0.274514 0.110425
vt 0.296586 0.122776
vt 0.297280 0.116459
vt 0.286043 0.124092
vt 0.278512 0.110610
vt 0.292945 0.113320
vt 0.288435 0.112878
vt 0.275669 0.112468
vt 0.289739 0.120152
vt 0.293086 0.119243
vt 0.281495 0.110560
vt 0.293475 0.115299
vt 0.283587 0.114134
vt 0.283699 0.112905
vt 0.286279 0.121747
vt 0.281157 0.117382
vt 0.289980 0.119255
vt 0.291247 0.114894
vt 0.287495 0.116580
vt 0.467824 0.888787
vt 0.467483 0.891607
vt 0.466675 0.893070
vt 0.474662 0.894614
vt 0.464095 0.896107
vt 0.470423 0.895004
vt 0.477364 0.893676
vt 0.466884 0.874647
vt 0.459775 0.898412
vt 0.460698 0.901877
vt 0.476841 0.877841
vt 0.480764 0.898201
vt 0.461089 0.903381
vt 0.479444 0.915856
vt 0.484770 0.896340
vt 0.452962 0.900624
vt 0.445469 0.898968
vt 0.486743 0.898867
vt 0.460671 0.865240
vt 0.493284 0.880705
vt 0.044526 0.643433
vt 0.475607 0.915802
vt 0.476896 0.855392
vt 0.490520 0.897922
vt 0.492188 0.901907
vt 0.445173 0.862403
vt 0.498745 0.901794
vt 0.453457 0.910005
vt 0.046518 0.653097
vt 0.040701 0.629604
vt 0.040578 0.628046
vt 0.510989 0.909084
vt 0.048865 0.672772
vt 0.447289 0.912291
vt 0.446068 0.914137
vt 0.038372 0.624705
vt 0.492976 0.921443
vt 0.509250 0.903422
vt 0.510434 0.884951
vt 0.512444 0.907851
vt 0.048007 0.687580
vt 0.503479 0.925333
vt 0.515499 0.906919
vt 0.483816 0.956348
vt 0.531587 0.874913
vt 0.524825 0.929276
vt 0.522972 0.913360
vt 0.537502 0.894104
vt 0.501421 0.949737
vt 0.523557 0.909210
vt 0.470090 0.953737
vt 0.528711 0.910804
vt 0.046423 0.696342
vt 0.530038 0.915023
vt 0.529811 0.935772
vt 0.135999 0.793337
vt 0.046090 0.699252
vt 0.042470 0.709550
vt 0.575603 0.907453
vt 0.565056 0.902902
vt 0.536313 0.914309
vt 0.128858 0.793421
vt 0.524307 0.955122
vt 0.545344 0.918431
vt 0.533492 0.959217
vt 0.552021 0.926003
vt 0.591212 0.911451
vt 0.555477 0.946493
vt 0.547143 0.942052
vt 0.570453 0.925998
vt 0.531528 0.966201
vt 0.565108 0.927127
vt 0.569305 0.951541
vt 0.026189 0.733423
vt 0.570453 0.925998
vt 0.570852 0.935834
vt 0.565641 0.948535
vt 0.598198 0.936009
vt 0.083233 0.804006
vt 0.588635 0.933644
vt 0.574813 0.932280
vt 0.593849 0.938183
vt 0.036665 0.791390
vt 0.341329 0.000015
vt 0.341371 0.000571
vt 0.340382 0.001103
vt 0.341221 0.000020
vt 0.339978 0.000717
vt 0.340704 0.000144
vt 0.341493 0.000823
usemtl material_0
f 3/3 1/1 4/4
f 2/2 12/12 1/1
f 4/4 1/1 6/6
f 1/1 3/3 2/2
f 7/7 6/6 1/1
f 3/3 4/4 8/8
f 3/3 8/8 2/2
f 9/9 8/8 4/4
f 9/9 4/4 5/5
f 12/12 7/7 1/1
f 7/7 15/15 6/6
f 12/12 2/2 8/8
f 28/28 5/5 16/16
f 12/12 8/8 9/9
f 9/9 5/5 28/28
f 16/16 5/5 13/13
f 4/4 6/6 14/14
f 6/6 18/18 14/14
f 28/28 10/10 9/9
f 28/28 16/16 22/22
f 4/4 14/14 5/5
f 11/11 10/10 28/28
f 20/20 9/9 10/10
f 6/6 15/15 18/18
f 7/7 12/12 15/15
f 5/5 14/14 13/13
f 9/9 20/20 12/12
f 15/15 17/17 18/18
f 19/19 18/18 17/17
f 14/14 21/21 13/13
f 15/15 19/19 17/17
f 12/12 20/20 15/15
f 15/15 20/20 25/25
f 16/16 13/13 22/22
f 14/14 18/18 21/21
f 15/15 25/25 19/19
f 13/13 21/21 29/29
f 13/13 29/29 23/23
f 10/10 24/24 20/20
f 19/19 26/26 18/18
f 18/18 29/29 21/21
f 18/18 26/26 29/29
f 25/25 26/26 19/19
f 11/11 27/27 36/36
f 24/24 29/29 20/20
f 20/20 29/29 25/25
f 22/22 38/38 28/28
f 25/25 29/29 26/26
f 24/24 23/23 29/29
f 23/23 37/37 13/13
f 22/22 13/13 30/30
f 13/13 31/31 30/30
f 11/11 28/28 32/32
f 24/24 10/10 23/23
f 10/10 11/11 36/36
f 33/33 27/27 11/11
f 22/22 30/30 38/38
f 11/11 32/32 33/33
f 37/37 31/31 13/13
f 33/33 32/32 46/46
f 28/28 38/38 32/32
f 52/52 43/43 39/39
f 38/38 30/30 42/42
f 23/23 10/10 37/37
f 35/35 27/27 33/33
f 31/31 37/37 30/30
f 43/43 52/52 40/40
f 10/10 34/34 37/37
f 37/37 41/41 30/30
f 36/36 53/53 10/10
f 43/43 40/40 47/47
f 44/44 27/27 35/35
f 43/43 47/47 39/39
f 10/10 37/37 34/34
f 41/41 42/42 30/30
f 63/63 45/45 60/60
f 37/37 42/42 41/41
f 53/53 37/37 10/10
f 27/27 44/44 36/36
f 42/42 37/37 53/53
f 45/45 63/63 58/58
f 46/46 32/32 51/51
f 40/40 49/49 47/47
f 32/32 38/38 51/51
f 44/44 48/48 36/36
f 49/49 40/40 52/52
f 50/50 38/38 42/42
f 36/36 48/48 53/53
f 57/57 47/47 49/49
f 38/38 61/61 51/51
f 53/53 50/50 42/42
f 53/53 55/55 50/50
f 52/52 39/39 45/45
f 53/53 48/48 54/54
f 54/54 55/55 53/53
f 57/57 59/59 47/47
f 65/65 47/47 59/59
f 50/50 61/61 38/38
f 45/45 39/39 60/60
f 55/55 54/54 56/56
f 50/50 55/55 56/56
f 39/39 47/47 65/65
f 39/39 62/62 60/60
f 58/58 63/63 82/82
f 50/50 56/56 61/61
f 65/65 59/59 57/57
f 39/39 65/65 67/67
f 63/63 68/68 78/78
f 63/63 78/78 82/82
f 57/57 66/66 71/71
f 77/77 57/57 49/49
f 70/70 63/63 60/60
f 57/57 64/64 65/65
f 62/62 39/39 67/67
f 66/66 57/57 77/77
f 60/60 69/69 70/70
f 62/62 69/69 60/60
f 63/63 70/70 68/68
f 65/65 80/80 67/67
f 69/69 62/62 67/67
f 67/67 70/70 69/69
f 70/70 72/72 68/68
f 80/80 65/65 64/64
f 64/64 57/57 71/71
f 70/70 73/73 72/72
f 73/73 78/78 68/68
f 67/67 73/73 70/70
f 72/72 73/73 68/68
f 52/52 74/74 49/49
f 71/71 66/66 92/92
f 67/67 80/80 73/73
f 71/71 92/92 89/89
f 64/64 71/71 75/75
f 92/92 66/66 77/77
f 64/64 84/84 80/80
f 89/89 92/92 81/81
f 71/71 89/89 75/75
f 77/77 49/49 74/74
f 92/92 77/77 88/88
f 64/64 75/75 79/79
f 73/73 80/80 78/78
f 80/80 76/76 78/78
f 79/79 84/84 64/64
f 76/76 80/80 85/85
f 78/78 83/83 82/82
f 94/94 82/82 83/83
f 76/76 85/85 78/78
f 81/81 93/93 89/89
f 84/84 85/85 80/80
f 77/77 74/74 86/86
f 84/84 79/79 85/85
f 90/90 83/83 78/78
f 77/77 86/86 87/87
f 88/88 77/77 87/87
f 92/92 88/88 106/106
f 75/75 98/98 79/79
f 92/92 106/106 91/91
f 91/91 81/81 92/92
f 85/85 95/95 78/78
f 102/102 107/107 103/103
f 96/96 81/81 91/91
f 81/81 96/96 97/97
f 94/94 83/83 121/121
f 117/117 81/81 99/99
f 99/99 81/81 97/97
f 93/93 98/98 89/89
f 90/90 78/78 95/95
f 89/89 98/98 75/75
f 121/121 83/83 113/113
f 103/103 107/107 101/101
f 90/90 95/95 83/83
f 132/132 104/104 130/130
f 117/117 99/99 105/105
f 79/79 95/95 85/85
f 103/103 101/101 134/134
f 88/88 87/87 106/106
f 111/111 107/107 102/102
f 98/98 93/93 110/110
f 98/98 95/95 79/79
f 98/98 108/108 95/95
f 95/95 100/100 83/83
f 128/128 103/103 134/134
f 112/112 102/102 103/103
f 83/83 116/116 113/113
f 95/95 109/109 100/100
f 100/100 116/116 83/83
f 108/108 109/109 95/95
f 110/110 108/108 98/98
f 115/115 111/111 102/102
f 115/115 102/102 112/112
f 81/81 117/117 93/93
f 110/110 109/109 108/108
f 93/93 109/109 110/110
f 100/100 109/109 114/114
f 103/103 128/128 126/126
f 115/115 112/112 124/124
f 134/134 101/101 118/118
f 124/124 112/112 119/119
f 100/100 114/114 116/116
f 117/117 105/105 93/93
f 122/122 113/113 116/116
f 132/132 130/130 151/151
f 122/122 121/121 113/113
f 112/112 129/129 119/119
f 137/137 128/128 134/134
f 122/122 116/116 114/114
f 93/93 123/123 109/109
f 93/93 105/105 122/122
f 126/126 128/128 141/141
f 93/93 122/122 123/123
f 105/105 121/121 122/122
f 114/114 109/109 122/122
f 112/112 103/103 129/129
f 109/109 123/123 122/122
f 124/124 119/119 104/104
f 104/104 127/127 130/130
f 131/131 125/125 130/130
f 120/120 103/103 126/126
f 119/119 127/127 104/104
f 120/120 126/126 133/133
f 129/129 103/103 120/120
f 119/119 129/129 127/127
f 127/127 131/131 130/130
f 132/132 151/151 155/155
f 136/136 130/130 125/125
f 126/126 141/141 133/133
f 134/134 118/118 137/137
f 120/120 133/133 129/129
f 129/129 133/133 140/140
f 130/130 136/136 135/135
f 141/141 128/128 153/153
f 127/127 129/129 131/131
f 138/138 131/131 129/129
f 133/133 148/148 140/140
f 128/128 137/137 153/153
f 135/135 151/151 130/130
f 131/131 136/136 125/125
f 147/147 141/141 153/153
f 155/155 151/151 166/166
f 129/129 140/140 138/138
f 140/140 148/148 138/138
f 131/131 139/139 136/136
f 137/137 118/118 144/144
f 135/135 146/146 151/151
f 138/138 139/139 131/131
f 133/133 141/141 148/148
f 142/142 136/136 139/139
f 136/136 142/142 135/135
f 148/148 145/145 138/138
f 139/139 135/135 142/142
f 138/138 145/145 139/139
f 141/141 143/143 148/148
f 139/139 146/146 135/135
f 147/147 143/143 141/141
f 153/153 137/137 165/165
f 137/137 144/144 154/154
f 139/139 149/149 146/146
f 145/145 152/152 139/139
f 172/172 137/137 154/154
f 152/152 149/149 139/139
f 148/148 152/152 145/145
f 149/149 151/151 146/146
f 165/165 137/137 172/172
f 151/151 149/149 152/152
f 147/147 150/150 143/143
f 143/143 150/150 148/148
f 148/148 150/150 152/152
f 151/151 152/152 166/166
f 144/144 157/157 154/154
f 147/147 153/153 156/156
f 150/150 147/147 156/156
f 157/157 144/144 118/118
f 152/152 150/150 166/166
f 154/154 157/157 172/172
f 168/168 155/155 166/166
f 169/169 153/153 159/159
f 118/118 164/164 157/157
f 153/153 165/165 159/159
f 160/160 164/164 118/118
f 157/157 164/164 161/161
f 164/164 160/160 162/162
f 163/163 168/168 166/166
f 150/150 167/167 166/166
f 167/167 163/163 166/166
f 165/165 158/158 159/159
f 150/150 156/156 167/167
f 153/153 169/169 156/156
f 162/162 173/173 164/164
f 163/163 167/167 168/168
f 156/156 194/194 167/167
f 167/167 171/171 168/168
f 164/164 173/173 161/161
f 161/161 172/172 157/157
f 172/172 158/158 165/165
f 167/167 194/194 171/171
f 169/169 159/159 179/179
f 170/170 173/173 162/162
f 158/158 195/195 159/159
f 170/170 175/175 173/173
f 158/158 172/172 174/174
f 156/156 169/169 176/176
f 158/158 174/174 195/195
f 156/156 176/176 194/194
f 170/170 191/191 175/175
f 169/169 179/179 177/177
f 159/159 193/193 179/179
f 159/159 195/195 180/180
f 174/174 172/172 181/181
f 179/179 178/178 177/177
f 193/193 159/159 180/180
f 161/161 181/181 172/172
f 193/193 178/178 179/179
f 186/186 182/182 181/181
f 170/170 183/183 191/191
f 186/186 181/181 161/161
f 176/176 169/169 190/190
f 173/173 175/175 184/184
f 173/173 182/182 186/186
f 173/173 186/186 161/161
f 182/182 185/185 181/181
f 173/173 185/185 182/182
f 175/175 187/187 184/184
f 173/173 184/184 187/187
f 169/169 177/177 190/190
f 187/187 185/185 173/173
f 175/175 191/191 187/187
f 190/190 178/178 189/189
f 190/190 177/177 178/178
f 185/185 187/187 181/181
f 189/189 178/178 334/334
f 176/176 190/190 194/194
f 207/207 188/188 192/192
f 214/214 178/178 193/193
f 178/178 214/214 334/334
f 195/195 174/174 201/201
f 190/190 198/198 194/194
f 191/191 196/196 187/187
f 196/196 181/181 187/187
f 183/183 206/206 191/191
f 195/195 201/201 180/180
f 197/197 200/200 192/192
f 190/190 189/189 198/198
f 202/202 192/192 200/200
f 188/188 199/199 192/192
f 181/181 201/201 174/174
f 192/192 199/199 211/211
f 197/197 192/192 211/211
f 203/203 180/180 201/201
f 180/180 212/212 193/193
f 181/181 196/196 204/204
f 180/180 203/203 217/217
f 207/207 192/192 202/202
f 201/201 181/181 203/203
f 193/193 212/212 214/214
f 204/204 203/203 181/181
f 196/196 205/205 204/204
f 204/204 205/205 203/203
f 191/191 206/206 196/196
f 180/180 217/217 209/209
f 228/228 211/211 208/208
f 208/208 211/211 199/199
f 196/196 206/206 205/205
f 202/202 285/285 207/207
f 202/202 200/200 285/285
f 205/205 210/210 203/203
f 203/203 210/210 217/217
f 180/180 209/209 212/212
f 211/211 228/228 219/219
f 206/206 210/210 205/205
f 206/206 216/216 210/210
f 213/213 216/216 206/206
f 230/230 223/223 222/222
f 218/218 209/209 217/217
f 223/223 215/215 222/222
f 197/197 211/211 219/219
f 210/210 216/216 217/217
f 213/213 227/227 216/216
f 212/212 209/209 221/221
f 216/216 218/218 217/217
f 222/222 224/224 249/249
f 224/224 222/222 220/220
f 223/223 274/274 215/215
f 226/226 237/237 224/224
f 334/334 214/214 238/238
f 213/213 206/206 227/227
f 214/214 212/212 221/221
f 249/249 224/224 308/308
f 274/274 223/223 246/246
f 197/197 219/219 200/200
f 216/216 227/227 218/218
f 229/229 305/305 225/225
f 230/230 246/246 223/223
f 224/224 237/237 241/241
f 231/231 229/229 225/225
f 224/224 247/247 258/258
f 224/224 258/258 226/226
f 200/200 219/219 260/260
f 235/235 231/231 225/225
f 222/222 215/215 220/220
f 221/221 238/238 214/214
f 308/308 224/224 241/241
f 234/234 235/235 225/225
f 225/225 305/305 272/272
f 229/229 231/231 305/305
f 222/222 249/249 230/230
f 236/236 231/231 242/242
f 224/224 220/220 247/247
f 231/231 239/239 242/242
f 236/236 310/310 231/231
f 219/219 228/228 263/263
f 302/302 259/259 228/228
f 237/237 265/265 244/244
f 259/259 255/255 245/245
f 228/228 259/259 262/262
f 253/253 233/233 209/209
f 218/218 227/227 209/209
f 247/247 271/271 245/245
f 206/206 183/183 248/248
f 248/248 227/227 206/206
f 233/233 221/221 209/209
f 235/235 234/234 331/331
f 243/243 246/246 256/256
f 241/241 237/237 264/264
f 237/237 244/244 277/277
f 233/233 238/238 221/221
f 331/331 231/231 235/235
f 234/234 301/301 267/267
f 292/292 243/243 254/254
f 243/243 252/252 254/254
f 243/243 256/256 252/252
f 256/256 230/230 252/252
f 261/261 377/377 274/274
f 274/274 246/246 261/261
f 274/274 220/220 215/215
f 258/258 247/247 245/245
f 258/258 245/245 226/226
f 237/237 226/226 245/245
f 245/245 255/255 237/237
f 268/268 331/331 234/234
f 230/230 250/250 254/254
f 230/230 254/254 252/252
f 246/246 230/230 256/256
f 308/308 241/241 264/264
f 220/220 257/257 247/247
f 274/274 257/257 220/220
f 237/237 255/255 265/265
f 257/257 271/271 247/247
f 245/245 262/262 259/259
f 233/233 337/337 238/238
f 209/209 227/227 253/253
f 305/305 231/231 310/310
f 269/269 240/240 273/273
f 251/251 269/269 290/290
f 230/230 249/249 358/358
f 270/270 251/251 243/243
f 251/251 246/246 243/243
f 245/245 271/271 266/266
f 228/228 262/262 266/266
f 262/262 245/245 266/266
f 228/228 276/276 302/302
f 225/225 327/327 234/234
f 240/240 270/270 243/243
f 230/230 358/358 250/250
f 237/237 284/284 264/264
f 257/257 279/279 271/271
f 271/271 228/228 266/266
f 260/260 232/232 200/200
f 228/228 208/208 276/276
f 363/363 268/268 234/234
f 273/273 240/240 243/243
f 273/273 243/243 314/314
f 269/269 283/283 290/290
f 269/269 251/251 270/270
f 200/200 275/275 285/285
f 253/253 337/337 233/233
f 289/289 234/234 267/267
f 225/225 272/272 327/327
f 292/292 314/314 243/243
f 292/292 254/254 250/250
f 259/259 302/302 255/255
f 363/363 234/234 319/319
f 269/269 270/270 240/240
f 237/237 277/277 284/284
f 228/228 271/271 263/263
f 200/200 232/232 275/275
f 273/273 283/283 269/269
f 327/327 301/301 234/234
f 299/299 339/339 274/274
f 274/274 377/377 299/299
f 280/280 265/265 255/255
f 295/295 278/278 283/283
f 244/244 265/265 280/280
f 298/298 295/295 294/294
f 294/294 295/295 273/273
f 295/295 282/282 273/273
f 273/273 282/282 283/283
f 280/280 255/255 244/244
f 285/285 275/275 291/291
f 288/288 337/337 253/253
f 301/301 312/312 354/354
f 251/251 290/290 296/296
f 279/279 263/263 271/271
f 275/275 281/281 291/291
f 281/281 326/326 291/291
f 248/248 286/286 227/227
f 227/227 288/288 253/253
f 289/289 267/267 301/301
f 283/283 282/282 295/295
f 244/244 255/255 398/398
f 255/255 302/302 303/303
f 281/281 275/275 326/326
f 286/286 288/288 227/227
f 278/278 295/295 298/298
f 248/248 293/293 286/286
f 288/288 286/286 287/287
f 298/298 310/310 278/278
f 403/403 358/358 249/249
f 274/274 279/279 257/257
f 251/251 296/296 246/246
f 300/300 276/276 208/208
f 314/314 294/294 273/273
f 292/292 250/250 358/358
f 297/297 298/298 294/294
f 310/310 298/298 306/306
f 278/278 310/310 307/307
f 283/283 328/328 290/290
f 284/284 277/277 244/244
f 339/339 279/279 274/274
f 255/255 317/317 398/398
f 306/306 298/298 297/297
f 310/310 306/306 297/297
f 334/334 238/238 313/313
f 319/319 234/234 289/289
f 354/354 371/371 301/301
f 304/304 272/272 305/305
f 279/279 318/318 263/263
f 260/260 219/219 232/232
f 276/276 320/320 302/302
f 301/301 371/371 359/359
f 304/304 297/297 272/272
f 346/346 255/255 303/303
f 239/239 332/332 242/242
f 297/297 316/316 327/327
f 304/304 305/305 297/297
f 305/305 310/310 297/297
f 263/263 325/325 219/219
f 289/289 301/301 359/359
f 327/327 272/272 297/297
f 290/290 328/328 296/296
f 219/219 275/275 232/232
f 293/293 315/315 286/286
f 276/276 300/300 320/320
f 327/327 341/341 301/301
f 317/317 255/255 335/335
f 346/346 335/335 255/255
f 312/312 301/301 341/341
f 242/242 350/350 236/236
f 308/308 264/264 284/284
f 302/302 320/320 303/303
f 329/329 368/368 321/321
f 278/278 330/330 283/283
f 249/249 308/308 403/403
f 303/303 311/311 346/346
f 231/231 331/331 239/239
f 307/307 310/310 323/323
f 362/362 328/328 283/283
f 263/263 318/318 325/325
f 321/321 326/326 329/329
f 313/313 238/238 337/337
f 332/332 239/239 331/331
f 297/297 294/294 342/342
f 307/307 323/323 278/278
f 283/283 330/330 362/362
f 328/328 338/338 296/296
f 333/333 339/339 377/377
f 368/368 372/372 321/321
f 286/286 315/315 287/287
f 288/288 287/287 337/337
f 345/345 323/323 310/310
f 377/377 339/339 299/299
f 320/320 336/336 303/303
f 324/324 338/338 328/328
f 309/309 329/329 275/275
f 327/327 316/316 341/341
f 310/310 236/236 345/345
f 323/323 330/330 278/278
f 219/219 322/322 275/275
f 334/334 313/313 315/315
f 296/296 348/348 364/364
f 340/340 371/371 354/354
f 342/342 316/316 297/297
f 323/323 376/376 330/330
f 275/275 329/329 326/326
f 409/409 294/294 314/314
f 376/376 362/362 330/330
f 328/328 362/362 324/324
f 244/244 398/398 284/284
f 347/347 311/311 303/303
f 287/287 313/313 337/337
f 279/279 379/379 318/318
f 336/336 351/351 303/303
f 356/356 342/342 294/294
f 350/350 365/365 236/236
f 409/409 314/314 395/395
f 322/322 309/309 275/275
f 303/303 351/351 347/347
f 322/322 344/344 309/309
f 315/315 313/313 287/287
f 322/322 343/343 344/344
f 341/341 316/316 312/312
f 345/345 353/353 323/323
f 344/344 329/329 309/309
f 294/294 409/409 356/356
f 242/242 352/352 375/375
f 353/353 361/361 323/323
f 292/292 358/358 366/366
f 296/296 364/364 246/246
f 343/343 322/322 390/390
f 343/343 349/349 344/344
f 320/320 300/300 336/336
f 242/242 375/375 350/350
f 296/296 338/338 348/348
f 403/403 308/308 374/374
f 325/325 322/322 219/219
f 344/344 349/349 329/329
f 336/336 300/300 351/351
f 332/332 352/352 242/242
f 349/349 368/368 329/329
f 289/289 355/355 319/319
f 312/312 316/316 354/354
f 316/316 342/342 356/356
f 323/323 361/361 376/376
f 236/236 353/353 345/345
f 308/308 284/284 392/392
f 339/339 379/379 279/279
f 268/268 363/363 355/355
f 375/375 360/360 350/350
f 314/314 292/292 378/378
f 378/378 395/395 314/314
f 261/261 246/246 364/364
f 325/325 389/389 322/322
f 340/340 354/354 401/401
f 350/350 357/357 365/365
f 318/318 379/379 325/325
f 319/319 355/355 363/363
f 364/364 377/377 261/261
f 360/360 357/357 350/350
f 374/374 308/308 392/392
f 236/236 365/365 353/353
f 354/354 316/316 381/381
f 324/324 370/370 338/338
f 381/381 316/316 356/356
f 361/361 369/369 376/376
f 358/358 403/403 366/366
f 343/343 390/390 349/349
f 401/401 354/354 394/394
f 292/292 366/366 378/378
f 362/362 370/370 324/324
f 338/338 370/370 348/348
f 348/348 367/367 364/364
f 374/374 392/392 420/420
f 389/389 390/390 322/322
f 268/268 355/355 331/331
f 354/354 381/381 394/394
f 403/403 374/374 404/404
f 355/355 332/332 331/331
f 354/354 373/373 381/381
f 354/354 381/381 373/373
f 376/376 384/384 362/362
f 348/348 370/370 367/367
f 289/289 382/382 355/355
f 423/423 346/346 311/311
f 381/381 356/356 409/409
f 362/362 384/384 380/380
f 362/362 380/380 370/370
f 368/368 489/489 372/372
f 386/386 489/489 368/368
f 366/366 403/403 418/418
f 370/370 380/380 367/367
f 335/335 346/346 407/407
f 353/353 365/365 361/361
f 402/402 395/395 378/378
f 376/376 383/383 384/384
f 369/369 388/388 376/376
f 361/361 387/387 369/369
f 388/388 385/385 376/376
f 376/376 385/385 383/383
f 384/384 383/383 380/380
f 368/368 349/349 386/386
f 289/289 359/359 382/382
f 390/390 386/386 349/349
f 300/300 391/391 351/351
f 369/369 387/387 388/388
f 317/317 335/335 393/393
f 359/359 371/371 382/382
f 361/361 417/417 387/387
f 392/392 284/284 398/398
f 335/335 407/407 393/393
f 418/418 378/378 366/366
f 420/420 392/392 432/432
f 379/379 389/389 325/325
f 423/423 407/407 346/346
f 333/333 377/377 433/433
f 379/379 339/339 399/399
f 332/332 442/442 352/352
f 387/387 417/417 388/388
f 394/394 381/381 457/457
f 385/385 388/388 465/465
f 392/392 398/398 450/450
f 440/440 371/371 340/340
f 332/332 355/355 441/441
f 375/375 352/352 442/442
f 365/365 446/446 361/361
f 383/383 410/410 396/396
f 367/367 406/406 364/364
f 364/364 433/433 377/377
f 398/398 317/317 435/435
f 317/317 393/393 436/436
f 390/390 389/389 412/412
f 390/390 413/413 386/386
f 355/355 382/382 473/473
f 340/340 401/401 440/440
f 355/355 426/426 400/400
f 357/357 462/462 365/365
f 361/361 446/446 417/417
f 402/402 378/378 477/477
f 477/477 378/378 480/480
f 480/480 378/378 418/418
f 380/380 396/396 405/405
f 333/333 399/399 339/339
f 317/317 454/454 453/453
f 351/351 471/471 347/347
f 311/311 471/471 423/423
f 440/440 437/437 371/371
f 371/371 438/438 397/397
f 473/473 408/408 355/355
f 439/439 355/355 408/408
f 440/440 401/401 425/425
f 474/474 427/427 332/332
f 427/427 442/442 332/332
f 360/360 375/375 428/428
f 417/417 446/446 388/388
f 491/491 383/383 385/385
f 478/478 447/447 383/383
f 383/383 447/447 429/429
f 383/383 429/429 410/410
f 383/383 396/396 380/380
f 374/374 420/420 449/449
f 392/392 450/450 434/434
f 379/379 422/422 452/452
f 379/379 399/399 422/422
f 379/379 485/485 389/389
f 317/317 436/436 454/454
f 393/393 407/407 470/470
f 407/407 423/423 469/469
f 371/371 472/472 438/438
f 456/456 371/371 397/397
f 424/424 371/371 456/456
f 401/401 414/414 425/425
f 439/439 426/426 355/355
f 441/441 355/355 400/400
f 414/414 401/401 457/457
f 401/401 394/394 457/457
f 381/381 459/459 458/458
f 457/457 381/381 458/458
f 381/381 443/443 459/459
f 415/415 375/375 460/460
f 409/409 395/395 463/463
f 395/395 402/402 463/463
f 428/428 445/445 357/357
f 357/357 445/445 416/416
f 463/463 402/402 477/477
f 365/365 462/462 464/464
f 464/464 446/446 365/365
f 380/380 419/419 367/367
f 367/367 419/419 448/448
f 367/367 448/448 430/430
f 367/367 430/430 406/406
f 434/434 421/421 392/392
f 364/364 431/431 433/433
f 398/398 466/466 451/451
f 333/333 433/433 467/467
f 333/333 467/467 399/399
f 435/435 317/317 453/453
f 347/347 471/471 311/311
f 437/437 472/472 371/371
f 382/382 424/424 473/473
f 382/382 371/371 424/424
f 381/381 490/490 475/475
f 443/443 381/381 475/475
f 460/460 375/375 442/442
f 381/381 409/409 490/490
f 444/444 409/409 476/476
f 409/409 461/461 476/476
f 461/461 409/409 463/463
f 375/375 415/415 428/428
f 360/360 428/428 357/357
f 416/416 462/462 357/357
f 446/446 465/465 388/388
f 383/383 491/491 478/478
f 418/418 403/403 480/480
f 403/403 404/404 482/482
f 479/479 403/403 482/482
f 403/403 479/479 481/481
f 404/404 449/449 482/482
f 404/404 374/374 449/449
f 432/432 392/392 421/421
f 364/364 406/406 431/431
f 450/450 398/398 451/451
f 398/398 435/435 466/466
f 379/379 483/483 484/484
f 379/379 452/452 483/483
f 484/484 485/485 379/379
f 389/389 485/485 486/486
f 389/389 486/486 487/487
f 389/389 487/487 411/411
f 389/389 468/468 412/412
f 412/412 413/413 390/390
f 393/393 470/470 436/436
f 386/386 488/488 489/489
f 413/413 488/488 386/386
f 469/469 423/423 471/471
f 351/351 391/391 455/455
f 407/407 469/469 470/470
f 455/455 471/471 351/351
f 332/332 441/441 474/474
f 409/409 444/444 490/490
f 385/385 465/465 491/491
f 480/480 403/403 481/481
f 449/449 420/420 432/432
f 389/389 411/411 468/468
f 405/405 419/419 380/380
f 504/504 494/494 498/498
f 505/505 492/492 501/501
f 501/501 492/492 533/533
f 500/500 493/493 506/506
f 500/500 512/512 526/526
f 500/500 519/519 497/497
f 494/494 507/507 498/498
f 494/494 503/503 509/509
f 508/508 494/494 497/497
f 495/495 496/496 531/531
f 499/499 493/493 500/500
f 566/566 531/531 496/496
f 504/504 498/498 534/534
f 497/497 519/519 508/508
f 494/494 509/509 507/507
f 492/492 495/495 502/502
f 502/502 495/495 531/531
f 508/508 503/503 494/494
f 492/492 502/502 533/533
f 500/500 506/506 545/545
f 500/500 548/548 519/519
f 500/500 545/545 512/512
f 500/500 526/526 548/548
f 505/505 501/501 515/515
f 504/504 534/534 522/522
f 507/507 510/510 498/498
f 514/514 533/533 502/502
f 511/511 501/501 533/533
f 509/509 503/503 508/508
f 502/502 531/531 514/514
f 533/533 514/514 527/527
f 515/515 501/501 511/511
f 508/508 519/519 509/509
f 493/493 532/532 506/506
f 531/531 566/566 530/530
f 517/517 515/515 511/511
f 517/517 511/511 516/516
f 566/566 496/496 518/518
f 516/516 511/511 547/547
f 543/543 547/547 511/511
f 527/527 514/514 573/573
f 524/524 514/514 531/531
f 519/519 520/520 509/509
f 520/520 513/513 509/509
f 493/493 559/559 532/532
f 509/509 523/523 507/507
f 573/573 514/514 530/530
f 509/509 513/513 523/523
f 514/514 524/524 530/530
f 524/524 531/531 530/530
f 544/544 533/533 527/527
f 632/632 522/522 534/534
f 545/545 528/528 512/512
f 512/512 541/541 526/526
f 521/521 520/520 519/519
f 529/529 511/511 533/533
f 529/529 542/542 511/511
f 542/542 529/529 533/533
f 519/519 548/548 525/525
f 525/525 521/521 519/519
f 510/510 539/539 498/498
f 498/498 535/535 534/534
f 539/539 577/577 498/498
f 534/534 535/535 546/546
f 543/543 511/511 542/542
f 544/544 527/527 571/571
f 545/545 506/506 555/555
f 499/499 537/537 493/493
f 507/507 536/536 510/510
f 534/534 594/594 632/632
f 537/537 572/572 493/493
f 493/493 572/572 559/559
f 532/532 555/555 506/506
f 520/520 521/521 549/549
f 542/542 533/533 551/551
f 577/577 600/600 498/498
f 507/507 523/523 536/536
f 534/534 546/546 538/538
f 600/600 535/535 498/498
f 540/540 523/523 513/513
f 520/520 540/540 513/513
f 533/533 544/544 551/551
f 536/536 539/539 510/510
f 548/548 549/549 525/525
f 534/534 538/538 556/556
f 535/535 600/600 546/546
f 559/559 552/552 532/532
f 532/532 552/552 555/555
f 540/540 561/561 523/523
f 523/523 561/561 536/536
f 528/528 541/541 512/512
f 551/551 544/544 557/557
f 528/528 545/545 541/541
f 574/574 538/538 546/546
f 526/526 541/541 548/548
f 673/673 547/547 543/543
f 544/544 571/571 557/557
f 530/530 566/566 586/586
f 540/540 520/520 550/550
f 573/573 530/530 602/602
f 527/527 573/573 589/589
f 549/549 553/553 550/550
f 549/549 550/550 520/520
f 536/536 561/561 539/539
f 571/571 527/527 589/589
f 594/594 534/534 556/556
f 550/550 561/561 540/540
f 554/554 602/602 545/545
f 558/558 566/566 518/518
f 525/525 549/549 521/521
f 551/551 557/557 567/567
f 537/537 562/562 572/572
f 564/564 557/557 559/559
f 542/542 551/551 591/591
f 567/567 591/591 551/551
f 572/572 564/564 559/559
f 559/559 555/555 552/552
f 560/560 545/545 555/555
f 566/566 558/558 563/563
f 542/542 591/591 543/543
f 572/572 557/557 564/564
f 565/565 549/549 548/548
f 546/546 597/597 574/574
f 572/572 569/569 557/557
f 557/557 589/589 559/559
f 559/559 570/570 555/555
f 559/559 589/589 570/570
f 566/566 563/563 568/568
f 582/582 589/589 573/573
f 569/569 583/583 557/557
f 555/555 570/570 560/560
f 561/561 578/578 539/539
f 583/583 569/569 572/572
f 545/545 560/560 554/554
f 539/539 578/578 577/577
f 589/589 557/557 571/571
f 586/586 566/566 568/568
f 582/582 554/554 585/585
f 548/548 549/549 565/565
f 580/580 567/567 579/579
f 573/573 554/554 582/582
f 580/580 576/576 562/562
f 562/562 576/576 572/572
f 583/583 572/572 584/584
f 554/554 573/573 602/602
f 550/550 553/553 561/561
f 593/593 600/600 577/577
f 567/567 557/557 579/579
f 530/530 586/586 590/590
f 549/549 588/588 553/553
f 546/546 600/600 597/597
f 553/553 578/578 561/561
f 591/591 567/567 580/580
f 570/570 589/589 585/585
f 570/570 554/554 560/560
f 541/541 545/545 602/602
f 578/578 553/553 577/577
f 562/562 581/581 580/580
f 584/584 572/572 576/576
f 570/570 585/585 554/554
f 602/602 530/530 590/590
f 632/632 594/594 612/612
f 583/583 579/579 557/557
f 577/577 553/553 593/593
f 581/581 591/591 580/580
f 580/580 584/584 576/576
f 574/574 597/597 538/538
f 580/580 579/579 583/583
f 580/580 583/583 584/584
f 538/538 597/597 627/627
f 553/553 588/588 593/593
f 589/589 582/582 585/585
f 594/594 556/556 538/538
f 673/673 543/543 606/606
f 587/587 601/601 549/549
f 586/586 568/568 592/592
f 549/549 601/601 588/588
f 603/603 543/543 591/591
f 591/591 581/581 595/595
f 609/609 591/591 595/595
f 541/541 598/598 548/548
f 549/549 596/596 587/587
f 587/587 596/596 601/601
f 601/601 593/593 588/588
f 593/593 601/601 626/626
f 543/543 603/603 599/599
f 620/620 602/602 590/590
f 621/621 538/538 575/575
f 597/597 600/600 627/627
f 548/548 598/598 549/549
f 625/625 608/608 594/594
f 621/621 594/594 538/538
f 538/538 627/627 575/575
f 598/598 618/618 549/549
f 599/599 603/603 543/543
f 609/609 603/603 591/591
f 593/593 627/627 600/600
f 590/590 586/586 619/619
f 609/609 605/605 603/603
f 601/601 618/618 626/626
f 619/619 586/586 592/592
f 543/543 603/603 606/606
f 608/608 604/604 594/594
f 618/618 596/596 549/549
f 596/596 618/618 601/601
f 605/605 609/609 603/603
f 604/604 615/615 594/594
f 593/593 624/624 627/627
f 610/610 609/609 611/611
f 595/595 611/611 609/609
f 594/594 615/615 612/612
f 606/606 603/603 623/623
f 619/619 592/592 613/613
f 610/610 614/614 609/609
f 625/625 594/594 621/621
f 606/606 623/623 673/673
f 609/609 617/617 603/603
f 609/609 614/614 617/617
f 621/621 575/575 627/627
f 602/602 620/620 541/541
f 626/626 618/618 616/616
f 622/622 623/623 603/603
f 603/603 617/617 622/622
f 624/624 593/593 626/626
f 621/621 633/633 625/625
f 623/623 622/622 642/642
f 541/541 637/637 598/598
f 615/615 604/604 608/608
f 620/620 637/637 541/541
f 615/615 608/608 625/625
f 673/673 623/623 642/642
f 658/658 590/590 619/619
f 590/590 658/658 607/607
f 625/625 633/633 615/615
f 627/627 633/633 621/621
f 598/598 637/637 628/628
f 626/626 616/616 629/629
f 590/590 637/637 620/620
f 635/635 619/619 613/613
f 615/615 641/641 612/612
f 598/598 628/628 618/618
f 627/627 624/624 638/638
f 630/630 615/615 643/643
f 658/658 634/634 607/607
f 643/643 615/615 633/633
f 626/626 629/629 624/624
f 673/673 642/642 650/650
f 644/644 631/631 662/662
f 641/641 649/649 612/612
f 643/643 633/633 627/627
f 616/616 618/618 629/629
f 629/629 638/638 624/624
f 628/628 637/637 618/618
f 629/629 618/618 638/638
f 590/590 630/630 637/637
f 618/618 640/640 638/638
f 607/607 630/630 590/590
f 630/630 646/646 615/615
f 630/630 643/643 637/637
f 638/638 643/643 627/627
f 644/644 639/639 631/631
f 637/637 643/643 618/618
f 618/618 643/643 640/640
f 640/640 643/643 638/638
f 607/607 634/634 654/654
f 646/646 641/641 615/615
f 645/645 644/644 662/662
f 658/658 651/651 634/634
f 630/630 607/607 646/646
f 612/612 649/649 636/636
f 644/644 645/645 664/664
f 644/644 664/664 648/648
f 641/641 646/646 647/647
f 647/647 649/649 641/641
f 657/657 632/632 612/612
f 658/658 619/619 652/652
f 607/607 654/654 646/646
f 631/631 665/665 662/662
f 622/622 650/650 642/642
f 644/644 648/648 695/695
f 619/619 635/635 652/652
f 665/665 663/663 662/662
f 647/647 646/646 649/649
f 631/631 659/659 665/665
f 657/657 612/612 660/660
f 639/639 659/659 631/631
f 652/652 635/635 613/613
f 649/649 646/646 653/653
f 644/644 695/695 639/639
f 655/655 664/664 645/645
f 649/649 656/656 636/636
f 673/673 650/650 684/684
f 636/636 660/660 612/612
f 649/649 653/653 656/656
f 660/660 714/714 657/657
f 654/654 634/634 653/653
f 654/654 653/653 646/646
f 639/639 666/666 659/659
f 662/662 663/663 683/683
f 683/683 663/663 670/670
f 651/651 658/658 652/652
f 655/655 668/668 664/664
f 664/664 689/689 648/648
f 622/622 680/680 650/650
f 661/661 663/663 665/665
f 684/684 650/650 680/680
f 648/648 689/689 669/669
f 659/659 666/666 665/665
f 663/663 661/661 694/694
f 660/660 636/636 714/714
f 663/663 694/694 670/670
f 666/666 639/639 672/672
f 695/695 672/672 639/639
f 661/661 665/665 672/672
f 666/666 672/672 665/665
f 671/671 651/651 652/652
f 651/651 675/675 634/634
f 677/677 685/685 674/674
f 661/661 672/672 694/694
f 685/685 671/671 674/674
f 684/684 679/679 673/673
f 651/651 671/671 682/682
f 694/694 678/678 670/670
f 682/682 667/667 651/651
f 685/685 682/682 671/671
f 636/636 656/656 714/714
f 668/668 697/697 664/664
f 685/685 676/676 682/682
f 670/670 678/678 692/692
f 677/677 674/674 676/676
f 677/677 676/676 685/685
f 667/667 675/675 651/651
f 683/683 670/670 691/691
f 679/679 684/684 732/732
f 676/676 692/692 696/696
f 672/672 695/695 694/694
f 667/667 682/682 690/690
f 692/692 676/676 674/674
f 668/668 688/688 697/697
f 664/664 697/697 689/689
f 670/670 692/692 691/691
f 691/691 692/692 674/674
f 682/682 676/676 687/687
f 648/648 669/669 695/695
f 653/653 705/705 718/718
f 669/669 686/686 695/695
f 695/695 700/700 681/681
f 687/687 690/690 682/682
f 695/695 681/681 694/694
f 675/675 705/705 634/634
f 701/701 690/690 687/687
f 676/676 701/701 687/687
f 678/678 681/681 701/701
f 634/634 705/705 653/653
f 622/622 730/730 680/680
f 678/678 698/698 692/692
f 676/676 696/696 699/699
f 695/695 693/693 700/700
f 701/701 704/704 678/678
f 667/667 705/705 675/675
f 681/681 678/678 694/694
f 701/701 676/676 698/698
f 681/681 706/706 701/701
f 681/681 700/700 693/693
f 656/656 653/653 714/714
f 692/692 699/699 696/696
f 692/692 698/698 699/699
f 698/698 676/676 699/699
f 701/701 703/703 690/690
f 698/698 678/678 704/704
f 693/693 711/711 681/681
f 680/680 707/707 684/684
f 706/706 702/702 708/708
f 703/703 715/715 690/690
f 680/680 730/730 707/707
f 704/704 701/701 698/698
f 706/706 708/708 703/703
f 706/706 703/703 701/701
f 667/667 690/690 705/705
f 669/669 689/689 686/686
f 722/722 693/693 695/695
f 702/702 706/706 711/711
f 708/708 702/702 703/703
f 702/702 717/717 709/709
f 681/681 711/711 706/706
f 711/711 717/717 702/702
f 653/653 733/733 714/714
f 742/742 702/702 719/719
f 690/690 720/720 705/705
f 702/702 729/729 719/719
f 689/689 697/697 712/712
f 686/686 710/710 695/695
f 709/709 729/729 702/702
f 702/702 715/715 703/703
f 702/702 742/742 715/715
f 730/730 622/622 716/716
f 697/697 688/688 712/712
f 690/690 715/715 720/720
f 709/709 717/717 723/723
f 689/689 710/710 686/686
f 724/724 689/689 712/712
f 717/717 711/711 723/723
f 718/718 733/733 653/653
f 693/693 722/722 711/711
f 713/713 709/709 723/723
f 713/713 737/737 709/709
f 709/709 737/737 729/729
f 729/729 737/737 721/721
f 711/711 722/722 727/727
f 723/723 711/711 727/727
f 695/695 710/710 725/725
f 707/707 730/730 738/738
f 725/725 722/722 695/695
f 741/741 722/722 725/725
f 720/720 718/718 705/705
f 741/741 727/727 722/722
f 730/730 716/716 726/726
f 723/723 727/727 728/728
f 710/710 689/689 724/724
f 740/740 741/741 725/725
f 730/730 726/726 738/738
f 707/707 731/731 684/684
f 734/734 731/731 707/707
f 732/732 684/684 735/735
f 710/710 724/724 712/712
f 718/718 736/736 733/733
f 715/715 768/768 720/720
f 712/712 740/740 710/710
f 710/710 740/740 725/725
f 739/739 734/734 707/707
f 738/738 739/739 707/707
f 684/684 731/731 735/735
f 688/688 740/740 712/712
f 744/744 718/718 720/720
f 723/723 737/737 713/713
f 738/738 726/726 739/739
f 755/755 740/740 688/688
f 727/727 741/741 740/740
f 715/715 742/742 768/768
f 754/754 759/759 746/746
f 723/723 728/728 737/737
f 736/736 718/718 745/745
f 744/744 771/771 718/718
f 727/727 767/767 728/728
f 718/718 771/771 745/745
f 727/727 761/761 762/762
f 727/727 749/749 761/761
f 688/688 750/750 755/755
f 752/752 747/747 761/761
f 740/740 748/748 727/727
f 754/754 746/746 753/753
f 748/748 743/743 727/727
f 728/728 751/751 737/737
f 753/753 746/746 766/766
f 758/758 757/757 752/752
f 757/757 763/763 752/752
f 747/747 752/752 753/753
f 754/754 753/753 752/752
f 747/747 753/753 761/761
f 740/740 756/756 748/748
f 752/752 761/761 748/748
f 762/762 753/753 766/766
f 729/729 721/721 765/765
f 740/740 755/755 756/756
f 756/756 752/752 748/748
f 749/749 727/727 743/743
f 755/755 752/752 756/756
f 763/763 754/754 752/752
f 760/760 759/759 754/754
f 757/757 758/758 750/750
f 758/758 752/752 755/755
f 754/754 763/763 760/760
f 748/748 761/761 749/749
f 748/748 749/749 743/743
f 761/761 753/753 762/762
f 750/750 758/758 755/755
f 764/764 760/760 763/763
f 762/762 767/767 727/727
f 751/751 765/765 737/737
f 757/757 764/764 763/763
f 737/737 765/765 721/721
f 759/759 782/782 746/746
f 728/728 767/767 751/751
f 719/719 768/768 742/742
f 729/729 765/765 719/719
f 775/775 720/720 768/768
f 720/720 771/771 744/744
f 767/767 770/770 751/751
f 751/751 770/770 772/772
f 771/771 720/720 775/775
f 765/765 776/776 719/719
f 762/762 766/766 767/767
f 746/746 782/782 766/766
f 772/772 773/773 751/751
f 769/769 777/777 768/768
f 767/767 766/766 772/772
f 770/770 767/767 772/772
f 791/791 771/771 775/775
f 719/719 769/769 768/768
f 777/777 775/775 768/768
f 751/751 773/773 765/765
f 719/719 776/776 769/769
f 766/766 773/773 772/772
f 759/759 774/774 782/782
f 769/769 776/776 779/779
f 776/776 765/765 781/781
f 765/765 773/773 781/781
f 769/769 779/779 777/777
f 778/778 780/780 773/773
f 773/773 780/780 781/781
f 779/779 776/776 786/786
f 773/773 766/766 778/778
f 766/766 782/782 788/788
f 775/775 777/777 791/791
f 766/766 788/788 778/778
f 777/777 783/783 791/791
f 779/779 783/783 777/777
f 779/779 786/786 783/783
f 787/787 781/781 780/780
f 778/778 784/784 780/780
f 785/785 790/790 781/781
f 781/781 787/787 789/789
f 787/787 780/780 789/789
f 778/778 788/788 784/784
f 776/776 781/781 790/790
f 781/781 789/789 785/785
f 776/776 790/790 786/786
f 784/784 788/788 780/780
f 786/786 790/790 783/783
f 788/788 793/793 780/780
f 789/789 780/780 796/796
f 783/783 811/811 791/791
f 797/797 789/789 796/796
f 785/785 795/795 790/790
f 795/795 792/792 790/790
f 783/783 790/790 794/794
f 783/783 794/794 811/811
f 792/792 794/794 790/790
f 788/788 782/782 806/806
f 797/797 795/795 789/789
f 795/795 785/785 789/789
f 788/788 806/806 799/799
f 796/796 780/780 800/800
f 795/795 797/797 802/802
f 797/797 796/796 798/798
f 800/800 798/798 796/796
f 801/801 803/803 780/780
f 794/794 792/792 795/795
f 793/793 801/801 780/780
f 795/795 804/804 794/794
f 795/795 802/802 804/804
f 798/798 802/802 797/797
f 780/780 803/803 800/800
f 788/788 799/799 810/810
f 807/807 811/811 794/794
f 810/810 793/793 788/788
f 800/800 803/803 801/801
f 801/801 805/805 800/800
f 818/818 804/804 802/802
f 807/807 794/794 804/804
f 821/821 804/804 818/818
f 799/799 806/806 808/808
f 810/810 809/809 793/793
f 807/807 812/812 811/811
f 809/809 810/810 820/820
f 814/814 805/805 801/801
f 793/793 809/809 801/801
f 807/807 817/817 812/812
f 810/810 799/799 808/808
f 798/798 800/800 802/802
f 809/809 820/820 801/801
f 807/807 804/804 813/813
f 814/814 815/815 805/805
f 805/805 822/822 800/800
f 782/782 825/825 806/806
f 774/774 828/828 782/782
f 805/805 815/815 834/834
f 821/821 818/818 816/816
f 800/800 822/822 824/824
f 801/801 820/820 814/814
f 800/800 824/824 802/802
f 805/805 819/819 822/822
f 817/817 807/807 840/840
f 813/813 826/826 807/807
f 834/834 819/819 805/805
f 820/820 815/815 814/814
f 802/802 823/823 818/818
f 822/822 819/819 833/833
f 806/806 825/825 808/808
f 802/802 824/824 823/823
f 822/822 823/823 824/824
f 821/821 836/836 804/804
f 808/808 825/825 835/835
f 840/840 807/807 826/826
f 810/810 808/808 835/835
f 828/828 825/825 782/782
f 815/815 820/820 834/834
f 828/828 774/774 832/832
f 810/810 835/835 820/820
f 816/816 818/818 823/823
f 827/827 831/831 820/820
f 827/827 820/820 830/830
f 835/835 830/830 820/820
f 813/813 804/804 826/826
f 804/804 836/836 826/826
f 820/820 831/831 834/834
f 828/828 829/829 825/825
f 816/816 836/836 821/821
f 819/819 834/834 833/833
f 833/833 823/823 822/822
f 829/829 835/835 825/825
f 829/829 828/828 854/854
f 816/816 823/823 859/859
f 834/834 849/849 833/833
f 827/827 830/830 853/853
f 834/834 831/831 851/851
f 823/823 833/833 859/859
f 829/829 854/854 835/835
f 826/826 857/857 845/845
f 826/826 845/845 844/844
f 826/826 844/844 840/840
f 836/836 846/846 837/837
f 816/816 846/846 836/836
f 816/816 859/859 848/848
f 834/834 850/850 849/849
f 834/834 851/851 842/842
f 831/831 852/852 851/851
f 827/827 860/860 831/831
f 831/831 860/860 843/843
f 831/831 861/861 852/852
f 835/835 853/853 830/830
f 835/835 863/863 838/838
f 854/854 828/828 855/855
f 828/828 832/832 855/855
f 832/832 839/839 855/855
f 774/774 856/856 832/832
f 826/826 858/858 857/857
f 826/826 836/836 858/858
f 836/836 837/837 858/858
f 816/816 847/847 846/846
f 816/816 848/848 847/847
f 833/833 841/841 859/859
f 841/841 833/833 849/849
f 842/842 850/850 834/834
f 831/831 843/843 861/861
f 862/862 827/827 853/853
f 838/838 853/853 835/835
f 835/835 854/854 863/863
f 832/832 856/856 839/839
f 862/862 860/860 827/827
f 864/864 867/867 879/879
f 864/864 865/865 867/867
f 874/874 875/875 865/865
f 870/870 865/865 864/864
f 865/865 872/872 869/869
f 865/865 866/866 867/867
f 865/865 869/869 866/866
f 870/870 874/874 865/865
f 864/864 879/879 870/870
f 867/867 866/866 868/868
f 870/870 881/881 874/874
f 866/866 869/869 868/868
f 881/881 870/870 878/878
f 879/879 867/867 873/873
f 872/872 927/927 869/869
f 868/868 873/873 867/867
f 870/870 879/879 878/878
f 874/874 877/877 875/875
f 897/897 874/874 881/881
f 869/869 873/873 868/868
f 874/874 897/897 877/877
f 871/871 876/876 869/869
f 897/897 881/881 880/880
f 875/875 872/872 865/865
f 886/886 897/897 880/880
f 885/885 877/877 897/897
f 878/878 888/888 881/881
f 875/875 877/877 872/872
f 880/880 881/881 886/886
f 869/869 927/927 871/871
f 885/885 897/897 892/892
f 876/876 899/899 869/869
f 890/890 881/881 888/888
f 886/886 881/881 890/890
f 873/873 869/869 882/882
f 878/878 879/879 900/900
f 869/869 899/899 882/882
f 873/873 882/882 883/883
f 890/890 888/888 889/889
f 890/890 889/889 888/888
f 887/887 890/890 888/888
f 888/888 878/878 887/887
f 897/897 886/886 894/894
f 890/890 891/891 886/886
f 878/878 893/893 887/887
f 893/893 884/884 887/887
f 891/891 890/890 896/896
f 886/886 891/891 896/896
f 878/878 884/884 893/893
f 897/897 894/894 892/892
f 895/895 872/872 877/877
f 877/877 885/885 895/895
f 884/884 878/878 900/900
f 882/882 899/899 883/883
f 894/894 886/886 896/896
f 884/884 898/898 887/887
f 895/895 885/885 908/908
f 885/885 892/892 908/908
f 914/914 873/873 883/883
f 900/900 879/879 905/905
f 887/887 917/917 904/904
f 943/943 876/876 871/871
f 871/871 927/927 943/943
f 879/879 873/873 914/914
f 904/904 890/890 887/887
f 884/884 900/900 898/898
f 894/894 896/896 901/901
f 917/917 887/887 898/898
f 896/896 890/890 902/902
f 902/902 890/890 903/903
f 896/896 902/902 901/901
f 903/903 890/890 909/909
f 924/924 892/892 894/894
f 943/943 899/899 876/876
f 900/900 906/906 898/898
f 894/894 925/925 924/924
f 918/918 895/895 908/908
f 901/901 902/902 894/894
f 894/894 902/902 903/903
f 892/892 918/918 908/908
f 909/909 890/890 915/915
f 890/890 904/904 920/920
f 909/909 894/894 903/903
f 872/872 998/998 927/927
f 872/872 895/895 911/911
f 915/915 890/890 920/920
f 928/928 925/925 909/909
f 928/928 909/909 915/915
f 925/925 894/894 909/909
f 892/892 933/933 918/918
f 910/910 913/913 926/926
f 916/916 904/904 907/907
f 920/920 904/904 916/916
f 919/919 912/912 932/932
f 907/907 904/904 921/921
f 932/932 916/916 919/919
f 916/916 907/907 919/919
f 910/910 926/926 912/912
f 922/922 920/920 916/916
f 924/924 933/933 892/892
f 921/921 910/910 919/919
f 921/921 913/913 910/910
f 921/921 904/904 913/913
f 906/906 929/929 898/898
f 919/919 907/907 921/921
f 919/919 910/910 912/912
f 915/915 920/920 922/922
f 905/905 879/879 914/914
f 954/954 899/899 943/943
f 895/895 918/918 911/911
f 956/956 905/905 914/914
f 904/904 917/917 913/913
f 926/926 913/913 931/931
f 917/917 898/898 929/929
f 899/899 914/914 883/883
f 932/932 912/912 944/944
f 912/912 926/926 935/935
f 906/906 900/900 929/929
f 899/899 954/954 914/914
f 924/924 940/940 933/933
f 928/928 924/924 925/925
f 924/924 928/928 938/938
f 944/944 912/912 930/930
f 912/912 923/923 930/930
f 913/913 917/917 931/931
f 998/998 942/942 927/927
f 932/932 922/922 916/916
f 929/929 900/900 965/965
f 927/927 953/953 943/943
f 954/954 936/936 914/914
f 946/946 922/922 934/934
f 931/931 949/949 926/926
f 900/900 905/905 956/956
f 934/934 922/922 932/932
f 946/946 915/915 922/922
f 938/938 940/940 924/924
f 914/914 936/936 956/956
f 945/945 941/941 938/938
f 926/926 949/949 935/935
f 900/900 970/970 965/965
f 900/900 956/956 970/970
f 927/927 942/942 953/953
f 939/939 945/945 938/938
f 872/872 911/911 998/998
f 934/934 932/932 944/944
f 917/917 949/949 931/931
f 929/929 952/952 917/917
f 912/912 935/935 960/960
f 949/949 917/917 1006/1006
f 959/959 944/944 930/930
f 958/958 959/959 923/923
f 930/930 923/923 959/959
f 953/953 962/962 943/943
f 947/947 923/923 912/912
f 960/960 935/935 948/948
f 918/918 951/951 911/911
f 935/935 949/949 950/950
f 917/917 952/952 1006/1006
f 954/954 943/943 962/962
f 939/939 938/938 928/928
f 935/935 950/950 957/957
f 934/934 944/944 964/964
f 918/918 933/933 951/951
f 928/928 937/937 963/963
f 937/937 928/928 963/963
f 960/960 947/947 912/912
f 923/923 947/947 1013/1013
f 915/915 946/946 928/928
f 962/962 936/936 954/954
f 978/978 944/944 959/959
f 940/940 938/938 993/993
f 938/938 955/955 982/982
f 946/946 934/934 964/964
f 941/941 955/955 938/938
f 964/964 944/944 978/978
f 959/959 958/958 978/978
f 935/935 975/975 948/948
f 936/936 971/971 956/956
f 949/949 1006/1006 950/950
f 957/957 975/975 935/935
f 947/947 960/960 977/977
f 1013/1013 947/947 977/977
f 1021/1021 964/964 978/978
f 928/928 1004/1004 963/963
f 991/991 958/958 923/923
f 966/966 967/967 969/969
f 967/967 987/987 969/969
f 950/950 1006/1006 957/957
f 962/962 953/953 971/971
f 967/967 966/966 987/987
f 966/966 968/968 987/987
f 911/911 951/951 998/998
f 962/962 971/971 936/936
f 988/988 977/977 960/960
f 946/946 964/964 1021/1021
f 955/955 941/941 982/982
f 974/974 969/969 983/983
f 929/929 965/965 989/989
f 1015/1015 992/992 966/966
f 998/998 973/973 942/942
f 972/972 968/968 966/966
f 952/952 1017/1017 1006/1006
f 961/961 972/972 984/984
f 972/972 961/961 977/977
f 960/960 981/981 988/988
f 956/956 965/965 970/970
f 928/928 963/963 939/939
f 966/966 984/984 972/972
f 1000/1000 971/971 953/953
f 1021/1021 978/978 990/990
f 945/945 939/939 941/941
f 993/993 933/933 940/940
f 966/966 992/992 984/984
f 983/983 969/969 979/979
f 976/976 956/956 971/971
f 992/992 961/961 984/984
f 960/960 948/948 981/981
f 982/982 1034/1034 938/938
f 972/972 980/980 968/968
f 928/928 946/946 1021/1021
f 968/968 1009/1009 987/987
f 980/980 985/985 968/968
f 983/983 979/979 1076/1076
f 989/989 952/952 929/929
f 961/961 1013/1013 977/977
f 1015/1015 966/966 969/969
f 977/977 986/986 972/972
f 977/977 980/980 986/986
f 969/969 987/987 979/979
f 939/939 963/963 999/999
f 958/958 991/991 978/978
f 957/957 1003/1003 975/975
f 986/986 980/980 972/972
f 965/965 1005/1005 989/989
f 942/942 1000/1000 953/953
f 923/923 1056/1056 991/991
f 969/969 974/974 994/994
f 990/990 978/978 991/991
f 963/963 1004/1004 999/999
f 976/976 971/971 1000/1000
f 1014/1014 992/992 1015/1015
f 977/977 988/988 980/980
f 975/975 1003/1003 1027/1027
f 1006/1006 996/996 997/997
f 961/961 992/992 1014/1014
f 1006/1006 995/995 996/996
f 956/956 976/976 965/965
f 961/961 1007/1007 1013/1013
f 985/985 1009/1009 968/968
f 951/951 1002/1002 998/998
f 1006/1006 1003/1003 957/957
f 976/976 1000/1000 1001/1001
f 990/990 991/991 1051/1051
f 1006/1006 997/997 1003/1003
f 1001/1001 965/965 976/976
f 1004/1004 939/939 999/999
f 981/981 948/948 988/988
f 989/989 1008/1008 952/952
f 948/948 975/975 1027/1027
f 1008/1008 1017/1017 952/952
f 1008/1008 989/989 1005/1005
f 1018/1018 965/965 1001/1001
f 938/938 1034/1034 993/993
f 973/973 998/998 1002/1002
f 942/942 1020/1020 1000/1000
f 948/948 1027/1027 988/988
f 987/987 1009/1009 1029/1029
f 987/987 1029/1029 979/979
f 979/979 1016/1016 1076/1076
f 996/996 995/995 997/997
f 973/973 1011/1011 942/942
f 990/990 1051/1051 1021/1021
f 1051/1051 991/991 1056/1056
f 961/961 1014/1014 1007/1007
f 928/928 1021/1021 1004/1004
f 1008/1008 1035/1035 1017/1017
f 1018/1018 1005/1005 965/965
f 1008/1008 1005/1005 1010/1010
f 1018/1018 1001/1001 1000/1000
f 933/933 993/993 1055/1055
f 1014/1014 1015/1015 1037/1037
f 1015/1015 969/969 994/994
f 1002/1002 1032/1032 973/973
f 939/939 1004/1004 1054/1054
f 1010/1010 1035/1035 1008/1008
f 1011/1011 1020/1020 942/942
f 1023/1023 995/995 1006/1006
f 1025/1025 1018/1018 1000/1000
f 1015/1015 994/994 1012/1012
f 1010/1010 1005/1005 1018/1018
f 941/941 939/939 982/982
f 1023/1023 1022/1022 995/995
f 939/939 1054/1054 1062/1062
f 1006/1006 1017/1017 1023/1023
f 1013/1013 1007/1007 923/923
f 982/982 939/939 1034/1034
f 988/988 1027/1027 1041/1041
f 1020/1020 973/973 1032/1032
f 973/973 1020/1020 1011/1011
f 1020/1020 1025/1025 1000/1000
f 1037/1037 1015/1015 1067/1067
f 1018/1018 1025/1025 1019/1019
f 1015/1015 1012/1012 1024/1024
f 1018/1018 1031/1031 1010/1010
f 1031/1031 1018/1018 1019/1019
f 1047/1047 1056/1056 923/923
f 1010/1010 1028/1028 1035/1035
f 1003/1003 997/997 1027/1027
f 951/951 1036/1036 1002/1002
f 1002/1002 1036/1036 1032/1032
f 1007/1007 1049/1049 923/923
f 1031/1031 1028/1028 1010/1010
f 1053/1053 1023/1023 1017/1017
f 1028/1028 1031/1031 1035/1035
f 1042/1042 1004/1004 1021/1021
f 1026/1026 1087/1087 1027/1027
f 1025/1025 1020/1020 1019/1019
f 1045/1045 1027/1027 997/997
f 1017/1017 1043/1043 1053/1053
f 1032/1032 1019/1019 1020/1020
f 1007/1007 1014/1014 1037/1037
f 1038/1038 1043/1043 1017/1017
f 1031/1031 1019/1019 1032/1032
f 995/995 1045/1045 997/997
f 1047/1047 923/923 1049/1049
f 1032/1032 1038/1038 1031/1031
f 1038/1038 1017/1017 1035/1035
f 1031/1031 1038/1038 1035/1035
f 1033/1033 1051/1051 1056/1056
f 1030/1030 1083/1083 1034/1034
f 1022/1022 1046/1046 995/995
f 1046/1046 1044/1044 995/995
f 1015/1015 1024/1024 1039/1039
f 1026/1026 1027/1027 1050/1050
f 1050/1050 1027/1027 1058/1058
f 985/985 1029/1029 1009/1009
f 1044/1044 1027/1027 1045/1045
f 1067/1067 1015/1015 1039/1039
f 1036/1036 1038/1038 1032/1032
f 995/995 1044/1044 1045/1045
f 1036/1036 951/951 1038/1038
f 993/993 1034/1034 1055/1055
f 1048/1048 1058/1058 1027/1027
f 1038/1038 1040/1040 1043/1043
f 1048/1048 1027/1027 1044/1044
f 1051/1051 1033/1033 1082/1082
f 1057/1057 1043/1043 1040/1040
f 1043/1043 1057/1057 1053/1053
f 1040/1040 1038/1038 1052/1052
f 1041/1041 980/980 988/988
f 1033/1033 1056/1056 1082/1082
f 951/951 1052/1052 1038/1038
f 1047/1047 1049/1049 1056/1056
f 1057/1057 1064/1064 1053/1053
f 1026/1026 1050/1050 1058/1058
f 1051/1051 1082/1082 1066/1066
f 1042/1042 1021/1021 1051/1051
f 1087/1087 1075/1075 1027/1027
f 1044/1044 1046/1046 1048/1048
f 1061/1061 1040/1040 1052/1052
f 1004/1004 1042/1042 1054/1054
f 1049/1049 1007/1007 1037/1037
f 933/933 1061/1061 951/951
f 1026/1026 1078/1078 1087/1087
f 951/951 1061/1061 1052/1052
f 1059/1059 1022/1022 1023/1023
f 1055/1055 1061/1061 933/933
f 1059/1059 1023/1023 1053/1053
f 1022/1022 1059/1059 1046/1046
f 1056/1056 1119/1119 1082/1082
f 1026/1026 1058/1058 1078/1078
f 1064/1064 1059/1059 1053/1053
f 1057/1057 1040/1040 1064/1064
f 1059/1059 1063/1063 1046/1046
f 1046/1046 1063/1063 1070/1070
f 1051/1051 1066/1066 1042/1042
f 1040/1040 1073/1073 1064/1064
f 1061/1061 1073/1073 1040/1040
f 1041/1041 1086/1086 980/980
f 1016/1016 1065/1065 1076/1076
f 1056/1056 1049/1049 1119/1119
f 1037/1037 1067/1067 1095/1095
f 1061/1061 1055/1055 1073/1073
f 1075/1075 1041/1041 1027/1027
f 985/985 980/980 1086/1086
f 1034/1034 939/939 1030/1030
f 1059/1059 1064/1064 1068/1068
f 1077/1077 1068/1068 1064/1064
f 1034/1034 1083/1083 1055/1055
f 1070/1070 1048/1048 1046/1046
f 1067/1067 1039/1039 1095/1095
f 1068/1068 1077/1077 1059/1059
f 1029/1029 1016/1016 979/979
f 1041/1041 1071/1071 1086/1086
f 1070/1070 1063/1063 1048/1048
f 1065/1065 1074/1074 1076/1076
f 1054/1054 1072/1072 1062/1062
f 1089/1089 1063/1063 1059/1059
f 939/939 1090/1090 1030/1030
f 1066/1066 1082/1082 1107/1107
f 985/985 1060/1060 1029/1029
f 1029/1029 1081/1081 1016/1016
f 1083/1083 1073/1073 1055/1055
f 1016/1016 1081/1081 1079/1079
f 1049/1049 1037/1037 1126/1126
f 1042/1042 1066/1066 1107/1107
f 1029/1029 1117/1117 1081/1081
f 1076/1076 1074/1074 1098/1098
f 985/985 1086/1086 1060/1060
f 1059/1059 1077/1077 1069/1069
f 1078/1078 1094/1094 1087/1087
f 1078/1078 1058/1058 1048/1048
f 1080/1080 1083/1083 1030/1030
f 1077/1077 1064/1064 1073/1073
f 1063/1063 1078/1078 1048/1048
f 1030/1030 1090/1090 1080/1080
f 1096/1096 1077/1077 1073/1073
f 1069/1069 1089/1089 1059/1059
f 1085/1085 1078/1078 1089/1089
f 1089/1089 1078/1078 1063/1063
f 1088/1088 1117/1117 1029/1029
f 1119/1119 1093/1093 1082/1082
f 1075/1075 1071/1071 1041/1041
f 1062/1062 1072/1072 1123/1123
f 1037/1037 1095/1095 1126/1126
f 1065/1065 1016/1016 1079/1079
f 1123/1123 1090/1090 939/939
f 1084/1084 1094/1094 1078/1078
f 1085/1085 1084/1084 1078/1078
f 1089/1089 1069/1069 1100/1100
f 1096/1096 1092/1092 1077/1077
f 1100/1100 1085/1085 1089/1089
f 1072/1072 1054/1054 1042/1042
f 1080/1080 1090/1090 1083/1083
f 1049/1049 1126/1126 1119/1119
f 1072/1072 1042/1042 1091/1091
f 939/939 1062/1062 1123/1123
f 1107/1107 1082/1082 1093/1093
f 1083/1083 1096/1096 1073/1073
f 1060/1060 1086/1086 1029/1029
f 1069/1069 1097/1097 1100/1100
f 1101/1101 1094/1094 1084/1084
f 1087/1087 1094/1094 1075/1075
f 1081/1081 1102/1102 1079/1079
f 1085/1085 1100/1100 1084/1084
f 1086/1086 1088/1088 1029/1029
f 1065/1065 1079/1079 1074/1074
f 1091/1091 1042/1042 1103/1103
f 1091/1091 1103/1103 1072/1072
f 1071/1071 1075/1075 1094/1094
f 1074/1074 1169/1169 1098/1098
f 1101/1101 1084/1084 1100/1100
f 1079/1079 1102/1102 1122/1122
f 1092/1092 1106/1106 1077/1077
f 1100/1100 1097/1097 1105/1105
f 1102/1102 1081/1081 1117/1117
f 1099/1099 1112/1112 1094/1094
f 1100/1100 1104/1104 1101/1101
f 1104/1104 1105/1105 1101/1101
f 1079/1079 1118/1118 1074/1074
f 1107/1107 1093/1093 1137/1137
f 1090/1090 1133/1133 1083/1083
f 1097/1097 1069/1069 1111/1111
f 1100/1100 1105/1105 1104/1104
f 1105/1105 1109/1109 1101/1101
f 1088/1088 1130/1130 1117/1117
f 1106/1106 1069/1069 1077/1077
f 1094/1094 1112/1112 1071/1071
f 1074/1074 1118/1118 1108/1108
f 1095/1095 1039/1039 1164/1164
f 1090/1090 1123/1123 1114/1114
f 1109/1109 1094/1094 1101/1101
f 1042/1042 1107/1107 1103/1103
f 1099/1099 1146/1146 1112/1112
f 1099/1099 1094/1094 1109/1109
f 1072/1072 1103/1103 1123/1123
f 1113/1113 1099/1099 1105/1105
f 1096/1096 1133/1133 1132/1132
f 1105/1105 1099/1099 1109/1109
f 1074/1074 1135/1135 1169/1169
f 1096/1096 1106/1106 1092/1092
f 1083/1083 1133/1133 1096/1096
f 1079/1079 1122/1122 1118/1118
f 1093/1093 1119/1119 1137/1137
f 1106/1106 1120/1120 1069/1069
f 1112/1112 1110/1110 1071/1071
f 1105/1105 1097/1097 1113/1113
f 1124/1124 1106/1106 1096/1096
f 1114/1114 1116/1116 1090/1090
f 1106/1106 1124/1124 1120/1120
f 1146/1146 1099/1099 1113/1113
f 1121/1121 1137/1137 1119/1119
f 1112/1112 1146/1146 1154/1154
f 1103/1103 1128/1128 1123/1123
f 1069/1069 1120/1120 1111/1111
f 1071/1071 1110/1110 1086/1086
f 1090/1090 1116/1116 1133/1133
f 1154/1154 1110/1110 1112/1112
f 1141/1141 1119/1119 1126/1126
f 1096/1096 1132/1132 1129/1129
f 1086/1086 1155/1155 1088/1088
f 1126/1126 1095/1095 1115/1115
f 1144/1144 1107/1107 1137/1137
f 1096/1096 1129/1129 1124/1124
f 1111/1111 1149/1149 1113/1113
f 1121/1121 1119/1119 1141/1141
f 1152/1152 1121/1121 1154/1154
f 1154/1154 1121/1121 1110/1110
f 1074/1074 1118/1118 1135/1135
f 1118/1118 1074/1074 1108/1108
f 1111/1111 1125/1125 1097/1097
f 1113/1113 1149/1149 1146/1146
f 1125/1125 1113/1113 1097/1097
f 1117/1117 1130/1130 1102/1102
f 1103/1103 1107/1107 1144/1144
f 1126/1126 1115/1115 1148/1148
f 1125/1125 1111/1111 1113/1113
f 1128/1128 1103/1103 1131/1131
f 1121/1121 1152/1152 1143/1143
f 1145/1145 1141/1141 1126/1126
f 1128/1128 1131/1131 1129/1129
f 1110/1110 1140/1140 1086/1086
f 1120/1120 1127/1127 1134/1134
f 1103/1103 1144/1144 1138/1138
f 1137/1137 1121/1121 1142/1142
f 1114/1114 1133/1133 1116/1116
f 1131/1131 1124/1124 1129/1129
f 1127/1127 1136/1136 1134/1134
f 1124/1124 1127/1127 1120/1120
f 1103/1103 1138/1138 1131/1131
f 1123/1123 1129/1129 1114/1114
f 1137/1137 1143/1143 1144/1144
f 1143/1143 1142/1142 1121/1121
f 1123/1123 1128/1128 1129/1129
f 1114/1114 1132/1132 1133/1133
f 1120/1120 1151/1151 1111/1111
f 1114/1114 1129/1129 1132/1132
f 1095/1095 1164/1164 1115/1115
f 1124/1124 1144/1144 1127/1127
f 1120/1120 1134/1134 1151/1151
f 1145/1145 1126/1126 1140/1140
f 1102/1102 1130/1130 1147/1147
f 1164/1164 1039/1039 1139/1139
f 1131/1131 1138/1138 1124/1124
f 1124/1124 1138/1138 1144/1144
f 1143/1143 1137/1137 1142/1142
f 1152/1152 1127/1127 1144/1144
f 1102/1102 1153/1153 1122/1122
f 1141/1141 1145/1145 1121/1121
f 1140/1140 1155/1155 1086/1086
f 1121/1121 1145/1145 1110/1110
f 1111/1111 1151/1151 1149/1149
f 1154/1154 1146/1146 1150/1150
f 1155/1155 1130/1130 1088/1088
f 1144/1144 1143/1143 1152/1152
f 1134/1134 1150/1150 1151/1151
f 1110/1110 1145/1145 1140/1140
f 1102/1102 1147/1147 1153/1153
f 1126/1126 1148/1148 1157/1157
f 1127/1127 1152/1152 1136/1136
f 1156/1156 1154/1154 1150/1150
f 1150/1150 1134/1134 1156/1156
f 1149/1149 1151/1151 1146/1146
f 1150/1150 1146/1146 1151/1151
f 1152/1152 1154/1154 1156/1156
f 1136/1136 1152/1152 1156/1156
f 1134/1134 1136/1136 1156/1156
f 1147/1147 1155/1155 1158/1158
f 1155/1155 1147/1147 1130/1130
f 1118/1118 1153/1153 1135/1135
f 1153/1153 1118/1118 1122/1122
f 1126/1126 1157/1157 1140/1140
f 1159/1159 1155/1155 1140/1140
f 1161/1161 1153/1153 1147/1147
f 1140/1140 1160/1160 1159/1159
f 1159/1159 1158/1158 1155/1155
f 1163/1163 1153/1153 1161/1161
f 1140/1140 1148/1148 1160/1160
f 1140/1140 1157/1157 1148/1148
f 1160/1160 1158/1158 1159/1159
f 1147/1147 1158/1158 1161/1161
f 1160/1160 1148/1148 1158/1158
f 1148/1148 1115/1115 1162/1162
f 1115/1115 1164/1164 1162/1162
f 1148/1148 1162/1162 1158/1158
f 1163/1163 1162/1162 1153/1153
f 1163/1163 1158/1158 1162/1162
f 1162/1162 1165/1165 1153/1153
f 1158/1158 1163/1163 1161/1161
f 1153/1153 1166/1166 1135/1135
f 1153/1153 1165/1165 1166/1166
f 1162/1162 1164/1164 1165/1165
f 1164/1164 1139/1139 1165/1165
f 1166/1166 1169/1169 1135/1135
f 1165/1165 1139/1139 1166/1166
f 1166/1166 1168/1168 1167/1167
f 1166/1166 1139/1139 1168/1168
f 1166/1166 1167/1167 1169/1169
f 1170/1170 1188/1188 1182/1182
f 1182/1182 1181/1181 1170/1170
f 1171/1171 1179/1179 1170/1170
f 1181/1181 1182/1182 1176/1176
f 1179/1179 1175/1175 1170/1170
f 1170/1170 1172/1172 1188/1188
f 1181/1181 1171/1171 1170/1170
f 1182/1182 1188/1188 1173/1173
f 1170/1170 1175/1175 1172/1172
f 1190/1190 1182/1182 1173/1173
f 1192/1192 1190/1190 1173/1173
f 1192/1192 1173/1173 1184/1184
f 1184/1184 1173/1173 1174/1174
f 1175/1175 1179/1179 1172/1172
f 1184/1184 1191/1191 1192/1192
f 1177/1177 1172/1172 1179/1179
f 1195/1195 1191/1191 1184/1184
f 1179/1179 1180/1180 1178/1178
f 1179/1179 1178/1178 1177/1177
f 1184/1184 1174/1174 1195/1195
f 1185/1185 1180/1180 1179/1179
f 1179/1179 1171/1171 1199/1199
f 1173/1173 1188/1188 1174/1174
f 1181/1181 1176/1176 1187/1187
f 1181/1181 1183/1183 1200/1200
f 1187/1187 1182/1182 1190/1190
f 1171/1171 1181/1181 1199/1199
f 1199/1199 1185/1185 1179/1179
f 1193/1193 1180/1180 1189/1189
f 1191/1191 1222/1222 1192/1192
f 1176/1176 1182/1182 1187/1187
f 1174/1174 1188/1188 1186/1186
f 1180/1180 1185/1185 1199/1199
f 1195/1195 1174/1174 1197/1197
f 1194/1194 1191/1191 1195/1195
f 1196/1196 1194/1194 1195/1195
f 1192/1192 1187/1187 1190/1190
f 1197/1197 1174/1174 1220/1220
f 1196/1196 1195/1195 1202/1202
f 1174/1174 1186/1186 1220/1220
f 1230/1230 1207/1207 1193/1193
f 1230/1230 1193/1193 1189/1189
f 1172/1172 1211/1211 1188/1188
f 1191/1191 1194/1194 1222/1222
f 1181/1181 1200/1200 1199/1199
f 1181/1181 1187/1187 1198/1198
f 1181/1181 1198/1198 1183/1183
f 1195/1195 1197/1197 1202/1202
f 1199/1199 1238/1238 1180/1180
f 1193/1193 1223/1223 1180/1180
f 1186/1186 1188/1188 1220/1220
f 1193/1193 1207/1207 1235/1235
f 1198/1198 1200/1200 1183/1183
f 1172/1172 1177/1177 1211/1211
f 1242/1242 1203/1203 1233/1233
f 1201/1201 1177/1177 1178/1178
f 1203/1203 1215/1215 1213/1213
f 1199/1199 1200/1200 1238/1238
f 1238/1238 1230/1230 1180/1180
f 1178/1178 1223/1223 1201/1201
f 1196/1196 1202/1202 1246/1246
f 1187/1187 1209/1209 1198/1198
f 1203/1203 1204/1204 1210/1210
f 1180/1180 1223/1223 1178/1178
f 1209/1209 1200/1200 1198/1198
f 1203/1203 1208/1208 1233/1233
f 1233/1233 1208/1208 1200/1200
f 1204/1204 1203/1203 1229/1229
f 1205/1205 1203/1203 1242/1242
f 1209/1209 1187/1187 1233/1233
f 1205/1205 1232/1232 1203/1203
f 1208/1208 1203/1203 1210/1210
f 1208/1208 1216/1216 1200/1200
f 1222/1222 1233/1233 1187/1187
f 1233/1233 1200/1200 1209/1209
f 1240/1240 1203/1203 1232/1232
f 1232/1232 1205/1205 1258/1258
f 1187/1187 1192/1192 1222/1222
f 1217/1217 1228/1228 1227/1227
f 1208/1208 1210/1210 1216/1216
f 1200/1200 1216/1216 1256/1256
f 1180/1180 1230/1230 1189/1189
f 1203/1203 1218/1218 1215/1215
f 1212/1212 1206/1206 1221/1221
f 1202/1202 1197/1197 1257/1257
f 1207/1207 1224/1224 1235/1235
f 1226/1226 1223/1223 1193/1193
f 1277/1277 1214/1214 1225/1225
f 1225/1225 1214/1214 1227/1227
f 1214/1214 1217/1217 1227/1227
f 1206/1206 1218/1218 1240/1240
f 1240/1240 1218/1218 1203/1203
f 1212/1212 1227/1227 1228/1228
f 1206/1206 1215/1215 1218/1218
f 1210/1210 1204/1204 1216/1216
f 1220/1220 1188/1188 1248/1248
f 1266/1266 1194/1194 1196/1196
f 1225/1225 1227/1227 1231/1231
f 1206/1206 1240/1240 1221/1221
f 1206/1206 1212/1212 1215/1215
f 1212/1212 1221/1221 1231/1231
f 1203/1203 1213/1213 1229/1229
f 1207/1207 1230/1230 1224/1224
f 1177/1177 1219/1219 1211/1211
f 1257/1257 1265/1265 1202/1202
f 1256/1256 1238/1238 1200/1200
f 1235/1235 1236/1236 1193/1193
f 1227/1227 1212/1212 1231/1231
f 1194/1194 1266/1266 1222/1222
f 1226/1226 1193/1193 1236/1236
f 1242/1242 1233/1233 1222/1222
f 1197/1197 1220/1220 1248/1248
f 1196/1196 1246/1246 1266/1266
f 1204/1204 1229/1229 1216/1216
f 1240/1240 1232/1232 1258/1258
f 1212/1212 1228/1228 1215/1215
f 1241/1241 1202/1202 1245/1245
f 1221/1221 1240/1240 1296/1296
f 1216/1216 1234/1234 1256/1256
f 1229/1229 1234/1234 1216/1216
f 1236/1236 1239/1239 1226/1226
f 1235/1235 1224/1224 1230/1230
f 1226/1226 1264/1264 1243/1243
f 1265/1265 1245/1245 1202/1202
f 1228/1228 1213/1213 1215/1215
f 1213/1213 1234/1234 1229/1229
f 1201/1201 1223/1223 1177/1177
f 1239/1239 1264/1264 1226/1226
f 1241/1241 1246/1246 1202/1202
f 1177/1177 1223/1223 1219/1219
f 1225/1225 1231/1231 1284/1284
f 1188/1188 1211/1211 1248/1248
f 1258/1258 1205/1205 1242/1242
f 1258/1258 1296/1296 1240/1240
f 1249/1249 1257/1257 1197/1197
f 1228/1228 1244/1244 1213/1213
f 1228/1228 1217/1217 1237/1237
f 1228/1228 1237/1237 1244/1244
f 1238/1238 1235/1235 1230/1230
f 1213/1213 1270/1270 1291/1291
f 1284/1284 1231/1231 1221/1221
f 1197/1197 1248/1248 1249/1249
f 1256/1256 1235/1235 1238/1238
f 1234/1234 1213/1213 1251/1251
f 1222/1222 1258/1258 1242/1242
f 1235/1235 1259/1259 1236/1236
f 1239/1239 1236/1236 1264/1264
f 1262/1262 1225/1225 1284/1284
f 1247/1247 1245/1245 1265/1265
f 1248/1248 1253/1253 1249/1249
f 1245/1245 1246/1246 1241/1241
f 1211/1211 1219/1219 1248/1248
f 1234/1234 1251/1251 1256/1256
f 1306/1306 1249/1249 1271/1271
f 1244/1244 1237/1237 1213/1213
f 1221/1221 1296/1296 1312/1312
f 1246/1246 1245/1245 1266/1266
f 1254/1254 1271/1271 1249/1249
f 1249/1249 1250/1250 1272/1272
f 1254/1254 1249/1249 1272/1272
f 1243/1243 1255/1255 1226/1226
f 1213/1213 1237/1237 1270/1270
f 1258/1258 1222/1222 1266/1266
f 1250/1250 1249/1249 1252/1252
f 1250/1250 1252/1252 1272/1272
f 1261/1261 1237/1237 1217/1217
f 1237/1237 1293/1293 1270/1270
f 1213/1213 1291/1291 1251/1251
f 1259/1259 1273/1273 1236/1236
f 1236/1236 1273/1273 1264/1264
f 1264/1264 1276/1276 1243/1243
f 1226/1226 1255/1255 1223/1223
f 1237/1237 1267/1267 1293/1293
f 1248/1248 1219/1219 1260/1260
f 1264/1264 1263/1263 1276/1276
f 1237/1237 1261/1261 1267/1267
f 1235/1235 1273/1273 1259/1259
f 1248/1248 1275/1275 1253/1253
f 1249/1249 1253/1253 1275/1275
f 1245/1245 1274/1274 1266/1266
f 1278/1278 1257/1257 1306/1306
f 1296/1296 1258/1258 1269/1269
f 1256/1256 1251/1251 1268/1268
f 1256/1256 1273/1273 1235/1235
f 1249/1249 1275/1275 1252/1252
f 1284/1284 1221/1221 1312/1312
f 1295/1295 1265/1265 1257/1257
f 1223/1223 1255/1255 1287/1287
f 1245/1245 1247/1247 1274/1274
f 1272/1272 1252/1252 1332/1332
f 1247/1247 1265/1265 1295/1295
f 1269/1269 1258/1258 1307/1307
f 1252/1252 1275/1275 1285/1285
f 1306/1306 1257/1257 1249/1249
f 1262/1262 1280/1280 1225/1225
f 1306/1306 1271/1271 1254/1254
f 1219/1219 1223/1223 1260/1260
f 1285/1285 1279/1279 1252/1252
f 1314/1314 1277/1277 1225/1225
f 1283/1283 1284/1284 1312/1312
f 1291/1291 1286/1286 1251/1251
f 1314/1314 1225/1225 1280/1280
f 1223/1223 1294/1294 1260/1260
f 1243/1243 1276/1276 1282/1282
f 1280/1280 1262/1262 1284/1284
f 1258/1258 1266/1266 1307/1307
f 1309/1309 1266/1266 1274/1274
f 1335/1335 1273/1273 1256/1256
f 1275/1275 1248/1248 1294/1294
f 1307/1307 1266/1266 1317/1317
f 1252/1252 1279/1279 1332/1332
f 1257/1257 1278/1278 1295/1295
f 1281/1281 1274/1274 1247/1247
f 1264/1264 1273/1273 1263/1263
f 1248/1248 1260/1260 1294/1294
f 1295/1295 1281/1281 1247/1247
f 1243/1243 1282/1282 1255/1255
f 1294/1294 1223/1223 1287/1287
f 1278/1278 1298/1298 1324/1324
f 1317/1317 1266/1266 1309/1309
f 1298/1298 1278/1278 1306/1306
f 1290/1290 1295/1295 1278/1278
f 1251/1251 1286/1286 1268/1268
f 1294/1294 1285/1285 1275/1275
f 1270/1270 1293/1293 1291/1291
f 1263/1263 1292/1292 1276/1276
f 1285/1285 1302/1302 1279/1279
f 1290/1290 1278/1278 1324/1324
f 1281/1281 1295/1295 1289/1289
f 1309/1309 1274/1274 1281/1281
f 1306/1306 1254/1254 1344/1344
f 1285/1285 1288/1288 1302/1302
f 1273/1273 1311/1311 1263/1263
f 1287/1287 1255/1255 1297/1297
f 1295/1295 1290/1290 1289/1289
f 1285/1285 1294/1294 1288/1288
f 1293/1293 1267/1267 1291/1291
f 1313/1313 1286/1286 1291/1291
f 1268/1268 1335/1335 1256/1256
f 1283/1283 1299/1299 1284/1284
f 1292/1292 1300/1300 1276/1276
f 1291/1291 1267/1267 1301/1301
f 1282/1282 1305/1305 1255/1255
f 1263/1263 1311/1311 1292/1292
f 1287/1287 1297/1297 1294/1294
f 1300/1300 1319/1319 1276/1276
f 1297/1297 1255/1255 1305/1305
f 1281/1281 1289/1289 1309/1309
f 1301/1301 1303/1303 1291/1291
f 1319/1319 1282/1282 1276/1276
f 1340/1340 1269/1269 1307/1307
f 1291/1291 1304/1304 1313/1313
f 1291/1291 1303/1303 1304/1304
f 1289/1289 1290/1290 1324/1324
f 1319/1319 1305/1305 1282/1282
f 1289/1289 1324/1324 1308/1308
f 1310/1310 1308/1308 1324/1324
f 1317/1317 1309/1309 1315/1315
f 1335/1335 1311/1311 1273/1273
f 1305/1305 1318/1318 1297/1297
f 1299/1299 1280/1280 1284/1284
f 1314/1314 1280/1280 1359/1359
f 1315/1315 1309/1309 1289/1289
f 1298/1298 1306/1306 1324/1324
f 1308/1308 1310/1310 1289/1289
f 1312/1312 1296/1296 1269/1269
f 1315/1315 1289/1289 1337/1337
f 1289/1289 1325/1325 1337/1337
f 1312/1312 1269/1269 1355/1355
f 1313/1313 1321/1321 1286/1286
f 1294/1294 1297/1297 1288/1288
f 1288/1288 1369/1369 1302/1302
f 1302/1302 1328/1328 1279/1279
f 1289/1289 1310/1310 1325/1325
f 1286/1286 1321/1321 1268/1268
f 1317/1317 1315/1315 1307/1307
f 1306/1306 1344/1344 1324/1324
f 1305/1305 1319/1319 1326/1326
f 1280/1280 1299/1299 1343/1343
f 1313/1313 1304/1304 1320/1320
f 1344/1344 1254/1254 1345/1345
f 1292/1292 1311/1311 1300/1300
f 1297/1297 1318/1318 1349/1349
f 1313/1313 1320/1320 1321/1321
f 1319/1319 1300/1300 1329/1329
f 1305/1305 1322/1322 1318/1318
f 1310/1310 1324/1324 1323/1323
f 1359/1359 1280/1280 1343/1343
f 1338/1338 1330/1330 1311/1311
f 1319/1319 1329/1329 1326/1326
f 1315/1315 1333/1333 1307/1307
f 1269/1269 1340/1340 1355/1355
f 1336/1336 1338/1338 1311/1311
f 1315/1315 1337/1337 1333/1333
f 1268/1268 1364/1364 1335/1335
f 1357/1357 1327/1327 1316/1316
f 1354/1354 1325/1325 1310/1310
f 1323/1323 1324/1324 1354/1354
f 1326/1326 1339/1339 1305/1305
f 1310/1310 1323/1323 1354/1354
f 1311/1311 1329/1329 1300/1300
f 1322/1322 1305/1305 1339/1339
f 1321/1321 1334/1334 1268/1268
f 1339/1339 1318/1318 1322/1322
f 1356/1356 1329/1329 1311/1311
f 1312/1312 1355/1355 1347/1347
f 1311/1311 1335/1335 1336/1336
f 1288/1288 1297/1297 1369/1369
f 1332/1332 1279/1279 1425/1425
f 1337/1337 1325/1325 1353/1353
f 1311/1311 1330/1330 1356/1356
f 1299/1299 1283/1283 1331/1331
f 1357/1357 1316/1316 1341/1341
f 1327/1327 1386/1386 1316/1316
f 1326/1326 1329/1329 1339/1339
f 1283/1283 1312/1312 1347/1347
f 1297/1297 1349/1349 1395/1395
f 1343/1343 1299/1299 1331/1331
f 1324/1324 1344/1344 1354/1354
f 1329/1329 1356/1356 1339/1339
f 1337/1337 1353/1353 1348/1348
f 1369/1369 1297/1297 1346/1346
f 1339/1339 1342/1342 1318/1318
f 1279/1279 1328/1328 1350/1350
f 1279/1279 1350/1350 1425/1425
f 1307/1307 1333/1333 1384/1384
f 1325/1325 1354/1354 1353/1353
f 1283/1283 1347/1347 1331/1331
f 1333/1333 1337/1337 1363/1363
f 1337/1337 1366/1366 1363/1363
f 1348/1348 1366/1366 1337/1337
f 1359/1359 1343/1343 1331/1331
f 1340/1340 1384/1384 1355/1355
f 1340/1340 1307/1307 1384/1384
f 1354/1354 1345/1345 1361/1361
f 1354/1354 1344/1344 1345/1345
f 1297/1297 1395/1395 1346/1346
f 1342/1342 1367/1367 1318/1318
f 1353/1353 1354/1354 1361/1361
f 1268/1268 1334/1334 1364/1364
f 1335/1335 1352/1352 1336/1336
f 1367/1367 1349/1349 1318/1318
f 1358/1358 1330/1330 1338/1338
f 1346/1346 1391/1391 1369/1369
f 1346/1346 1395/1395 1391/1391
f 1302/1302 1369/1369 1328/1328
f 1349/1349 1367/1367 1395/1395
f 1356/1356 1342/1342 1339/1339
f 1348/1348 1353/1353 1376/1376
f 1359/1359 1331/1331 1365/1365
f 1338/1338 1336/1336 1373/1373
f 1373/1373 1358/1358 1338/1338
f 1345/1345 1254/1254 1362/1362
f 1335/1335 1364/1364 1352/1352
f 1328/1328 1369/1369 1350/1350
f 1365/1365 1331/1331 1377/1377
f 1316/1316 1386/1386 1351/1351
f 1341/1341 1458/1458 1357/1357
f 1348/1348 1376/1376 1366/1366
f 1376/1376 1353/1353 1380/1380
f 1358/1358 1356/1356 1330/1330
f 1316/1316 1360/1360 1341/1341
f 1336/1336 1352/1352 1378/1378
f 1331/1331 1347/1347 1368/1368
f 1333/1333 1363/1363 1384/1384
f 1371/1371 1375/1375 1363/1363
f 1367/1367 1370/1370 1395/1395
f 1342/1342 1370/1370 1367/1367
f 1358/1358 1373/1373 1356/1356
f 1380/1380 1353/1353 1361/1361
f 1331/1331 1368/1368 1377/1377
f 1351/1351 1360/1360 1316/1316
f 1334/1334 1372/1372 1364/1364
f 1363/1363 1375/1375 1401/1401
f 1336/1336 1378/1378 1373/1373
f 1416/1416 1345/1345 1362/1362
f 1355/1355 1381/1381 1347/1347
f 1356/1356 1370/1370 1342/1342
f 1384/1384 1363/1363 1401/1401
f 1361/1361 1345/1345 1416/1416
f 1386/1386 1392/1392 1351/1351
f 1381/1381 1355/1355 1384/1384
f 1377/1377 1368/1368 1382/1382
f 1370/1370 1379/1379 1395/1395
f 1363/1363 1366/1366 1387/1387
f 1363/1363 1387/1387 1371/1371
f 1393/1393 1458/1458 1341/1341
f 1364/1364 1424/1424 1352/1352
f 1373/1373 1394/1394 1356/1356
f 1375/1375 1371/1371 1383/1383
f 1380/1380 1407/1407 1415/1415
f 1382/1382 1385/1385 1327/1327
f 1382/1382 1368/1368 1385/1385
f 1370/1370 1356/1356 1379/1379
f 1376/1376 1380/1380 1366/1366
f 1389/1389 1395/1395 1379/1379
f 1381/1381 1385/1385 1347/1347
f 1378/1378 1352/1352 1424/1424
f 1373/1373 1378/1378 1394/1394
f 1389/1389 1394/1394 1395/1395
f 1368/1368 1347/1347 1385/1385
f 1385/1385 1386/1386 1327/1327
f 1356/1356 1389/1389 1379/1379
f 1374/1374 1391/1391 1410/1410
f 1390/1390 1384/1384 1398/1398
f 1390/1390 1381/1381 1384/1384
f 1410/1410 1391/1391 1395/1395
f 1392/1392 1402/1402 1351/1351
f 1361/1361 1416/1416 1380/1380
f 1380/1380 1415/1415 1366/1366
f 1385/1385 1388/1388 1386/1386
f 1372/1372 1396/1396 1364/1364
f 1387/1387 1366/1366 1415/1415
f 1398/1398 1384/1384 1405/1405
f 1385/1385 1381/1381 1388/1388
f 1371/1371 1387/1387 1383/1383
f 1360/1360 1351/1351 1341/1341
f 1391/1391 1418/1418 1369/1369
f 1394/1394 1389/1389 1356/1356
f 1384/1384 1401/1401 1405/1405
f 1364/1364 1396/1396 1424/1424
f 1418/1418 1350/1350 1369/1369
f 1375/1375 1383/1383 1419/1419
f 1375/1375 1419/1419 1401/1401
f 1388/1388 1381/1381 1390/1390
f 1383/1383 1387/1387 1420/1420
f 1388/1388 1398/1398 1386/1386
f 1392/1392 1386/1386 1398/1398
f 1388/1388 1390/1390 1398/1398
f 1398/1398 1402/1402 1392/1392
f 1378/1378 1400/1400 1394/1394
f 1395/1395 1394/1394 1411/1411
f 1341/1341 1351/1351 1393/1393
f 1391/1391 1374/1374 1426/1426
f 1383/1383 1420/1420 1419/1419
f 1405/1405 1401/1401 1404/1404
f 1397/1397 1414/1414 1378/1378
f 1403/1403 1400/1400 1378/1378
f 1387/1387 1415/1415 1420/1420
f 1380/1380 1416/1416 1407/1407
f 1399/1399 1378/1378 1424/1424
f 1399/1399 1397/1397 1378/1378
f 1391/1391 1426/1426 1418/1418
f 1399/1399 1424/1424 1397/1397
f 1394/1394 1408/1408 1411/1411
f 1398/1398 1405/1405 1412/1412
f 1414/1414 1403/1403 1378/1378
f 1394/1394 1403/1403 1408/1408
f 1403/1403 1394/1394 1400/1400
f 1395/1395 1408/1408 1410/1410
f 1402/1402 1398/1398 1409/1409
f 1351/1351 1402/1402 1393/1393
f 1395/1395 1411/1411 1408/1408
f 1402/1402 1413/1413 1393/1393
f 1458/1458 1393/1393 1406/1406
f 1405/1405 1404/1404 1412/1412
f 1398/1398 1412/1412 1409/1409
f 1401/1401 1419/1419 1433/1433
f 1372/1372 1417/1417 1396/1396
f 1401/1401 1437/1437 1404/1404
f 1409/1409 1412/1412 1402/1402
f 1402/1402 1412/1412 1413/1413
f 1393/1393 1446/1446 1448/1448
f 1420/1420 1415/1415 1407/1407
f 1396/1396 1417/1417 1424/1424
f 1412/1412 1404/1404 1413/1413
f 1421/1421 1418/1418 1426/1426
f 1421/1421 1431/1431 1418/1418
f 1403/1403 1438/1438 1408/1408
f 1420/1420 1407/1407 1445/1445
f 1393/1393 1413/1413 1446/1446
f 1431/1431 1430/1430 1422/1422
f 1421/1421 1426/1426 1431/1431
f 1410/1410 1447/1447 1374/1374
f 1404/1404 1428/1428 1413/1413
f 1407/1407 1416/1416 1445/1445
f 1431/1431 1422/1422 1418/1418
f 1397/1397 1438/1438 1414/1414
f 1438/1438 1403/1403 1414/1414
f 1404/1404 1437/1437 1466/1466
f 1417/1417 1427/1427 1424/1424
f 1441/1441 1410/1410 1408/1408
f 1350/1350 1436/1436 1425/1425
f 1433/1433 1419/1419 1437/1437
f 1449/1449 1416/1416 1362/1362
f 1424/1424 1427/1427 1435/1435
f 1445/1445 1416/1416 1449/1449
f 1426/1426 1374/1374 1432/1432
f 1420/1420 1445/1445 1419/1419
f 1448/1448 1429/1429 1393/1393
f 1426/1426 1432/1432 1431/1431
f 1442/1442 1430/1430 1431/1431
f 1393/1393 1429/1429 1406/1406
f 1442/1442 1431/1431 1432/1432
f 1397/1397 1424/1424 1435/1435
f 1441/1441 1408/1408 1438/1438
f 1459/1459 1419/1419 1423/1423
f 1449/1449 1362/1362 1434/1434
f 1419/1419 1445/1445 1423/1423
f 1435/1435 1438/1438 1397/1397
f 1433/1433 1437/1437 1401/1401
f 1428/1428 1404/1404 1466/1466
f 1350/1350 1443/1443 1436/1436
f 1441/1441 1438/1438 1440/1440
f 1350/1350 1418/1418 1443/1443
f 1459/1459 1423/1423 1445/1445
f 1418/1418 1422/1422 1439/1439
f 1432/1432 1374/1374 1444/1444
f 1435/1435 1440/1440 1438/1438
f 1418/1418 1439/1439 1443/1443
f 1455/1455 1449/1449 1434/1434
f 1432/1432 1444/1444 1442/1442
f 1444/1444 1374/1374 1453/1453
f 1459/1459 1445/1445 1456/1456
f 1445/1445 1449/1449 1456/1456
f 1453/1453 1374/1374 1447/1447
f 1440/1440 1435/1435 1441/1441
f 1413/1413 1464/1464 1446/1446
f 1410/1410 1441/1441 1447/1447
f 1427/1427 1450/1450 1435/1435
f 1451/1451 1455/1455 1434/1434
f 1447/1447 1441/1441 1435/1435
f 1435/1435 1450/1450 1452/1452
f 1453/1453 1447/1447 1457/1457
f 1455/1455 1462/1462 1449/1449
f 1419/1419 1459/1459 1437/1437
f 1455/1455 1451/1451 1454/1454
f 1452/1452 1447/1447 1435/1435
f 1428/1428 1464/1464 1413/1413
f 1448/1448 1460/1460 1429/1429
f 1429/1429 1460/1460 1406/1406
f 1437/1437 1459/1459 1466/1466
f 1450/1450 1457/1457 1452/1452
f 1458/1458 1455/1455 1454/1454
f 1406/1406 1455/1455 1458/1458
f 1457/1457 1447/1447 1452/1452
f 1459/1459 1456/1456 1449/1449
f 1455/1455 1406/1406 1469/1469
f 1469/1469 1463/1463 1455/1455
f 1459/1459 1449/1449 1461/1461
f 1461/1461 1449/1449 1462/1462
f 1448/1448 1465/1465 1460/1460
f 1470/1470 1469/1469 1406/1406
f 1460/1460 1470/1470 1406/1406
f 1446/1446 1464/1464 1448/1448
f 1472/1472 1455/1455 1463/1463
f 1472/1472 1462/1462 1455/1455
f 1471/1471 1466/1466 1462/1462
f 1464/1464 1428/1428 1466/1466
f 1466/1466 1461/1461 1462/1462
f 1460/1460 1465/1465 1470/1470
f 1466/1466 1459/1459 1461/1461
f 1464/1464 1466/1466 1471/1471
f 1464/1464 1471/1471 1468/1468
f 1464/1464 1474/1474 1467/1467
f 1448/1448 1464/1464 1465/1465
f 1470/1470 1473/1473 1469/1469
f 1469/1469 1473/1473 1465/1465
f 1474/1474 1464/1464 1468/1468
f 1467/1467 1465/1465 1464/1464
f 1468/1468 1471/1471 1462/1462
f 1468/1468 1462/1462 1472/1472
f 1465/1465 1473/1473 1470/1470
f 1469/1469 1472/1472 1463/1463
f 1465/1465 1467/1467 1474/1474
f 1468/1468 1472/1472 1465/1465
f 1465/1465 1472/1472 1469/1469
f 1474/1474 1468/1468 1465/1465
f 1477/1477 1480/1480 1476/1476
f 1476/1476 1480/1480 1481/1481
f 1476/1476 1479/1479 1475/1475
f 1475/1475 1478/1478 1498/1498
f 1479/1479 1478/1478 1475/1475
f 1476/1476 1481/1481 1489/1489
f 1498/1498 1478/1478 1485/1485
f 1476/1476 1489/1489 1479/1479
f 1480/1480 1482/1482 1481/1481
f 1482/1482 1480/1480 1492/1492
f 1482/1482 1484/1484 1481/1481
f 1477/1477 1487/1487 1480/1480
f 1480/1480 1487/1487 1492/1492
f 1479/1479 1483/1483 1478/1478
f 1482/1482 1486/1486 1484/1484
f 1478/1478 1483/1483 1488/1488
f 1478/1478 1491/1491 1485/1485
f 1492/1492 1486/1486 1482/1482
f 1479/1479 1494/1494 1483/1483
f 1484/1484 1490/1490 1481/1481
f 1488/1488 1491/1491 1478/1478
f 1479/1479 1489/1489 1494/1494
f 1486/1486 1496/1496 1484/1484
f 1486/1486 1493/1493 1496/1496
f 1481/1481 1490/1490 1489/1489
f 1486/1486 1492/1492 1497/1497
f 1486/1486 1497/1497 1493/1493
f 1484/1484 1496/1496 1490/1490
f 1494/1494 1489/1489 1500/1500
f 1495/1495 1490/1490 1501/1501
f 1485/1485 1502/1502 1498/1498
f 1494/1494 1500/1500 1483/1483
f 1504/1504 1491/1491 1488/1488
f 1491/1491 1519/1519 1499/1499
f 1485/1485 1491/1491 1502/1502
f 1491/1491 1499/1499 1502/1502
f 1506/1506 1490/1490 1496/1496
f 1493/1493 1506/1506 1496/1496
f 1506/1506 1493/1493 1497/1497
f 1487/1487 1506/1506 1492/1492
f 1492/1492 1506/1506 1497/1497
f 1491/1491 1503/1503 1519/1519
f 1504/1504 1503/1503 1491/1491
f 1489/1489 1517/1517 1507/1507
f 1489/1489 1507/1507 1500/1500
f 1489/1489 1490/1490 1505/1505
f 1490/1490 1495/1495 1505/1505
f 1489/1489 1508/1508 1517/1517
f 1500/1500 1507/1507 1509/1509
f 1505/1505 1508/1508 1489/1489
f 1504/1504 1483/1483 1503/1503
f 1488/1488 1483/1483 1504/1504
f 1506/1506 1501/1501 1490/1490
f 1500/1500 1509/1509 1483/1483
f 1483/1483 1510/1510 1503/1503
f 1509/1509 1513/1513 1483/1483
f 1513/1513 1509/1509 1507/1507
f 1495/1495 1501/1501 1514/1514
f 1513/1513 1510/1510 1483/1483
f 1487/1487 1511/1511 1506/1506
f 1501/1501 1506/1506 1516/1516
f 1505/1505 1495/1495 1508/1508
f 1512/1512 1519/1519 1503/1503
f 1503/1503 1513/1513 1522/1522
f 1510/1510 1513/1513 1503/1503
f 1511/1511 1516/1516 1506/1506
f 1503/1503 1522/1522 1512/1512
f 1512/1512 1522/1522 1519/1519
f 1495/1495 1515/1515 1508/1508
f 1501/1501 1516/1516 1514/1514
f 1495/1495 1514/1514 1515/1515
f 1517/1517 1513/1513 1507/1507
f 1487/1487 1518/1518 1511/1511
f 1527/1527 1525/1525 1519/1519
f 1522/1522 1527/1527 1519/1519
f 1514/1514 1516/1516 1521/1521
f 1511/1511 1521/1521 1516/1516
f 1524/1524 1527/1527 1522/1522
f 1517/1517 1520/1520 1513/1513
f 1514/1514 1521/1521 1515/1515
f 1520/1520 1523/1523 1513/1513
f 1508/1508 1532/1532 1517/1517
f 1523/1523 1524/1524 1513/1513
f 1513/1513 1524/1524 1522/1522
f 1526/1526 1515/1515 1521/1521
f 1524/1524 1523/1523 1531/1531
f 1511/1511 1518/1518 1529/1529
f 1511/1511 1526/1526 1521/1521
f 1526/1526 1530/1530 1515/1515
f 1525/1525 1527/1527 1548/1548
f 1520/1520 1534/1534 1523/1523
f 1529/1529 1526/1526 1511/1511
f 1531/1531 1527/1527 1524/1524
f 1508/1508 1515/1515 1532/1532
f 1532/1532 1535/1535 1517/1517
f 1530/1530 1532/1532 1515/1515
f 1527/1527 1528/1528 1548/1548
f 1529/1529 1530/1530 1526/1526
f 1530/1530 1533/1533 1532/1532
f 1535/1535 1520/1520 1517/1517
f 1530/1530 1529/1529 1533/1533
f 1520/1520 1537/1537 1534/1534
f 1523/1523 1546/1546 1531/1531
f 1531/1531 1539/1539 1527/1527
f 1540/1540 1520/1520 1535/1535
f 1534/1534 1546/1546 1523/1523
f 1527/1527 1539/1539 1528/1528
f 1540/1540 1543/1543 1520/1520
f 1520/1520 1543/1543 1536/1536
f 1520/1520 1536/1536 1537/1537
f 1535/1535 1532/1532 1540/1540
f 1537/1537 1538/1538 1534/1534
f 1531/1531 1546/1546 1539/1539
f 1533/1533 1540/1540 1532/1532
f 1529/1529 1540/1540 1533/1533
f 1529/1529 1544/1544 1540/1540
f 1546/1546 1534/1534 1538/1538
f 1536/1536 1543/1543 1537/1537
f 1518/1518 1544/1544 1529/1529
f 1537/1537 1542/1542 1538/1538
f 1518/1518 1542/1542 1544/1544
f 1543/1543 1542/1542 1537/1537
f 1544/1544 1543/1543 1540/1540
f 1518/1518 1541/1541 1542/1542
f 1544/1544 1542/1542 1543/1543
f 1546/1546 1541/1541 1539/1539
f 1546/1546 1538/1538 1542/1542
f 1545/1545 1541/1541 1546/1546
f 1541/1541 1528/1528 1539/1539
f 1542/1542 1541/1541 1545/1545
f 1545/1545 1546/1546 1542/1542
f 1541/1541 1549/1549 1528/1528
f 1518/1518 1547/1547 1541/1541
f 1541/1541 1547/1547 1549/1549
f 1549/1549 1548/1548 1528/1528
f 1548/1548 1549/1549 1547/1547
f 1559/1559 1560/1560 1550/1550
f 1562/1562 1560/1560 1559/1559
f 1553/1553 1564/1564 1552/1552
f 1563/1563 1557/1557 1551/1551
f 1555/1555 1554/1554 1552/1552
f 1551/1551 1557/1557 1554/1554
f 1554/1554 1558/1558 1556/1556
f 1552/1552 1564/1564 1555/1555
f 1557/1557 1566/1566 1554/1554
f 1552/1552 1556/1556 1553/1553
f 1555/1555 1551/1551 1554/1554
f 1554/1554 1556/1556 1552/1552
f 1554/1554 1568/1568 1558/1558
f 1566/1566 1568/1568 1554/1554
f 1550/1550 1581/1581 1559/1559
f 1562/1562 1559/1559 1566/1566
f 1563/1563 1562/1562 1557/1557
f 1560/1560 1562/1562 1563/1563
f 1555/1555 1561/1561 1551/1551
f 1556/1556 1558/1558 1565/1565
f 1551/1551 1561/1561 1563/1563
f 1557/1557 1562/1562 1566/1566
f 1566/1566 1559/1559 1568/1568
f 1553/1553 1556/1556 1565/1565
f 1558/1558 1568/1568 1569/1569
f 1558/1558 1567/1567 1565/1565
f 1564/1564 1553/1553 1582/1582
f 1558/1558 1569/1569 1567/1567
f 1568/1568 1559/1559 1569/1569
f 1569/1569 1559/1559 1577/1577
f 1582/1582 1553/1553 1570/1570
f 1553/1553 1565/1565 1567/1567
f 1577/1577 1567/1567 1569/1569
f 1550/1550 1590/1590 1581/1581
f 1570/1570 1553/1553 1567/1567
f 1550/1550 1571/1571 1590/1590
f 1585/1585 1559/1559 1581/1581
f 1570/1570 1572/1572 1582/1582
f 1559/1559 1585/1585 1577/1577
f 1570/1570 1567/1567 1572/1572
f 1571/1571 1583/1583 1590/1590
f 1572/1572 1567/1567 1577/1577
f 1724/1724 1581/1581 1590/1590
f 1574/1574 1575/1575 1580/1580
f 1585/1585 1581/1581 1576/1576
f 1572/1572 1577/1577 1585/1585
f 1575/1575 1574/1574 1580/1580
f 1576/1576 1581/1581 1724/1724
f 1580/1580 1715/1715 1574/1574
f 1574/1574 1715/1715 1626/1626
f 1573/1573 1593/1593 1739/1739
f 1574/1574 1626/1626 1584/1584
f 1574/1574 1579/1579 1580/1580
f 1582/1582 1572/1572 1677/1677
f 1574/1574 1584/1584 1579/1579
f 1597/1597 1595/1595 1587/1587
f 1586/1586 1598/1598 1597/1597
f 1588/1588 1592/1592 1602/1602
f 1618/1618 1591/1591 1603/1603
f 1588/1588 1609/1609 1595/1595
f 1597/1597 1587/1587 1659/1659
f 1583/1583 1608/1608 1590/1590
f 1598/1598 1586/1586 1588/1588
f 1600/1600 1603/1603 1588/1588
f 1598/1598 1599/1599 1597/1597
f 1597/1597 1599/1599 1595/1595
f 1623/1623 1588/1588 1586/1586
f 1588/1588 1589/1589 1620/1620
f 1588/1588 1596/1596 1609/1609
f 1600/1600 1601/1601 1603/1603
f 1618/1618 1603/1603 1601/1601
f 1598/1598 1588/1588 1599/1599
f 1588/1588 1620/1620 1600/1600
f 1620/1620 1618/1618 1600/1600
f 1618/1618 1601/1601 1600/1600
f 1610/1610 1611/1611 1602/1602
f 1599/1599 1588/1588 1595/1595
f 1602/1602 1596/1596 1588/1588
f 1589/1589 1618/1618 1620/1620
f 1588/1588 1603/1603 1592/1592
f 1628/1628 1646/1646 1621/1621
f 1603/1603 1591/1591 1631/1631
f 1667/1667 1606/1606 1614/1614
f 1597/1597 1659/1659 1614/1614
f 1624/1624 1609/1609 1628/1628
f 1643/1643 1615/1615 1629/1629
f 1609/1609 1596/1596 1602/1602
f 1628/1628 1609/1609 1616/1616
f 1602/1602 1611/1611 1617/1617
f 1646/1646 1611/1611 1594/1594
f 1677/1677 1572/1572 1640/1640
f 1613/1613 1635/1635 1680/1680
f 1668/1668 1639/1639 1637/1637
f 1609/1609 1602/1602 1617/1617
f 1592/1592 1603/1603 1631/1631
f 1635/1635 1637/1637 1619/1619
f 1586/1586 1597/1597 1639/1639
f 1627/1627 1663/1663 1688/1688
f 1649/1649 1667/1667 1659/1659
f 1588/1588 1797/1797 1589/1589
f 1628/1628 1621/1621 1615/1615
f 1591/1591 1622/1622 1631/1631
f 1631/1631 1676/1676 1612/1612
f 1635/1635 1634/1634 1680/1680
f 1628/1628 1616/1616 1646/1646
f 1621/1621 1652/1652 1615/1615
f 1610/1610 1602/1602 1631/1631
f 1612/1612 1611/1611 1610/1610
f 1674/1674 1635/1635 1613/1613
f 1635/1635 1636/1636 1634/1634
f 1572/1572 1585/1585 1576/1576
f 1699/1699 1586/1586 1639/1639
f 1639/1639 1597/1597 1606/1606
f 1606/1606 1597/1597 1614/1614
f 1625/1625 1615/1615 1652/1652
f 1617/1617 1616/1616 1609/1609
f 1611/1611 1646/1646 1616/1616
f 1616/1616 1617/1617 1611/1611
f 1592/1592 1631/1631 1602/1602
f 1612/1612 1610/1610 1631/1631
f 1632/1632 1633/1633 1630/1630
f 1626/1626 1648/1648 1584/1584
f 1634/1634 1636/1636 1667/1667
f 1649/1649 1607/1607 1658/1658
f 1641/1641 1637/1637 1635/1635
f 1635/1635 1667/1667 1636/1636
f 1688/1688 1638/1638 1627/1627
f 1639/1639 1668/1668 1699/1699
f 1667/1667 1639/1639 1606/1606
f 1614/1614 1659/1659 1667/1667
f 1595/1595 1656/1656 1587/1587
f 1609/1609 1624/1624 1651/1651
f 1615/1615 1625/1625 1629/1629
f 1625/1625 1652/1652 1629/1629
f 1591/1591 1696/1696 1630/1630
f 1618/1618 1696/1696 1591/1591
f 1594/1594 1645/1645 1652/1652
f 1611/1611 1612/1612 1594/1594
f 1631/1631 1622/1622 1676/1676
f 1578/1578 1604/1604 1665/1665
f 1668/1668 1637/1637 1641/1641
f 1658/1658 1607/1607 1701/1701
f 1619/1619 1667/1667 1635/1635
f 1607/1607 1651/1651 1624/1624
f 1595/1595 1609/1609 1656/1656
f 1660/1660 1609/1609 1651/1651
f 1645/1645 1644/1644 1652/1652
f 1621/1621 1646/1646 1653/1653
f 1646/1646 1594/1594 1653/1653
f 1633/1633 1657/1657 1630/1630
f 1630/1630 1657/1657 1591/1591
f 1591/1591 1657/1657 1622/1622
f 1594/1594 1612/1612 1672/1672
f 1612/1612 1584/1584 1648/1648
f 1578/1578 1665/1665 1632/1632
f 1632/1632 1665/1665 1633/1633
f 1735/1735 1655/1655 1578/1578
f 1676/1676 1584/1584 1612/1612
f 1635/1635 1674/1674 1641/1641
f 1668/1668 1641/1641 1674/1674
f 1688/1688 1701/1701 1638/1638
f 1701/1701 1607/1607 1638/1638
f 1619/1619 1639/1639 1667/1667
f 1638/1638 1607/1607 1650/1650
f 1607/1607 1642/1642 1659/1659
f 1649/1649 1659/1659 1642/1642
f 1649/1649 1642/1642 1607/1607
f 1627/1627 1638/1638 1650/1650
f 1588/1588 1623/1623 1729/1729
f 1627/1627 1662/1662 1652/1652
f 1797/1797 1588/1588 1729/1729
f 1615/1615 1643/1643 1628/1628
f 1652/1652 1653/1653 1594/1594
f 1621/1621 1653/1653 1652/1652
f 1645/1645 1670/1670 1695/1695
f 1578/1578 1632/1632 1735/1735
f 1604/1604 1655/1655 1666/1666
f 1579/1579 1584/1584 1580/1580
f 1699/1699 1712/1712 1586/1586
f 1607/1607 1659/1659 1587/1587
f 1587/1587 1651/1651 1607/1607
f 1607/1607 1624/1624 1669/1669
f 1644/1644 1645/1645 1661/1661
f 1645/1645 1594/1594 1647/1647
f 1612/1612 1648/1648 1672/1672
f 1673/1673 1633/1633 1654/1654
f 1604/1604 1578/1578 1655/1655
f 1680/1680 1634/1634 1658/1658
f 1651/1651 1587/1587 1660/1660
f 1656/1656 1609/1609 1660/1660
f 1661/1661 1645/1645 1695/1695
f 1696/1696 1632/1632 1630/1630
f 1673/1673 1654/1654 1676/1676
f 1658/1658 1634/1634 1667/1667
f 1658/1658 1667/1667 1649/1649
f 1619/1619 1637/1637 1639/1639
f 1627/1627 1650/1650 1643/1643
f 1628/1628 1643/1643 1669/1669
f 1627/1627 1643/1643 1662/1662
f 1652/1652 1663/1663 1627/1627
f 1643/1643 1629/1629 1652/1652
f 1628/1628 1669/1669 1624/1624
f 1660/1660 1587/1587 1656/1656
f 1644/1644 1661/1661 1695/1695
f 1647/1647 1594/1594 1670/1670
f 1633/1633 1675/1675 1654/1654
f 1658/1658 1701/1701 1700/1700
f 1662/1662 1643/1643 1652/1652
f 1652/1652 1644/1644 1663/1663
f 1696/1696 1664/1664 1632/1632
f 1647/1647 1670/1670 1645/1645
f 1593/1593 1860/1860 1739/1739
f 1594/1594 1672/1672 1678/1678
f 1623/1623 1586/1586 1729/1729
f 1644/1644 1695/1695 1663/1663
f 1684/1684 1695/1695 1683/1683
f 1657/1657 1671/1671 1622/1622
f 1632/1632 1664/1664 1735/1735
f 1622/1622 1673/1673 1676/1676
f 1677/1677 1640/1640 1726/1726
f 1717/1717 1701/1701 1688/1688
f 1590/1590 1608/1608 1702/1702
f 1607/1607 1669/1669 1643/1643
f 1607/1607 1643/1643 1650/1650
f 1622/1622 1671/1671 1673/1673
f 1657/1657 1633/1633 1671/1671
f 1671/1671 1633/1633 1673/1673
f 1604/1604 1685/1685 1665/1665
f 1675/1675 1694/1694 1654/1654
f 1584/1584 1686/1686 1580/1580
f 1654/1654 1580/1580 1686/1686
f 1700/1700 1680/1680 1658/1658
f 1729/1729 1586/1586 1712/1712
f 1594/1594 1678/1678 1670/1670
f 1633/1633 1685/1685 1675/1675
f 1665/1665 1685/1685 1633/1633
f 1626/1626 1605/1605 1678/1678
f 1663/1663 1682/1682 1688/1688
f 1676/1676 1654/1654 1584/1584
f 1584/1584 1654/1654 1686/1686
f 1690/1690 1687/1687 1675/1675
f 1683/1683 1703/1703 1682/1682
f 1695/1695 1684/1684 1682/1682
f 1705/1705 1696/1696 1618/1618
f 1654/1654 1694/1694 1679/1679
f 1675/1675 1687/1687 1694/1694
f 1683/1683 1682/1682 1684/1684
f 1648/1648 1626/1626 1672/1672
f 1678/1678 1672/1672 1626/1626
f 1685/1685 1698/1698 1675/1675
f 1674/1674 1613/1613 1711/1711
f 1668/1668 1674/1674 1711/1711
f 1688/1688 1703/1703 1691/1691
f 1688/1688 1682/1682 1703/1703
f 1663/1663 1695/1695 1682/1682
f 1683/1683 1695/1695 1689/1689
f 1664/1664 1697/1697 1735/1735
f 1694/1694 1687/1687 1679/1679
f 1698/1698 1690/1690 1675/1675
f 1706/1706 1700/1700 1701/1701
f 1710/1710 1688/1688 1691/1691
f 1691/1691 1703/1703 1681/1681
f 1589/1589 1797/1797 1692/1692
f 1770/1770 1713/1713 1664/1664
f 1573/1573 1739/1739 1693/1693
f 1733/1733 1730/1730 1668/1668
f 1668/1668 1730/1730 1699/1699
f 1583/1583 1702/1702 1608/1608
f 1571/1571 1704/1704 1583/1583
f 1690/1690 1698/1698 1687/1687
f 1706/1706 1701/1701 1717/1717
f 1654/1654 1708/1708 1580/1580
f 1679/1679 1687/1687 1708/1708
f 1679/1679 1708/1708 1654/1654
f 1716/1716 1688/1688 1710/1710
f 1691/1691 1681/1681 1683/1683
f 1683/1683 1689/1689 1841/1841
f 1692/1692 1618/1618 1589/1589
f 1664/1664 1696/1696 1705/1705
f 1573/1573 1693/1693 1593/1593
f 1726/1726 1640/1640 1576/1576
f 1717/1717 1688/1688 1716/1716
f 1613/1613 1723/1723 1711/1711
f 1723/1723 1668/1668 1711/1711
f 1727/1727 1710/1710 1691/1691
f 1681/1681 1703/1703 1683/1683
f 1768/1768 1583/1583 1704/1704
f 1692/1692 1705/1705 1618/1618
f 1613/1613 1736/1736 1723/1723
f 1668/1668 1723/1723 1733/1733
f 1728/1728 1727/1727 1691/1691
f 1666/1666 1685/1685 1604/1604
f 1708/1708 1687/1687 1757/1757
f 1717/1717 1710/1710 1738/1738
f 1583/1583 1768/1768 1702/1702
f 1664/1664 1709/1709 1697/1697
f 1693/1693 1670/1670 1593/1593
f 1670/1670 1714/1714 1593/1593
f 1717/1717 1716/1716 1710/1710
f 1705/1705 1760/1760 1664/1664
f 1735/1735 1697/1697 1743/1743
f 1698/1698 1720/1720 1741/1741
f 1738/1738 1710/1710 1722/1722
f 1722/1722 1710/1710 1727/1727
f 1695/1695 1670/1670 1693/1693
f 1666/1666 1725/1725 1685/1685
f 1713/1713 1709/1709 1664/1664
f 1727/1727 1728/1728 1718/1718
f 1728/1728 1691/1691 1718/1718
f 1743/1743 1746/1746 1735/1735
f 1670/1670 1678/1678 1747/1747
f 1593/1593 1747/1747 1752/1752
f 1698/1698 1685/1685 1741/1741
f 1640/1640 1572/1572 1576/1576
f 1727/1727 1718/1718 1722/1722
f 1736/1736 1733/1733 1723/1723
f 1712/1712 1699/1699 1730/1730
f 1726/1726 1736/1736 1613/1613
f 1733/1733 1737/1737 1730/1730
f 1707/1707 1743/1743 1697/1697
f 1605/1605 1750/1750 1678/1678
f 1685/1685 1725/1725 1741/1741
f 1698/1698 1741/1741 1687/1687
f 1691/1691 1683/1683 1718/1718
f 1748/1748 1712/1712 1724/1724
f 1714/1714 1747/1747 1593/1593
f 1683/1683 1719/1719 1734/1734
f 1713/1713 1707/1707 1697/1697
f 1695/1695 1693/1693 1739/1739
f 1695/1695 1739/1739 1689/1689
f 1720/1720 1698/1698 1741/1741
f 1687/1687 1721/1721 1731/1731
f 1715/1715 1708/1708 1626/1626
f 1736/1736 1576/1576 1733/1733
f 1712/1712 1730/1730 1737/1737
f 1737/1737 1724/1724 1712/1712
f 1724/1724 1590/1590 1748/1748
f 1697/1697 1709/1709 1713/1713
f 1580/1580 1708/1708 1715/1715
f 1576/1576 1724/1724 1732/1732
f 1670/1670 1747/1747 1714/1714
f 1576/1576 1737/1737 1733/1733
f 1729/1729 1712/1712 1748/1748
f 1726/1726 1576/1576 1736/1736
f 1722/1722 1718/1718 1745/1745
f 1718/1718 1759/1759 1753/1753
f 1576/1576 1732/1732 1737/1737
f 1732/1732 1724/1724 1737/1737
f 1741/1741 1721/1721 1687/1687
f 1683/1683 1734/1734 1718/1718
f 1746/1746 1749/1749 1735/1735
f 1605/1605 1626/1626 1750/1750
f 1750/1750 1626/1626 1708/1708
f 1766/1766 1722/1722 1745/1745
f 1738/1738 1722/1722 1766/1766
f 1707/1707 1713/1713 1762/1762
f 1741/1741 1742/1742 1744/1744
f 1687/1687 1731/1731 1757/1757
f 1747/1747 1678/1678 1752/1752
f 1741/1741 1725/1725 1740/1740
f 1718/1718 1734/1734 1719/1719
f 1741/1741 1744/1744 1721/1721
f 1707/1707 1762/1762 1743/1743
f 1751/1751 1749/1749 1743/1743
f 1743/1743 1749/1749 1746/1746
f 1759/1759 1718/1718 1719/1719
f 1655/1655 1735/1735 1725/1725
f 1744/1744 1731/1731 1721/1721
f 1748/1748 1754/1754 1729/1729
f 1743/1743 1762/1762 1751/1751
f 1741/1741 1758/1758 1742/1742
f 1797/1797 1705/1705 1692/1692
f 1741/1741 1740/1740 1758/1758
f 1745/1745 1718/1718 1753/1753
f 1760/1760 1770/1770 1664/1664
f 1744/1744 1757/1757 1731/1731
f 1797/1797 1729/1729 1754/1754
f 1689/1689 1755/1755 1847/1847
f 1742/1742 1758/1758 1744/1744
f 1689/1689 1739/1739 1755/1755
f 1713/1713 1773/1773 1762/1762
f 1751/1751 1763/1763 1749/1749
f 1590/1590 1761/1761 1748/1748
f 1748/1748 1761/1761 1769/1769
f 1797/1797 1760/1760 1705/1705
f 1678/1678 1764/1764 1752/1752
f 1757/1757 1796/1796 1708/1708
f 1766/1766 1745/1745 1765/1765
f 1766/1766 1765/1765 1816/1816
f 1719/1719 1841/1841 1753/1753
f 1744/1744 1758/1758 1757/1757
f 1749/1749 1763/1763 1774/1774
f 1775/1775 1735/1735 1781/1781
f 1655/1655 1725/1725 1666/1666
f 1769/1769 1754/1754 1748/1748
f 1683/1683 1841/1841 1719/1719
f 1719/1719 1753/1753 1759/1759
f 1801/1801 1770/1770 1760/1760
f 1735/1735 1749/1749 1793/1793
f 1735/1735 1793/1793 1781/1781
f 1745/1745 1753/1753 1765/1765
f 1713/1713 1770/1770 1773/1773
f 1752/1752 1764/1764 1756/1756
f 1593/1593 1752/1752 1756/1756
f 1761/1761 1772/1772 1769/1769
f 1750/1750 1764/1764 1678/1678
f 1773/1773 1786/1786 1762/1762
f 1774/1774 1793/1793 1749/1749
f 1841/1841 1689/1689 1799/1799
f 1739/1739 1860/1860 1755/1755
f 1735/1735 1775/1775 1767/1767
f 1725/1725 1735/1735 1767/1767
f 1725/1725 1790/1790 1740/1740
f 1791/1791 1797/1797 1754/1754
f 1751/1751 1762/1762 1787/1787
f 1758/1758 1812/1812 1757/1757
f 1761/1761 1590/1590 1702/1702
f 1776/1776 1779/1779 1783/1783
f 1776/1776 1777/1777 1779/1779
f 1777/1777 1776/1776 1791/1791
f 1782/1782 1776/1776 1783/1783
f 1769/1769 1772/1772 1754/1754
f 1783/1783 1779/1779 1777/1777
f 1754/1754 1777/1777 1791/1791
f 1777/1777 1754/1754 1772/1772
f 1789/1789 1778/1778 1785/1785
f 1761/1761 1783/1783 1772/1772
f 1772/1772 1783/1783 1777/1777
f 1791/1791 1776/1776 1780/1780
f 1704/1704 1808/1808 1768/1768
f 1789/1789 1818/1818 1810/1810
f 1725/1725 1767/1767 1807/1807
f 1761/1761 1782/1782 1783/1783
f 1809/1809 1822/1822 1778/1778
f 1809/1809 1778/1778 1806/1806
f 1762/1762 1786/1786 1787/1787
f 1740/1740 1790/1790 1794/1794
f 1761/1761 1702/1702 1835/1835
f 1780/1780 1776/1776 1784/1784
f 1791/1791 1780/1780 1784/1784
f 1753/1753 1841/1841 1854/1854
f 1791/1791 1784/1784 1803/1803
f 1776/1776 1788/1788 1784/1784
f 1751/1751 1787/1787 1763/1763
f 1763/1763 1778/1778 1789/1789
f 1763/1763 1789/1789 1774/1774
f 1826/1826 1765/1765 1753/1753
f 1767/1767 1775/1775 1807/1807
f 1795/1795 1806/1806 1778/1778
f 1778/1778 1763/1763 1795/1795
f 1774/1774 1789/1789 1814/1814
f 1775/1775 1781/1781 1834/1834
f 1796/1796 1757/1757 1820/1820
f 1792/1792 1773/1773 1770/1770
f 1787/1787 1795/1795 1763/1763
f 1807/1807 1790/1790 1725/1725
f 1768/1768 1835/1835 1702/1702
f 1784/1784 1830/1830 1803/1803
f 1830/1830 1817/1817 1803/1803
f 1797/1797 1791/1791 1803/1803
f 1785/1785 1818/1818 1789/1789
f 1773/1773 1804/1804 1786/1786
f 1770/1770 1801/1801 1792/1792
f 1789/1789 1810/1810 1814/1814
f 1774/1774 1814/1814 1793/1793
f 1776/1776 1782/1782 1788/1788
f 1803/1803 1817/1817 1805/1805
f 1750/1750 1708/1708 1764/1764
f 1740/1740 1794/1794 1758/1758
f 1761/1761 1835/1835 1782/1782
f 1809/1809 1805/1805 1822/1822
f 1799/1799 1689/1689 1847/1847
f 1797/1797 1803/1803 1760/1760
f 1801/1801 1804/1804 1792/1792
f 1814/1814 1810/1810 1811/1811
f 1817/1817 1830/1830 1800/1800
f 1778/1778 1818/1818 1785/1785
f 1798/1798 1806/1806 1795/1795
f 1792/1792 1804/1804 1773/1773
f 1805/1805 1809/1809 1806/1806
f 1778/1778 1822/1822 1818/1818
f 1593/1593 1756/1756 1905/1905
f 1822/1822 1805/1805 1817/1817
f 1844/1844 1850/1850 1810/1810
f 1810/1810 1859/1859 1811/1811
f 1804/1804 1787/1787 1786/1786
f 1775/1775 1815/1815 1807/1807
f 1813/1813 1822/1822 1817/1817
f 1593/1593 1905/1905 1860/1860
f 1801/1801 1760/1760 1803/1803
f 1817/1817 1800/1800 1813/1813
f 1787/1787 1798/1798 1795/1795
f 1810/1810 1850/1850 1859/1859
f 1775/1775 1853/1853 1815/1815
f 1812/1812 1820/1820 1757/1757
f 1821/1821 1818/1818 1822/1822
f 1818/1818 1827/1827 1810/1810
f 1812/1812 1758/1758 1802/1802
f 1807/1807 1815/1815 1790/1790
f 1801/1801 1803/1803 1825/1825
f 1804/1804 1819/1819 1787/1787
f 1793/1793 1814/1814 1781/1781
f 1925/1925 1764/1764 1771/1771
f 1794/1794 1829/1829 1758/1758
f 1704/1704 1872/1872 1808/1808
f 1825/1825 1803/1803 1806/1806
f 1803/1803 1805/1805 1806/1806
f 1813/1813 1821/1821 1822/1822
f 1842/1842 1801/1801 1825/1825
f 1814/1814 1811/1811 1781/1781
f 1788/1788 1836/1836 1784/1784
f 1821/1821 1813/1813 1827/1827
f 1818/1818 1821/1821 1827/1827
f 1781/1781 1833/1833 1834/1834
f 1833/1833 1823/1823 1834/1834
f 1837/1837 1827/1827 1813/1813
f 1843/1843 1804/1804 1801/1801
f 1828/1828 1781/1781 1811/1811
f 1857/1857 1833/1833 1828/1828
f 1790/1790 1815/1815 1794/1794
f 1836/1836 1830/1830 1784/1784
f 1800/1800 1837/1837 1813/1813
f 1819/1819 1832/1832 1787/1787
f 1753/1753 1854/1854 1826/1826
f 1830/1830 1837/1837 1800/1800
f 1828/1828 1833/1833 1831/1831
f 1828/1828 1831/1831 1781/1781
f 1831/1831 1833/1833 1781/1781
f 1837/1837 1849/1849 1827/1827
f 1798/1798 1787/1787 1832/1832
f 1811/1811 1857/1857 1828/1828
f 1764/1764 1708/1708 1771/1771
f 1796/1796 1824/1824 1708/1708
f 1842/1842 1825/1825 1806/1806
f 1816/1816 1765/1765 1909/1909
f 1840/1840 1804/1804 1843/1843
f 1829/1829 1802/1802 1758/1758
f 1765/1765 1826/1826 1909/1909
f 1854/1854 1841/1841 1873/1873
f 1841/1841 1799/1799 1876/1876
f 1859/1859 1838/1838 1811/1811
f 1838/1838 1857/1857 1811/1811
f 1704/1704 1839/1839 1872/1872
f 1775/1775 1834/1834 1853/1853
f 1788/1788 1855/1855 1836/1836
f 1798/1798 1832/1832 1806/1806
f 1843/1843 1801/1801 1851/1851
f 1872/1872 1768/1768 1808/1808
f 1768/1768 1846/1846 1835/1835
f 1849/1849 1844/1844 1827/1827
f 1819/1819 1804/1804 1851/1851
f 1801/1801 1842/1842 1851/1851
f 1810/1810 1827/1827 1844/1844
f 1834/1834 1852/1852 1845/1845
f 1842/1842 1806/1806 1832/1832
f 1840/1840 1843/1843 1804/1804
f 1838/1838 1880/1880 1857/1857
f 1812/1812 1802/1802 1858/1858
f 1819/1819 1842/1842 1832/1832
f 1819/1819 1851/1851 1842/1842
f 1834/1834 1823/1823 1852/1852
f 1756/1756 1764/1764 1925/1925
f 1815/1815 1938/1938 1848/1848
f 1863/1863 1868/1868 1794/1794
f 1782/1782 1846/1846 1788/1788
f 1836/1836 1837/1837 1830/1830
f 1851/1851 1804/1804 1843/1843
f 1815/1815 1853/1853 1867/1867
f 1708/1708 1824/1824 1771/1771
f 1755/1755 1860/1860 1847/1847
f 1857/1857 1865/1865 1833/1833
f 1852/1852 1823/1823 1869/1869
f 1834/1834 1845/1845 1853/1853
f 1815/1815 1848/1848 1794/1794
f 1867/1867 1938/1938 1815/1815
f 1866/1866 1837/1837 1836/1836
f 1848/1848 1938/1938 1794/1794
f 1835/1835 1846/1846 1782/1782
f 1859/1859 1862/1862 1838/1838
f 1836/1836 1855/1855 1866/1866
f 1823/1823 1833/1833 1869/1869
f 1829/1829 1794/1794 1868/1868
f 1857/1857 1880/1880 1865/1865
f 1829/1829 1868/1868 1802/1802
f 1864/1864 1861/1861 1768/1768
f 1866/1866 1855/1855 1837/1837
f 1794/1794 1938/1938 1863/1863
f 1788/1788 1846/1846 1870/1870
f 1870/1870 1855/1855 1788/1788
f 1846/1846 1768/1768 1861/1861
f 1855/1855 1856/1856 1837/1837
f 1859/1859 1886/1886 1862/1862
f 1850/1850 1886/1886 1859/1859
f 1852/1852 1869/1869 1845/1845
f 1862/1862 1886/1886 1838/1838
f 1865/1865 1869/1869 1833/1833
f 1856/1856 1849/1849 1837/1837
f 1768/1768 1872/1872 1864/1864
f 1846/1846 1874/1874 1870/1870
f 1826/1826 1854/1854 1873/1873
f 1882/1882 1874/1874 1846/1846
f 1874/1874 1855/1855 1870/1870
f 1872/1872 1879/1879 1864/1864
f 1849/1849 1856/1856 1874/1874
f 1838/1838 1886/1886 1880/1880
f 1820/1820 1812/1812 1796/1796
f 1872/1872 1839/1839 1879/1879
f 1856/1856 1855/1855 1874/1874
f 1869/1869 1885/1885 1845/1845
f 1853/1853 1871/1871 1875/1875
f 1846/1846 1861/1861 1882/1882
f 1877/1877 1869/1869 1865/1865
f 1824/1824 1796/1796 1907/1907
f 1865/1865 1880/1880 1889/1889
f 1878/1878 1882/1882 1864/1864
f 1864/1864 1882/1882 1861/1861
f 1849/1849 1874/1874 1893/1893
f 1882/1882 1881/1881 1874/1874
f 1864/1864 1879/1879 1878/1878
f 1878/1878 1881/1881 1882/1882
f 1860/1860 1905/1905 1847/1847
f 1883/1883 1844/1844 1849/1849
f 1879/1879 1839/1839 1888/1888
f 1841/1841 1876/1876 1910/1910
f 1853/1853 1875/1875 1867/1867
f 1802/1802 1892/1892 1858/1858
f 1878/1878 1879/1879 1881/1881
f 1849/1849 1912/1912 1883/1883
f 1841/1841 1910/1910 1873/1873
f 1893/1893 1912/1912 1849/1849
f 1802/1802 1868/1868 1892/1892
f 1874/1874 1881/1881 1897/1897
f 1869/1869 1877/1877 1887/1887
f 1877/1877 1865/1865 1889/1889
f 1879/1879 1884/1884 1881/1881
f 1869/1869 1891/1891 1885/1885
f 1889/1889 1887/1887 1877/1877
f 1885/1885 1891/1891 1845/1845
f 1826/1826 1873/1873 1901/1901
f 1879/1879 1888/1888 1884/1884
f 1845/1845 1899/1899 1853/1853
f 1874/1874 1897/1897 1893/1893
f 1895/1895 1905/1905 1756/1756
f 1871/1871 1867/1867 1875/1875
f 1892/1892 1812/1812 1858/1858
f 1912/1912 1844/1844 1883/1883
f 1938/1938 1867/1867 1906/1906
f 1887/1887 1891/1891 1869/1869
f 1845/1845 1891/1891 1899/1899
f 1871/1871 1890/1890 1867/1867
f 1884/1884 1926/1926 1881/1881
f 1886/1886 1898/1898 1880/1880
f 1908/1908 1876/1876 1799/1799
f 1853/1853 1899/1899 1871/1871
f 1771/1771 1824/1824 1907/1907
f 1876/1876 1908/1908 1910/1910
f 1799/1799 1847/1847 1908/1908
f 1887/1887 1898/1898 1891/1891
f 1844/1844 1932/1932 1850/1850
f 1889/1889 1898/1898 1887/1887
f 1884/1884 1888/1888 1926/1926
f 1850/1850 1932/1932 1886/1886
f 1863/1863 1938/1938 1944/1944
f 1891/1891 1898/1898 1896/1896
f 1871/1871 1899/1899 1894/1894
f 1894/1894 1903/1903 1871/1871
f 1892/1892 1900/1900 1812/1812
f 1839/1839 1902/1902 1888/1888
f 1871/1871 1903/1903 1890/1890
f 1891/1891 1896/1896 1899/1899
f 1880/1880 1898/1898 1889/1889
f 1868/1868 1863/1863 1892/1892
f 1881/1881 1926/1926 1897/1897
f 1890/1890 1903/1903 1867/1867
f 1902/1902 1926/1926 1888/1888
f 1909/1909 1826/1826 1922/1922
f 1844/1844 1912/1912 1924/1924
f 1924/1924 1913/1913 1844/1844
f 1908/1908 1847/1847 1917/1917
f 1867/1867 1903/1903 1977/1977
f 1900/1900 1920/1920 1812/1812
f 1897/1897 1926/1926 1918/1918
f 1897/1897 1928/1928 1919/1919
f 1919/1919 1911/1911 1897/1897
f 1867/1867 1914/1914 1906/1906
f 1910/1910 1927/1927 1873/1873
f 1897/1897 1929/1929 1893/1893
f 1932/1932 1844/1844 1954/1954
f 1844/1844 1913/1913 1954/1954
f 1771/1771 1907/1907 1973/1973
f 1904/1904 1921/1921 1812/1812
f 1918/1918 1928/1928 1897/1897
f 1847/1847 1905/1905 1967/1967
f 1893/1893 1947/1947 1912/1912
f 1812/1812 1920/1920 1904/1904
f 1922/1922 1901/1901 1963/1963
f 1896/1896 1898/1898 1940/1940
f 1899/1899 1942/1942 1903/1903
f 1899/1899 1903/1903 1894/1894
f 1796/1796 1812/1812 1975/1975
f 1904/1904 1920/1920 1921/1921
f 1901/1901 1873/1873 1933/1933
f 1912/1912 1947/1947 1923/1923
f 1898/1898 1941/1941 1940/1940
f 1898/1898 1955/1955 1941/1941
f 1898/1898 1886/1886 1955/1955
f 1896/1896 1942/1942 1899/1899
f 1892/1892 1863/1863 1962/1962
f 1926/1926 1945/1945 1918/1918
f 1893/1893 1915/1915 1916/1916
f 1916/1916 1935/1935 1893/1893
f 1946/1946 1947/1947 1893/1893
f 1923/1923 1948/1948 1912/1912
f 1912/1912 1948/1948 1924/1924
f 1756/1756 1949/1949 1895/1895
f 1913/1913 1939/1939 1952/1952
f 1913/1913 1924/1924 1939/1939
f 1925/1925 1931/1931 1756/1756
f 1756/1756 1931/1931 1951/1951
f 1913/1913 1952/1952 1953/1953
f 1932/1932 1954/1954 1930/1930
f 1913/1913 1953/1953 1954/1954
f 1932/1932 1955/1955 1886/1886
f 1771/1771 1972/1972 1925/1925
f 1932/1932 1959/1959 1955/1955
f 1914/1914 1867/1867 1956/1956
f 1906/1906 1914/1914 1938/1938
f 1867/1867 1958/1958 1943/1943
f 1977/1977 1958/1958 1867/1867
f 1932/1932 1971/1971 1937/1937
f 1867/1867 1943/1943 1936/1936
f 1932/1932 1960/1960 1959/1959
f 1944/1944 1938/1938 1914/1914
f 1932/1932 1937/1937 1960/1960
f 1892/1892 1920/1920 1900/1900
f 1826/1826 1901/1901 1922/1922
f 1963/1963 1901/1901 1964/1964
f 1901/1901 1965/1965 1964/1964
f 1901/1901 1933/1933 1965/1965
f 1933/1933 1873/1873 1934/1934
f 1873/1873 1927/1927 1934/1934
f 1926/1926 1902/1902 1945/1945
f 1927/1927 1910/1910 1966/1966
f 1897/1897 1911/1911 1929/1929
f 1910/1910 1908/1908 1917/1917
f 1915/1915 1893/1893 1929/1929
f 1917/1917 1847/1847 1967/1967
f 1935/1935 1946/1946 1893/1893
f 1895/1895 1967/1967 1905/1905
f 1895/1895 1968/1968 1967/1967
f 1895/1895 1949/1949 1968/1968
f 1756/1756 1950/1950 1949/1949
f 1756/1756 1951/1951 1950/1950
f 1931/1931 1925/1925 1970/1970
f 1972/1972 1970/1970 1925/1925
f 1932/1932 1930/1930 1969/1969
f 1940/1940 1942/1942 1896/1896
f 1969/1969 1971/1971 1932/1932
f 1903/1903 1942/1942 1957/1957
f 1867/1867 1936/1936 1956/1956
f 1914/1914 1961/1961 1944/1944
f 1972/1972 1771/1771 1973/1973
f 1944/1944 1962/1962 1863/1863
f 1944/1944 1961/1961 1962/1962
f 1796/1796 1975/1975 1907/1907
f 1973/1973 1907/1907 1974/1974
f 1892/1892 1962/1962 1920/1920
f 1975/1975 1974/1974 1907/1907
f 1976/1976 1975/1975 1812/1812
f 1921/1921 1976/1976 1812/1812
f 1966/1966 1910/1910 1917/1917
f 1957/1957 1977/1977 1903/1903
f 1978/1978 1980/1980 1979/1979
f 1980/1980 1981/1981 1991/1991
f 1987/1987 1982/1982 1985/1985
f 1983/1983 1982/1982 1989/1989
f 1983/1983 1984/1984 2005/2005
f 1986/1986 1978/1978 1979/1979
f 1982/1982 1978/1978 1985/1985
f 1985/1985 1978/1978 1986/1986
f 1979/1979 1980/1980 1991/1991
f 1983/1983 1989/1989 1984/1984
f 1989/1989 1982/1982 1987/1987
f 1989/1989 1990/1990 1984/1984
f 1979/1979 1991/1991 1988/1988
f 1995/1995 1991/1991 1981/1981
f 1985/1985 1986/1986 1998/1998
f 1988/1988 2002/2002 1979/1979
f 2006/2006 1987/1987 1985/1985
f 1995/1995 1988/1988 1991/1991
f 1979/1979 2002/2002 1999/1999
f 1984/1984 1994/1994 2005/2005
f 1986/1986 1979/1979 1997/1997
f 1985/1985 1992/1992 1996/1996
f 1979/1979 1999/1999 1997/1997
f 1985/1985 1998/1998 1996/1996
f 1993/1993 1990/1990 1989/1989
f 1985/1985 1996/1996 2006/2006
f 1985/1985 1996/1996 1992/1992
f 1984/1984 1990/1990 1994/1994
f 1989/1989 1987/1987 2000/2000
f 1986/1986 1997/1997 1999/1999
f 1993/1993 1989/1989 2000/2000
f 1988/1988 1995/1995 2001/2001
f 1986/1986 1999/1999 1998/1998
f 2002/2002 1988/1988 2001/2001
f 2001/2001 1995/1995 1981/1981
f 1987/1987 2006/2006 2000/2000
f 1998/1998 2022/2022 1996/1996
f 1998/1998 1999/1999 2022/2022
f 1993/1993 2007/2007 1990/1990
f 1999/1999 2002/2002 2022/2022
f 2048/2048 1994/1994 1990/1990
f 2003/2003 2048/2048 1990/1990
f 2001/2001 1981/1981 2004/2004
f 1996/1996 2022/2022 2006/2006
f 1993/1993 2008/2008 2007/2007
f 1993/1993 2000/2000 2024/2024
f 2002/2002 2001/2001 2022/2022
f 1994/1994 2055/2055 2005/2005
f 2022/2022 2001/2001 2010/2010
f 2004/2004 2011/2011 2001/2001
f 2001/2001 2011/2011 2010/2010
f 1994/1994 2009/2009 2055/2055
f 1994/1994 2048/2048 2009/2009
f 2006/2006 2024/2024 2000/2000
f 2024/2024 2006/2006 2037/2037
f 2003/2003 2007/2007 2008/2008
f 2018/2018 2022/2022 2017/2017
f 2022/2022 2010/2010 2017/2017
f 2037/2037 2006/2006 2022/2022
f 2076/2076 2027/2027 2012/2012
f 2014/2014 2053/2053 2023/2023
f 2076/2076 2026/2026 2027/2027
f 2022/2022 2046/2046 2037/2037
f 2023/2023 2018/2018 2014/2014
f 2015/2015 2020/2020 2040/2040
f 2014/2014 2018/2018 2017/2017
f 2042/2042 2014/2014 2017/2017
f 2011/2011 2004/2004 2019/2019
f 2076/2076 2045/2045 2016/2016
f 2021/2021 2079/2079 2015/2015
f 2022/2022 2018/2018 2023/2023
f 2022/2022 2023/2023 2053/2053
f 2076/2076 2016/2016 2026/2026
f 2079/2079 2028/2028 2015/2015
f 2016/2016 2031/2031 2026/2026
f 2013/2013 2058/2058 2015/2015
f 2039/2039 2022/2022 2053/2053
f 2045/2045 2076/2076 2078/2078
f 2076/2076 2012/2012 2029/2029
f 2032/2032 2025/2025 2027/2027
f 2009/2009 2048/2048 2055/2055
f 2053/2053 2084/2084 2039/2039
f 2045/2045 2035/2035 2016/2016
f 2046/2046 2022/2022 2039/2039
f 2013/2013 2033/2033 2014/2014
f 2010/2010 2011/2011 2019/2019
f 2021/2021 2015/2015 2040/2040
f 2075/2075 2076/2076 2029/2029
f 2017/2017 2010/2010 2042/2042
f 2027/2027 2025/2025 2012/2012
f 2053/2053 2014/2014 2038/2038
f 2013/2013 2015/2015 2033/2033
f 2028/2028 2033/2033 2015/2015
f 2014/2014 2042/2042 2013/2013
f 2030/2030 2040/2040 2020/2020
f 2024/2024 2066/2066 1993/1993
f 2027/2027 2036/2036 2032/2032
f 2033/2033 2028/2028 2014/2014
f 2060/2060 2027/2027 2026/2026
f 2041/2041 2061/2061 2040/2040
f 2038/2038 2014/2014 2028/2028
f 2041/2041 2030/2030 2016/2016
f 2027/2027 2060/2060 2036/2036
f 2041/2041 2040/2040 2030/2030
f 2020/2020 2058/2058 2030/2030
f 2016/2016 2035/2035 2061/2061
f 2016/2016 2061/2061 2041/2041
f 2030/2030 2058/2058 2043/2043
f 2040/2040 2061/2061 2063/2063
f 2048/2048 2003/2003 2044/2044
f 2015/2015 2058/2058 2020/2020
f 2012/2012 2025/2025 2049/2049
f 2063/2063 2021/2021 2040/2040
f 2013/2013 2042/2042 2034/2034
f 2012/2012 2049/2049 2047/2047
f 2026/2026 2031/2031 2052/2052
f 2030/2030 2031/2031 2016/2016
f 2039/2039 2084/2084 2046/2046
f 1990/1990 2007/2007 2003/2003
f 2013/2013 2034/2034 2057/2057
f 2052/2052 2058/2058 2026/2026
f 2044/2044 2050/2050 2048/2048
f 2012/2012 2054/2054 2071/2071
f 2047/2047 2054/2054 2012/2012
f 2029/2029 2012/2012 2071/2071
f 2047/2047 2049/2049 2054/2054
f 2030/2030 2043/2043 2031/2031
f 2058/2058 2052/2052 2043/2043
f 2019/2019 2056/2056 2010/2010
f 2024/2024 2051/2051 2066/2066
f 2052/2052 2031/2031 2043/2043
f 2055/2055 2048/2048 2059/2059
f 2035/2035 2045/2045 2078/2078
f 2013/2013 2057/2057 2058/2058
f 2024/2024 2065/2065 2051/2051
f 2037/2037 2046/2046 2082/2082
f 2076/2076 2075/2075 2074/2074
f 2042/2042 2010/2010 2034/2034
f 2034/2034 2010/2010 2057/2057
f 2048/2048 2064/2064 2059/2059
f 2046/2046 2084/2084 2082/2082
f 2058/2058 2060/2060 2026/2026
f 1993/1993 2066/2066 2008/2008
f 2024/2024 2037/2037 2065/2065
f 2057/2057 2062/2062 2058/2058
f 2028/2028 2053/2053 2038/2038
f 2058/2058 2069/2069 2093/2093
f 2058/2058 2093/2093 2060/2060
f 2068/2068 2053/2053 2028/2028
f 2048/2048 2050/2050 2064/2064
f 2021/2021 2063/2063 2079/2079
f 2050/2050 2067/2067 2064/2064
f 2081/2081 2068/2068 2028/2028
f 2058/2058 2062/2062 2069/2069
f 2010/2010 2062/2062 2057/2057
f 2050/2050 2107/2107 2067/2067
f 2070/2070 2061/2061 2035/2035
f 2062/2062 2010/2010 2069/2069
f 2070/2070 2063/2063 2061/2061
f 2068/2068 2081/2081 2053/2053
f 2010/2010 2056/2056 2069/2069
f 2029/2029 2071/2071 2075/2075
f 2053/2053 2081/2081 2103/2103
f 2077/2077 2035/2035 2098/2098
f 2074/2074 2075/2075 2073/2073
f 2098/2098 2035/2035 2078/2078
f 2089/2089 2075/2075 2071/2071
f 2075/2075 2089/2089 2073/2073
f 2072/2072 2050/2050 2044/2044
f 2008/2008 2066/2066 2003/2003
f 2080/2080 2079/2079 2063/2063
f 2122/2122 2053/2053 2103/2103
f 2078/2078 2076/2076 2106/2106
f 2066/2066 2086/2086 2003/2003
f 2080/2080 2070/2070 2035/2035
f 2063/2063 2070/2070 2080/2080
f 2044/2044 2003/2003 2072/2072
f 2084/2084 2053/2053 2122/2122
f 2106/2106 2076/2076 2074/2074
f 2071/2071 2054/2054 2083/2083
f 2028/2028 2079/2079 2081/2081
f 2084/2084 2122/2122 2082/2082
f 2074/2074 2073/2073 2085/2085
f 2035/2035 2101/2101 2080/2080
f 2098/2098 2078/2078 2096/2096
f 2077/2077 2101/2101 2035/2035
f 2037/2037 2082/2082 2051/2051
f 2079/2079 2080/2080 2087/2087
f 2065/2065 2037/2037 2051/2051
f 2077/2077 2091/2091 2101/2101
f 2080/2080 2101/2101 2087/2087
f 2072/2072 2129/2129 2050/2050
f 2091/2091 2077/2077 2109/2109
f 2074/2074 2085/2085 2106/2106
f 2071/2071 2083/2083 2088/2088
f 2071/2071 2088/2088 2089/2089
f 2069/2069 2090/2090 2093/2093
f 2099/2099 2092/2092 2097/2097
f 2069/2069 2056/2056 2090/2090
f 2099/2099 2097/2097 2094/2094
f 2003/2003 2086/2086 2072/2072
f 2079/2079 2087/2087 2108/2108
f 2082/2082 2122/2122 2112/2112
f 2051/2051 2082/2082 2112/2112
f 2077/2077 2098/2098 2113/2113
f 2098/2098 2096/2096 2118/2118
f 2081/2081 2079/2079 2103/2103
f 2097/2097 2092/2092 2085/2085
f 2087/2087 2101/2101 2108/2108
f 2099/2099 2094/2094 2095/2095
f 2091/2091 2108/2108 2101/2101
f 2108/2108 2103/2103 2079/2079
f 2099/2099 2100/2100 2092/2092
f 2106/2106 2085/2085 2092/2092
f 2095/2095 2094/2094 2123/2123
f 2098/2098 2102/2102 2113/2113
f 2098/2098 2118/2118 2102/2102
f 2120/2120 2099/2099 2095/2095
f 2100/2100 2104/2104 2092/2092
f 2108/2108 2119/2119 2103/2103
f 2106/2106 2092/2092 2111/2111
f 2100/2100 2105/2105 2110/2110
f 2100/2100 2110/2110 2104/2104
f 2120/2120 2100/2100 2099/2099
f 2108/2108 2091/2091 2119/2119
f 2077/2077 2113/2113 2109/2109
f 2100/2100 2120/2120 2105/2105
f 2104/2104 2111/2111 2092/2092
f 2107/2107 2050/2050 2137/2137
f 2078/2078 2106/2106 2110/2110
f 2096/2096 2078/2078 2110/2110
f 2106/2106 2111/2111 2110/2110
f 2111/2111 2104/2104 2110/2110
f 2127/2127 2105/2105 2114/2114
f 2105/2105 2096/2096 2110/2110
f 2105/2105 2120/2120 2114/2114
f 2096/2096 2105/2105 2116/2116
f 2109/2109 2117/2117 2119/2119
f 2109/2109 2119/2119 2091/2091
f 2105/2105 2118/2118 2116/2116
f 2118/2118 2096/2096 2116/2116
f 2120/2120 2095/2095 2123/2123
f 2122/2122 2103/2103 2119/2119
f 2112/2112 2122/2122 2124/2124
f 2125/2125 2123/2123 2094/2094
f 2122/2122 2119/2119 2130/2130
f 2050/2050 2129/2129 2137/2137
f 2121/2121 2117/2117 2109/2109
f 2135/2135 2121/2121 2109/2109
f 2105/2105 2127/2127 2118/2118
f 2134/2134 2120/2120 2136/2136
f 2114/2114 2120/2120 2127/2127
f 2134/2134 2127/2127 2120/2120
f 2113/2113 2102/2102 2109/2109
f 2117/2117 2130/2130 2119/2119
f 2124/2124 2115/2115 2112/2112
f 2066/2066 2051/2051 2126/2126
f 2134/2134 2128/2128 2127/2127
f 2130/2130 2124/2124 2122/2122
f 2128/2128 2118/2118 2127/2127
f 2136/2136 2120/2120 2123/2123
f 2102/2102 2118/2118 2133/2133
f 2135/2135 2109/2109 2102/2102
f 2118/2118 2128/2128 2133/2133
f 2134/2134 2139/2139 2128/2128
f 2135/2135 2131/2131 2121/2121
f 2130/2130 2117/2117 2168/2168
f 2066/2066 2126/2126 2147/2147
f 2066/2066 2072/2072 2086/2086
f 2134/2134 2138/2138 2141/2141
f 2141/2141 2139/2139 2134/2134
f 2135/2135 2102/2102 2133/2133
f 2136/2136 2123/2123 2125/2125
f 2121/2121 2168/2168 2117/2117
f 2128/2128 2139/2139 2133/2133
f 2051/2051 2112/2112 2126/2126
f 2072/2072 2132/2132 2129/2129
f 2130/2130 2140/2140 2124/2124
f 2115/2115 2124/2124 2112/2112
f 2137/2137 2129/2129 2176/2176
f 2147/2147 2072/2072 2066/2066
f 2139/2139 2144/2144 2133/2133
f 2135/2135 2133/2133 2144/2144
f 2134/2134 2136/2136 2138/2138
f 2138/2138 2136/2136 2143/2143
f 2147/2147 2132/2132 2072/2072
f 2132/2132 2145/2145 2129/2129
f 2129/2129 2142/2142 2176/2176
f 2138/2138 2143/2143 2146/2146
f 2121/2121 2131/2131 2148/2148
f 2143/2143 2136/2136 2125/2125
f 2139/2139 2141/2141 2138/2138
f 2124/2124 2152/2152 2112/2112
f 2168/2168 2121/2121 2148/2148
f 2135/2135 2144/2144 2131/2131
f 2145/2145 2151/2151 2129/2129
f 2139/2139 2155/2155 2144/2144
f 2129/2129 2151/2151 2142/2142
f 2146/2146 2143/2143 2150/2150
f 2139/2139 2138/2138 2155/2155
f 2148/2148 2131/2131 2144/2144
f 2132/2132 2154/2154 2145/2145
f 2154/2154 2156/2156 2145/2145
f 2124/2124 2149/2149 2152/2152
f 2138/2138 2158/2158 2155/2155
f 2158/2158 2138/2138 2146/2146
f 2126/2126 2112/2112 2152/2152
f 2130/2130 2168/2168 2140/2140
f 2155/2155 2148/2148 2144/2144
f 2151/2151 2145/2145 2156/2156
f 2157/2157 2146/2146 2150/2150
f 2124/2124 2140/2140 2162/2162
f 2157/2157 2167/2167 2146/2146
f 2125/2125 2153/2153 2143/2143
f 2158/2158 2169/2169 2155/2155
f 2124/2124 2162/2162 2149/2149
f 2150/2150 2143/2143 2153/2153
f 2148/2148 2155/2155 2168/2168
f 2158/2158 2163/2163 2169/2169
f 2149/2149 2162/2162 2152/2152
f 2132/2132 2156/2156 2154/2154
f 2169/2169 2168/2168 2155/2155
f 2126/2126 2152/2152 2159/2159
f 2126/2126 2159/2159 2147/2147
f 2142/2142 2164/2164 2176/2176
f 2147/2147 2159/2159 2132/2132
f 2152/2152 2171/2171 2159/2159
f 2159/2159 2171/2171 2132/2132
f 2172/2172 2151/2151 2156/2156
f 2142/2142 2151/2151 2172/2172
f 2171/2171 2156/2156 2132/2132
f 2177/2177 2160/2160 2181/2181
f 2153/2153 2161/2161 2150/2150
f 2172/2172 2176/2176 2164/2164
f 2177/2177 2184/2184 2160/2160
f 2146/2146 2163/2163 2158/2158
f 2150/2150 2161/2161 2165/2165
f 2156/2156 2166/2166 2182/2182
f 2164/2164 2142/2142 2172/2172
f 2167/2167 2157/2157 2150/2150
f 2152/2152 2162/2162 2180/2180
f 2171/2171 2152/2152 2180/2180
f 2182/2182 2172/2172 2156/2156
f 2167/2167 2150/2150 2190/2190
f 2172/2172 2170/2170 2176/2176
f 2169/2169 2193/2193 2205/2205
f 2140/2140 2168/2168 2175/2175
f 2192/2192 2177/2177 2181/2181
f 2170/2170 2174/2174 2176/2176
f 2146/2146 2167/2167 2190/2190
f 2156/2156 2171/2171 2166/2166
f 2166/2166 2171/2171 2182/2182
f 2174/2174 2195/2195 2176/2176
f 2150/2150 2165/2165 2179/2179
f 2182/2182 2178/2178 2172/2172
f 2169/2169 2175/2175 2168/2168
f 2162/2162 2140/2140 2175/2175
f 2190/2190 2163/2163 2146/2146
f 2171/2171 2180/2180 2182/2182
f 2215/2215 2172/2172 2178/2178
f 2184/2184 2177/2177 2185/2185
f 2150/2150 2179/2179 2199/2199
f 2163/2163 2193/2193 2169/2169
f 2180/2180 2162/2162 2183/2183
f 2215/2215 2170/2170 2172/2172
f 2150/2150 2199/2199 2190/2190
f 2192/2192 2173/2173 2177/2177
f 2195/2195 2174/2174 2189/2189
f 2215/2215 2178/2178 2182/2182
f 2192/2192 2181/2181 2206/2206
f 2215/2215 2187/2187 2170/2170
f 2191/2191 2174/2174 2170/2170
f 2181/2181 2160/2160 2206/2206
f 2177/2177 2173/2173 2185/2185
f 2180/2180 2186/2186 2182/2182
f 2182/2182 2186/2186 2215/2215
f 2274/2274 2184/2184 2185/2185
f 2191/2191 2170/2170 2187/2187
f 2180/2180 2183/2183 2186/2186
f 2212/2212 2185/2185 2198/2198
f 2197/2197 2205/2205 2193/2193
f 2198/2198 2185/2185 2173/2173
f 2183/2183 2215/2215 2186/2186
f 2221/2221 2274/2274 2185/2185
f 2189/2189 2188/2188 2195/2195
f 2221/2221 2185/2185 2212/2212
f 2192/2192 2198/2198 2173/2173
f 2203/2203 2189/2189 2191/2191
f 2190/2190 2194/2194 2163/2163
f 2191/2191 2189/2189 2174/2174
f 2162/2162 2210/2210 2183/2183
f 2199/2199 2222/2222 2190/2190
f 2193/2193 2163/2163 2194/2194
f 2188/2188 2204/2204 2195/2195
f 2206/2206 2160/2160 2196/2196
f 2188/2188 2213/2213 2204/2204
f 2205/2205 2175/2175 2169/2169
f 2162/2162 2175/2175 2210/2210
f 2226/2226 2234/2234 2188/2188
f 2192/2192 2200/2200 2201/2201
f 2213/2213 2188/2188 2234/2234
f 2200/2200 2192/2192 2206/2206
f 2187/2187 2215/2215 2191/2191
f 2206/2206 2196/2196 2204/2204
f 2194/2194 2190/2190 2222/2222
f 2207/2207 2226/2226 2188/2188
f 2207/2207 2188/2188 2189/2189
f 2204/2204 2213/2213 2206/2206
f 2194/2194 2236/2236 2193/2193
f 2193/2193 2209/2209 2197/2197
f 2203/2203 2228/2228 2189/2189
f 2201/2201 2198/2198 2192/2192
f 2189/2189 2228/2228 2207/2207
f 2200/2200 2206/2206 2201/2201
f 2175/2175 2205/2205 2210/2210
f 2212/2212 2198/2198 2201/2201
f 2218/2218 2191/2191 2211/2211
f 2209/2209 2214/2214 2197/2197
f 2201/2201 2206/2206 2208/2208
f 2201/2201 2216/2216 2212/2212
f 2230/2230 2206/2206 2232/2232
f 2212/2212 2216/2216 2201/2201
f 2197/2197 2214/2214 2205/2205
f 2202/2202 2212/2212 2201/2201
f 2207/2207 2228/2228 2226/2226
f 2206/2206 2213/2213 2234/2234
f 2209/2209 2217/2217 2214/2214
f 2210/2210 2205/2205 2215/2215
f 2215/2215 2183/2183 2210/2210
f 2222/2222 2199/2199 2225/2225
f 2209/2209 2193/2193 2236/2236
f 2208/2208 2206/2206 2230/2230
f 2236/2236 2217/2217 2209/2209
f 2223/2223 2202/2202 2201/2201
f 2219/2219 2199/2199 2179/2179
f 2191/2191 2215/2215 2211/2211
f 2225/2225 2199/2199 2224/2224
f 2232/2232 2206/2206 2234/2234
f 2218/2218 2227/2227 2191/2191
f 2236/2236 2194/2194 2220/2220
f 2227/2227 2203/2203 2191/2191
f 2226/2226 2228/2228 2239/2239
f 2215/2215 2205/2205 2211/2211
f 2221/2221 2212/2212 2202/2202
f 2194/2194 2225/2225 2220/2220
f 2194/2194 2222/2222 2225/2225
f 2228/2228 2203/2203 2227/2227
f 2205/2205 2233/2233 2211/2211
f 2208/2208 2223/2223 2201/2201
f 2217/2217 2236/2236 2229/2229
f 2223/2223 2208/2208 2230/2230
f 2221/2221 2202/2202 2223/2223
f 2205/2205 2214/2214 2233/2233
f 2217/2217 2229/2229 2237/2237
f 2230/2230 2232/2232 2241/2241
f 2255/2255 2217/2217 2237/2237
f 2221/2221 2223/2223 2241/2241
f 2230/2230 2241/2241 2223/2223
f 2228/2228 2227/2227 2239/2239
f 2234/2234 2226/2226 2231/2231
f 2199/2199 2219/2219 2235/2235
f 2199/2199 2235/2235 2224/2224
f 2241/2241 2232/2232 2248/2248
f 2225/2225 2224/2224 2220/2220
f 2217/2217 2249/2249 2214/2214
f 2232/2232 2234/2234 2242/2242
f 2211/2211 2233/2233 2249/2249
f 2233/2233 2214/2214 2249/2249
f 2236/2236 2220/2220 2238/2238
f 2217/2217 2255/2255 2247/2247
f 2231/2231 2242/2242 2234/2234
f 2218/2218 2211/2211 2249/2249
f 2247/2247 2249/2249 2217/2217
f 2226/2226 2239/2239 2240/2240
f 2220/2220 2224/2224 2250/2250
f 2238/2238 2220/2220 2250/2250
f 2238/2238 2250/2250 2236/2236
f 2241/2241 2248/2248 2244/2244
f 2241/2241 2244/2244 2243/2243
f 2229/2229 2236/2236 2237/2237
f 2226/2226 2270/2270 2231/2231
f 2237/2237 2236/2236 2250/2250
f 2246/2246 2250/2250 2224/2224
f 2246/2246 2224/2224 2256/2256
f 2227/2227 2218/2218 2253/2253
f 2221/2221 2241/2241 2244/2244
f 2244/2244 2241/2241 2243/2243
f 2248/2248 2232/2232 2259/2259
f 2237/2237 2258/2258 2255/2255
f 2227/2227 2253/2253 2240/2240
f 2240/2240 2270/2270 2226/2226
f 2239/2239 2227/2227 2240/2240
f 2255/2255 2272/2272 2245/2245
f 2245/2245 2265/2265 2255/2255
f 2255/2255 2254/2254 2247/2247
f 2235/2235 2251/2251 2224/2224
f 2259/2259 2232/2232 2271/2271
f 2224/2224 2251/2251 2252/2252
f 2260/2260 2262/2262 2248/2248
f 2247/2247 2254/2254 2249/2249
f 2244/2244 2262/2262 2221/2221
f 2255/2255 2265/2265 2254/2254
f 2218/2218 2249/2249 2253/2253
f 2224/2224 2252/2252 2257/2257
f 2240/2240 2264/2264 2270/2270
f 2255/2255 2258/2258 2272/2272
f 2260/2260 2248/2248 2259/2259
f 2237/2237 2250/2250 2261/2261
f 2244/2244 2248/2248 2262/2262
f 2249/2249 2254/2254 2253/2253
f 2261/2261 2258/2258 2237/2237
f 2224/2224 2257/2257 2256/2256
f 2250/2250 2246/2246 2263/2263
f 2245/2245 2272/2272 2265/2265
f 2246/2246 2256/2256 2263/2263
f 2261/2261 2250/2250 2263/2263
f 2232/2232 2242/2242 2271/2271
f 2221/2221 2262/2262 2276/2276
f 2258/2258 2286/2286 2272/2272
f 2258/2258 2261/2261 2286/2286
f 2256/2256 2285/2285 2263/2263
f 2231/2231 2271/2271 2242/2242
f 2272/2272 2267/2267 2265/2265
f 2240/2240 2253/2253 2264/2264
f 2267/2267 2281/2281 2265/2265
f 2285/2285 2256/2256 2266/2266
f 2281/2281 2268/2268 2265/2265
f 2265/2265 2268/2268 2254/2254
f 2254/2254 2268/2268 2253/2253
f 2260/2260 2259/2259 2273/2273
f 2266/2266 2256/2256 2269/2269
f 2269/2269 2256/2256 2257/2257
f 2272/2272 2281/2281 2267/2267
f 2231/2231 2284/2284 2271/2271
f 2261/2261 2263/2263 2290/2290
f 2264/2264 2292/2292 2270/2270
f 2253/2253 2301/2301 2278/2278
f 2276/2276 2262/2262 2293/2293
f 2259/2259 2271/2271 2279/2279
f 2264/2264 2253/2253 2288/2288
f 2286/2286 2261/2261 2290/2290
f 2260/2260 2273/2273 2291/2291
f 2292/2292 2289/2289 2270/2270
f 2278/2278 2288/2288 2253/2253
f 2290/2290 2263/2263 2307/2307
f 2272/2272 2286/2286 2281/2281
f 2281/2281 2300/2300 2268/2268
f 2278/2278 2301/2301 2288/2288
f 2298/2298 2273/2273 2259/2259
f 2231/2231 2283/2283 2284/2284
f 2263/2263 2285/2285 2307/2307
f 2299/2299 2290/2290 2307/2307
f 2253/2253 2268/2268 2300/2300
f 2291/2291 2273/2273 2311/2311
f 2264/2264 2294/2294 2287/2287
f 2260/2260 2291/2291 2293/2293
f 2262/2262 2260/2260 2293/2293
f 2274/2274 2221/2221 2275/2275
f 2231/2231 2270/2270 2289/2289
f 2231/2231 2289/2289 2283/2283
f 2221/2221 2276/2276 2275/2275
f 2294/2294 2264/2264 2288/2288
f 2259/2259 2302/2302 2298/2298
f 2286/2286 2290/2290 2299/2299
f 2285/2285 2266/2266 2307/2307
f 2304/2304 2286/2286 2306/2306
f 2286/2286 2299/2299 2306/2306
f 2286/2286 2305/2305 2303/2303
f 2266/2266 2269/2269 2296/2296
f 2266/2266 2296/2296 2307/2307
f 2308/2308 2286/2286 2303/2303
f 2281/2281 2286/2286 2309/2309
f 2309/2309 2286/2286 2308/2308
f 2281/2281 2309/2309 2297/2297
f 2281/2281 2297/2297 2300/2300
f 2264/2264 2287/2287 2310/2310
f 2264/2264 2310/2310 2292/2292
f 2273/2273 2298/2298 2311/2311
f 2253/2253 2300/2300 2301/2301
f 2275/2275 2276/2276 2293/2293
f 2271/2271 2284/2284 2282/2282
f 2302/2302 2259/2259 2295/2295
f 2282/2282 2312/2312 2271/2271
f 2313/2313 2271/2271 2312/2312
f 2271/2271 2277/2277 2279/2279
f 2271/2271 2313/2313 2280/2280
f 2277/2277 2271/2271 2280/2280
f 2286/2286 2304/2304 2305/2305
f 2295/2295 2259/2259 2279/2279
f 2315/2315 2317/2317 2316/2316
f 2316/2316 2317/2317 2314/2314
f 2314/2314 2317/2317 2318/2318
f 2431/2431 2316/2316 2314/2314
f 2314/2314 2318/2318 2321/2321
f 2315/2315 2336/2336 2317/2317
f 2315/2315 2319/2319 2336/2336
f 2314/2314 2321/2321 2330/2330
f 2336/2336 2319/2319 2347/2347
f 2335/2335 2314/2314 2330/2330
f 2317/2317 2324/2324 2331/2331
f 2325/2325 2330/2330 2322/2322
f 2335/2335 2330/2330 2325/2325
f 2322/2322 2323/2323 2334/2334
f 2317/2317 2336/2336 2324/2324
f 2322/2322 2326/2326 2323/2323
f 2322/2322 2339/2339 2326/2326
f 2317/2317 2320/2320 2318/2318
f 2317/2317 2331/2331 2327/2327
f 2325/2325 2322/2322 2328/2328
f 2330/2330 2339/2339 2322/2322
f 2333/2333 2330/2330 2321/2321
f 2325/2325 2328/2328 2335/2335
f 2322/2322 2334/2334 2340/2340
f 2339/2339 2330/2330 2333/2333
f 2318/2318 2327/2327 2321/2321
f 2323/2323 2348/2348 2357/2357
f 2326/2326 2339/2339 2323/2323
f 2340/2340 2338/2338 2322/2322
f 2318/2318 2320/2320 2327/2327
f 2322/2322 2338/2338 2328/2328
f 2317/2317 2327/2327 2320/2320
f 2327/2327 2329/2329 2321/2321
f 2335/2335 2431/2431 2314/2314
f 2335/2335 2328/2328 2338/2338
f 2324/2324 2336/2336 2331/2331
f 2329/2329 2327/2327 2332/2332
f 2333/2333 2321/2321 2329/2329
f 2339/2339 2333/2333 2329/2329
f 2323/2323 2339/2339 2348/2348
f 2319/2319 2337/2337 2347/2347
f 2405/2405 2340/2340 2334/2334
f 2338/2338 2345/2345 2335/2335
f 2323/2323 2357/2357 2350/2350
f 2339/2339 2329/2329 2342/2342
f 2331/2331 2336/2336 2347/2347
f 2342/2342 2369/2369 2339/2339
f 2339/2339 2369/2369 2370/2370
f 2343/2343 2329/2329 2332/2332
f 2335/2335 2345/2345 2431/2431
f 2331/2331 2347/2347 2344/2344
f 2342/2342 2329/2329 2369/2369
f 2329/2329 2343/2343 2369/2369
f 2338/2338 2340/2340 2345/2345
f 2351/2351 2354/2354 2346/2346
f 2354/2354 2364/2364 2349/2349
f 2354/2354 2355/2355 2364/2364
f 2348/2348 2339/2339 2370/2370
f 2351/2351 2353/2353 2354/2354
f 2359/2359 2355/2355 2354/2354
f 2359/2359 2354/2354 2353/2353
f 2359/2359 2357/2357 2348/2348
f 2344/2344 2327/2327 2331/2331
f 2405/2405 2345/2345 2340/2340
f 2334/2334 2323/2323 2350/2350
f 2357/2357 2358/2358 2351/2351
f 2351/2351 2356/2356 2360/2360
f 2351/2351 2359/2359 2353/2353
f 2366/2366 2360/2360 2356/2356
f 2354/2354 2349/2349 2346/2346
f 2357/2357 2359/2359 2358/2358
f 2327/2327 2341/2341 2332/2332
f 2361/2361 2357/2357 2351/2351
f 2346/2346 2356/2356 2351/2351
f 2351/2351 2358/2358 2359/2359
f 2359/2359 2348/2348 2355/2355
f 2350/2350 2357/2357 2361/2361
f 2405/2405 2334/2334 2435/2435
f 2351/2351 2360/2360 2363/2363
f 2361/2361 2351/2351 2363/2363
f 2355/2355 2348/2348 2364/2364
f 2349/2349 2364/2364 2346/2346
f 2360/2360 2350/2350 2361/2361
f 2366/2366 2367/2367 2360/2360
f 2348/2348 2370/2370 2368/2368
f 2360/2360 2361/2361 2363/2363
f 2348/2348 2368/2368 2364/2364
f 2356/2356 2378/2378 2366/2366
f 2350/2350 2360/2360 2365/2365
f 2373/2373 2375/2375 2366/2366
f 2365/2365 2360/2360 2367/2367
f 2365/2365 2367/2367 2366/2366
f 2334/2334 2350/2350 2424/2424
f 2381/2381 2366/2366 2375/2375
f 2373/2373 2366/2366 2378/2378
f 2356/2356 2346/2346 2383/2383
f 2376/2376 2364/2364 2368/2368
f 2347/2347 2390/2390 2344/2344
f 2337/2337 2371/2371 2347/2347
f 2327/2327 2344/2344 2390/2390
f 2381/2381 2365/2365 2366/2366
f 2370/2370 2376/2376 2368/2368
f 2405/2405 2385/2385 2345/2345
f 2345/2345 2362/2362 2431/2431
f 2346/2346 2364/2364 2352/2352
f 2424/2424 2350/2350 2365/2365
f 2327/2327 2390/2390 2389/2389
f 2356/2356 2383/2383 2378/2378
f 2364/2364 2376/2376 2387/2387
f 2347/2347 2371/2371 2390/2390
f 2364/2364 2387/2387 2352/2352
f 2389/2389 2372/2372 2327/2327
f 2327/2327 2372/2372 2341/2341
f 2376/2376 2370/2370 2374/2374
f 2435/2435 2334/2334 2424/2424
f 2380/2380 2381/2381 2375/2375
f 2337/2337 2384/2384 2371/2371
f 2375/2375 2373/2373 2380/2380
f 2365/2365 2381/2381 2377/2377
f 2383/2383 2346/2346 2388/2388
f 2377/2377 2381/2381 2380/2380
f 2388/2388 2346/2346 2352/2352
f 2371/2371 2382/2382 2390/2390
f 2371/2371 2384/2384 2382/2382
f 2376/2376 2379/2379 2387/2387
f 2373/2373 2378/2378 2380/2380
f 2370/2370 2402/2402 2374/2374
f 2376/2376 2386/2386 2379/2379
f 2398/2398 2425/2425 2380/2380
f 2425/2425 2377/2377 2380/2380
f 2343/2343 2332/2332 2395/2395
f 2343/2343 2395/2395 2369/2369
f 2376/2376 2374/2374 2386/2386
f 2377/2377 2425/2425 2365/2365
f 2352/2352 2387/2387 2388/2388
f 2369/2369 2395/2395 2370/2370
f 2372/2372 2389/2389 2420/2420
f 2389/2389 2390/2390 2382/2382
f 2378/2378 2383/2383 2399/2399
f 2337/2337 2400/2400 2384/2384
f 2380/2380 2378/2378 2399/2399
f 2383/2383 2388/2388 2391/2391
f 2383/2383 2393/2393 2399/2399
f 2393/2393 2383/2383 2391/2391
f 2388/2388 2394/2394 2391/2391
f 2391/2391 2396/2396 2393/2393
f 2402/2402 2370/2370 2436/2436
f 2454/2454 2405/2405 2435/2435
f 2394/2394 2404/2404 2391/2391
f 2388/2388 2387/2387 2394/2394
f 2370/2370 2416/2416 2436/2436
f 2389/2389 2382/2382 2409/2409
f 2332/2332 2341/2341 2441/2441
f 2389/2389 2437/2437 2420/2420
f 2401/2401 2392/2392 2397/2397
f 2370/2370 2395/2395 2416/2416
f 2391/2391 2392/2392 2401/2401
f 2391/2391 2404/2404 2392/2392
f 2374/2374 2402/2402 2386/2386
f 2380/2380 2419/2419 2398/2398
f 2396/2396 2391/2391 2401/2401
f 2424/2424 2365/2365 2425/2425
f 2396/2396 2399/2399 2393/2393
f 2400/2400 2413/2413 2384/2384
f 2429/2429 2404/2404 2394/2394
f 2337/2337 2415/2415 2400/2400
f 2398/2398 2417/2417 2425/2425
f 2332/2332 2416/2416 2395/2395
f 2400/2400 2415/2415 2413/2413
f 2396/2396 2401/2401 2418/2418
f 2397/2397 2392/2392 2408/2408
f 2379/2379 2414/2414 2387/2387
f 2332/2332 2441/2441 2436/2436
f 2362/2362 2345/2345 2385/2385
f 2380/2380 2399/2399 2419/2419
f 2401/2401 2397/2397 2408/2408
f 2401/2401 2408/2408 2418/2418
f 2408/2408 2392/2392 2421/2421
f 2407/2407 2396/2396 2418/2418
f 2408/2408 2421/2421 2440/2440
f 2404/2404 2421/2421 2392/2392
f 2399/2399 2396/2396 2419/2419
f 2408/2408 2440/2440 2410/2410
f 2387/2387 2414/2414 2394/2394
f 2413/2413 2406/2406 2427/2427
f 2418/2418 2408/2408 2410/2410
f 2337/2337 2412/2412 2415/2415
f 2382/2382 2384/2384 2409/2409
f 2411/2411 2409/2409 2384/2384
f 2431/2431 2362/2362 2426/2426
f 2403/2403 2417/2417 2398/2398
f 2407/2407 2419/2419 2396/2396
f 2416/2416 2332/2332 2436/2436
f 2433/2433 2398/2398 2419/2419
f 2412/2412 2413/2413 2415/2415
f 2389/2389 2409/2409 2437/2437
f 2404/2404 2442/2442 2421/2421
f 2413/2413 2427/2427 2384/2384
f 2394/2394 2414/2414 2429/2429
f 2460/2460 2423/2423 2379/2379
f 2413/2413 2451/2451 2406/2406
f 2436/2436 2471/2471 2402/2402
f 2402/2402 2463/2463 2386/2386
f 2420/2420 2341/2341 2372/2372
f 2403/2403 2398/2398 2433/2433
f 2433/2433 2419/2419 2407/2407
f 2429/2429 2414/2414 2423/2423
f 2412/2412 2422/2422 2413/2413
f 2433/2433 2428/2428 2403/2403
f 2414/2414 2379/2379 2423/2423
f 2424/2424 2425/2425 2430/2430
f 2384/2384 2427/2427 2411/2411
f 2432/2432 2430/2430 2425/2425
f 2341/2341 2420/2420 2441/2441
f 2439/2439 2418/2418 2410/2410
f 2433/2433 2407/2407 2438/2438
f 2427/2427 2409/2409 2411/2411
f 2406/2406 2451/2451 2427/2427
f 2432/2432 2424/2424 2430/2430
f 2425/2425 2417/2417 2468/2468
f 2405/2405 2362/2362 2385/2385
f 2435/2435 2424/2424 2432/2432
f 2454/2454 2432/2432 2425/2425
f 2454/2454 2435/2435 2432/2432
f 2452/2452 2427/2427 2451/2451
f 2422/2422 2451/2451 2413/2413
f 2404/2404 2429/2429 2434/2434
f 2454/2454 2425/2425 2453/2453
f 2403/2403 2468/2468 2417/2417
f 2444/2444 2438/2438 2407/2407
f 2379/2379 2386/2386 2463/2463
f 2433/2433 2457/2457 2428/2428
f 2405/2405 2454/2454 2362/2362
f 2431/2431 2426/2426 2521/2521
f 2421/2421 2511/2511 2440/2440
f 2404/2404 2434/2434 2442/2442
f 2454/2454 2455/2455 2362/2362
f 2453/2453 2425/2425 2468/2468
f 2426/2426 2362/2362 2455/2455
f 2418/2418 2439/2439 2443/2443
f 2442/2442 2465/2465 2421/2421
f 2442/2442 2494/2494 2465/2465
f 2460/2460 2379/2379 2472/2472
f 2409/2409 2427/2427 2437/2437
f 2402/2402 2445/2445 2463/2463
f 2433/2433 2438/2438 2444/2444
f 2436/2436 2441/2441 2471/2471
f 2427/2427 2452/2452 2449/2449
f 2434/2434 2494/2494 2442/2442
f 2451/2451 2446/2446 2447/2447
f 2429/2429 2423/2423 2448/2448
f 2422/2422 2446/2446 2451/2451
f 2429/2429 2448/2448 2434/2434
f 2457/2457 2444/2444 2407/2407
f 2423/2423 2460/2460 2448/2448
f 2480/2480 2420/2420 2437/2437
f 2486/2486 2403/2403 2428/2428
f 2433/2433 2444/2444 2457/2457
f 2450/2450 2439/2439 2410/2410
f 2460/2460 2456/2456 2448/2448
f 2428/2428 2457/2457 2464/2464
f 2421/2421 2465/2465 2481/2481
f 2447/2447 2462/2462 2451/2451
f 2486/2486 2428/2428 2464/2464
f 2403/2403 2485/2485 2468/2468
f 2449/2449 2470/2470 2427/2427
f 2470/2470 2437/2437 2427/2427
f 2474/2474 2439/2439 2450/2450
f 2462/2462 2452/2452 2451/2451
f 2443/2443 2439/2439 2467/2467
f 2421/2421 2481/2481 2511/2511
f 2448/2448 2456/2456 2434/2434
f 2456/2456 2472/2472 2434/2434
f 2441/2441 2420/2420 2471/2471
f 2439/2439 2474/2474 2467/2467
f 2474/2474 2450/2450 2458/2458
f 2452/2452 2459/2459 2449/2449
f 2454/2454 2453/2453 2468/2468
f 2486/2486 2485/2485 2403/2403
f 2452/2452 2462/2462 2447/2447
f 2443/2443 2467/2467 2418/2418
f 2452/2452 2476/2476 2459/2459
f 2454/2454 2426/2426 2455/2455
f 2459/2459 2470/2470 2449/2449
f 2466/2466 2447/2447 2446/2446
f 2434/2434 2493/2493 2494/2494
f 2447/2447 2466/2466 2469/2469
f 2447/2447 2469/2469 2452/2452
f 2470/2470 2480/2480 2437/2437
f 2452/2452 2475/2475 2476/2476
f 2469/2469 2479/2479 2452/2452
f 2471/2471 2445/2445 2402/2402
f 2418/2418 2467/2467 2510/2510
f 2494/2494 2481/2481 2465/2465
f 2473/2473 2471/2471 2420/2420
f 2452/2452 2479/2479 2475/2475
f 2478/2478 2521/2521 2426/2426
f 2458/2458 2467/2467 2474/2474
f 2420/2420 2480/2480 2473/2473
f 2472/2472 2493/2493 2434/2434
f 2488/2488 2468/2468 2477/2477
f 2463/2463 2445/2445 2379/2379
f 2468/2468 2485/2485 2477/2477
f 2457/2457 2501/2501 2464/2464
f 2457/2457 2461/2461 2501/2501
f 2478/2478 2454/2454 2487/2487
f 2468/2468 2487/2487 2454/2454
f 2407/2407 2418/2418 2510/2510
f 2471/2471 2473/2473 2497/2497
f 2459/2459 2482/2482 2470/2470
f 2482/2482 2492/2492 2470/2470
f 2460/2460 2472/2472 2456/2456
f 2487/2487 2468/2468 2488/2488
f 2486/2486 2507/2507 2485/2485
f 2457/2457 2407/2407 2510/2510
f 2467/2467 2458/2458 2510/2510
f 2492/2492 2491/2491 2470/2470
f 2479/2479 2476/2476 2475/2475
f 2426/2426 2454/2454 2478/2478
f 2479/2479 2469/2469 2483/2483
f 2476/2476 2479/2479 2484/2484
f 2483/2483 2490/2490 2479/2479
f 2470/2470 2491/2491 2489/2489
f 2464/2464 2501/2501 2558/2558
f 2470/2470 2489/2489 2480/2480
f 2471/2471 2525/2525 2445/2445
f 2461/2461 2457/2457 2510/2510
f 2490/2490 2484/2484 2479/2479
f 2486/2486 2464/2464 2513/2513
f 2480/2480 2497/2497 2473/2473
f 2482/2482 2496/2496 2492/2492
f 2493/2493 2472/2472 2551/2551
f 2497/2497 2525/2525 2471/2471
f 2482/2482 2459/2459 2496/2496
f 2511/2511 2481/2481 2532/2532
f 2494/2494 2495/2495 2505/2505
f 2459/2459 2476/2476 2498/2498
f 2487/2487 2488/2488 2478/2478
f 2477/2477 2485/2485 2507/2507
f 2494/2494 2505/2505 2481/2481
f 2461/2461 2510/2510 2501/2501
f 2494/2494 2493/2493 2495/2495
f 2484/2484 2516/2516 2476/2476
f 2490/2490 2483/2483 2484/2484
f 2538/2538 2379/2379 2445/2445
f 2464/2464 2558/2558 2513/2513
f 2495/2495 2493/2493 2512/2512
f 2521/2521 2478/2478 2527/2527
f 2488/2488 2506/2506 2509/2509
f 2512/2512 2505/2505 2495/2495
f 2484/2484 2499/2499 2516/2516
f 2486/2486 2548/2548 2507/2507
f 2491/2491 2480/2480 2489/2489
f 2498/2498 2476/2476 2516/2516
f 2500/2500 2499/2499 2484/2484
f 2497/2497 2480/2480 2518/2518
f 2483/2483 2500/2500 2484/2484
f 2478/2478 2488/2488 2508/2508
f 2508/2508 2488/2488 2509/2509
f 2486/2486 2513/2513 2548/2548
f 2510/2510 2558/2558 2501/2501
f 2503/2503 2551/2551 2472/2472
f 2481/2481 2524/2524 2532/2532
f 2500/2500 2483/2483 2504/2504
f 2459/2459 2498/2498 2496/2496
f 2379/2379 2514/2514 2472/2472
f 2445/2445 2502/2502 2538/2538
f 2493/2493 2551/2551 2512/2512
f 2496/2496 2515/2515 2492/2492
f 2379/2379 2538/2538 2514/2514
f 2478/2478 2509/2509 2527/2527
f 2481/2481 2505/2505 2524/2524
f 2491/2491 2526/2526 2480/2480
f 2492/2492 2515/2515 2491/2491
f 2472/2472 2514/2514 2503/2503
f 2488/2488 2477/2477 2506/2506
f 2511/2511 2532/2532 2529/2529
f 2478/2478 2508/2508 2509/2509
f 2548/2548 2513/2513 2520/2520
f 2499/2499 2500/2500 2517/2517
f 2507/2507 2548/2548 2477/2477
f 2510/2510 2555/2555 2558/2558
f 2498/2498 2516/2516 2496/2496
f 2516/2516 2499/2499 2517/2517
f 2480/2480 2522/2522 2518/2518
f 2480/2480 2526/2526 2522/2522
f 2497/2497 2518/2518 2554/2554
f 2516/2516 2536/2536 2540/2540
f 2517/2517 2536/2536 2516/2516
f 2521/2521 2527/2527 2534/2534
f 2506/2506 2477/2477 2548/2548
f 2512/2512 2541/2541 2523/2523
f 2505/2505 2523/2523 2524/2524
f 2505/2505 2512/2512 2530/2530
f 2516/2516 2540/2540 2496/2496
f 2445/2445 2497/2497 2502/2502
f 2529/2529 2532/2532 2605/2605
f 2530/2530 2523/2523 2505/2505
f 2522/2522 2526/2526 2518/2518
f 2504/2504 2531/2531 2500/2500
f 2518/2518 2528/2528 2554/2554
f 2531/2531 2533/2533 2500/2500
f 2540/2540 2539/2539 2496/2496
f 2509/2509 2506/2506 2550/2550
f 2509/2509 2557/2557 2527/2527
f 2526/2526 2528/2528 2518/2518
f 2491/2491 2515/2515 2526/2526
f 2512/2512 2523/2523 2530/2530
f 2533/2533 2517/2517 2500/2500
f 2510/2510 2458/2458 2535/2535
f 2510/2510 2535/2535 2519/2519
f 2497/2497 2554/2554 2567/2567
f 2550/2550 2506/2506 2545/2545
f 2445/2445 2525/2525 2497/2497
f 2532/2532 2537/2537 2605/2605
f 2506/2506 2548/2548 2545/2545
f 2570/2570 2513/2513 2558/2558
f 2536/2536 2544/2544 2540/2540
f 2534/2534 2527/2527 2542/2542
f 2532/2532 2524/2524 2537/2537
f 2517/2517 2552/2552 2536/2536
f 2496/2496 2539/2539 2515/2515
f 2571/2571 2542/2542 2527/2527
f 2523/2523 2541/2541 2524/2524
f 2526/2526 2546/2546 2553/2553
f 2512/2512 2551/2551 2541/2541
f 2540/2540 2544/2544 2543/2543
f 2555/2555 2510/2510 2677/2677
f 2515/2515 2546/2546 2526/2526
f 2562/2562 2571/2571 2527/2527
f 2535/2535 2549/2549 2519/2519
f 2557/2557 2509/2509 2550/2550
f 2538/2538 2502/2502 2514/2514
f 2515/2515 2539/2539 2574/2574
f 2543/2543 2544/2544 2536/2536
f 2528/2528 2526/2526 2554/2554
f 2550/2550 2545/2545 2557/2557
f 2519/2519 2549/2549 2592/2592
f 2536/2536 2556/2556 2543/2543
f 2527/2527 2557/2557 2562/2562
f 2520/2520 2513/2513 2570/2570
f 2547/2547 2567/2567 2554/2554
f 2548/2548 2520/2520 2584/2584
f 2539/2539 2540/2540 2543/2543
f 2497/2497 2559/2559 2502/2502
f 2526/2526 2553/2553 2554/2554
f 2503/2503 2514/2514 2551/2551
f 2515/2515 2553/2553 2546/2546
f 2552/2552 2561/2561 2536/2536
f 2561/2561 2556/2556 2536/2536
f 2537/2537 2524/2524 2564/2564
f 2559/2559 2497/2497 2567/2567
f 2533/2533 2560/2560 2517/2517
f 2548/2548 2584/2584 2545/2545
f 2543/2543 2574/2574 2539/2539
f 2517/2517 2560/2560 2552/2552
f 2618/2618 2547/2547 2554/2554
f 2570/2570 2558/2558 2555/2555
f 2554/2554 2553/2553 2618/2618
f 2543/2543 2573/2573 2574/2574
f 2514/2514 2568/2568 2551/2551
f 2551/2551 2563/2563 2541/2541
f 2565/2565 2514/2514 2502/2502
f 2559/2559 2565/2565 2502/2502
f 2557/2557 2545/2545 2611/2611
f 2515/2515 2618/2618 2553/2553
f 2567/2567 2569/2569 2565/2565
f 2557/2557 2566/2566 2562/2562
f 2556/2556 2573/2573 2543/2543
f 2568/2568 2514/2514 2565/2565
f 2520/2520 2570/2570 2584/2584
f 2677/2677 2510/2510 2519/2519
f 2559/2559 2567/2567 2565/2565
f 2561/2561 2552/2552 2556/2556
f 2557/2557 2611/2611 2566/2566
f 2515/2515 2578/2578 2618/2618
f 2567/2567 2572/2572 2569/2569
f 2570/2570 2599/2599 2674/2674
f 2618/2618 2585/2585 2547/2547
f 2574/2574 2578/2578 2515/2515
f 2556/2556 2575/2575 2573/2573
f 2562/2562 2664/2664 2571/2571
f 2537/2537 2564/2564 2605/2605
f 2591/2591 2572/2572 2547/2547
f 2570/2570 2555/2555 2599/2599
f 2568/2568 2579/2579 2551/2551
f 2611/2611 2545/2545 2594/2594
f 2552/2552 2575/2575 2556/2556
f 2541/2541 2563/2563 2524/2524
f 2524/2524 2563/2563 2580/2580
f 2591/2591 2547/2547 2585/2585
f 2580/2580 2617/2617 2524/2524
f 2560/2560 2582/2582 2552/2552
f 2565/2565 2579/2579 2568/2568
f 2573/2573 2575/2575 2586/2586
f 2547/2547 2572/2572 2567/2567
f 2589/2589 2570/2570 2674/2674
f 2573/2573 2586/2586 2574/2574
f 2574/2574 2581/2581 2578/2578
f 2545/2545 2584/2584 2594/2594
f 2577/2577 2563/2563 2551/2551
f 2560/2560 2583/2583 2582/2582
f 2552/2552 2582/2582 2575/2575
f 2569/2569 2600/2600 2565/2565
f 2563/2563 2577/2577 2580/2580
f 2576/2576 2664/2664 2562/2562
f 2580/2580 2615/2615 2617/2617
f 2574/2574 2586/2586 2581/2581
f 2587/2587 2584/2584 2570/2570
f 2587/2587 2621/2621 2584/2584
f 2565/2565 2600/2600 2579/2579
f 2562/2562 2566/2566 2576/2576
f 2592/2592 2549/2549 2590/2590
f 2555/2555 2677/2677 2599/2599
f 2579/2579 2577/2577 2551/2551
f 2583/2583 2593/2593 2582/2582
f 2572/2572 2600/2600 2569/2569
f 2580/2580 2577/2577 2615/2615
f 2617/2617 2645/2645 2524/2524
f 2576/2576 2566/2566 2611/2611
f 2570/2570 2589/2589 2587/2587
f 2694/2694 2592/2592 2590/2590
f 2582/2582 2593/2593 2595/2595
f 2582/2582 2597/2597 2601/2601
f 2582/2582 2595/2595 2597/2597
f 2611/2611 2594/2594 2588/2588
f 2627/2627 2594/2594 2584/2584
f 2577/2577 2602/2602 2615/2615
f 2572/2572 2591/2591 2641/2641
f 2608/2608 2579/2579 2607/2607
f 2579/2579 2600/2600 2607/2607
f 2616/2616 2584/2584 2621/2621
f 2618/2618 2641/2641 2585/2585
f 2618/2618 2604/2604 2596/2596
f 2598/2598 2602/2602 2577/2577
f 2524/2524 2645/2645 2603/2603
f 2588/2588 2594/2594 2627/2627
f 2585/2585 2641/2641 2591/2591
f 2618/2618 2578/2578 2604/2604
f 2581/2581 2625/2625 2578/2578
f 2575/2575 2606/2606 2586/2586
f 2524/2524 2603/2603 2619/2619
f 2627/2627 2584/2584 2616/2616
f 2600/2600 2572/2572 2607/2607
f 2617/2617 2614/2614 2632/2632
f 2611/2611 2588/2588 2630/2630
f 2589/2589 2620/2620 2621/2621
f 2587/2587 2589/2589 2621/2621
f 2617/2617 2632/2632 2645/2645
f 2564/2564 2524/2524 2619/2619
f 2578/2578 2596/2596 2604/2604
f 2564/2564 2622/2622 2605/2605
f 2586/2586 2625/2625 2581/2581
f 2572/2572 2641/2641 2610/2610
f 2579/2579 2598/2598 2577/2577
f 2578/2578 2613/2613 2596/2596
f 2575/2575 2582/2582 2628/2628
f 2575/2575 2628/2628 2606/2606
f 2572/2572 2609/2609 2607/2607
f 2611/2611 2638/2638 2576/2576
f 2588/2588 2627/2627 2630/2630
f 2592/2592 2694/2694 2519/2519
f 2641/2641 2618/2618 2631/2631
f 2586/2586 2606/2606 2628/2628
f 2607/2607 2637/2637 2608/2608
f 2601/2601 2628/2628 2582/2582
f 2614/2614 2617/2617 2615/2615
f 2596/2596 2613/2613 2623/2623
f 2608/2608 2637/2637 2579/2579
f 2572/2572 2610/2610 2609/2609
f 2626/2626 2576/2576 2638/2638
f 2622/2622 2564/2564 2624/2624
f 2619/2619 2676/2676 2624/2624
f 2564/2564 2619/2619 2624/2624
f 2637/2637 2607/2607 2609/2609
f 2641/2641 2629/2629 2610/2610
f 2611/2611 2630/2630 2638/2638
f 2630/2630 2627/2627 2616/2616
f 2596/2596 2612/2612 2618/2618
f 2578/2578 2625/2625 2613/2613
f 2615/2615 2635/2635 2614/2614
f 2579/2579 2637/2637 2598/2598
f 2601/2601 2597/2597 2633/2633
f 2632/2632 2636/2636 2645/2645
f 2620/2620 2589/2589 2640/2640
f 2576/2576 2626/2626 2664/2664
f 2612/2612 2641/2641 2618/2618
f 2625/2625 2650/2650 2634/2634
f 2625/2625 2634/2634 2613/2613
f 2638/2638 2630/2630 2644/2644
f 2664/2664 2626/2626 2638/2638
f 2618/2618 2641/2641 2631/2631
f 2657/2657 2650/2650 2628/2628
f 2629/2629 2609/2609 2610/2610
f 2586/2586 2650/2650 2625/2625
f 2615/2615 2658/2658 2635/2635
f 2628/2628 2650/2650 2586/2586
f 2601/2601 2633/2633 2628/2628
f 2602/2602 2658/2658 2615/2615
f 2641/2641 2639/2639 2629/2629
f 2637/2637 2609/2609 2651/2651
f 2519/2519 2694/2694 2677/2677
f 2596/2596 2641/2641 2612/2612
f 2664/2664 2638/2638 2648/2648
f 2623/2623 2641/2641 2596/2596
f 2634/2634 2647/2647 2613/2613
f 2621/2621 2620/2620 2616/2616
f 2630/2630 2616/2616 2646/2646
f 2589/2589 2674/2674 2642/2642
f 2613/2613 2647/2647 2641/2641
f 2613/2613 2641/2641 2623/2623
f 2628/2628 2633/2633 2657/2657
f 2620/2620 2640/2640 2642/2642
f 2616/2616 2659/2659 2646/2646
f 2652/2652 2638/2638 2644/2644
f 2638/2638 2652/2652 2648/2648
f 2659/2659 2616/2616 2656/2656
f 2637/2637 2602/2602 2598/2598
f 2614/2614 2635/2635 2632/2632
f 2632/2632 2643/2643 2636/2636
f 2640/2640 2589/2589 2642/2642
f 2635/2635 2643/2643 2632/2632
f 2639/2639 2641/2641 2647/2647
f 2599/2599 2677/2677 2674/2674
f 2651/2651 2609/2609 2671/2671
f 2630/2630 2646/2646 2644/2644
f 2634/2634 2649/2649 2647/2647
f 2619/2619 2603/2603 2676/2676
f 2664/2664 2648/2648 2652/2652
f 2646/2646 2659/2659 2644/2644
f 2655/2655 2652/2652 2644/2644
f 2650/2650 2649/2649 2634/2634
f 2657/2657 2654/2654 2650/2650
f 2655/2655 2644/2644 2659/2659
f 2616/2616 2620/2620 2661/2661
f 2656/2656 2616/2616 2661/2661
f 2650/2650 2654/2654 2667/2667
f 2629/2629 2639/2639 2668/2668
f 2647/2647 2649/2649 2669/2669
f 2647/2647 2669/2669 2639/2639
f 2651/2651 2681/2681 2637/2637
f 2645/2645 2662/2662 2603/2603
f 2664/2664 2652/2652 2665/2665
f 2603/2603 2685/2685 2679/2679
f 2672/2672 2655/2655 2659/2659
f 2667/2667 2654/2654 2657/2657
f 2645/2645 2685/2685 2662/2662
f 2669/2669 2668/2668 2639/2639
f 2635/2635 2666/2666 2653/2653
f 2652/2652 2655/2655 2665/2665
f 2701/2701 2620/2620 2642/2642
f 2660/2660 2650/2650 2667/2667
f 2645/2645 2636/2636 2663/2663
f 2603/2603 2662/2662 2685/2685
f 2665/2665 2714/2714 2664/2664
f 2666/2666 2635/2635 2653/2653
f 2635/2635 2658/2658 2666/2666
f 2629/2629 2684/2684 2609/2609
f 2684/2684 2671/2671 2609/2609
f 2635/2635 2666/2666 2643/2643
f 2659/2659 2656/2656 2672/2672
f 2650/2650 2660/2660 2649/2649
f 2633/2633 2670/2670 2657/2657
f 2636/2636 2643/2643 2663/2663
f 2670/2670 2667/2667 2657/2657
f 2663/2663 2685/2685 2645/2645
f 2701/2701 2661/2661 2620/2620
f 2679/2679 2676/2676 2603/2603
f 2670/2670 2673/2673 2667/2667
f 2673/2673 2675/2675 2667/2667
f 2651/2651 2671/2671 2681/2681
f 2697/2697 2677/2677 2694/2694
f 2660/2660 2680/2680 2649/2649
f 2637/2637 2681/2681 2602/2602
f 2666/2666 2678/2678 2643/2643
f 2676/2676 2722/2722 2708/2708
f 2642/2642 2686/2686 2701/2701
f 2722/2722 2676/2676 2679/2679
f 2660/2660 2667/2667 2680/2680
f 2674/2674 2677/2677 2686/2686
f 2680/2680 2705/2705 2649/2649
f 2642/2642 2674/2674 2686/2686
f 2665/2665 2655/2655 2712/2712
f 2656/2656 2661/2661 2672/2672
f 2675/2675 2682/2682 2667/2667
f 2668/2668 2683/2683 2629/2629
f 2663/2663 2643/2643 2685/2685
f 2629/2629 2683/2683 2684/2684
f 2682/2682 2699/2699 2667/2667
f 2643/2643 2678/2678 2685/2685
f 2665/2665 2712/2712 2714/2714
f 2649/2649 2705/2705 2669/2669
f 2669/2669 2688/2688 2668/2668
f 2669/2669 2705/2705 2691/2691
f 2678/2678 2666/2666 2658/2658
f 2672/2672 2689/2689 2655/2655
f 2677/2677 2697/2697 2686/2686
f 2678/2678 2658/2658 2685/2685
f 2671/2671 2684/2684 2681/2681
f 2680/2680 2693/2693 2705/2705
f 2712/2712 2655/2655 2689/2689
f 2697/2697 2694/2694 2746/2746
f 2688/2688 2692/2692 2668/2668
f 2696/2696 2672/2672 2661/2661
f 2602/2602 2681/2681 2698/2698
f 2602/2602 2698/2698 2658/2658
f 2680/2680 2667/2667 2693/2693
f 2690/2690 2687/2687 2658/2658
f 2668/2668 2707/2707 2683/2683
f 2693/2693 2720/2720 2705/2705
f 2682/2682 2695/2695 2699/2699
f 2669/2669 2691/2691 2688/2688
f 2667/2667 2699/2699 2693/2693
f 2672/2672 2696/2696 2744/2744
f 2686/2686 2697/2697 2730/2730
f 2661/2661 2701/2701 2729/2729
f 2701/2701 2706/2706 2704/2704
f 2686/2686 2730/2730 2703/2703
f 2735/2735 2708/2708 2722/2722
f 2692/2692 2737/2737 2668/2668
f 2658/2658 2687/2687 2748/2748
f 2701/2701 2703/2703 2702/2702
f 2701/2701 2702/2702 2706/2706
f 2729/2729 2696/2696 2661/2661
f 2658/2658 2698/2698 2690/2690
f 2718/2718 2688/2688 2691/2691
f 2699/2699 2721/2721 2693/2693
f 2683/2683 2710/2710 2711/2711
f 2683/2683 2711/2711 2684/2684
f 2724/2724 2681/2681 2684/2684
f 2701/2701 2686/2686 2703/2703
f 2672/2672 2744/2744 2727/2727
f 2689/2689 2742/2742 2712/2712
f 2689/2689 2672/2672 2725/2725
f 2714/2714 2712/2712 2743/2743
f 2704/2704 2729/2729 2701/2701
f 2697/2697 2746/2746 2731/2731
f 2694/2694 2749/2749 2733/2733
f 2694/2694 2590/2590 2716/2716
f 2668/2668 2747/2747 2707/2707
f 2722/2722 2750/2750 2735/2735
f 2690/2690 2698/2698 2709/2709
f 2688/2688 2736/2736 2737/2737
f 2688/2688 2737/2737 2692/2692
f 2705/2705 2719/2719 2691/2691
f 2683/2683 2734/2734 2710/2710
f 2739/2739 2722/2722 2679/2679
f 2684/2684 2711/2711 2723/2723
f 2685/2685 2740/2740 2679/2679
f 2658/2658 2748/2748 2741/2741
f 2672/2672 2727/2727 2725/2725
f 2712/2712 2742/2742 2713/2713
f 2689/2689 2726/2726 2742/2742
f 2712/2712 2713/2713 2743/2743
f 2689/2689 2725/2725 2726/2726
f 2728/2728 2696/2696 2729/2729
f 2697/2697 2731/2731 2730/2730
f 2715/2715 2694/2694 2733/2733
f 2694/2694 2745/2745 2746/2746
f 2683/2683 2747/2747 2717/2717
f 2707/2707 2747/2747 2683/2683
f 2683/2683 2717/2717 2734/2734
f 2668/2668 2737/2737 2747/2747
f 2688/2688 2718/2718 2736/2736
f 2719/2719 2718/2718 2691/2691
f 2681/2681 2724/2724 2698/2698
f 2693/2693 2721/2721 2720/2720
f 2699/2699 2695/2695 2721/2721
f 2687/2687 2709/2709 2748/2748
f 2690/2690 2709/2709 2687/2687
f 2739/2739 2738/2738 2722/2722
f 2705/2705 2720/2720 2700/2700
f 2684/2684 2723/2723 2724/2724
f 2739/2739 2679/2679 2740/2740
f 2741/2741 2740/2740 2685/2685
f 2658/2658 2741/2741 2685/2685
f 2696/2696 2728/2728 2744/2744
f 2694/2694 2732/2732 2745/2745
f 2732/2732 2694/2694 2715/2715
f 2694/2694 2716/2716 2749/2749
f 2722/2722 2738/2738 2750/2750
f 2705/2705 2700/2700 2719/2719
f 2755/2755 2752/2752 2757/2757
f 2757/2757 2752/2752 2762/2762
f 2757/2757 2754/2754 2751/2751
f 2763/2763 2752/2752 2755/2755
f 2756/2756 2751/2751 2754/2754
f 2772/2772 2763/2763 2755/2755
f 2751/2751 2756/2756 2758/2758
f 2762/2762 2754/2754 2757/2757
f 2756/2756 2787/2787 2758/2758
f 2787/2787 2756/2756 2753/2753
f 2752/2752 2763/2763 2762/2762
f 2759/2759 2789/2789 2771/2771
f 2768/2768 2765/2765 2777/2777
f 2760/2760 2763/2763 2761/2761
f 2757/2757 2784/2784 2766/2766
f 2759/2759 2771/2771 2753/2753
f 2772/2772 2755/2755 2767/2767
f 2763/2763 2788/2788 2770/2770
f 2772/2772 2761/2761 2763/2763
f 2760/2760 2764/2764 2763/2763
f 2755/2755 2757/2757 2767/2767
f 2756/2756 2754/2754 2774/2774
f 2753/2753 2771/2771 2787/2787
f 2767/2767 2757/2757 2766/2766
f 2760/2760 2761/2761 2775/2775
f 2770/2770 2762/2762 2763/2763
f 2768/2768 2777/2777 2785/2785
f 2751/2751 2758/2758 2779/2779
f 2763/2763 2776/2776 2788/2788
f 2772/2772 2775/2775 2761/2761
f 2757/2757 2769/2769 2784/2784
f 2758/2758 2787/2787 2779/2779
f 2803/2803 2771/2771 2789/2789
f 2786/2786 2768/2768 2785/2785
f 2784/2784 2767/2767 2766/2766
f 2763/2763 2764/2764 2776/2776
f 2757/2757 2800/2800 2769/2769
f 2756/2756 2774/2774 2753/2753
f 2779/2779 2787/2787 2773/2773
f 2762/2762 2791/2791 2754/2754
f 2780/2780 2812/2812 2775/2775
f 2764/2764 2778/2778 2776/2776
f 2754/2754 2791/2791 2774/2774
f 2787/2787 2771/2771 2782/2782
f 2775/2775 2812/2812 2783/2783
f 2775/2775 2783/2783 2760/2760
f 2783/2783 2781/2781 2760/2760
f 2760/2760 2785/2785 2764/2764
f 2785/2785 2777/2777 2788/2788
f 2767/2767 2769/2769 2796/2796
f 2784/2784 2769/2769 2767/2767
f 2779/2779 2800/2800 2751/2751
f 2769/2769 2800/2800 2796/2796
f 2785/2785 2778/2778 2764/2764
f 2760/2760 2786/2786 2785/2785
f 2785/2785 2788/2788 2778/2778
f 2775/2775 2772/2772 2795/2795
f 2760/2760 2781/2781 2786/2786
f 2776/2776 2778/2778 2788/2788
f 2762/2762 2770/2770 2791/2791
f 2751/2751 2800/2800 2757/2757
f 2787/2787 2782/2782 2790/2790
f 2774/2774 2759/2759 2753/2753
f 2765/2765 2804/2804 2777/2777
f 2795/2795 2772/2772 2767/2767
f 2788/2788 2777/2777 2794/2794
f 2799/2799 2795/2795 2767/2767
f 2775/2775 2795/2795 2808/2808
f 2767/2767 2793/2793 2801/2801
f 2770/2770 2788/2788 2791/2791
f 2759/2759 2792/2792 2789/2789
f 2767/2767 2801/2801 2799/2799
f 2794/2794 2791/2791 2788/2788
f 2796/2796 2800/2800 2811/2811
f 2774/2774 2791/2791 2759/2759
f 2787/2787 2790/2790 2797/2797
f 2767/2767 2796/2796 2793/2793
f 2795/2795 2799/2799 2808/2808
f 2800/2800 2798/2798 2802/2802
f 2780/2780 2775/2775 2808/2808
f 2796/2796 2811/2811 2793/2793
f 2806/2806 2798/2798 2800/2800
f 2791/2791 2794/2794 2759/2759
f 2800/2800 2779/2779 2773/2773
f 2811/2811 2800/2800 2802/2802
f 2759/2759 2794/2794 2792/2792
f 2777/2777 2804/2804 2794/2794
f 2765/2765 2803/2803 2789/2789
f 2800/2800 2773/2773 2806/2806
f 2794/2794 2804/2804 2792/2792
f 2789/2789 2792/2792 2804/2804
f 2804/2804 2765/2765 2789/2789
f 2801/2801 2793/2793 2809/2809
f 2787/2787 2797/2797 2805/2805
f 2807/2807 2787/2787 2805/2805
f 2773/2773 2787/2787 2806/2806
f 2793/2793 2811/2811 2809/2809
f 2806/2806 2787/2787 2807/2807
f 2802/2802 2798/2798 2817/2817
f 2806/2806 2807/2807 2798/2798
f 2810/2810 2808/2808 2801/2801
f 2780/2780 2808/2808 2810/2810
f 2814/2814 2812/2812 2780/2780
f 2815/2815 2807/2807 2805/2805
f 2808/2808 2799/2799 2801/2801
f 2801/2801 2809/2809 2810/2810
f 2811/2811 2802/2802 2816/2816
f 2798/2798 2807/2807 2817/2817
f 2815/2815 2817/2817 2807/2807
f 2817/2817 2816/2816 2802/2802
f 2812/2812 2814/2814 2851/2851
f 2811/2811 2825/2825 2809/2809
f 2811/2811 2816/2816 2818/2818
f 2825/2825 2819/2819 2809/2809
f 2780/2780 2810/2810 2814/2814
f 2805/2805 2813/2813 2815/2815
f 2810/2810 2819/2819 2814/2814
f 2819/2819 2810/2810 2809/2809
f 2825/2825 2811/2811 2818/2818
f 2826/2826 2815/2815 2813/2813
f 2825/2825 2818/2818 2830/2830
f 2818/2818 2816/2816 2820/2820
f 2816/2816 2817/2817 2820/2820
f 2814/2814 2819/2819 2851/2851
f 2822/2822 2819/2819 2825/2825
f 2823/2823 2830/2830 2818/2818
f 2815/2815 2821/2821 2817/2817
f 2851/2851 2819/2819 2822/2822
f 2817/2817 2821/2821 2827/2827
f 2818/2818 2820/2820 2823/2823
f 2821/2821 2815/2815 2826/2826
f 2820/2820 2817/2817 2827/2827
f 2822/2822 2825/2825 2824/2824
f 2825/2825 2830/2830 2824/2824
f 2823/2823 2864/2864 2830/2830
f 2823/2823 2820/2820 2864/2864
f 2851/2851 2822/2822 2831/2831
f 2813/2813 2834/2834 2826/2826
f 2835/2835 2829/2829 2839/2839
f 2831/2831 2822/2822 2870/2870
f 2820/2820 2827/2827 2821/2821
f 2820/2820 2821/2821 2864/2864
f 2833/2833 2840/2840 2828/2828
f 2830/2830 2864/2864 2824/2824
f 2829/2829 2835/2835 2832/2832
f 2833/2833 2828/2828 2832/2832
f 2829/2829 2832/2832 2828/2828
f 2844/2844 2846/2846 2833/2833
f 2839/2839 2836/2836 2842/2842
f 2833/2833 2832/2832 2835/2835
f 2834/2834 2813/2813 2854/2854
f 2833/2833 2837/2837 2840/2840
f 2870/2870 2822/2822 2838/2838
f 2824/2824 2838/2838 2822/2822
f 2846/2846 2837/2837 2833/2833
f 2836/2836 2839/2839 2829/2829
f 2837/2837 2843/2843 2840/2840
f 2833/2833 2835/2835 2844/2844
f 2854/2854 2826/2826 2834/2834
f 2842/2842 2836/2836 2855/2855
f 2821/2821 2826/2826 2845/2845
f 2849/2849 2836/2836 2841/2841
f 2855/2855 2836/2836 2848/2848
f 2843/2843 2853/2853 2840/2840
f 2849/2849 2848/2848 2836/2836
f 2835/2835 2839/2839 2850/2850
f 2855/2855 2839/2839 2842/2842
f 2862/2862 2835/2835 2850/2850
f 2861/2861 2846/2846 2844/2844
f 2861/2861 2843/2843 2837/2837
f 2846/2846 2861/2861 2837/2837
f 2852/2852 2855/2855 2848/2848
f 2850/2850 2839/2839 2855/2855
f 2848/2848 2849/2849 2852/2852
f 2847/2847 2843/2843 2861/2861
f 2860/2860 2861/2861 2844/2844
f 2854/2854 2847/2847 2861/2861
f 2845/2845 2865/2865 2821/2821
f 2854/2854 2853/2853 2847/2847
f 2849/2849 2841/2841 2857/2857
f 2853/2853 2854/2854 2813/2813
f 2847/2847 2853/2853 2843/2843
f 2851/2851 2831/2831 2914/2914
f 2850/2850 2855/2855 2862/2862
f 2856/2856 2844/2844 2835/2835
f 2856/2856 2835/2835 2862/2862
f 2859/2859 2857/2857 2841/2841
f 2826/2826 2854/2854 2845/2845
f 2849/2849 2857/2857 2852/2852
f 2860/2860 2844/2844 2856/2856
f 2871/2871 2854/2854 2861/2861
f 2868/2868 2870/2870 2838/2838
f 2845/2845 2854/2854 2865/2865
f 2875/2875 2857/2857 2876/2876
f 2885/2885 2862/2862 2855/2855
f 2855/2855 2852/2852 2885/2885
f 2858/2858 2859/2859 2841/2841
f 2885/2885 2852/2852 2875/2875
f 2864/2864 2821/2821 2872/2872
f 2875/2875 2852/2852 2867/2867
f 2885/2885 2856/2856 2862/2862
f 2852/2852 2857/2857 2867/2867
f 2857/2857 2859/2859 2863/2863
f 2863/2863 2859/2859 2858/2858
f 2872/2872 2821/2821 2865/2865
f 2873/2873 2857/2857 2858/2858
f 2858/2858 2841/2841 2869/2869
f 2857/2857 2863/2863 2858/2858
f 2867/2867 2857/2857 2875/2875
f 2876/2876 2857/2857 2873/2873
f 2838/2838 2824/2824 2892/2892
f 2871/2871 2861/2861 2860/2860
f 2856/2856 2866/2866 2860/2860
f 2858/2858 2869/2869 2880/2880
f 2824/2824 2864/2864 2892/2892
f 2858/2858 2880/2880 2879/2879
f 2914/2914 2831/2831 2887/2887
f 2864/2864 2872/2872 2877/2877
f 2865/2865 2854/2854 2871/2871
f 2831/2831 2870/2870 2887/2887
f 2892/2892 2864/2864 2877/2877
f 2872/2872 2865/2865 2878/2878
f 2873/2873 2858/2858 2879/2879
f 2880/2880 2869/2869 2874/2874
f 2872/2872 2878/2878 2881/2881
f 2865/2865 2860/2860 2866/2866
f 2871/2871 2860/2860 2865/2865
f 2887/2887 2870/2870 2868/2868
f 2878/2878 2865/2865 2881/2881
f 2875/2875 2876/2876 2882/2882
f 2883/2883 2876/2876 2873/2873
f 2865/2865 2866/2866 2889/2889
f 2880/2880 2874/2874 2884/2884
f 2868/2868 2838/2838 2911/2911
f 2887/2887 2868/2868 2911/2911
f 2896/2896 2856/2856 2891/2891
f 2886/2886 2856/2856 2896/2896
f 2890/2890 2889/2889 2866/2866
f 2890/2890 2866/2866 2886/2886
f 2873/2873 2879/2879 2902/2902
f 2891/2891 2856/2856 2888/2888
f 2838/2838 2892/2892 2911/2911
f 2856/2856 2885/2885 2888/2888
f 2856/2856 2886/2886 2866/2866
f 2889/2889 2890/2890 2865/2865
f 2885/2885 2875/2875 2888/2888
f 2865/2865 2890/2890 2881/2881
f 2877/2877 2872/2872 2881/2881
f 2884/2884 2897/2897 2880/2880
f 2892/2892 2877/2877 2894/2894
f 2883/2883 2873/2873 2902/2902
f 2891/2891 2888/2888 2875/2875
f 2895/2895 2879/2879 2880/2880
f 2875/2875 2882/2882 2901/2901
f 2902/2902 2879/2879 2895/2895
f 2914/2914 2887/2887 2898/2898
f 2877/2877 2881/2881 2894/2894
f 2875/2875 2901/2901 2891/2891
f 2882/2882 2876/2876 2883/2883
f 2895/2895 2880/2880 2897/2897
f 2892/2892 2894/2894 2907/2907
f 2890/2890 2896/2896 2881/2881
f 2896/2896 2890/2890 2886/2886
f 2903/2903 2881/2881 2896/2896
f 2891/2891 2893/2893 2899/2899
f 2896/2896 2891/2891 2899/2899
f 2883/2883 2902/2902 2882/2882
f 2898/2898 2887/2887 2900/2900
f 2891/2891 2901/2901 2893/2893
f 2887/2887 2904/2904 2900/2900
f 2887/2887 2911/2911 2904/2904
f 2896/2896 2899/2899 2903/2903
f 2881/2881 2903/2903 2894/2894
f 2906/2906 2902/2902 2895/2895
f 2906/2906 2882/2882 2902/2902
f 2892/2892 2907/2907 2911/2911
f 2908/2908 2901/2901 2882/2882
f 2906/2906 2895/2895 2913/2913
f 2899/2899 2893/2893 2915/2915
f 2894/2894 2903/2903 2905/2905
f 2930/2930 2913/2913 2895/2895
f 2897/2897 2884/2884 2895/2895
f 2893/2893 2901/2901 2915/2915
f 2908/2908 2882/2882 2906/2906
f 2903/2903 2899/2899 2905/2905
f 2904/2904 2911/2911 2907/2907
f 2915/2915 2901/2901 2908/2908
f 2884/2884 2909/2909 2895/2895
f 2895/2895 2910/2910 2927/2927
f 2895/2895 2909/2909 2910/2910
f 2919/2919 2894/2894 2905/2905
f 2904/2904 2907/2907 2918/2918
f 2912/2912 2930/2930 2895/2895
f 2907/2907 2894/2894 2919/2919
f 2899/2899 2915/2915 2905/2905
f 2898/2898 2900/2900 2924/2924
f 2931/2931 2914/2914 2898/2898
f 2915/2915 2916/2916 2905/2905
f 2900/2900 2904/2904 2924/2924
f 2907/2907 2919/2919 2921/2921
f 2895/2895 2928/2928 2912/2912
f 2917/2917 2908/2908 2944/2944
f 2895/2895 2927/2927 2928/2928
f 2898/2898 2935/2935 2931/2931
f 2918/2918 2907/2907 2937/2937
f 2908/2908 2917/2917 2934/2934
f 2915/2915 2908/2908 2934/2934
f 2915/2915 2929/2929 2925/2925
f 2924/2924 2904/2904 2940/2940
f 2926/2926 2915/2915 2934/2934
f 2915/2915 2925/2925 2932/2932
f 2929/2929 2915/2915 2933/2933
f 2924/2924 2940/2940 2898/2898
f 2904/2904 2937/2937 2936/2936
f 2904/2904 2918/2918 2937/2937
f 2937/2937 2907/2907 2922/2922
f 2922/2922 2907/2907 2938/2938
f 2907/2907 2921/2921 2938/2938
f 2921/2921 2919/2919 2939/2939
f 2919/2919 2905/2905 2932/2932
f 2905/2905 2916/2916 2932/2932
f 2916/2916 2915/2915 2932/2932
f 2913/2913 2930/2930 2946/2946
f 2946/2946 2930/2930 2912/2912
f 2904/2904 2941/2941 2940/2940
f 2904/2904 2936/2936 2941/2941
f 2942/2942 2919/2919 2932/2932
f 2943/2943 2919/2919 2942/2942
f 2919/2919 2943/2943 2923/2923
f 2915/2915 2926/2926 2933/2933
f 2934/2934 2917/2917 2944/2944
f 2908/2908 2906/2906 2945/2945
f 2908/2908 2945/2945 2944/2944
f 2906/2906 2913/2913 2945/2945
f 2945/2945 2913/2913 2946/2946
f 2928/2928 2927/2927 2920/2920
f 2935/2935 2898/2898 2940/2940
f 2919/2919 2923/2923 2939/2939
f 2946/2946 2912/2912 2947/2947
f 2947/2947 2912/2912 2928/2928
f 2920/2920 2927/2927 2910/2910
f 2948/2948 2965/2965 2959/2959
f 2953/2953 2968/2968 2949/2949
f 2955/2955 2974/2974 2948/2948
f 2949/2949 2956/2956 2950/2950
f 2950/2950 2956/2956 2958/2958
f 2965/2965 2961/2961 2959/2959
f 2958/2958 2951/2951 2952/2952
f 2958/2958 2952/2952 2954/2954
f 2954/2954 2974/2974 2955/2955
f 2949/2949 2963/2963 2956/2956
f 2961/2961 2957/2957 2962/2962
f 2957/2957 2961/2961 2965/2965
f 2958/2958 2956/2956 2951/2951
f 2949/2949 2968/2968 2973/2973
f 2967/2967 2949/2949 2973/2973
f 2963/2963 2949/2949 2967/2967
f 2994/2994 2962/2962 2957/2957
f 2953/2953 2960/2960 2964/2964
f 2953/2953 2964/2964 2968/2968
f 2958/2958 2954/2954 2955/2955
f 2956/2956 2963/2963 2967/2967
f 2965/2965 2948/2948 2974/2974
f 2957/2957 2971/2971 2975/2975
f 2957/2957 2965/2965 2970/2970
f 2956/2956 2967/2967 2977/2977
f 2970/2970 2971/2971 2957/2957
f 2994/2994 2957/2957 2969/2969
f 2972/2972 2965/2965 2974/2974
f 2956/2956 3005/3005 2982/2982
f 2975/2975 2989/2989 2957/2957
f 2970/2970 2965/2965 2971/2971
f 2978/2978 2952/2952 2951/2951
f 2966/2966 2976/2976 2952/2952
f 2968/2968 3001/3001 2973/2973
f 2989/2989 2969/2969 2957/2957
f 2965/2965 2972/2972 2997/2997
f 2954/2954 2952/2952 2976/2976
f 2984/2984 2976/2976 2966/2966
f 2991/2991 2966/2966 2952/2952
f 2971/2971 2965/2965 2975/2975
f 2977/2977 3005/3005 2956/2956
f 3001/3001 3011/3011 2973/2973
f 2965/2965 2997/2997 2989/2989
f 2978/2978 2979/2979 2952/2952
f 2975/2975 2965/2965 2989/2989
f 2956/2956 2982/2982 2951/2951
f 2954/2954 2980/2980 2974/2974
f 2979/2979 2991/2991 2952/2952
f 2973/2973 2988/2988 2967/2967
f 2960/2960 2981/2981 2964/2964
f 2968/2968 2964/2964 2995/2995
f 2983/2983 2981/2981 2960/2960
f 3011/3011 3012/3012 2973/2973
f 2960/2960 2953/2953 2985/2985
f 2964/2964 2981/2981 2995/2995
f 3001/3001 2968/2968 2995/2995
f 2951/2951 2987/2987 2978/2978
f 2980/2980 2954/2954 2976/2976
f 2979/2979 2978/2978 2991/2991
f 2966/2966 2991/2991 2984/2984
f 2984/2984 2990/2990 2976/2976
f 2976/2976 2990/2990 2986/2986
f 2967/2967 2988/2988 2977/2977
f 2987/2987 2996/2996 2978/2978
f 2980/2980 2999/2999 2974/2974
f 2960/2960 2985/2985 2983/2983
f 2976/2976 2993/2993 2980/2980
f 2969/2969 2989/2989 2994/2994
f 2991/2991 2978/2978 3000/3000
f 2983/2983 2985/2985 2992/2992
f 2983/2983 2992/2992 2981/2981
f 2982/2982 2987/2987 2951/2951
f 2982/2982 3005/3005 2998/2998
f 2996/2996 3000/3000 2978/2978
f 2997/2997 2972/2972 2974/2974
f 2976/2976 2986/2986 3003/3003
f 2989/2989 3006/3006 2994/2994
f 2984/2984 2991/2991 3000/3000
f 2988/2988 2973/2973 3012/3012
f 2997/2997 2974/2974 3034/3034
f 2976/2976 3003/3003 3014/3014
f 2982/2982 2998/2998 2987/2987
f 2981/2981 2992/2992 3016/3016
f 2997/2997 3006/3006 2989/2989
f 2974/2974 2999/2999 3034/3034
f 3011/3011 3001/3001 2995/2995
f 3004/3004 2997/2997 3034/3034
f 2997/2997 3004/3004 3007/3007
f 2976/2976 3014/3014 2993/2993
f 3006/3006 2997/2997 3007/3007
f 2981/2981 3016/3016 2995/2995
f 2987/2987 3013/3013 2996/2996
f 2993/2993 3014/3014 3009/3009
f 3016/3016 3008/3008 2995/2995
f 3000/3000 2996/2996 3010/3010
f 2993/2993 3009/3009 2980/2980
f 3011/3011 2995/2995 3008/3008
f 2988/2988 3005/3005 2977/2977
f 3003/3003 2986/2986 3014/3014
f 3009/3009 3024/3024 2980/2980
f 3018/3018 2996/2996 3013/3013
f 3016/3016 3011/3011 3008/3008
f 3000/3000 3010/3010 2984/2984
f 2999/2999 3024/3024 3034/3034
f 2999/2999 2980/2980 3024/3024
f 3019/3019 3011/3011 3016/3016
f 2992/2992 3015/3015 3016/3016
f 3012/3012 3026/3026 2988/2988
f 3029/3029 2988/2988 3026/3026
f 3019/3019 3012/3012 3011/3011
f 3018/3018 3017/3017 2996/2996
f 3019/3019 3016/3016 3015/3015
f 3017/3017 3010/3010 2996/2996
f 3017/3017 2984/2984 3010/3010
f 2987/2987 2998/2998 3030/3030
f 3018/3018 3031/3031 3017/3017
f 2998/2998 3005/3005 3028/3028
f 3017/3017 3031/3031 3023/3023
f 3005/3005 2988/2988 3052/3052
f 3014/3014 3021/3021 3009/3009
f 3017/3017 3023/3023 2984/2984
f 2986/2986 3020/3020 3014/3014
f 3052/3052 3002/3002 3005/3005
f 3026/3026 3032/3032 3029/3029
f 3009/3009 3022/3022 3024/3024
f 3019/3019 3015/3015 3054/3054
f 3019/3019 3054/3054 3012/3012
f 3009/3009 3021/3021 3022/3022
f 3023/3023 3025/3025 2984/2984
f 3014/3014 3020/3020 3038/3038
f 3013/3013 3031/3031 3018/3018
f 2987/2987 3030/3030 3013/3013
f 3012/3012 3054/3054 3026/3026
f 3056/3056 3023/3023 3031/3031
f 3014/3014 3033/3033 3021/3021
f 3021/3021 3033/3033 3022/3022
f 2984/2984 3027/3027 2990/2990
f 3029/3029 3052/3052 2988/2988
f 3002/3002 3028/3028 3005/3005
f 3014/3014 3037/3037 3033/3033
f 3027/3027 2986/2986 2990/2990
f 3033/3033 3037/3037 3022/3022
f 3014/3014 3038/3038 3037/3037
f 3025/3025 3027/3027 2984/2984
f 3024/3024 3022/3022 3036/3036
f 3037/3037 3035/3035 3022/3022
f 3031/3031 3013/3013 3056/3056
f 3024/3024 3040/3040 3034/3034
f 3024/3024 3036/3036 3040/3040
f 3028/3028 3081/3081 2998/2998
f 3037/3037 3039/3039 3035/3035
f 3022/3022 3035/3035 3036/3036
f 3026/3026 3054/3054 3032/3032
f 3037/3037 3038/3038 3039/3039
f 2986/2986 3027/3027 3020/3020
f 3029/3029 3043/3043 3052/3052
f 3029/3029 3050/3050 3043/3043
f 3030/3030 2998/2998 3013/3013
f 3032/3032 3050/3050 3029/3029
f 3040/3040 3036/3036 3069/3069
f 3056/3056 3013/3013 3045/3045
f 3036/3036 3035/3035 3042/3042
f 3044/3044 3032/3032 3054/3054
f 3023/3023 3041/3041 3025/3025
f 3032/3032 3044/3044 3048/3048
f 3038/3038 3057/3057 3039/3039
f 3039/3039 3047/3047 3035/3035
f 3052/3052 3028/3028 3002/3002
f 3081/3081 3013/3013 2998/2998
f 3045/3045 3049/3049 3056/3056
f 3013/3013 3049/3049 3045/3045
f 3038/3038 3020/3020 3057/3057
f 3036/3036 3051/3051 3069/3069
f 3050/3050 3032/3032 3048/3048
f 3039/3039 3057/3057 3060/3060
f 3060/3060 3047/3047 3039/3039
f 3056/3056 3041/3041 3023/3023
f 3042/3042 3051/3051 3036/3036
f 3042/3042 3035/3035 3051/3051
f 3041/3041 3064/3064 3025/3025
f 3052/3052 3046/3046 3028/3028
f 3047/3047 3072/3072 3035/3035
f 3064/3064 3027/3027 3025/3025
f 3061/3061 3064/3064 3041/3041
f 3044/3044 3054/3054 3055/3055
f 3084/3084 3069/3069 3051/3051
f 3015/3015 3088/3088 3054/3054
f 3090/3090 3050/3050 3048/3048
f 3053/3053 3049/3049 3062/3062
f 3048/3048 3044/3044 3055/3055
f 3059/3059 3051/3051 3035/3035
f 3046/3046 3081/3081 3028/3028
f 3041/3041 3056/3056 3083/3083
f 3057/3057 3020/3020 3074/3074
f 3053/3053 3107/3107 3049/3049
f 3062/3062 3107/3107 3053/3053
f 3056/3056 3049/3049 3083/3083
f 3063/3063 3065/3065 3079/3079
f 3020/3020 3027/3027 3096/3096
f 3041/3041 3083/3083 3061/3061
f 3057/3057 3074/3074 3060/3060
f 3013/3013 3081/3081 3049/3049
f 3062/3062 3049/3049 3068/3068
f 3075/3075 3063/3063 3079/3079
f 3085/3085 3096/3096 3027/3027
f 3043/3043 3073/3073 3052/3052
f 3060/3060 3066/3066 3047/3047
f 3035/3035 3072/3072 3059/3059
f 3107/3107 3083/3083 3049/3049
f 3060/3060 3076/3076 3077/3077
f 3066/3066 3072/3072 3047/3047
f 3065/3065 3063/3063 3134/3134
f 3065/3065 3069/3069 3079/3079
f 3060/3060 3067/3067 3066/3066
f 3060/3060 3072/3072 3067/3067
f 3074/3074 3070/3070 3060/3060
f 3077/3077 3071/3071 3060/3060
f 3066/3066 3067/3067 3072/3072
f 3074/3074 3058/3058 3076/3076
f 3072/3072 3078/3078 3059/3059
f 3055/3055 3087/3087 3048/3048
f 3060/3060 3071/3071 3072/3072
f 3049/3049 3081/3081 3068/3068
f 3076/3076 3070/3070 3074/3074
f 3060/3060 3070/3070 3076/3076
f 3068/3068 3101/3101 3062/3062
f 3088/3088 3055/3055 3054/3054
f 3071/3071 3082/3082 3072/3072
f 3052/3052 3073/3073 3046/3046
f 3074/3074 3020/3020 3094/3094
f 3075/3075 3058/3058 3074/3074
f 3072/3072 3082/3082 3078/3078
f 3058/3058 3075/3075 3079/3079
f 3074/3074 3094/3094 3075/3075
f 3079/3079 3069/3069 3084/3084
f 3080/3080 3088/3088 3015/3015
f 3077/3077 3076/3076 3071/3071
f 3059/3059 3082/3082 3051/3051
f 3078/3078 3082/3082 3059/3059
f 3071/3071 3079/3079 3084/3084
f 3082/3082 3071/3071 3084/3084
f 3084/3084 3051/3051 3082/3082
f 3050/3050 3090/3090 3043/3043
f 3027/3027 3064/3064 3085/3085
f 3076/3076 3058/3058 3079/3079
f 3046/3046 3073/3073 3081/3081
f 3092/3092 3061/3061 3083/3083
f 3088/3088 3089/3089 3055/3055
f 3075/3075 3134/3134 3063/3063
f 3091/3091 3090/3090 3048/3048
f 3061/3061 3086/3086 3064/3064
f 3076/3076 3079/3079 3071/3071
f 3075/3075 3094/3094 3134/3134
f 3048/3048 3087/3087 3099/3099
f 3081/3081 3101/3101 3068/3068
f 3092/3092 3086/3086 3061/3061
f 3091/3091 3048/3048 3099/3099
f 3099/3099 3087/3087 3055/3055
f 3043/3043 3090/3090 3091/3091
f 3096/3096 3094/3094 3020/3020
f 3043/3043 3091/3091 3073/3073
f 3089/3089 3099/3099 3055/3055
f 3062/3062 3101/3101 3107/3107
f 3095/3095 3107/3107 3101/3101
f 3092/3092 3102/3102 3086/3086
f 3080/3080 3103/3103 3088/3088
f 3088/3088 3104/3104 3089/3089
f 3096/3096 3085/3085 3064/3064
f 3083/3083 3107/3107 3092/3092
f 3094/3094 3108/3108 3134/3134
f 3089/3089 3105/3105 3099/3099
f 3098/3098 3089/3089 3104/3104
f 3073/3073 3101/3101 3081/3081
f 3101/3101 3106/3106 3095/3095
f 3089/3089 3098/3098 3105/3105
f 3073/3073 3091/3091 3101/3101
f 3091/3091 3099/3099 3105/3105
f 3095/3095 3097/3097 3107/3107
f 3086/3086 3102/3102 3064/3064
f 3088/3088 3103/3103 3104/3104
f 3106/3106 3097/3097 3095/3095
f 3102/3102 3092/3092 3107/3107
f 3097/3097 3114/3114 3107/3107
f 3111/3111 3108/3108 3094/3094
f 3064/3064 3102/3102 3096/3096
f 3117/3117 3103/3103 3080/3080
f 3091/3091 3105/3105 3100/3100
f 3096/3096 3111/3111 3094/3094
f 3091/3091 3093/3093 3101/3101
f 3091/3091 3122/3122 3093/3093
f 3108/3108 3120/3120 3134/3134
f 3091/3091 3100/3100 3113/3113
f 3103/3103 3117/3117 3109/3109
f 3116/3116 3106/3106 3121/3121
f 3107/3107 3112/3112 3102/3102
f 3124/3124 3111/3111 3096/3096
f 3106/3106 3101/3101 3121/3121
f 3107/3107 3114/3114 3112/3112
f 3103/3103 3098/3098 3104/3104
f 3098/3098 3127/3127 3105/3105
f 3117/3117 3080/3080 3115/3115
f 3116/3116 3097/3097 3106/3106
f 3111/3111 3120/3120 3108/3108
f 3096/3096 3110/3110 3124/3124
f 3117/3117 3115/3115 3118/3118
f 3103/3103 3109/3109 3136/3136
f 3122/3122 3101/3101 3093/3093
f 3097/3097 3144/3144 3114/3114
f 3129/3129 3117/3117 3145/3145
f 3103/3103 3119/3119 3098/3098
f 3096/3096 3102/3102 3110/3110
f 3113/3113 3135/3135 3091/3091
f 3117/3117 3118/3118 3145/3145
f 3101/3101 3122/3122 3121/3121
f 3116/3116 3121/3121 3097/3097
f 3100/3100 3105/3105 3123/3123
f 3112/3112 3125/3125 3102/3102
f 3114/3114 3125/3125 3112/3112
f 3136/3136 3119/3119 3103/3103
f 3119/3119 3127/3127 3098/3098
f 3111/3111 3124/3124 3110/3110
f 3121/3121 3133/3133 3097/3097
f 3146/3146 3110/3110 3102/3102
f 3135/3135 3122/3122 3091/3091
f 3144/3144 3125/3125 3114/3114
f 3120/3120 3130/3130 3134/3134
f 3122/3122 3135/3135 3121/3121
f 3131/3131 3200/3200 3137/3137
f 3135/3135 3126/3126 3121/3121
f 3119/3119 3105/3105 3127/3127
f 3129/3129 3149/3149 3117/3117
f 3125/3125 3146/3146 3102/3102
f 3111/3111 3130/3130 3120/3120
f 3131/3131 3137/3137 3128/3128
f 3131/3131 3132/3132 3152/3152
f 3113/3113 3152/3152 3135/3135
f 3113/3113 3100/3100 3183/3183
f 3125/3125 3144/3144 3138/3138
f 3152/3152 3132/3132 3135/3135
f 3126/3126 3133/3133 3121/3121
f 3133/3133 3144/3144 3097/3097
f 3140/3140 3130/3130 3111/3111
f 3119/3119 3149/3149 3105/3105
f 3150/3150 3140/3140 3111/3111
f 3200/3200 3131/3131 3185/3185
f 3130/3130 3222/3222 3134/3134
f 3135/3135 3143/3143 3126/3126
f 3100/3100 3123/3123 3183/3183
f 3129/3129 3170/3170 3149/3149
f 3141/3141 3222/3222 3130/3130
f 3137/3137 3132/3132 3128/3128
f 3131/3131 3128/3128 3132/3132
f 3139/3139 3111/3111 3110/3110
f 3137/3137 3200/3200 3147/3147
f 3142/3142 3155/3155 3143/3143
f 3126/3126 3144/3144 3133/3133
f 3151/3151 3170/3170 3129/3129
f 3154/3154 3141/3141 3130/3130
f 3132/3132 3142/3142 3143/3143
f 3132/3132 3143/3143 3135/3135
f 3143/3143 3144/3144 3126/3126
f 3119/3119 3136/3136 3149/3149
f 3150/3150 3111/3111 3139/3139
f 3148/3148 3155/3155 3142/3142
f 3137/3137 3142/3142 3132/3132
f 3129/3129 3145/3145 3162/3162
f 3117/3117 3149/3149 3109/3109
f 3137/3137 3155/3155 3148/3148
f 3137/3137 3148/3148 3142/3142
f 3131/3131 3152/3152 3161/3161
f 3152/3152 3183/3183 3161/3161
f 3105/3105 3149/3149 3123/3123
f 3158/3158 3129/3129 3162/3162
f 3125/3125 3184/3184 3146/3146
f 3137/3137 3147/3147 3155/3155
f 3149/3149 3136/3136 3109/3109
f 3141/3141 3168/3168 3222/3222
f 3152/3152 3113/3113 3183/3183
f 3158/3158 3151/3151 3129/3129
f 3150/3150 3159/3159 3140/3140
f 3154/3154 3130/3130 3140/3140
f 3118/3118 3162/3162 3145/3145
f 3177/3177 3110/3110 3146/3146
f 3177/3177 3146/3146 3184/3184
f 3160/3160 3154/3154 3140/3140
f 3157/3157 3125/3125 3138/3138
f 3139/3139 3163/3163 3150/3150
f 3123/3123 3149/3149 3170/3170
f 3159/3159 3160/3160 3140/3140
f 3143/3143 3153/3153 3144/3144
f 3157/3157 3184/3184 3125/3125
f 3110/3110 3178/3178 3139/3139
f 3173/3173 3154/3154 3160/3160
f 3200/3200 3174/3174 3147/3147
f 3166/3166 3162/3162 3118/3118
f 3139/3139 3178/3178 3163/3163
f 3167/3167 3154/3154 3173/3173
f 3159/3159 3173/3173 3160/3160
f 3164/3164 3172/3172 3181/3181
f 3155/3155 3169/3169 3143/3143
f 3175/3175 3158/3158 3162/3162
f 3158/3158 3165/3165 3156/3156
f 3138/3138 3144/3144 3157/3157
f 3166/3166 3175/3175 3162/3162
f 3177/3177 3178/3178 3110/3110
f 3150/3150 3163/3163 3159/3159
f 3169/3169 3176/3176 3143/3143
f 3144/3144 3184/3184 3157/3157
f 3185/3185 3131/3131 3161/3161
f 3174/3174 3155/3155 3147/3147
f 3169/3169 3155/3155 3174/3174
f 3158/3158 3164/3164 3165/3165
f 3158/3158 3175/3175 3164/3164
f 3178/3178 3159/3159 3163/3163
f 3184/3184 3182/3182 3177/3177
f 3183/3183 3123/3123 3170/3170
f 3167/3167 3171/3171 3154/3154
f 3141/3141 3154/3154 3168/3168
f 3143/3143 3187/3187 3153/3153
f 3158/3158 3156/3156 3151/3151
f 3151/3151 3183/3183 3170/3170
f 3171/3171 3167/3167 3191/3191
f 3143/3143 3176/3176 3187/3187
f 3171/3171 3168/3168 3154/3154
f 3164/3164 3181/3181 3179/3179
f 3200/3200 3180/3180 3174/3174
f 3166/3166 3181/3181 3175/3175
f 3161/3161 3183/3183 3197/3197
f 3190/3190 3171/3171 3191/3191
f 3193/3193 3222/3222 3168/3168
f 3179/3179 3186/3186 3164/3164
f 3174/3174 3176/3176 3169/3169
f 3172/3172 3175/3175 3181/3181
f 3172/3172 3164/3164 3175/3175
f 3191/3191 3167/3167 3173/3173
f 3182/3182 3178/3178 3177/3177
f 3144/3144 3153/3153 3184/3184
f 3151/3151 3156/3156 3183/3183
f 3153/3153 3187/3187 3184/3184
f 3159/3159 3203/3203 3173/3173
f 3165/3165 3164/3164 3186/3186
f 3202/3202 3161/3161 3197/3197
f 3178/3178 3182/3182 3203/3203
f 3178/3178 3203/3203 3188/3188
f 3188/3188 3159/3159 3178/3178
f 3184/3184 3189/3189 3182/3182
f 3190/3190 3168/3168 3171/3171
f 3203/3203 3159/3159 3188/3188
f 3195/3195 3197/3197 3183/3183
f 3203/3203 3191/3191 3173/3173
f 3174/3174 3180/3180 3204/3204
f 3201/3201 3185/3185 3161/3161
f 3190/3190 3192/3192 3168/3168
f 3204/3204 3176/3176 3174/3174
f 3168/3168 3192/3192 3193/3193
f 3197/3197 3195/3195 3156/3156
f 3156/3156 3195/3195 3183/3183
f 3187/3187 3176/3176 3194/3194
f 3182/3182 3189/3189 3203/3203
f 3196/3196 3200/3200 3185/3185
f 3186/3186 3161/3161 3202/3202
f 3181/3181 3199/3199 3179/3179
f 3184/3184 3187/3187 3194/3194
f 3156/3156 3165/3165 3197/3197
f 3190/3190 3198/3198 3192/3192
f 3199/3199 3196/3196 3179/3179
f 3199/3199 3200/3200 3196/3196
f 3179/3179 3196/3196 3185/3185
f 3179/3179 3185/3185 3201/3201
f 3179/3179 3201/3201 3161/3161
f 3186/3186 3202/3202 3197/3197
f 3165/3165 3186/3186 3197/3197
f 3184/3184 3194/3194 3189/3189
f 3190/3190 3205/3205 3198/3198
f 3203/3203 3205/3205 3190/3190
f 3161/3161 3186/3186 3179/3179
f 3176/3176 3206/3206 3194/3194
f 3189/3189 3194/3194 3203/3203
f 3203/3203 3190/3190 3191/3191
f 3192/3192 3198/3198 3208/3208
f 3204/3204 3206/3206 3176/3176
f 3205/3205 3208/3208 3198/3198
f 3204/3204 3180/3180 3206/3206
f 3180/3180 3207/3207 3206/3206
f 3206/3206 3212/3212 3194/3194
f 3207/3207 3212/3212 3206/3206
f 3212/3212 3203/3203 3194/3194
f 3203/3203 3212/3212 3210/3210
f 3210/3210 3205/3205 3203/3203
f 3193/3193 3209/3209 3222/3222
f 3210/3210 3208/3208 3205/3205
f 3208/3208 3214/3214 3192/3192
f 3208/3208 3216/3216 3217/3217
f 3208/3208 3210/3210 3211/3211
f 3192/3192 3209/3209 3193/3193
f 3210/3210 3212/3212 3211/3211
f 3207/3207 3180/3180 3215/3215
f 3213/3213 3212/3212 3233/3233
f 3218/3218 3233/3233 3215/3215
f 3212/3212 3215/3215 3233/3233
f 3211/3211 3216/3216 3208/3208
f 3212/3212 3207/3207 3215/3215
f 3233/3233 3220/3220 3213/3213
f 3180/3180 3218/3218 3215/3215
f 3212/3212 3213/3213 3220/3220
f 3208/3208 3217/3217 3214/3214
f 3217/3217 3216/3216 3219/3219
f 3225/3225 3211/3211 3212/3212
f 3220/3220 3238/3238 3212/3212
f 3211/3211 3225/3225 3226/3226
f 3223/3223 3252/3252 3225/3225
f 3222/3222 3209/3209 3221/3221
f 3226/3226 3216/3216 3211/3211
f 3222/3222 3221/3221 3242/3242
f 3233/3233 3218/3218 3224/3224
f 3223/3223 3225/3225 3212/3212
f 3252/3252 3227/3227 3225/3225
f 3214/3214 3209/3209 3192/3192
f 3238/3238 3223/3223 3212/3212
f 3229/3229 3226/3226 3225/3225
f 3225/3225 3227/3227 3228/3228
f 3225/3225 3228/3228 3234/3234
f 3225/3225 3234/3234 3229/3229
f 3220/3220 3231/3231 3230/3230
f 3226/3226 3229/3229 3216/3216
f 3214/3214 3217/3217 3219/3219
f 3230/3230 3238/3238 3220/3220
f 3214/3214 3219/3219 3209/3209
f 3224/3224 3220/3220 3233/3233
f 3241/3241 3227/3227 3252/3252
f 3221/3221 3209/3209 3235/3235
f 3237/3237 3220/3220 3224/3224
f 3235/3235 3209/3209 3232/3232
f 3209/3209 3219/3219 3232/3232
f 3239/3239 3220/3220 3237/3237
f 3239/3239 3231/3231 3220/3220
f 3227/3227 3248/3248 3228/3228
f 3243/3243 3252/3252 3223/3223
f 3227/3227 3241/3241 3253/3253
f 3219/3219 3240/3240 3232/3232
f 3221/3221 3260/3260 3242/3242
f 3238/3238 3251/3251 3223/3223
f 3243/3243 3223/3223 3251/3251
f 3247/3247 3248/3248 3227/3227
f 3228/3228 3256/3256 3234/3234
f 3219/3219 3216/3216 3265/3265
f 3240/3240 3219/3219 3244/3244
f 3245/3245 3250/3250 3221/3221
f 3227/3227 3253/3253 3246/3246
f 3227/3227 3246/3246 3247/3247
f 3219/3219 3257/3257 3244/3244
f 3232/3232 3258/3258 3235/3235
f 3221/3221 3235/3235 3258/3258
f 3221/3221 3250/3250 3236/3236
f 3221/3221 3259/3259 3260/3260
f 3230/3230 3251/3251 3238/3238
f 3252/3252 3243/3243 3261/3261
f 3261/3261 3241/3241 3252/3252
f 3261/3261 3262/3262 3241/3241
f 3241/3241 3262/3262 3253/3253
f 3228/3228 3248/3248 3254/3254
f 3228/3228 3254/3254 3255/3255
f 3228/3228 3255/3255 3256/3256
f 3234/3234 3256/3256 3263/3263
f 3229/3229 3265/3265 3216/3216
f 3265/3265 3257/3257 3219/3219
f 3264/3264 3265/3265 3229/3229
f 3229/3229 3234/3234 3264/3264
f 3240/3240 3249/3249 3232/3232
f 3232/3232 3249/3249 3258/3258
f 3258/3258 3245/3245 3221/3221
f 3250/3250 3266/3266 3236/3236
f 3236/3236 3266/3266 3221/3221
f 3234/3234 3263/3263 3264/3264
f 3221/3221 3266/3266 3259/3259
f 3267/3267 3268/3268 3271/3271
f 3269/3269 3268/3268 3267/3267
f 3268/3268 3270/3270 3271/3271
f 3268/3268 3269/3269 3312/3312
f 3271/3271 3293/3293 3267/3267
f 3273/3273 3274/3274 3286/3286
f 3286/3286 3278/3278 3273/3273
f 3293/3293 3272/3272 3267/3267
f 3267/3267 3272/3272 3305/3305
f 3273/3273 3278/3278 3337/3337
f 3287/3287 3278/3278 3286/3286
f 3270/3270 3275/3275 3271/3271
f 3286/3286 3274/3274 3276/3276
f 3293/3293 3271/3271 3279/3279
f 3277/3277 3280/3280 3288/3288
f 3278/3278 3281/3281 3337/3337
f 3280/3280 3277/3277 3284/3284
f 3268/3268 3280/3280 3284/3284
f 3301/3301 3281/3281 3278/3278
f 3277/3277 3288/3288 3283/3283
f 3268/3268 3284/3284 3270/3270
f 3282/3282 3286/3286 3276/3276
f 3283/3283 3285/3285 3277/3277
f 3292/3292 3286/3286 3282/3282
f 3277/3277 3289/3289 3284/3284
f 3312/3312 3288/3288 3268/3268
f 3290/3290 3285/3285 3283/3283
f 3291/3291 3292/3292 3282/3282
f 3280/3280 3268/3268 3288/3288
f 3270/3270 3284/3284 3275/3275
f 3285/3285 3289/3289 3277/3277
f 3292/3292 3287/3287 3286/3286
f 3287/3287 3311/3311 3296/3296
f 3312/3312 3283/3283 3288/3288
f 3284/3284 3289/3289 3275/3275
f 3312/3312 3290/3290 3283/3283
f 3291/3291 3287/3287 3292/3292
f 3275/3275 3289/3289 3271/3271
f 3287/3287 3296/3296 3278/3278
f 3279/3279 3271/3271 3295/3295
f 3310/3310 3269/3269 3267/3267
f 3291/3291 3297/3297 3287/3287
f 3289/3289 3295/3295 3271/3271
f 3272/3272 3293/3293 3309/3309
f 3293/3293 3321/3321 3309/3309
f 3298/3298 3291/3291 3282/3282
f 3294/3294 3297/3297 3291/3291
f 3294/3294 3311/3311 3297/3297
f 3287/3287 3297/3297 3311/3311
f 3304/3304 3294/3294 3302/3302
f 3298/3298 3294/3294 3291/3291
f 3305/3305 3272/3272 3309/3309
f 3278/3278 3296/3296 3301/3301
f 3294/3294 3300/3300 3302/3302
f 3299/3299 3294/3294 3304/3304
f 3294/3294 3299/3299 3311/3311
f 3285/3285 3316/3316 3289/3289
f 3300/3300 3298/3298 3282/3282
f 3300/3300 3294/3294 3298/3298
f 3289/3289 3316/3316 3295/3295
f 3310/3310 3267/3267 3305/3305
f 3305/3305 3309/3309 3317/3317
f 3279/3279 3316/3316 3293/3293
f 3295/3295 3316/3316 3279/3279
f 3296/3296 3311/3311 3301/3301
f 3285/3285 3303/3303 3316/3316
f 3305/3305 3299/3299 3304/3304
f 3312/3312 3269/3269 3302/3302
f 3310/3310 3305/3305 3304/3304
f 3306/3306 3302/3302 3300/3300
f 3302/3302 3310/3310 3304/3304
f 3299/3299 3307/3307 3311/3311
f 3301/3301 3311/3311 3308/3308
f 3316/3316 3324/3324 3293/3293
f 3302/3302 3269/3269 3310/3310
f 3305/3305 3317/3317 3299/3299
f 3311/3311 3307/3307 3314/3314
f 3308/3308 3281/3281 3301/3301
f 3293/3293 3324/3324 3321/3321
f 3311/3311 3314/3314 3308/3308
f 3312/3312 3302/3302 3313/3313
f 3315/3315 3302/3302 3306/3306
f 3313/3313 3302/3302 3315/3315
f 3323/3323 3308/3308 3314/3314
f 3281/3281 3335/3335 3336/3336
f 3299/3299 3320/3320 3307/3307
f 3324/3324 3316/3316 3325/3325
f 3303/3303 3319/3319 3316/3316
f 3321/3321 3318/3318 3309/3309
f 3314/3314 3307/3307 3331/3331
f 3319/3319 3325/3325 3316/3316
f 3308/3308 3323/3323 3281/3281
f 3321/3321 3326/3326 3318/3318
f 3323/3323 3314/3314 3327/3327
f 3321/3321 3328/3328 3326/3326
f 3281/3281 3327/3327 3335/3335
f 3281/3281 3336/3336 3337/3337
f 3299/3299 3322/3322 3320/3320
f 3318/3318 3326/3326 3309/3309
f 3317/3317 3322/3322 3299/3299
f 3281/3281 3323/3323 3327/3327
f 3324/3324 3325/3325 3321/3321
f 3326/3326 3317/3317 3309/3309
f 3320/3320 3329/3329 3349/3349
f 3320/3320 3349/3349 3307/3307
f 3319/3319 3332/3332 3325/3325
f 3325/3325 3332/3332 3321/3321
f 3331/3331 3342/3342 3314/3314
f 3320/3320 3322/3322 3329/3329
f 3327/3327 3335/3335 3333/3333
f 3326/3326 3328/3328 3317/3317
f 3321/3321 3332/3332 3330/3330
f 3314/3314 3342/3342 3327/3327
f 3328/3328 3321/3321 3330/3330
f 3307/3307 3349/3349 3331/3331
f 3340/3340 3354/3354 3328/3328
f 3327/3327 3333/3333 3335/3335
f 3336/3336 3365/3365 3337/3337
f 3332/3332 3338/3338 3330/3330
f 3332/3332 3319/3319 3338/3338
f 3327/3327 3345/3345 3335/3335
f 3334/3334 3340/3340 3328/3328
f 3328/3328 3330/3330 3334/3334
f 3349/3349 3345/3345 3331/3331
f 3342/3342 3345/3345 3327/3327
f 3338/3338 3341/3341 3330/3330
f 3329/3329 3346/3346 3349/3349
f 3330/3330 3341/3341 3334/3334
f 3342/3342 3331/3331 3345/3345
f 3339/3339 3347/3347 3335/3335
f 3328/3328 3354/3354 3317/3317
f 3335/3335 3347/3347 3336/3336
f 3334/3334 3341/3341 3343/3343
f 3345/3345 3344/3344 3335/3335
f 3335/3335 3344/3344 3339/3339
f 3349/3349 3346/3346 3357/3357
f 3345/3345 3348/3348 3355/3355
f 3344/3344 3347/3347 3339/3339
f 3349/3349 3351/3351 3345/3345
f 3334/3334 3353/3353 3340/3340
f 3351/3351 3348/3348 3345/3345
f 3354/3354 3340/3340 3352/3352
f 3329/3329 3350/3350 3346/3346
f 3317/3317 3358/3358 3322/3322
f 3345/3345 3366/3366 3344/3344
f 3358/3358 3317/3317 3354/3354
f 3344/3344 3366/3366 3347/3347
f 3349/3349 3357/3357 3360/3360
f 3354/3354 3352/3352 3358/3358
f 3356/3356 3347/3347 3366/3366
f 3349/3349 3360/3360 3351/3351
f 3334/3334 3343/3343 3353/3353
f 3347/3347 3356/3356 3336/3336
f 3336/3336 3356/3356 3365/3365
f 3346/3346 3360/3360 3357/3357
f 3329/3329 3322/3322 3350/3350
f 3340/3340 3353/3353 3352/3352
f 3358/3358 3359/3359 3322/3322
f 3322/3322 3359/3359 3350/3350
f 3348/3348 3351/3351 3355/3355
f 3353/3353 3358/3358 3352/3352
f 3350/3350 3367/3367 3346/3346
f 3353/3353 3343/3343 3364/3364
f 3364/3364 3358/3358 3353/3353
f 3355/3355 3361/3361 3345/3345
f 3363/3363 3351/3351 3360/3360
f 3345/3345 3361/3361 3366/3366
f 3358/3358 3371/3371 3359/3359
f 3360/3360 3346/3346 3367/3367
f 3364/3364 3371/3371 3358/3358
f 3355/3355 3362/3362 3361/3361
f 3363/3363 3375/3375 3351/3351
f 3356/3356 3366/3366 3365/3365
f 3355/3355 3351/3351 3362/3362
f 3343/3343 3368/3368 3364/3364
f 3360/3360 3367/3367 3363/3363
f 3365/3365 3366/3366 3376/3376
f 3351/3351 3370/3370 3362/3362
f 3351/3351 3375/3375 3370/3370
f 3370/3370 3375/3375 3362/3362
f 3377/3377 3373/3373 3362/3362
f 3372/3372 3377/3377 3362/3362
f 3375/3375 3372/3372 3362/3362
f 3373/3373 3378/3378 3362/3362
f 3361/3361 3374/3374 3366/3366
f 3371/3371 3350/3350 3359/3359
f 3364/3364 3368/3368 3371/3371
f 3371/3371 3369/3369 3350/3350
f 3362/3362 3378/3378 3361/3361
f 3363/3363 3367/3367 3375/3375
f 3376/3376 3366/3366 3409/3409
f 3372/3372 3375/3375 3377/3377
f 3368/3368 3391/3391 3371/3371
f 3377/3377 3385/3385 3373/3373
f 3378/3378 3373/3373 3392/3392
f 3367/3367 3397/3397 3375/3375
f 3369/3369 3371/3371 3387/3387
f 3374/3374 3417/3417 3366/3366
f 3391/3391 3389/3389 3390/3390
f 3377/3377 3400/3400 3380/3380
f 3350/3350 3382/3382 3367/3367
f 3367/3367 3396/3396 3395/3395
f 3367/3367 3386/3386 3398/3398
f 3384/3384 3367/3367 3398/3398
f 3350/3350 3399/3399 3382/3382
f 3390/3390 3389/3389 3401/3401
f 3391/3391 3390/3390 3401/3401
f 3350/3350 3408/3408 3404/3404
f 3369/3369 3387/3387 3405/3405
f 3405/3405 3406/3406 3369/3369
f 3350/3350 3406/3406 3383/3383
f 3369/3369 3406/3406 3350/3350
f 3350/3350 3407/3407 3408/3408
f 3371/3371 3403/3403 3387/3387
f 3366/3366 3388/3388 3381/3381
f 3418/3418 3409/3409 3366/3366
f 3367/3367 3393/3393 3394/3394
f 3367/3367 3410/3410 3386/3386
f 3367/3367 3411/3411 3410/3410
f 3367/3367 3412/3412 3396/3396
f 3367/3367 3395/3395 3397/3397
f 3367/3367 3384/3384 3412/3412
f 3394/3394 3411/3411 3367/3367
f 3375/3375 3397/3397 3377/3377
f 3377/3377 3397/3397 3400/3400
f 3399/3399 3350/3350 3379/3379
f 3378/3378 3414/3414 3413/3413
f 3371/3371 3391/3391 3402/3402
f 3378/3378 3392/3392 3414/3414
f 3377/3377 3380/3380 3385/3385
f 3379/3379 3350/3350 3404/3404
f 3402/3402 3403/3403 3371/3371
f 3378/3378 3413/3413 3415/3415
f 3378/3378 3415/3415 3361/3361
f 3350/3350 3383/3383 3407/3407
f 3361/3361 3416/3416 3417/3417
f 3361/3361 3417/3417 3374/3374
f 3366/3366 3381/3381 3418/3418
f 3367/3367 3382/3382 3393/3393
f 3361/3361 3415/3415 3416/3416
f 3366/3366 3417/3417 3388/3388
f 3373/3373 3385/3385 3392/3392
f 3425/3425 3436/3436 3421/3421
f 3431/3431 3434/3434 3423/3423
f 3421/3421 3428/3428 3427/3427
f 3423/3423 3424/3424 3425/3425
f 3419/3419 3423/3423 3434/3434
f 3421/3421 3420/3420 3433/3433
f 3427/3427 3430/3430 3429/3429
f 3421/3421 3426/3426 3420/3420
f 3421/3421 3433/3433 3428/3428
f 3429/3429 3422/3422 3427/3427
f 3425/3425 3424/3424 3436/3436
f 3422/3422 3453/3453 3427/3427
f 3423/3423 3419/3419 3461/3461
f 3436/3436 3426/3426 3421/3421
f 3423/3423 3432/3432 3431/3431
f 3430/3430 3427/3427 3435/3435
f 3424/3424 3423/3423 3461/3461
f 3427/3427 3428/3428 3435/3435
f 3433/3433 3435/3435 3428/3428
f 3431/3431 3432/3432 3440/3440
f 3424/3424 3442/3442 3436/3436
f 3437/3437 3439/3439 3433/3433
f 3434/3434 3447/3447 3419/3419
f 3441/3441 3429/3429 3430/3430
f 3433/3433 3443/3443 3435/3435
f 3430/3430 3435/3435 3441/3441
f 3440/3440 3445/3445 3431/3431
f 3426/3426 3463/3463 3420/3420
f 3434/3434 3431/3431 3447/3447
f 3447/3447 3462/3462 3419/3419
f 3432/3432 3445/3445 3440/3440
f 3429/3429 3444/3444 3422/3422
f 3433/3433 3439/3439 3438/3438
f 3431/3431 3445/3445 3447/3447
f 3429/3429 3441/3441 3444/3444
f 3436/3436 3442/3442 3426/3426
f 3433/3433 3451/3451 3437/3437
f 3459/3459 3442/3442 3424/3424
f 3446/3446 3444/3444 3435/3435
f 3441/3441 3435/3435 3444/3444
f 3420/3420 3451/3451 3433/3433
f 3447/3447 3455/3455 3462/3462
f 3438/3438 3443/3443 3433/3433
f 3445/3445 3432/3432 3448/3448
f 3422/3422 3449/3449 3453/3453
f 3444/3444 3449/3449 3422/3422
f 3448/3448 3452/3452 3445/3445
f 3443/3443 3438/3438 3454/3454
f 3443/3443 3454/3454 3435/3435
f 3445/3445 3466/3466 3447/3447
f 3463/3463 3451/3451 3420/3420
f 3439/3439 3437/3437 3454/3454
f 3448/3448 3456/3456 3452/3452
f 3452/3452 3466/3466 3445/3445
f 3456/3456 3472/3472 3452/3452
f 3424/3424 3461/3461 3459/3459
f 3459/3459 3465/3465 3442/3442
f 3449/3449 3476/3476 3453/3453
f 3435/3435 3454/3454 3446/3446
f 3455/3455 3458/3458 3462/3462
f 3447/3447 3466/3466 3455/3455
f 3451/3451 3463/3463 3437/3437
f 3461/3461 3419/3419 3450/3450
f 3457/3457 3454/3454 3438/3438
f 3454/3454 3457/3457 3438/3438
f 3444/3444 3446/3446 3449/3449
f 3450/3450 3419/3419 3462/3462
f 3437/3437 3463/3463 3454/3454
f 3449/3449 3446/3446 3475/3475
f 3439/3439 3454/3454 3438/3438
f 3454/3454 3475/3475 3446/3446
f 3456/3456 3460/3460 3472/3472
f 3452/3452 3472/3472 3464/3464
f 3466/3466 3452/3452 3464/3464
f 3455/3455 3466/3466 3458/3458
f 3471/3471 3464/3464 3472/3472
f 3472/3472 3460/3460 3467/3467
f 3458/3458 3479/3479 3462/3462
f 3470/3470 3458/3458 3466/3466
f 3472/3472 3467/3467 3469/3469
f 3473/3473 3470/3470 3466/3466
f 3463/3463 3475/3475 3454/3454
f 3471/3471 3466/3466 3464/3464
f 3463/3463 3426/3426 3483/3483
f 3473/3473 3466/3466 3471/3471
f 3472/3472 3474/3474 3471/3471
f 3442/3442 3465/3465 3468/3468
f 3471/3471 3474/3474 3473/3473
f 3458/3458 3470/3470 3477/3477
f 3461/3461 3478/3478 3459/3459
f 3481/3481 3472/3472 3489/3489
f 3459/3459 3478/3478 3532/3532
f 3449/3449 3484/3484 3476/3476
f 3482/3482 3483/3483 3426/3426
f 3462/3462 3486/3486 3450/3450
f 3475/3475 3484/3484 3449/3449
f 3480/3480 3475/3475 3463/3463
f 3474/3474 3472/3472 3481/3481
f 3489/3489 3472/3472 3491/3491
f 3459/3459 3504/3504 3465/3465
f 3458/3458 3477/3477 3479/3479
f 3473/3473 3474/3474 3481/3481
f 3462/3462 3479/3479 3486/3486
f 3473/3473 3481/3481 3470/3470
f 3468/3468 3482/3482 3442/3442
f 3463/3463 3483/3483 3480/3480
f 3469/3469 3497/3497 3472/3472
f 3491/3491 3472/3472 3497/3497
f 3442/3442 3482/3482 3426/3426
f 3461/3461 3532/3532 3478/3478
f 3486/3486 3479/3479 3477/3477
f 3459/3459 3532/3532 3504/3504
f 3480/3480 3506/3506 3475/3475
f 3532/3532 3461/3461 3486/3486
f 3475/3475 3506/3506 3484/3484
f 3498/3498 3487/3487 3489/3489
f 3489/3489 3485/3485 3505/3505
f 3487/3487 3485/3485 3489/3489
f 3461/3461 3450/3450 3486/3486
f 3488/3488 3485/3485 3493/3493
f 3470/3470 3481/3481 3477/3477
f 3485/3485 3487/3487 3493/3493
f 3501/3501 3506/3506 3480/3480
f 3477/3477 3481/3481 3489/3489
f 3491/3491 3490/3490 3489/3489
f 3490/3490 3494/3494 3489/3489
f 3504/3504 3468/3468 3465/3465
f 3489/3489 3492/3492 3477/3477
f 3477/3477 3492/3492 3505/3505
f 3491/3491 3497/3497 3490/3490
f 3488/3488 3505/3505 3485/3485
f 3492/3492 3489/3489 3505/3505
f 3469/3469 3524/3524 3497/3497
f 3493/3493 3487/3487 3499/3499
f 3494/3494 3498/3498 3489/3489
f 3493/3493 3502/3502 3488/3488
f 3493/3493 3499/3499 3502/3502
f 3494/3494 3496/3496 3498/3498
f 3486/3486 3477/3477 3505/3505
f 3526/3526 3488/3488 3511/3511
f 3488/3488 3502/3502 3495/3495
f 3502/3502 3499/3499 3507/3507
f 3490/3490 3497/3497 3524/3524
f 3505/3505 3488/3488 3515/3515
f 3490/3490 3503/3503 3494/3494
f 3488/3488 3510/3510 3511/3511
f 3496/3496 3487/3487 3498/3498
f 3526/3526 3515/3515 3488/3488
f 3524/3524 3503/3503 3490/3490
f 3486/3486 3505/3505 3531/3531
f 3495/3495 3512/3512 3488/3488
f 3480/3480 3483/3483 3501/3501
f 3487/3487 3500/3500 3522/3522
f 3494/3494 3503/3503 3496/3496
f 3506/3506 3501/3501 3514/3514
f 3510/3510 3508/3508 3509/3509
f 3610/3610 3513/3513 3482/3482
f 3504/3504 3511/3511 3468/3468
f 3468/3468 3516/3516 3482/3482
f 3510/3510 3509/3509 3511/3511
f 3502/3502 3507/3507 3529/3529
f 3482/3482 3518/3518 3610/3610
f 3504/3504 3534/3534 3511/3511
f 3468/3468 3509/3509 3516/3516
f 3511/3511 3509/3509 3468/3468
f 3513/3513 3514/3514 3482/3482
f 3505/3505 3515/3515 3531/3531
f 3499/3499 3529/3529 3507/3507
f 3496/3496 3500/3500 3487/3487
f 3482/3482 3501/3501 3483/3483
f 3509/3509 3508/3508 3546/3546
f 3504/3504 3517/3517 3534/3534
f 3518/3518 3482/3482 3520/3520
f 3482/3482 3514/3514 3501/3501
f 3495/3495 3528/3528 3512/3512
f 3487/3487 3522/3522 3499/3499
f 3469/3469 3521/3521 3524/3524
f 3534/3534 3526/3526 3511/3511
f 3536/3536 3529/3529 3499/3499
f 3499/3499 3530/3530 3536/3536
f 3531/3531 3515/3515 3526/3526
f 3488/3488 3512/3512 3510/3510
f 3510/3510 3512/3512 3508/3508
f 3495/3495 3502/3502 3529/3529
f 3482/3482 3516/3516 3520/3520
f 3504/3504 3519/3519 3517/3517
f 3486/3486 3531/3531 3532/3532
f 3516/3516 3509/3509 3520/3520
f 3532/3532 3527/3527 3504/3504
f 3520/3520 3509/3509 3539/3539
f 3495/3495 3529/3529 3528/3528
f 3528/3528 3543/3543 3512/3512
f 3522/3522 3530/3530 3499/3499
f 3504/3504 3527/3527 3519/3519
f 3508/3508 3512/3512 3525/3525
f 3525/3525 3546/3546 3508/3508
f 3496/3496 3538/3538 3500/3500
f 3509/3509 3546/3546 3539/3539
f 3520/3520 3539/3539 3523/3523
f 3528/3528 3529/3529 3543/3543
f 3535/3535 3529/3529 3536/3536
f 3522/3522 3500/3500 3533/3533
f 3531/3531 3519/3519 3527/3527
f 3519/3519 3531/3531 3526/3526
f 3503/3503 3524/3524 3564/3564
f 3519/3519 3534/3534 3517/3517
f 3527/3527 3532/3532 3531/3531
f 3519/3519 3526/3526 3534/3534
f 3529/3529 3535/3535 3543/3543
f 3503/3503 3577/3577 3541/3541
f 3536/3536 3530/3530 3535/3535
f 3496/3496 3503/3503 3541/3541
f 3500/3500 3538/3538 3540/3540
f 3518/3518 3549/3549 3610/3610
f 3530/3530 3522/3522 3533/3533
f 3558/3558 3530/3530 3533/3533
f 3520/3520 3523/3523 3565/3565
f 3537/3537 3541/3541 3577/3577
f 3525/3525 3574/3574 3546/3546
f 3541/3541 3537/3537 3548/3548
f 3541/3541 3545/3545 3496/3496
f 3548/3548 3537/3537 3542/3542
f 3496/3496 3545/3545 3538/3538
f 3577/3577 3503/3503 3564/3564
f 3525/3525 3512/3512 3574/3574
f 3533/3533 3500/3500 3558/3558
f 3539/3539 3579/3579 3523/3523
f 3540/3540 3558/3558 3500/3500
f 3557/3557 3530/3530 3558/3558
f 3518/3518 3520/3520 3565/3565
f 3523/3523 3551/3551 3565/3565
f 3512/3512 3543/3543 3574/3574
f 3548/3548 3544/3544 3541/3541
f 3544/3544 3545/3545 3541/3541
f 3538/3538 3545/3545 3540/3540
f 3574/3574 3567/3567 3546/3546
f 3554/3554 3535/3535 3530/3530
f 3524/3524 3521/3521 3550/3550
f 3537/3537 3566/3566 3542/3542
f 3548/3548 3540/3540 3544/3544
f 3546/3546 3579/3579 3539/3539
f 3542/3542 3552/3552 3540/3540
f 3555/3555 3547/3547 3577/3577
f 3544/3544 3540/3540 3545/3545
f 3550/3550 3564/3564 3524/3524
f 3548/3548 3542/3542 3540/3540
f 3555/3555 3553/3553 3547/3547
f 3567/3567 3563/3563 3546/3546
f 3565/3565 3549/3549 3518/3518
f 3555/3555 3577/3577 3561/3561
f 3542/3542 3566/3566 3557/3557
f 3542/3542 3557/3557 3552/3552
f 3552/3552 3556/3556 3540/3540
f 3546/3546 3562/3562 3579/3579
f 3554/3554 3559/3559 3535/3535
f 3566/3566 3537/3537 3577/3577
f 3535/3535 3559/3559 3557/3557
f 3554/3554 3530/3530 3559/3559
f 3574/3574 3543/3543 3568/3568
f 3556/3556 3558/3558 3540/3540
f 3561/3561 3577/3577 3564/3564
f 3579/3579 3572/3572 3523/3523
f 3535/3535 3569/3569 3543/3543
f 3557/3557 3559/3559 3530/3530
f 3553/3553 3560/3560 3547/3547
f 3576/3576 3577/3577 3547/3547
f 3552/3552 3557/3557 3556/3556
f 3556/3556 3557/3557 3558/3558
f 3560/3560 3576/3576 3547/3547
f 3546/3546 3563/3563 3562/3562
f 3561/3561 3564/3564 3550/3550
f 3577/3577 3599/3599 3566/3566
f 3581/3581 3565/3565 3575/3575
f 3551/3551 3575/3575 3565/3565
f 3523/3523 3572/3572 3551/3551
f 3557/3557 3566/3566 3571/3571
f 3557/3557 3569/3569 3535/3535
f 3557/3557 3571/3571 3569/3569
f 3563/3563 3573/3573 3562/3562
f 3574/3574 3568/3568 3586/3586
f 3574/3574 3586/3586 3582/3582
f 3565/3565 3581/3581 3549/3549
f 3551/3551 3572/3572 3575/3575
f 3549/3549 3581/3581 3580/3580
f 3571/3571 3566/3566 3619/3619
f 3571/3571 3543/3543 3569/3569
f 3567/3567 3574/3574 3570/3570
f 3586/3586 3568/3568 3543/3543
f 3571/3571 3619/3619 3597/3597
f 3567/3567 3570/3570 3563/3563
f 3610/3610 3549/3549 3583/3583
f 3578/3578 3586/3586 3543/3543
f 3562/3562 3573/3573 3579/3579
f 3578/3578 3543/3543 3571/3571
f 3576/3576 3560/3560 3587/3587
f 3570/3570 3590/3590 3563/3563
f 3591/3591 3619/3619 3566/3566
f 3573/3573 3563/3563 3590/3590
f 3571/3571 3597/3597 3578/3578
f 3566/3566 3589/3589 3591/3591
f 3549/3549 3580/3580 3598/3598
f 3576/3576 3618/3618 3592/3592
f 3572/3572 3602/3602 3575/3575
f 3577/3577 3576/3576 3600/3600
f 3586/3586 3578/3578 3588/3588
f 3570/3570 3574/3574 3590/3590
f 3582/3582 3590/3590 3574/3574
f 3566/3566 3599/3599 3585/3585
f 3587/3587 3618/3618 3576/3576
f 3572/3572 3579/3579 3607/3607
f 3599/3599 3577/3577 3600/3600
f 3581/3581 3598/3598 3580/3580
f 3593/3593 3572/3572 3607/3607
f 3583/3583 3549/3549 3594/3594
f 3584/3584 3582/3582 3586/3586
f 3592/3592 3600/3600 3576/3576
f 3578/3578 3597/3597 3588/3588
f 3587/3587 3560/3560 3595/3595
f 3610/3610 3583/3583 3594/3594
f 3593/3593 3596/3596 3572/3572
f 3579/3579 3573/3573 3607/3607
f 3566/3566 3585/3585 3589/3589
f 3596/3596 3602/3602 3572/3572
f 3573/3573 3590/3590 3607/3607
f 3604/3604 3590/3590 3601/3601
f 3584/3584 3601/3601 3582/3582
f 3582/3582 3601/3601 3590/3590
f 3590/3590 3609/3609 3607/3607
f 3618/3618 3587/3587 3595/3595
f 3598/3598 3594/3594 3549/3549
f 3590/3590 3604/3604 3609/3609
f 3584/3584 3588/3588 3601/3601
f 3594/3594 3598/3598 3581/3581
f 3591/3591 3603/3603 3619/3619
f 3606/3606 3600/3600 3592/3592
f 3584/3584 3586/3586 3588/3588
f 3599/3599 3605/3605 3585/3585
f 3597/3597 3625/3625 3588/3588
f 3608/3608 3575/3575 3602/3602
f 3600/3600 3606/3606 3599/3599
f 3596/3596 3608/3608 3602/3602
f 3615/3615 3620/3620 3613/3613
f 3609/3609 3604/3604 3611/3611
f 3605/3605 3599/3599 3622/3622
f 3604/3604 3601/3601 3611/3611
f 3594/3594 3581/3581 3575/3575
f 3609/3609 3611/3611 3607/3607
f 3588/3588 3637/3637 3601/3601
f 3619/3619 3603/3603 3626/3626
f 3610/3610 3594/3594 3617/3617
f 3607/3607 3611/3611 3593/3593
f 3606/3606 3622/3622 3599/3599
f 3589/3589 3585/3585 3591/3591
f 3594/3594 3575/3575 3608/3608
f 3593/3593 3612/3612 3596/3596
f 3592/3592 3622/3622 3606/3606
f 3596/3596 3594/3594 3608/3608
f 3593/3593 3616/3616 3612/3612
f 3593/3593 3611/3611 3616/3616
f 3612/3612 3616/3616 3596/3596
f 3616/3616 3594/3594 3596/3596
f 3619/3619 3625/3625 3597/3597
f 3613/3613 3620/3620 3594/3594
f 3613/3613 3594/3594 3614/3614
f 3614/3614 3594/3594 3616/3616
f 3618/3618 3641/3641 3592/3592
f 3594/3594 3620/3620 3617/3617
f 3592/3592 3641/3641 3622/3622
f 3601/3601 3637/3637 3621/3621
f 3601/3601 3621/3621 3611/3611
f 3619/3619 3626/3626 3625/3625
f 3588/3588 3625/3625 3637/3637
f 3638/3638 3614/3614 3616/3616
f 3605/3605 3631/3631 3585/3585
f 3623/3623 3591/3591 3585/3585
f 3620/3620 3615/3615 3632/3632
f 3618/3618 3595/3595 3624/3624
f 3585/3585 3631/3631 3623/3623
f 3628/3628 3614/3614 3643/3643
f 3618/3618 3624/3624 3641/3641
f 3611/3611 3621/3621 3627/3627
f 3625/3625 3649/3649 3637/3637
f 3613/3613 3644/3644 3629/3629
f 3652/3652 3625/3625 3626/3626
f 3643/3643 3614/3614 3638/3638
f 3630/3630 3622/3622 3633/3633
f 3622/3622 3630/3630 3605/3605
f 3623/3623 3635/3635 3591/3591
f 3615/3615 3613/3613 3632/3632
f 3630/3630 3633/3633 3640/3640
f 3613/3613 3629/3629 3632/3632
f 3638/3638 3616/3616 3655/3655
f 3631/3631 3605/3605 3636/3636
f 3613/3613 3614/3614 3628/3628
f 3642/3642 3630/3630 3640/3640
f 3639/3639 3633/3633 3624/3624
f 3652/3652 3649/3649 3625/3625
f 3613/3613 3628/3628 3643/3643
f 3633/3633 3622/3622 3624/3624
f 3624/3624 3622/3622 3641/3641
f 3611/3611 3627/3627 3654/3654
f 3653/3653 3611/3611 3654/3654
f 3631/3631 3647/3647 3623/3623
f 3630/3630 3636/3636 3605/3605
f 3616/3616 3611/3611 3655/3655
f 3627/3627 3621/3621 3654/3654
f 3633/3633 3639/3639 3640/3640
f 3644/3644 3613/3613 3660/3660
f 3634/3634 3650/3650 3621/3621
f 3623/3623 3646/3646 3635/3635
f 3635/3635 3646/3646 3591/3591
f 3623/3623 3651/3651 3646/3646
f 3613/3613 3643/3643 3660/3660
f 3648/3648 3647/3647 3651/3651
f 3647/3647 3648/3648 3623/3623
f 3623/3623 3648/3648 3651/3651
f 3621/3621 3637/3637 3634/3634
f 3652/3652 3626/3626 3651/3651
f 3591/3591 3646/3646 3603/3603
f 3654/3654 3621/3621 3650/3650
f 3646/3646 3626/3626 3603/3603
f 3646/3646 3651/3651 3626/3626
f 3611/3611 3653/3653 3655/3655
f 3636/3636 3692/3692 3631/3631
f 3660/3660 3643/3643 3638/3638
f 3649/3649 3666/3666 3637/3637
f 3652/3652 3666/3666 3649/3649
f 3637/3637 3656/3656 3634/3634
f 3637/3637 3658/3658 3656/3656
f 3651/3651 3647/3647 3659/3659
f 3651/3651 3668/3668 3652/3652
f 3640/3640 3676/3676 3642/3642
f 3630/3630 3698/3698 3636/3636
f 3647/3647 3687/3687 3659/3659
f 3631/3631 3657/3657 3647/3647
f 3669/3669 3668/3668 3651/3651
f 3637/3637 3666/3666 3658/3658
f 3676/3676 3630/3630 3642/3642
f 3631/3631 3692/3692 3657/3657
f 3652/3652 3668/3668 3666/3666
f 3638/3638 3663/3663 3661/3661
f 3639/3639 3676/3676 3640/3640
f 3657/3657 3687/3687 3647/3647
f 3638/3638 3661/3661 3660/3660
f 3634/3634 3656/3656 3650/3650
f 3676/3676 3645/3645 3630/3630
f 3630/3630 3662/3662 3698/3698
f 3659/3659 3669/3669 3651/3651
f 3663/3663 3638/3638 3703/3703
f 3639/3639 3665/3665 3676/3676
f 3666/3666 3656/3656 3658/3658
f 3655/3655 3653/3653 3670/3670
f 3650/3650 3656/3656 3674/3674
f 3636/3636 3698/3698 3692/3692
f 3654/3654 3677/3677 3653/3653
f 3666/3666 3668/3668 3656/3656
f 3645/3645 3662/3662 3630/3630
f 3664/3664 3656/3656 3668/3668
f 3674/3674 3654/3654 3650/3650
f 3669/3669 3664/3664 3668/3668
f 3653/3653 3685/3685 3670/3670
f 3655/3655 3670/3670 3679/3679
f 3659/3659 3671/3671 3667/3667
f 3692/3692 3687/3687 3657/3657
f 3669/3669 3659/3659 3664/3664
f 3664/3664 3673/3673 3656/3656
f 3687/3687 3671/3671 3659/3659
f 3685/3685 3653/3653 3688/3688
f 3659/3659 3673/3673 3664/3664
f 3676/3676 3665/3665 3675/3675
f 3656/3656 3673/3673 3674/3674
f 3670/3670 3672/3672 3679/3679
f 3684/3684 3698/3698 3662/3662
f 3673/3673 3677/3677 3654/3654
f 3645/3645 3676/3676 3675/3675
f 3673/3673 3654/3654 3674/3674
f 3659/3659 3677/3677 3673/3673
f 3680/3680 3653/3653 3677/3677
f 3659/3659 3680/3680 3677/3677
f 3659/3659 3678/3678 3680/3680
f 3667/3667 3678/3678 3659/3659
f 3680/3680 3681/3681 3653/3653
f 3655/3655 3679/3679 3691/3691
f 3675/3675 3682/3682 3645/3645
f 3662/3662 3682/3682 3684/3684
f 3653/3653 3681/3681 3688/3688
f 3638/3638 3655/3655 3703/3703
f 3703/3703 3655/3655 3691/3691
f 3645/3645 3682/3682 3662/3662
f 3682/3682 3683/3683 3684/3684
f 3692/3692 3698/3698 3710/3710
f 3678/3678 3667/3667 3680/3680
f 3691/3691 3679/3679 3672/3672
f 3688/3688 3686/3686 3685/3685
f 3671/3671 3687/3687 3689/3689
f 3680/3680 3686/3686 3681/3681
f 3681/3681 3686/3686 3688/3688
f 3680/3680 3667/3667 3686/3686
f 3667/3667 3671/3671 3696/3696
f 3684/3684 3726/3726 3698/3698
f 3692/3692 3694/3694 3687/3687
f 3711/3711 3696/3696 3671/3671
f 3694/3694 3697/3697 3687/3687
f 3698/3698 3722/3722 3694/3694
f 3687/3687 3702/3702 3689/3689
f 3704/3704 3670/3670 3716/3716
f 3667/3667 3708/3708 3695/3695
f 3667/3667 3719/3719 3699/3699
f 3726/3726 3701/3701 3698/3698
f 3672/3672 3670/3670 3704/3704
f 3704/3704 3707/3707 3672/3672
f 3690/3690 3724/3724 3667/3667
f 3667/3667 3693/3693 3714/3714
f 3667/3667 3709/3709 3686/3686
f 3667/3667 3715/3715 3693/3693
f 3667/3667 3699/3699 3715/3715
f 3670/3670 3685/3685 3728/3728
f 3697/3697 3721/3721 3687/3687
f 3671/3671 3689/3689 3711/3711
f 3691/3691 3672/3672 3706/3706
f 3706/3706 3672/3672 3712/3712
f 3712/3712 3672/3672 3713/3713
f 3667/3667 3724/3724 3690/3690
f 3708/3708 3667/3667 3714/3714
f 3667/3667 3725/3725 3709/3709
f 3670/3670 3728/3728 3716/3716
f 3717/3717 3705/3705 3685/3685
f 3709/3709 3718/3718 3686/3686
f 3685/3685 3700/3700 3717/3717
f 3730/3730 3700/3700 3685/3685
f 3727/3727 3684/3684 3683/3683
f 3685/3685 3718/3718 3730/3730
f 3718/3718 3685/3685 3686/3686
f 3667/3667 3696/3696 3719/3719
f 3692/3692 3710/3710 3694/3694
f 3698/3698 3694/3694 3710/3710
f 3687/3687 3721/3721 3702/3702
f 3689/3689 3702/3702 3711/3711
f 3703/3703 3691/3691 3706/3706
f 3672/3672 3723/3723 3713/3713
f 3672/3672 3707/3707 3723/3723
f 3724/3724 3725/3725 3667/3667
f 3705/3705 3728/3728 3685/3685
f 3727/3727 3729/3729 3684/3684
f 3684/3684 3729/3729 3726/3726
f 3698/3698 3701/3701 3720/3720
f 3698/3698 3720/3720 3722/3722
f 3667/3667 3695/3695 3724/3724
f 3731/3731 3737/3737 3736/3736
f 3732/3732 3737/3737 3733/3733
f 3731/3731 3734/3734 3737/3737
f 3737/3737 3734/3734 3733/3733
f 3731/3731 3778/3778 3734/3734
f 3740/3740 3735/3735 3742/3742
f 3735/3735 3740/3740 3738/3738
f 3737/3737 3746/3746 3736/3736
f 3740/3740 3737/3737 3738/3738
f 3737/3737 3732/3732 3738/3738
f 3746/3746 3731/3731 3736/3736
f 3739/3739 3737/3737 3740/3740
f 3739/3739 3740/3740 3758/3758
f 3737/3737 3739/3739 3746/3746
f 3741/3741 3742/3742 3735/3735
f 3731/3731 3750/3750 3778/3778
f 3743/3743 3742/3742 3741/3741
f 3757/3757 3742/3742 3743/3743
f 3745/3745 3746/3746 3739/3739
f 3731/3731 3746/3746 3744/3744
f 3742/3742 3758/3758 3740/3740
f 3731/3731 3747/3747 3754/3754
f 3731/3731 3754/3754 3750/3750
f 3744/3744 3747/3747 3731/3731
f 3758/3758 3751/3751 3739/3739
f 3746/3746 3745/3745 3749/3749
f 3745/3745 3739/3739 3748/3748
f 3746/3746 3747/3747 3744/3744
f 3753/3753 3749/3749 3745/3745
f 3746/3746 3749/3749 3747/3747
f 3747/3747 3749/3749 3754/3754
f 3748/3748 3739/3739 3751/3751
f 3748/3748 3751/3751 3745/3745
f 3749/3749 3752/3752 3750/3750
f 3750/3750 3754/3754 3749/3749
f 3755/3755 3751/3751 3758/3758
f 3753/3753 3745/3745 3755/3755
f 3745/3745 3751/3751 3755/3755
f 3749/3749 3753/3753 3759/3759
f 3767/3767 3758/3758 3757/3757
f 3749/3749 3759/3759 3752/3752
f 3742/3742 3757/3757 3758/3758
f 3756/3756 3753/3753 3755/3755
f 3761/3761 3756/3756 3755/3755
f 3761/3761 3759/3759 3756/3756
f 3753/3753 3756/3756 3759/3759
f 3758/3758 3767/3767 3755/3755
f 3750/3750 3752/3752 3759/3759
f 3750/3750 3759/3759 3762/3762
f 3759/3759 3761/3761 3765/3765
f 3765/3765 3762/3762 3759/3759
f 3765/3765 3761/3761 3755/3755
f 3762/3762 3763/3763 3750/3750
f 3755/3755 3768/3768 3765/3765
f 3762/3762 3765/3765 3766/3766
f 3772/3772 3762/3762 3766/3766
f 3768/3768 3766/3766 3765/3765
f 3762/3762 3772/3772 3763/3763
f 3767/3767 3764/3764 3755/3755
f 3757/3757 3743/3743 3779/3779
f 3750/3750 3763/3763 3760/3760
f 3757/3757 3776/3776 3767/3767
f 3773/3773 3768/3768 3789/3789
f 3763/3763 3772/3772 3770/3770
f 3768/3768 3777/3777 3766/3766
f 3763/3763 3770/3770 3760/3760
f 3778/3778 3750/3750 3770/3770
f 3777/3777 3774/3774 3766/3766
f 3750/3750 3760/3760 3770/3770
f 3771/3771 3768/3768 3773/3773
f 3768/3768 3755/3755 3789/3789
f 3774/3774 3772/3772 3766/3766
f 3775/3775 3768/3768 3771/3771
f 3775/3775 3777/3777 3768/3768
f 3764/3764 3809/3809 3755/3755
f 3800/3800 3755/3755 3809/3809
f 3772/3772 3780/3780 3770/3770
f 3773/3773 3786/3786 3771/3771
f 3775/3775 3786/3786 3777/3777
f 3755/3755 3800/3800 3789/3789
f 3776/3776 3757/3757 3779/3779
f 3775/3775 3771/3771 3786/3786
f 3774/3774 3788/3788 3772/3772
f 3780/3780 3772/3772 3769/3769
f 3786/3786 3773/3773 3789/3789
f 3813/3813 3778/3778 3770/3770
f 3791/3791 3769/3769 3772/3772
f 3774/3774 3783/3783 3788/3788
f 3780/3780 3769/3769 3770/3770
f 3782/3782 3779/3779 3743/3743
f 3802/3802 3777/3777 3786/3786
f 3772/3772 3788/3788 3791/3791
f 3777/3777 3783/3783 3774/3774
f 3767/3767 3809/3809 3764/3764
f 3781/3781 3787/3787 3788/3788
f 3788/3788 3787/3787 3781/3781
f 3770/3770 3792/3792 3813/3813
f 3776/3776 3784/3784 3796/3796
f 3770/3770 3769/3769 3791/3791
f 3783/3783 3790/3790 3788/3788
f 3817/3817 3785/3785 3819/3819
f 3776/3776 3779/3779 3784/3784
f 3791/3791 3798/3798 3770/3770
f 3801/3801 3789/3789 3800/3800
f 3770/3770 3798/3798 3792/3792
f 3789/3789 3801/3801 3786/3786
f 3788/3788 3790/3790 3794/3794
f 3788/3788 3794/3794 3787/3787
f 3793/3793 3776/3776 3796/3796
f 3776/3776 3793/3793 3767/3767
f 3784/3784 3779/3779 3782/3782
f 3788/3788 3807/3807 3791/3791
f 3786/3786 3801/3801 3802/3802
f 3803/3803 3791/3791 3807/3807
f 3793/3793 3795/3795 3767/3767
f 3796/3796 3784/3784 3782/3782
f 3817/3817 3819/3819 3840/3840
f 3787/3787 3794/3794 3799/3799
f 3767/3767 3797/3797 3809/3809
f 3806/3806 3801/3801 3811/3811
f 3802/3802 3783/3783 3777/3777
f 3787/3787 3799/3799 3788/3788
f 3791/3791 3803/3803 3798/3798
f 3767/3767 3795/3795 3797/3797
f 3802/3802 3801/3801 3808/3808
f 3801/3801 3800/3800 3811/3811
f 3802/3802 3810/3810 3783/3783
f 3817/3817 3840/3840 3826/3826
f 3810/3810 3802/3802 3808/3808
f 3805/3805 3809/3809 3797/3797
f 3831/3831 3800/3800 3809/3809
f 3831/3831 3811/3811 3800/3800
f 3801/3801 3806/3806 3808/3808
f 3804/3804 3809/3809 3805/3805
f 3783/3783 3810/3810 3790/3790
f 3810/3810 3808/3808 3821/3821
f 3803/3803 3812/3812 3798/3798
f 3792/3792 3812/3812 3854/3854
f 3812/3812 3792/3792 3798/3798
f 3817/3817 3826/3826 3835/3835
f 3803/3803 3807/3807 3814/3814
f 3792/3792 3854/3854 3813/3813
f 3818/3818 3821/3821 3806/3806
f 3806/3806 3821/3821 3808/3808
f 3790/3790 3846/3846 3794/3794
f 3809/3809 3804/3804 3816/3816
f 3809/3809 3816/3816 3815/3815
f 3832/3832 3817/3817 3835/3835
f 3821/3821 3790/3790 3810/3810
f 3803/3803 3814/3814 3847/3847
f 3822/3822 3818/3818 3806/3806
f 3815/3815 3820/3820 3809/3809
f 3806/3806 3811/3811 3831/3831
f 3820/3820 3831/3831 3809/3809
f 3818/3818 3823/3823 3821/3821
f 3799/3799 3794/3794 3827/3827
f 3803/3803 3847/3847 3812/3812
f 3846/3846 3827/3827 3794/3794
f 3822/3822 3806/3806 3825/3825
f 3806/3806 3838/3838 3825/3825
f 3821/3821 3823/3823 3824/3824
f 3835/3835 3826/3826 3845/3845
f 3799/3799 3807/3807 3788/3788
f 3830/3830 3831/3831 3820/3820
f 3827/3827 3844/3844 3799/3799
f 3830/3830 3829/3829 3831/3831
f 3824/3824 3842/3842 3821/3821
f 3821/3821 3842/3842 3790/3790
f 3833/3833 3831/3831 3829/3829
f 3834/3834 3832/3832 3835/3835
f 3841/3841 3836/3836 3827/3827
f 3858/3858 3834/3834 3839/3839
f 3840/3840 3828/3828 3826/3826
f 3806/3806 3831/3831 3838/3838
f 3831/3831 3837/3837 3838/3838
f 3843/3843 3834/3834 3835/3835
f 3837/3837 3831/3831 3833/3833
f 3824/3824 3823/3823 3842/3842
f 3844/3844 3827/3827 3836/3836
f 3840/3840 3819/3819 3860/3860
f 3826/3826 3828/3828 3845/3845
f 3839/3839 3834/3834 3843/3843
f 3828/3828 3840/3840 3860/3860
f 3836/3836 3841/3841 3849/3849
f 3827/3827 3853/3853 3841/3841
f 3836/3836 3849/3849 3852/3852
f 3846/3846 3853/3853 3827/3827
f 3812/3812 3847/3847 3854/3854
f 3828/3828 3860/3860 3871/3871
f 3844/3844 3836/3836 3852/3852
f 3819/3819 3785/3785 3848/3848
f 3807/3807 3850/3850 3814/3814
f 3860/3860 3819/3819 3848/3848
f 3846/3846 3889/3889 3875/3875
f 3852/3852 3849/3849 3851/3851
f 3842/3842 3856/3856 3790/3790
f 3859/3859 3860/3860 3848/3848
f 3855/3855 3853/3853 3846/3846
f 3839/3839 3843/3843 3857/3857
f 3845/3845 3828/3828 3871/3871
f 3841/3841 3933/3933 3849/3849
f 3852/3852 3851/3851 3868/3868
f 3847/3847 3966/3966 3854/3854
f 3880/3880 3966/3966 3847/3847
f 3849/3849 3901/3901 3851/3851
f 3790/3790 3889/3889 3846/3846
f 3853/3853 3855/3855 3841/3841
f 3814/3814 3850/3850 3847/3847
f 3868/3868 3851/3851 3861/3861
f 3823/3823 3856/3856 3842/3842
f 3839/3839 3857/3857 3881/3881
f 3835/3835 3845/3845 3843/3843
f 3852/3852 3868/3868 3844/3844
f 3839/3839 3956/3956 3858/3858
f 3889/3889 3790/3790 3856/3856
f 3846/3846 3875/3875 3855/3855
f 3851/3851 3901/3901 3861/3861
f 3844/3844 3884/3884 3799/3799
f 3861/3861 3863/3863 3862/3862
f 3860/3860 3870/3870 3871/3871
f 3807/3807 3799/3799 3884/3884
f 3847/3847 3850/3850 3880/3880
f 3868/3868 3861/3861 3862/3862
f 3861/3861 3901/3901 3865/3865
f 3861/3861 3865/3865 3863/3863
f 3859/3859 3848/3848 3860/3860
f 3807/3807 3884/3884 3880/3880
f 3807/3807 3880/3880 3850/3850
f 3877/3877 3845/3845 3871/3871
f 3849/3849 3872/3872 3901/3901
f 3863/3863 3865/3865 3866/3866
f 3843/3843 3845/3845 3877/3877
f 3901/3901 3864/3864 3865/3865
f 3863/3863 3866/3866 3862/3862
f 3865/3865 3873/3873 3866/3866
f 3860/3860 3848/3848 3867/3867
f 3881/3881 3857/3857 3892/3892
f 3866/3866 3873/3873 3874/3874
f 3866/3866 3874/3874 3862/3862
f 3843/3843 3877/3877 3888/3888
f 3868/3868 3862/3862 3844/3844
f 3864/3864 3879/3879 3865/3865
f 3839/3839 3881/3881 3954/3954
f 3892/3892 3843/3843 3888/3888
f 3860/3860 3876/3876 3870/3870
f 3867/3867 3876/3876 3860/3860
f 3865/3865 3879/3879 3873/3873
f 3892/3892 3857/3857 3843/3843
f 3884/3884 3844/3844 3869/3869
f 3862/3862 3874/3874 3885/3885
f 3862/3862 3885/3885 3878/3878
f 3862/3862 3878/3878 3882/3882
f 3849/3849 3933/3933 3872/3872
f 3844/3844 3862/3862 3882/3882
f 3873/3873 3885/3885 3874/3874
f 3871/3871 3870/3870 3958/3958
f 3873/3873 3879/3879 3883/3883
f 3841/3841 3855/3855 3987/3987
f 3864/3864 3886/3886 3879/3879
f 3886/3886 3883/3883 3879/3879
f 3873/3873 3890/3890 3885/3885
f 3870/3870 3876/3876 3958/3958
f 3873/3873 3883/3883 3890/3890
f 3987/3987 3933/3933 3841/3841
f 3884/3884 3869/3869 3880/3880
f 3885/3885 3890/3890 3878/3878
f 3933/3933 3924/3924 3872/3872
f 3875/3875 3889/3889 3921/3921
f 3855/3855 3875/3875 3921/3921
f 3823/3823 3889/3889 3856/3856
f 3844/3844 3882/3882 3896/3896
f 3878/3878 3890/3890 3887/3887
f 3878/3878 3887/3887 3948/3948
f 3871/3871 3891/3891 3877/3877
f 3869/3869 3844/3844 3906/3906
f 3869/3869 3894/3894 3880/3880
f 3921/3921 3987/3987 3855/3855
f 3900/3900 3895/3895 3864/3864
f 3895/3895 3886/3886 3864/3864
f 3844/3844 3896/3896 3906/3906
f 3882/3882 3878/3878 3896/3896
f 3890/3890 3893/3893 3887/3887
f 3888/3888 3989/3989 3892/3892
f 3901/3901 3900/3900 3864/3864
f 3878/3878 3948/3948 3896/3896
f 3887/3887 3893/3893 3899/3899
f 3948/3948 3887/3887 3909/3909
f 3900/3900 3952/3952 3886/3886
f 3886/3886 3952/3952 3908/3908
f 3890/3890 3883/3883 3898/3898
f 3880/3880 3894/3894 3966/3966
f 3871/3871 3897/3897 3891/3891
f 3892/3892 3989/3989 3954/3954
f 3895/3895 3900/3900 3886/3886
f 3890/3890 3898/3898 3893/3893
f 3956/3956 3839/3839 3970/3970
f 3908/3908 3883/3883 3886/3886
f 3899/3899 3893/3893 3907/3907
f 3887/3887 3899/3899 3907/3907
f 3869/3869 3906/3906 3894/3894
f 3902/3902 3904/3904 3919/3919
f 3915/3915 3903/3903 3913/3913
f 3897/3897 3871/3871 3958/3958
f 3883/3883 3908/3908 3898/3898
f 3919/3919 3904/3904 3930/3930
f 3893/3893 3912/3912 3907/3907
f 3887/3887 3907/3907 3909/3909
f 3920/3920 3905/3905 3915/3915
f 3913/3913 3910/3910 3915/3915
f 3893/3893 3917/3917 3912/3912
f 3894/3894 3911/3911 3966/3966
f 3888/3888 3877/3877 3891/3891
f 3928/3928 3948/3948 3909/3909
f 3913/3913 3903/3903 3923/3923
f 3908/3908 3893/3893 3898/3898
f 3912/3912 3917/3917 3940/3940
f 3913/3913 3923/3923 3931/3931
f 3915/3915 3905/3905 3916/3916
f 3915/3915 3930/3930 3923/3923
f 3915/3915 3923/3923 3903/3903
f 3915/3915 3916/3916 3930/3930
f 3910/3910 3918/3918 3915/3915
f 3979/3979 3897/3897 3958/3958
f 3893/3893 3908/3908 3936/3936
f 3922/3922 3919/3919 3930/3930
f 3904/3904 3902/3902 3930/3930
f 3915/3915 3918/3918 3920/3920
f 3931/3931 3923/3923 3932/3932
f 3900/3900 3901/3901 3952/3952
f 3893/3893 3936/3936 3917/3917
f 3930/3930 3916/3916 3922/3922
f 3902/3902 3925/3925 3930/3930
f 3954/3954 3970/3970 3839/3839
f 3876/3876 3926/3926 3958/3958
f 3908/3908 3952/3952 3935/3935
f 3908/3908 3943/3943 3936/3936
f 3930/3930 3932/3932 3923/3923
f 3901/3901 3872/3872 3927/3927
f 3940/3940 3917/3917 3929/3929
f 3925/3925 3928/3928 3930/3930
f 3928/3928 3909/3909 3942/3942
f 3928/3928 3932/3932 3930/3930
f 3954/3954 3881/3881 3892/3892
f 3906/3906 3896/3896 3962/3962
f 3936/3936 3937/3937 3917/3917
f 3938/3938 3942/3942 3939/3939
f 3937/3937 3929/3929 3917/3917
f 3928/3928 3942/3942 3932/3932
f 3931/3931 3932/3932 3960/3960
f 3906/3906 3911/3911 3894/3894
f 3945/3945 3947/3947 3944/3944
f 3941/3941 3944/3944 3947/3947
f 3928/3928 3925/3925 3946/3946
f 3928/3928 3946/3946 3976/3976
f 3944/3944 3941/3941 3945/3945
f 3935/3935 3934/3934 3943/3943
f 3908/3908 3935/3935 3943/3943
f 3934/3934 3936/3936 3943/3943
f 3936/3936 3934/3934 3953/3953
f 3936/3936 3953/3953 3937/3937
f 3938/3938 3957/3957 3942/3942
f 3914/3914 4006/4006 3924/3924
f 3962/3962 3896/3896 3948/3948
f 3929/3929 3937/3937 3940/3940
f 3932/3932 3942/3942 3957/3957
f 3932/3932 3957/3957 3950/3950
f 3932/3932 3950/3950 3960/3960
f 3888/3888 3891/3891 3972/3972
f 3933/3933 3959/3959 3924/3924
f 3901/3901 3927/3927 3952/3952
f 3934/3934 3935/3935 3949/3949
f 3960/3960 3950/3950 3951/3951
f 3939/3939 3957/3957 3938/3938
f 3962/3962 3948/3948 3928/3928
f 3935/3935 3952/3952 3949/3949
f 3976/3976 3946/3946 3955/3955
f 3934/3934 3949/3949 3961/3961
f 3934/3934 3961/3961 3953/3953
f 3939/3939 3964/3964 3957/3957
f 3928/3928 3976/3976 3962/3962
f 3891/3891 3897/3897 3993/3993
f 3888/3888 3972/3972 3989/3989
f 3924/3924 3959/3959 3914/3914
f 3921/3921 3977/3977 3987/3987
f 3979/3979 3958/3958 3992/3992
f 3889/3889 3977/3977 3921/3921
f 3978/3978 3962/3962 3976/3976
f 3957/3957 3964/3964 3968/3968
f 3957/3957 3968/3968 3950/3950
f 3981/3981 3951/3951 3950/3950
f 3976/3976 3955/3955 3963/3963
f 3962/3962 3978/3978 3906/3906
f 3911/3911 3982/3982 3966/3966
f 3914/3914 3959/3959 3973/3973
f 3933/3933 3973/3973 3959/3959
f 3949/3949 4012/4012 3961/3961
f 3939/3939 3967/3967 3964/3964
f 3960/3960 3951/3951 3971/3971
f 3951/3951 3981/3981 3971/3971
f 3969/3969 3965/3965 3950/3950
f 3872/3872 3924/3924 3927/3927
f 3968/3968 3969/3969 3950/3950
f 3906/3906 3982/3982 3911/3911
f 4044/4044 3956/3956 3970/3970
f 3973/3973 4006/4006 3914/3914
f 3965/3965 3975/3975 3950/3950
f 3958/3958 3926/3926 3997/3997
f 3950/3950 3975/3975 3981/3981
f 3987/3987 3973/3973 3933/3933
f 3972/3972 3891/3891 3996/3996
f 3981/3981 3983/3983 3971/3971
f 3964/3964 3967/3967 3974/3974
f 3968/3968 3964/3964 3969/3969
f 3964/3964 3974/3974 3965/3965
f 3969/3969 3964/3964 3965/3965
f 3906/3906 3976/3976 3982/3982
f 3985/3985 3977/3977 3889/3889
f 3965/3965 3974/3974 3980/3980
f 3897/3897 3979/3979 3993/3993
f 3986/3986 3989/3989 3972/3972
f 3985/3985 3987/3987 3977/3977
f 3906/3906 3978/3978 3976/3976
f 3975/3975 3980/3980 3981/3981
f 3965/3965 3980/3980 3975/3975
f 3981/3981 3980/3980 3983/3983
f 3982/3982 3976/3976 3963/3963
f 3984/3984 4006/4006 3973/3973
f 3986/3986 3972/3972 3996/3996
f 3993/3993 3979/3979 3992/3992
f 3970/3970 3954/3954 3989/3989
f 3958/3958 3997/3997 3992/3992
f 3996/3996 3891/3891 3993/3993
f 4044/4044 3970/3970 3994/3994
f 3991/3991 3987/3987 3985/3985
f 3952/3952 3988/3988 3949/3949
f 3889/3889 3991/3991 3985/3985
f 3988/3988 3952/3952 4004/4004
f 3970/3970 3989/3989 3986/3986
f 3973/3973 3987/3987 3984/3984
f 3889/3889 3995/3995 3991/3991
f 3927/3927 4004/4004 3952/3952
f 4010/4010 3970/3970 3986/3986
f 3889/3889 3823/3823 3995/3995
f 3949/3949 3988/3988 4012/4012
f 3993/3993 3992/3992 4005/4005
f 3998/3998 3986/3986 3996/3996
f 3990/3990 3992/3992 3997/3997
f 4017/4017 4005/4005 3992/3992
f 3970/3970 4010/4010 3994/3994
f 3924/3924 4011/4011 3927/3927
f 3987/3987 3991/3991 4016/4016
f 3986/3986 3998/3998 4010/4010
f 3997/3997 4014/4014 3990/3990
f 3924/3924 4006/4006 4011/4011
f 4008/4008 3993/3993 4005/4005
f 3984/3984 4000/4000 4007/4007
f 3999/3999 3995/3995 4001/4001
f 3999/3999 4001/4001 3995/3995
f 3823/3823 4002/4002 3995/3995
f 3987/3987 4000/4000 3984/3984
f 3926/3926 4003/4003 3997/3997
f 3993/3993 4008/4008 3996/3996
f 3927/3927 4011/4011 4004/4004
f 3991/3991 3995/3995 4028/4028
f 3994/3994 4010/4010 4021/4021
f 3995/3995 4002/4002 3999/3999
f 3992/3992 3990/3990 4017/4017
f 4002/4002 3995/3995 3999/3999
f 4015/4015 3994/3994 4021/4021
f 3984/3984 4019/4019 4006/4006
f 3998/3998 3996/3996 4013/4013
f 4014/4014 3997/3997 4003/4003
f 4004/4004 4037/4037 3988/3988
f 3987/3987 4016/4016 4000/4000
f 3988/3988 4037/4037 4020/4020
f 3996/3996 4008/4008 4009/4009
f 4002/4002 4028/4028 3995/3995
f 3998/3998 4013/4013 4010/4010
f 4006/4006 4019/4019 4011/4011
f 4017/4017 3990/3990 4022/4022
f 4010/4010 3996/3996 4009/4009
f 4013/4013 3996/3996 4010/4010
f 4007/4007 4000/4000 4016/4016
f 4008/4008 4005/4005 4017/4017
f 4014/4014 4003/4003 4018/4018
f 4023/4023 4014/4014 4018/4018
f 3988/3988 4065/4065 4012/4012
f 3990/3990 4014/4014 4022/4022
f 3984/3984 4007/4007 4019/4019
f 4021/4021 4010/4010 4032/4032
f 3991/3991 4025/4025 4016/4016
f 4025/4025 4007/4007 4016/4016
f 4020/4020 4065/4065 3988/3988
f 4010/4010 4009/4009 4032/4032
f 4015/4015 4021/4021 4032/4032
f 4044/4044 3994/3994 4015/4015
f 4008/4008 4043/4043 4009/4009
f 4023/4023 4033/4033 4014/4014
f 4008/4008 4017/4017 4022/4022
f 4033/4033 4022/4022 4014/4014
f 4011/4011 4019/4019 4004/4004
f 4025/4025 4027/4027 4007/4007
f 3991/3991 4026/4026 4025/4025
f 4007/4007 4030/4030 4019/4019
f 4025/4025 4026/4026 4027/4027
f 3991/3991 4029/4029 4026/4026
f 4029/4029 4027/4027 4026/4026
f 4029/4029 4028/4028 4027/4027
f 4008/4008 4022/4022 4024/4024
f 4015/4015 4032/4032 4031/4031
f 3991/3991 4028/4028 4029/4029
f 4023/4023 4018/4018 4033/4033
f 4028/4028 4045/4045 4027/4027
f 4027/4027 4045/4045 4007/4007
f 4033/4033 4052/4052 4022/4022
f 4043/4043 4008/4008 4024/4024
f 4032/4032 4009/4009 4031/4031
f 4015/4015 4031/4031 4051/4051
f 4045/4045 4048/4048 4007/4007
f 4037/4037 4035/4035 4020/4020
f 4007/4007 4034/4034 4030/4030
f 4019/4019 4039/4039 4004/4004
f 4045/4045 4028/4028 4040/4040
f 4052/4052 4036/4036 4022/4022
f 4007/4007 4048/4048 4034/4034
f 4019/4019 4037/4037 4039/4039
f 4018/4018 4041/4041 4033/4033
f 4033/4033 4041/4041 4052/4052
f 4022/4022 4042/4042 4024/4024
f 4038/4038 4009/4009 4043/4043
f 4039/4039 4037/4037 4004/4004
f 4043/4043 4024/4024 4038/4038
f 4030/4030 4034/4034 4019/4019
f 4028/4028 4002/4002 4040/4040
f 4024/4024 4042/4042 4036/4036
f 4024/4024 4036/4036 4047/4047
f 4009/4009 4038/4038 4050/4050
f 4044/4044 4015/4015 4059/4059
f 4022/4022 4036/4036 4042/4042
f 4031/4031 4009/4009 4050/4050
f 4045/4045 4046/4046 4048/4048
f 4048/4048 4046/4046 4069/4069
f 4049/4049 4048/4048 4069/4069
f 4048/4048 4049/4049 4069/4069
f 4052/4052 4053/4053 4036/4036
f 4046/4046 4054/4054 4069/4069
f 4045/4045 4054/4054 4046/4046
f 4040/4040 4054/4054 4045/4045
f 4048/4048 4061/4061 4034/4034
f 4034/4034 4061/4061 4019/4019
f 4019/4019 4061/4061 4037/4037
f 4002/4002 4054/4054 4040/4040
f 4031/4031 4050/4050 4051/4051
f 4035/4035 4065/4065 4020/4020
f 4076/4076 4015/4015 4051/4051
f 4047/4047 4036/4036 4070/4070
f 4053/4053 4052/4052 4066/4066
f 4038/4038 4024/4024 4058/4058
f 4037/4037 4056/4056 4035/4035
f 4053/4053 4070/4070 4036/4036
f 4024/4024 4047/4047 4058/4058
f 4067/4067 4038/4038 4074/4074
f 4050/4050 4038/4038 4068/4068
f 4050/4050 4075/4075 4051/4051
f 4037/4037 4061/4061 4060/4060
f 4048/4048 4069/4069 4073/4073
f 4035/4035 4056/4056 4064/4064
f 4066/4066 4052/4052 4041/4041
f 4070/4070 4053/4053 4066/4066
f 4057/4057 4047/4047 4070/4070
f 4058/4058 4047/4047 4055/4055
f 4038/4038 4058/4058 4071/4071
f 4047/4047 4057/4057 4055/4055
f 4062/4062 4038/4038 4071/4071
f 4038/4038 4062/4062 4074/4074
f 4068/4068 4038/4038 4072/4072
f 4072/4072 4038/4038 4067/4067
f 4050/4050 4068/4068 4075/4075
f 4063/4063 4051/4051 4075/4075
f 4051/4051 4063/4063 4076/4076
f 4015/4015 4076/4076 4077/4077
f 4059/4059 4015/4015 4077/4077
f 4069/4069 4054/4054 4073/4073
f 4048/4048 4073/4073 4079/4079
f 4037/4037 4060/4060 4078/4078
f 4037/4037 4078/4078 4056/4056
f 4035/4035 4064/4064 4065/4065
f 4048/4048 4079/4079 4061/4061
f 4081/4081 4084/4084 4080/4080
f 4080/4080 4124/4124 4081/4081
f 4084/4084 4082/4082 4080/4080
f 4082/4082 4083/4083 4080/4080
f 4082/4082 4087/4087 4083/4083
f 4081/4081 4090/4090 4084/4084
f 4084/4084 4090/4090 4089/4089
f 4089/4089 4087/4087 4084/4084
f 4081/4081 4085/4085 4090/4090
f 4084/4084 4087/4087 4082/4082
f 4082/4082 4086/4086 4087/4087
f 4087/4087 4080/4080 4083/4083
f 4082/4082 4087/4087 4086/4086
f 4080/4080 4095/4095 4124/4124
f 4089/4089 4088/4088 4087/4087
f 4088/4088 4092/4092 4087/4087
f 4090/4090 4085/4085 4102/4102
f 4080/4080 4087/4087 4095/4095
f 4091/4091 4088/4088 4089/4089
f 4089/4089 4090/4090 4102/4102
f 4088/4088 4091/4091 4092/4092
f 4092/4092 4095/4095 4087/4087
f 4093/4093 4091/4091 4089/4089
f 4092/4092 4093/4093 4095/4095
f 4089/4089 4102/4102 4093/4093
f 4091/4091 4093/4093 4092/4092
f 4094/4094 4095/4095 4093/4093
f 4102/4102 4094/4094 4093/4093
f 4096/4096 4095/4095 4094/4094
f 4095/4095 4097/4097 4124/4124
f 4096/4096 4094/4094 4099/4099
f 4096/4096 4104/4104 4095/4095
f 4104/4104 4097/4097 4095/4095
f 4098/4098 4104/4104 4096/4096
f 4115/4115 4098/4098 4096/4096
f 4094/4094 4109/4109 4099/4099
f 4097/4097 4100/4100 4124/4124
f 4099/4099 4115/4115 4096/4096
f 4102/4102 4085/4085 4101/4101
f 4100/4100 4097/4097 4104/4104
f 4104/4104 4105/4105 4100/4100
f 4109/4109 4094/4094 4102/4102
f 4100/4100 4105/4105 4107/4107
f 4102/4102 4101/4101 4109/4109
f 4104/4104 4106/4106 4105/4105
f 4110/4110 4115/4115 4099/4099
f 4107/4107 4104/4104 4103/4103
f 4107/4107 4105/4105 4106/4106
f 4110/4110 4099/4099 4109/4109
f 4104/4104 4107/4107 4106/4106
f 4106/4106 4105/4105 4108/4108
f 4106/4106 4108/4108 4105/4105
f 4104/4104 4098/4098 4103/4103
f 4115/4115 4110/4110 4111/4111
f 4110/4110 4109/4109 4111/4111
f 4098/4098 4115/4115 4121/4121
f 4107/4107 4112/4112 4100/4100
f 4121/4121 4103/4103 4098/4098
f 4103/4103 4116/4116 4107/4107
f 4111/4111 4109/4109 4117/4117
f 4111/4111 4114/4114 4115/4115
f 4112/4112 4124/4124 4100/4100
f 4107/4107 4116/4116 4112/4112
f 4114/4114 4113/4113 4115/4115
f 4114/4114 4111/4111 4117/4117
f 4113/4113 4121/4121 4115/4115
f 4116/4116 4123/4123 4118/4118
f 4109/4109 4101/4101 4119/4119
f 4116/4116 4118/4118 4112/4112
f 4103/4103 4123/4123 4116/4116
f 4109/4109 4122/4122 4117/4117
f 4113/4113 4130/4130 4121/4121
f 4126/4126 4112/4112 4120/4120
f 4121/4121 4123/4123 4103/4103
f 4109/4109 4119/4119 4122/4122
f 4114/4114 4117/4117 4129/4129
f 4112/4112 4118/4118 4120/4120
f 4112/4112 4126/4126 4125/4125
f 4112/4112 4125/4125 4124/4124
f 4117/4117 4132/4132 4129/4129
f 4127/4127 4123/4123 4121/4121
f 4117/4117 4128/4128 4131/4131
f 4117/4117 4131/4131 4132/4132
f 4113/4113 4114/4114 4129/4129
f 4113/4113 4129/4129 4130/4130
f 4126/4126 4120/4120 4133/4133
f 4125/4125 4126/4126 4133/4133
f 4121/4121 4130/4130 4127/4127
f 4117/4117 4122/4122 4128/4128
f 4184/4184 4150/4150 4134/4134
f 4150/4150 4145/4145 4134/4134
f 4150/4150 4137/4137 4145/4145
f 4184/4184 4134/4134 4170/4170
f 4138/4138 4139/4139 4140/4140
f 4170/4170 4134/4134 4161/4161
f 4136/4136 4139/4139 4138/4138
f 4146/4146 4140/4140 4135/4135
f 4138/4138 4147/4147 4136/4136
f 4141/4141 4134/4134 4143/4143
f 4138/4138 4140/4140 4147/4147
f 4134/4134 4141/4141 4144/4144
f 4145/4145 4159/4159 4134/4134
f 4146/4146 4174/4174 4140/4140
f 4134/4134 4159/4159 4143/4143
f 4140/4140 4139/4139 4135/4135
f 4134/4134 4144/4144 4161/4161
f 4155/4155 4146/4146 4154/4154
f 4146/4146 4135/4135 4154/4154
f 4142/4142 4139/4139 4136/4136
f 4178/4178 4159/4159 4145/4145
f 4136/4136 4147/4147 4149/4149
f 4149/4149 4144/4144 4141/4141
f 4151/4151 4135/4135 4139/4139
f 4147/4147 4161/4161 4149/4149
f 4139/4139 4142/4142 4157/4157
f 4140/4140 4161/4161 4147/4147
f 4149/4149 4141/4141 4143/4143
f 4161/4161 4144/4144 4149/4149
f 4136/4136 4149/4149 4148/4148
f 4188/4188 4150/4150 4184/4184
f 4136/4136 4148/4148 4142/4142
f 4160/4160 4167/4167 4151/4151
f 4154/4154 4152/4152 4155/4155
f 4164/4164 4139/4139 4153/4153
f 4148/4148 4149/4149 4163/4163
f 4154/4154 4135/4135 4158/4158
f 4149/4149 4143/4143 4163/4163
f 4158/4158 4135/4135 4151/4151
f 4139/4139 4164/4164 4151/4151
f 4142/4142 4148/4148 4157/4157
f 4152/4152 4156/4156 4155/4155
f 4151/4151 4172/4172 4160/4160
f 4158/4158 4151/4151 4167/4167
f 4155/4155 4156/4156 4146/4146
f 4140/4140 4174/4174 4161/4161
f 4137/4137 4162/4162 4145/4145
f 4174/4174 4146/4146 4156/4156
f 4139/4139 4157/4157 4153/4153
f 4191/4191 4178/4178 4145/4145
f 4148/4148 4179/4179 4157/4157
f 4167/4167 4160/4160 4165/4165
f 4163/4163 4179/4179 4148/4148
f 4172/4172 4151/4151 4183/4183
f 4165/4165 4160/4160 4166/4166
f 4162/4162 4191/4191 4145/4145
f 4164/4164 4153/4153 4151/4151
f 4159/4159 4181/4181 4143/4143
f 4163/4163 4143/4143 4173/4173
f 4165/4165 4169/4169 4167/4167
f 4165/4165 4166/4166 4168/4168
f 4179/4179 4183/4183 4157/4157
f 4165/4165 4168/4168 4169/4169
f 4166/4166 4182/4182 4168/4168
f 4153/4153 4183/4183 4151/4151
f 4156/4156 4171/4171 4174/4174
f 4184/4184 4170/4170 4161/4161
f 4160/4160 4172/4172 4177/4177
f 4184/4184 4176/4176 4188/4188
f 4160/4160 4177/4177 4166/4166
f 4184/4184 4161/4161 4174/4174
f 4178/4178 4181/4181 4159/4159
f 4181/4181 4173/4173 4143/4143
f 4163/4163 4175/4175 4179/4179
f 4163/4163 4173/4173 4175/4175
f 4171/4171 4184/4184 4174/4174
f 4157/4157 4183/4183 4153/4153
f 4166/4166 4177/4177 4182/4182
f 4179/4179 4186/4186 4187/4187
f 4179/4179 4187/4187 4183/4183
f 4184/4184 4171/4171 4180/4180
f 4184/4184 4180/4180 4176/4176
f 4177/4177 4185/4185 4182/4182
f 4177/4177 4172/4172 4185/4185
f 4172/4172 4183/4183 4195/4195
f 4162/4162 4190/4190 4191/4191
f 4179/4179 4175/4175 4186/4186
f 4172/4172 4195/4195 4231/4231
f 4172/4172 4231/4231 4185/4185
f 4175/4175 4173/4173 4186/4186
f 4178/4178 4191/4191 4181/4181
f 4183/4183 4187/4187 4195/4195
f 4186/4186 4173/4173 4189/4189
f 4181/4181 4191/4191 4209/4209
f 4187/4187 4186/4186 4195/4195
f 4206/4206 4188/4188 4176/4176
f 4181/4181 4199/4199 4173/4173
f 4189/4189 4194/4194 4186/4186
f 4194/4194 4192/4192 4186/4186
f 4190/4190 4202/4202 4191/4191
f 4199/4199 4181/4181 4209/4209
f 4186/4186 4192/4192 4195/4195
f 4194/4194 4189/4189 4192/4192
f 4192/4192 4201/4201 4195/4195
f 4189/4189 4193/4193 4192/4192
f 4176/4176 4180/4180 4196/4196
f 4206/4206 4176/4176 4197/4197
f 4176/4176 4210/4210 4197/4197
f 4162/4162 4198/4198 4190/4190
f 4189/4189 4200/4200 4193/4193
f 4176/4176 4196/4196 4210/4210
f 4189/4189 4173/4173 4205/4205
f 4173/4173 4199/4199 4205/4205
f 4193/4193 4201/4201 4192/4192
f 4209/4209 4191/4191 4214/4214
f 4189/4189 4205/4205 4200/4200
f 4200/4200 4207/4207 4193/4193
f 4200/4200 4205/4205 4203/4203
f 4203/4203 4204/4204 4200/4200
f 4204/4204 4207/4207 4200/4200
f 4198/4198 4254/4254 4190/4190
f 4197/4197 4210/4210 4208/4208
f 4206/4206 4197/4197 4223/4223
f 4212/4212 4202/4202 4190/4190
f 4193/4193 4207/4207 4201/4201
f 4202/4202 4214/4214 4191/4191
f 4190/4190 4254/4254 4212/4212
f 4197/4197 4208/4208 4223/4223
f 4205/4205 4213/4213 4203/4203
f 4195/4195 4211/4211 4231/4231
f 4199/4199 4213/4213 4205/4205
f 4196/4196 4228/4228 4210/4210
f 4195/4195 4201/4201 4211/4211
f 4203/4203 4207/4207 4204/4204
f 4211/4211 4201/4201 4207/4207
f 4199/4199 4215/4215 4213/4213
f 4209/4209 4214/4214 4230/4230
f 4207/4207 4217/4217 4211/4211
f 4230/4230 4199/4199 4209/4209
f 4213/4213 4220/4220 4203/4203
f 4254/4254 4198/4198 4216/4216
f 4228/4228 4208/4208 4210/4210
f 4199/4199 4235/4235 4215/4215
f 4202/4202 4212/4212 4224/4224
f 4207/4207 4203/4203 4217/4217
f 4211/4211 4217/4217 4221/4221
f 4219/4219 4221/4221 4217/4217
f 4231/4231 4211/4211 4221/4221
f 4220/4220 4217/4217 4203/4203
f 4215/4215 4220/4220 4213/4213
f 4228/4228 4218/4218 4208/4208
f 4220/4220 4227/4227 4217/4217
f 4235/4235 4199/4199 4230/4230
f 4223/4223 4208/4208 4244/4244
f 4220/4220 4238/4238 4232/4232
f 4221/4221 4219/4219 4231/4231
f 4215/4215 4238/4238 4220/4220
f 4208/4208 4225/4225 4244/4244
f 4245/4245 4230/4230 4214/4214
f 4227/4227 4226/4226 4217/4217
f 4224/4224 4222/4222 4202/4202
f 4220/4220 4229/4229 4227/4227
f 4218/4218 4256/4256 4208/4208
f 4202/4202 4245/4245 4214/4214
f 4232/4232 4229/4229 4220/4220
f 4219/4219 4237/4237 4231/4231
f 4224/4224 4245/4245 4222/4222
f 4217/4217 4226/4226 4219/4219
f 4222/4222 4245/4245 4202/4202
f 4224/4224 4212/4212 4254/4254
f 4215/4215 4236/4236 4238/4238
f 4233/4233 4226/4226 4234/4234
f 4219/4219 4239/4239 4237/4237
f 4228/4228 4240/4240 4218/4218
f 4219/4219 4226/4226 4239/4239
f 4233/4233 4239/4239 4226/4226
f 4240/4240 4250/4250 4218/4218
f 4227/4227 4242/4242 4226/4226
f 4238/4238 4241/4241 4232/4232
f 4232/4232 4241/4241 4246/4246
f 4234/4234 4265/4265 4239/4239
f 4243/4243 4234/4234 4226/4226
f 4234/4234 4239/4239 4233/4233
f 4228/4228 4196/4196 4240/4240
f 4224/4224 4254/4254 4247/4247
f 4245/4245 4247/4247 4230/4230
f 4230/4230 4247/4247 4235/4235
f 4227/4227 4249/4249 4242/4242
f 4227/4227 4229/4229 4249/4249
f 4225/4225 4280/4280 4244/4244
f 4224/4224 4247/4247 4245/4245
f 4235/4235 4247/4247 4215/4215
f 4236/4236 4241/4241 4238/4238
f 4234/4234 4267/4267 4265/4265
f 4243/4243 4226/4226 4242/4242
f 4246/4246 4248/4248 4232/4232
f 4232/4232 4248/4248 4229/4229
f 4241/4241 4236/4236 4246/4246
f 4247/4247 4236/4236 4215/4215
f 4254/4254 4216/4216 4251/4251
f 4249/4249 4229/4229 4248/4248
f 4255/4255 4243/4243 4242/4242
f 4253/4253 4252/4252 4248/4248
f 4248/4248 4246/4246 4253/4253
f 4243/4243 4267/4267 4234/4234
f 4243/4243 4263/4263 4258/4258
f 4249/4249 4248/4248 4242/4242
f 4243/4243 4255/4255 4263/4263
f 4248/4248 4257/4257 4242/4242
f 4240/4240 4196/4196 4250/4250
f 4218/4218 4250/4250 4281/4281
f 4247/4247 4261/4261 4236/4236
f 4256/4256 4259/4259 4208/4208
f 4252/4252 4253/4253 4248/4248
f 4254/4254 4251/4251 4247/4247
f 4260/4260 4261/4261 4247/4247
f 4243/4243 4258/4258 4267/4267
f 4246/4246 4257/4257 4253/4253
f 4253/4253 4257/4257 4248/4248
f 4196/4196 4262/4262 4250/4250
f 4261/4261 4264/4264 4236/4236
f 4260/4260 4271/4271 4261/4261
f 4257/4257 4268/4268 4242/4242
f 4267/4267 4333/4333 4265/4265
f 4246/4246 4236/4236 4257/4257
f 4255/4255 4242/4242 4268/4268
f 4247/4247 4266/4266 4260/4260
f 4259/4259 4225/4225 4208/4208
f 4236/4236 4264/4264 4257/4257
f 4278/4278 4255/4255 4268/4268
f 4261/4261 4271/4271 4264/4264
f 4257/4257 4278/4278 4268/4268
f 4260/4260 4266/4266 4271/4271
f 4263/4263 4255/4255 4269/4269
f 4250/4250 4262/4262 4281/4281
f 4247/4247 4251/4251 4266/4266
f 4269/4269 4258/4258 4263/4263
f 4267/4267 4299/4299 4333/4333
f 4271/4271 4273/4273 4264/4264
f 4264/4264 4274/4274 4257/4257
f 4257/4257 4270/4270 4278/4278
f 4282/4282 4255/4255 4278/4278
f 4267/4267 4258/4258 4285/4285
f 4266/4266 4251/4251 4271/4271
f 4264/4264 4273/4273 4284/4284
f 4293/4293 4275/4275 4272/4272
f 4282/4282 4307/4307 4255/4255
f 4255/4255 4307/4307 4269/4269
f 4257/4257 4274/4274 4270/4270
f 4262/4262 4276/4276 4281/4281
f 4277/4277 4271/4271 4251/4251
f 4281/4281 4256/4256 4218/4218
f 4225/4225 4279/4279 4280/4280
f 4285/4285 4299/4299 4267/4267
f 4275/4275 4302/4302 4272/4272
f 4264/4264 4284/4284 4274/4274
f 4225/4225 4286/4286 4279/4279
f 4289/4289 4284/4284 4273/4273
f 4279/4279 4291/4291 4280/4280
f 4271/4271 4277/4277 4273/4273
f 4270/4270 4282/4282 4278/4278
f 4225/4225 4283/4283 4286/4286
f 4274/4274 4282/4282 4270/4270
f 4225/4225 4259/4259 4283/4283
f 4279/4279 4286/4286 4291/4291
f 4281/4281 4276/4276 4287/4287
f 4281/4281 4287/4287 4256/4256
f 4273/4273 4277/4277 4289/4289
f 4272/4272 4308/4308 4293/4293
f 4256/4256 4287/4287 4259/4259
f 4277/4277 4288/4288 4289/4289
f 4285/4285 4258/4258 4269/4269
f 4284/4284 4298/4298 4274/4274
f 4292/4292 4282/4282 4274/4274
f 4259/4259 4287/4287 4283/4283
f 4283/4283 4294/4294 4286/4286
f 4286/4286 4294/4294 4291/4291
f 4290/4290 4285/4285 4269/4269
f 4293/4293 4308/4308 4288/4288
f 4288/4288 4308/4308 4289/4289
f 4282/4282 4292/4292 4298/4298
f 4298/4298 4292/4292 4274/4274
f 4285/4285 4290/4290 4301/4301
f 4283/4283 4287/4287 4294/4294
f 4289/4289 4297/4297 4284/4284
f 4299/4299 4306/4306 4333/4333
f 4296/4296 4295/4295 4289/4289
f 4308/4308 4296/4296 4289/4289
f 4289/4289 4295/4295 4297/4297
f 4285/4285 4301/4301 4299/4299
f 4269/4269 4301/4301 4290/4290
f 4272/4272 4302/4302 4308/4308
f 4296/4296 4308/4308 4295/4295
f 4284/4284 4300/4300 4298/4298
f 4282/4282 4298/4298 4300/4300
f 4282/4282 4300/4300 4321/4321
f 4269/4269 4309/4309 4301/4301
f 4308/4308 4318/4318 4295/4295
f 4299/4299 4301/4301 4314/4314
f 4282/4282 4321/4321 4307/4307
f 4297/4297 4321/4321 4300/4300
f 4306/4306 4304/4304 4333/4333
f 4297/4297 4300/4300 4284/4284
f 4308/4308 4305/4305 4317/4317
f 4301/4301 4309/4309 4314/4314
f 4308/4308 4302/4302 4305/4305
f 4308/4308 4303/4303 4318/4318
f 4295/4295 4311/4311 4297/4297
f 4297/4297 4311/4311 4321/4321
f 4304/4304 4310/4310 4333/4333
f 4306/4306 4299/4299 4314/4314
f 4313/4313 4306/4306 4314/4314
f 4321/4321 4311/4311 4295/4295
f 4306/4306 4313/4313 4315/4315
f 4306/4306 4315/4315 4304/4304
f 4329/4329 4312/4312 4304/4304
f 4321/4321 4328/4328 4307/4307
f 4315/4315 4329/4329 4304/4304
f 4324/4324 4314/4314 4309/4309
f 4304/4304 4312/4312 4310/4310
f 4303/4303 4308/4308 4326/4326
f 4324/4324 4313/4313 4314/4314
f 4316/4316 4331/4331 4342/4342
f 4324/4324 4309/4309 4269/4269
f 4305/4305 4302/4302 4317/4317
f 4295/4295 4318/4318 4321/4321
f 4324/4324 4269/4269 4307/4307
f 4322/4322 4319/4319 4342/4342
f 4317/4317 4355/4355 4308/4308
f 4323/4323 4321/4321 4318/4318
f 4313/4313 4324/4324 4315/4315
f 4315/4315 4324/4324 4329/4329
f 4331/4331 4322/4322 4342/4342
f 4349/4349 4322/4322 4331/4331
f 4308/4308 4355/4355 4320/4320
f 4326/4326 4323/4323 4303/4303
f 4303/4303 4323/4323 4318/4318
f 4325/4325 4331/4331 4316/4316
f 4302/4302 4355/4355 4317/4317
f 4308/4308 4320/4320 4326/4326
f 4355/4355 4323/4323 4326/4326
f 4328/4328 4321/4321 4323/4323
f 4326/4326 4320/4320 4355/4355
f 4324/4324 4336/4336 4329/4329
f 4323/4323 4327/4327 4328/4328
f 4302/4302 4275/4275 4355/4355
f 4355/4355 4327/4327 4323/4323
f 4338/4338 4353/4353 4349/4349
f 4330/4330 4324/4324 4307/4307
f 4325/4325 4338/4338 4331/4331
f 4338/4338 4349/4349 4331/4331
f 4312/4312 4332/4332 4310/4310
f 4353/4353 4334/4334 4349/4349
f 4310/4310 4332/4332 4333/4333
f 4330/4330 4336/4336 4324/4324
f 4335/4335 4338/4338 4325/4325
f 4330/4330 4359/4359 4336/4336
f 4328/4328 4344/4344 4307/4307
f 4381/4381 4339/4339 4345/4345
f 4335/4335 4347/4347 4338/4338
f 4344/4344 4330/4330 4307/4307
f 4347/4347 4353/4353 4338/4338
f 4339/4339 4340/4340 4345/4345
f 4322/4322 4337/4337 4319/4319
f 4337/4337 4343/4343 4319/4319
f 4344/4344 4359/4359 4330/4330
f 4355/4355 4358/4358 4327/4327
f 4322/4322 4349/4349 4356/4356
f 4355/4355 4275/4275 4341/4341
f 4347/4347 4364/4364 4353/4353
f 4319/4319 4403/4403 4342/4342
f 4319/4319 4352/4352 4403/4403
f 4322/4322 4356/4356 4351/4351
f 4350/4350 4359/4359 4344/4344
f 4322/4322 4351/4351 4337/4337
f 4334/4334 4356/4356 4349/4349
f 4328/4328 4350/4350 4344/4344
f 4346/4346 4347/4347 4335/4335
f 4340/4340 4378/4378 4345/4345
f 4327/4327 4350/4350 4328/4328
f 4381/4381 4345/4345 4348/4348
f 4354/4354 4359/4359 4350/4350
f 4343/4343 4337/4337 4352/4352
f 4346/4346 4364/4364 4347/4347
f 4381/4381 4357/4357 4339/4339
f 4343/4343 4352/4352 4319/4319
f 4353/4353 4364/4364 4380/4380
f 4351/4351 4361/4361 4337/4337
f 4339/4339 4357/4357 4368/4368
f 4341/4341 4354/4354 4355/4355
f 4362/4362 4354/4354 4350/4350
f 4362/4362 4350/4350 4358/4358
f 4327/4327 4358/4358 4350/4350
f 4361/4361 4352/4352 4337/4337
f 4334/4334 4365/4365 4356/4356
f 4355/4355 4354/4354 4362/4362
f 4358/4358 4355/4355 4362/4362
f 4363/4363 4364/4364 4346/4346
f 4380/4380 4364/4364 4370/4370
f 4356/4356 4365/4365 4360/4360
f 4352/4352 4361/4361 4369/4369
f 4354/4354 4399/4399 4359/4359
f 4340/4340 4366/4366 4378/4378
f 4367/4367 4340/4340 4339/4339
f 4356/4356 4361/4361 4351/4351
f 4339/4339 4371/4371 4367/4367
f 4363/4363 4393/4393 4364/4364
f 4381/4381 4348/4348 4374/4374
f 4360/4360 4365/4365 4356/4356
f 4368/4368 4371/4371 4339/4339
f 4356/4356 4392/4392 4361/4361
f 4352/4352 4369/4369 4373/4373
f 4334/4334 4372/4372 4365/4365
f 4340/4340 4377/4377 4366/4366
f 4368/4368 4357/4357 4371/4371
f 4357/4357 4382/4382 4376/4376
f 4356/4356 4365/4365 4392/4392
f 4367/4367 4377/4377 4340/4340
f 4357/4357 4377/4377 4371/4371
f 4373/4373 4403/4403 4352/4352
f 4366/4366 4377/4377 4375/4375
f 4372/4372 4392/4392 4365/4365
f 4370/4370 4385/4385 4379/4379
f 4431/4431 4382/4382 4357/4357
f 4354/4354 4386/4386 4399/4399
f 4364/4364 4385/4385 4370/4370
f 4381/4381 4431/4431 4357/4357
f 4367/4367 4371/4371 4377/4377
f 4393/4393 4385/4385 4364/4364
f 4377/4377 4357/4357 4383/4383
f 4376/4376 4384/4384 4357/4357
f 4366/4366 4624/4624 4378/4378
f 4385/4385 4387/4387 4379/4379
f 4388/4388 4383/4383 4357/4357
f 4341/4341 4386/4386 4354/4354
f 4370/4370 4379/4379 4471/4471
f 4357/4357 4384/4384 4388/4388
f 4361/4361 4392/4392 4369/4369
f 4377/4377 4383/4383 4375/4375
f 4382/4382 4389/4389 4376/4376
f 4603/4603 4373/4373 4369/4369
f 4363/4363 4484/4484 4393/4393
f 4379/4379 4387/4387 4471/4471
f 4423/4423 4404/4404 4397/4397
f 4398/4398 4397/4397 4765/4765
f 4400/4400 4414/4414 4448/4448
f 4465/4465 4401/4401 4418/4418
f 4465/4465 4418/4418 4437/4437
f 4369/4369 4392/4392 4603/4603
f 4390/4390 4558/4558 4373/4373
f 4399/4399 4386/4386 4483/4483
f 4397/4397 4404/4404 4765/4765
f 4432/4432 4406/4406 4405/4405
f 4423/4423 4765/4765 4404/4404
f 4397/4397 4398/4398 4433/4433
f 4423/4423 4397/4397 4433/4433
f 4406/4406 4410/4410 4409/4409
f 4406/4406 4409/4409 4408/4408
f 4435/4435 4427/4427 4411/4411
f 4444/4444 4413/4413 4446/4446
f 4393/4393 4415/4415 4385/4385
f 4414/4414 4400/4400 4455/4455
f 4439/4439 4366/4366 4375/4375
f 4458/4458 4624/4624 4366/4366
f 4420/4420 4398/4398 4421/4421
f 4422/4422 4484/4484 4363/4363
f 4398/4398 4407/4407 4425/4425
f 4421/4421 4424/4424 4433/4433
f 4425/4425 4407/4407 4426/4426
f 4407/4407 4398/4398 4426/4426
f 4406/4406 4434/4434 4410/4410
f 4440/4440 4435/4435 4442/4442
f 4435/4435 4411/4411 4442/4442
f 4435/4435 4441/4441 4427/4427
f 4444/4444 4412/4412 4413/4413
f 4412/4412 4453/4453 4413/4413
f 4393/4393 4429/4429 4415/4415
f 4394/4394 4417/4417 4465/4465
f 4471/4471 4391/4391 4370/4370
f 4370/4370 4391/4391 4451/4451
f 4373/4373 4629/4629 4403/4403
f 4433/4433 4424/4424 4423/4423
f 4432/4432 4405/4405 4408/4408
f 4432/4432 4434/4434 4406/4406
f 4406/4406 4408/4408 4405/4405
f 4440/4440 4436/4436 4435/4435
f 4412/4412 4428/4428 4443/4443
f 4473/4473 4468/4468 4414/4414
f 4473/4473 4414/4414 4455/4455
f 4394/4394 4416/4416 4417/4417
f 4437/4437 4394/4394 4465/4465
f 4449/4449 4418/4418 4401/4401
f 4418/4418 4430/4430 4594/4594
f 4594/4594 4438/4438 4418/4418
f 4437/4437 4418/4418 4438/4438
f 4383/4383 4507/4507 4375/4375
f 4508/4508 4373/4373 4603/4603
f 4440/4440 4442/4442 4411/4411
f 4436/4436 4441/4441 4435/4435
f 4412/4412 4443/4443 4453/4453
f 4453/4453 4428/4428 4445/4445
f 4468/4468 4447/4447 4414/4414
f 4414/4414 4447/4447 4469/4469
f 4414/4414 4469/4469 4448/4448
f 4463/4463 4416/4416 4394/4394
f 4429/4429 4387/4387 4385/4385
f 4386/4386 4419/4419 4483/4483
f 4443/4443 4428/4428 4453/4453
f 4453/4453 4476/4476 4413/4413
f 4413/4413 4476/4476 4446/4446
f 4453/4453 4445/4445 4454/4454
f 4463/4463 4470/4470 4416/4416
f 4416/4416 4456/4456 4417/4417
f 4417/4417 4456/4456 4464/4464
f 4417/4417 4464/4464 4465/4465
f 4437/4437 4438/4438 4450/4450
f 4391/4391 4505/4505 4451/4451
f 4380/4380 4370/4370 4494/4494
f 4439/4439 4458/4458 4366/4366
f 4460/4460 4461/4461 4462/4462
f 4462/4462 4461/4461 4479/4479
f 4455/4455 4400/4400 4474/4474
f 4429/4429 4601/4601 4387/4387
f 4464/4464 4449/4449 4465/4465
f 4465/4465 4449/4449 4401/4401
f 4418/4418 4449/4449 4430/4430
f 4506/4506 4437/4437 4450/4450
f 4457/4457 4370/4370 4451/4451
f 4402/4402 4389/4389 4382/4382
f 4395/4395 4388/4388 4384/4384
f 4341/4341 4419/4419 4386/4386
f 4460/4460 4477/4477 4461/4461
f 4455/4455 4474/4474 4461/4461
f 4473/4473 4467/4467 4468/4468
f 4461/4461 4474/4474 4480/4480
f 4415/4415 4429/4429 4385/4385
f 4463/4463 4394/4394 4544/4544
f 4502/4502 4469/4469 4447/4447
f 4543/4543 4544/4544 4394/4394
f 4456/4456 4416/4416 4470/4470
f 4601/4601 4471/4471 4387/4387
f 4471/4471 4505/4505 4391/4391
f 4555/4555 4437/4437 4506/4506
f 4376/4376 4389/4389 4395/4395
f 4395/4395 4384/4384 4376/4376
f 4390/4390 4373/4373 4508/4508
f 4473/4473 4455/4455 4486/4486
f 4461/4461 4477/4477 4486/4486
f 4455/4455 4461/4461 4486/4486
f 4487/4487 4468/4468 4467/4467
f 4461/4461 4480/4480 4479/4479
f 4456/4456 4470/4470 4464/4464
f 4529/4529 4569/4569 4528/4528
f 4382/4382 4431/4431 4402/4402
f 4375/4375 4396/4396 4439/4439
f 4372/4372 4603/4603 4392/4392
f 4475/4475 4472/4472 4575/4575
f 4479/4479 4480/4480 4478/4478
f 4478/4478 4480/4480 4474/4474
f 4468/4468 4487/4487 4501/4501
f 4468/4468 4501/4501 4447/4447
f 4463/4463 4481/4481 4470/4470
f 4464/4464 4490/4490 4449/4449
f 4466/4466 4370/4370 4457/4457
f 4616/4616 4475/4475 4575/4575
f 4616/4616 4567/4567 4475/4475
f 4472/4472 4475/4475 4567/4567
f 4453/4453 4454/4454 4476/4476
f 4460/4460 4485/4485 4477/4477
f 4470/4470 4490/4490 4464/4464
f 4482/4482 4459/4459 4509/4509
f 4472/4472 4563/4563 4510/4510
f 4479/4479 4478/4478 4489/4489
f 4477/4477 4485/4485 4486/4486
f 4474/4474 4400/4400 4488/4488
f 4394/4394 4437/4437 4543/4543
f 4490/4490 4430/4430 4449/4449
f 4395/4395 4452/4452 4388/4388
f 4507/4507 4396/4396 4375/4375
f 4419/4419 4572/4572 4483/4483
f 4484/4484 4601/4601 4393/4393
f 4450/4450 4555/4555 4506/4506
f 4494/4494 4370/4370 4466/4466
f 4452/4452 4495/4495 4388/4388
f 4482/4482 4509/4509 4459/4459
f 4422/4422 4601/4601 4484/4484
f 4510/4510 4575/4575 4472/4472
f 4489/4489 4478/4478 4498/4498
f 4491/4491 4497/4497 4500/4500
f 4501/4501 4487/4487 4499/4499
f 4431/4431 4557/4557 4402/4402
f 4402/4402 4570/4570 4389/4389
f 4388/4388 4495/4495 4383/4383
f 4472/4472 4567/4567 4563/4563
f 4487/4487 4467/4467 4499/4499
f 4478/4478 4474/4474 4498/4498
f 4498/4498 4474/4474 4497/4497
f 4491/4491 4498/4498 4497/4497
f 4500/4500 4497/4497 4474/4474
f 4492/4492 4503/4503 4481/4481
f 4470/4470 4481/4481 4504/4504
f 4490/4490 4470/4470 4504/4504
f 4431/4431 4381/4381 4374/4374
f 4374/4374 4348/4348 4596/4596
f 4510/4510 4563/4563 4496/4496
f 4510/4510 4496/4496 4575/4575
f 4393/4393 4601/4601 4429/4429
f 4518/4518 4519/4519 4511/4511
f 4517/4517 4519/4519 4512/4512
f 4513/4513 4514/4514 4516/4516
f 4500/4500 4474/4474 4513/4513
f 4513/4513 4474/4474 4514/4514
f 4514/4514 4474/4474 4515/4515
f 4514/4514 4515/4515 4516/4516
f 4499/4499 4447/4447 4501/4501
f 4447/4447 4523/4523 4502/4502
f 4543/4543 4437/4437 4555/4555
f 4494/4494 4466/4466 4493/4493
f 4459/4459 4581/4581 4509/4509
f 4511/4511 4559/4559 4518/4518
f 4520/4520 4512/4512 4519/4519
f 4518/4518 4521/4521 4519/4519
f 4533/4533 4559/4559 4560/4560
f 4550/4550 4521/4521 4559/4559
f 4550/4550 4559/4559 4533/4533
f 4474/4474 4524/4524 4522/4522
f 4515/4515 4474/4474 4522/4522
f 4447/4447 4499/4499 4523/4523
f 4474/4474 4488/4488 4524/4524
f 4561/4561 4525/4525 4527/4527
f 4492/4492 4526/4526 4503/4503
f 4503/4503 4526/4526 4481/4481
f 4525/4525 4540/4540 4527/4527
f 4655/4655 4529/4529 4528/4528
f 4373/4373 4558/4558 4629/4629
f 4496/4496 4530/4530 4548/4548
f 4548/4548 4549/4549 4531/4531
f 4532/4532 4519/4519 4521/4521
f 4517/4517 4512/4512 4520/4520
f 4518/4518 4559/4559 4521/4521
f 4521/4521 4550/4550 4532/4532
f 4533/4533 4560/4560 4534/4534
f 4568/4568 4551/4551 4537/4537
f 4551/4551 4568/4568 4536/4536
f 4561/4561 4540/4540 4525/4525
f 4561/4561 4537/4537 4538/4538
f 4535/4535 4552/4552 4541/4541
f 4587/4587 4545/4545 4546/4546
f 4546/4546 4564/4564 4587/4587
f 4471/4471 4531/4531 4505/4505
f 4608/4608 4611/4611 4459/4459
f 4496/4496 4563/4563 4530/4530
f 4530/4530 4576/4576 4548/4548
f 4548/4548 4576/4576 4549/4549
f 4531/4531 4496/4496 4548/4548
f 4560/4560 4559/4559 4551/4551
f 4538/4538 4537/4537 4539/4539
f 4539/4539 4537/4537 4542/4542
f 4535/4535 4541/4541 4542/4542
f 4535/4535 4542/4542 4552/4552
f 4552/4552 4542/4542 4541/4541
f 4542/4542 4541/4541 4545/4545
f 4545/4545 4564/4564 4546/4546
f 4545/4545 4541/4541 4564/4564
f 4538/4538 4539/4539 4553/4553
f 4544/4544 4543/4543 4556/4556
f 4554/4554 4586/4586 4565/4565
f 4556/4556 4543/4543 4555/4555
f 4459/4459 4611/4611 4581/4581
f 4511/4511 4582/4582 4559/4559
f 4550/4550 4533/4533 4534/4534
f 4560/4560 4551/4551 4536/4536
f 4537/4537 4564/4564 4541/4541
f 4542/4542 4537/4537 4541/4541
f 4561/4561 4538/4538 4553/4553
f 4450/4450 4556/4556 4555/4555
f 4508/4508 4558/4558 4390/4390
f 4496/4496 4531/4531 4575/4575
f 4551/4551 4564/4564 4537/4537
f 4490/4490 4504/4504 4430/4430
f 4395/4395 4566/4566 4452/4452
f 4439/4439 4547/4547 4458/4458
f 4383/4383 4495/4495 4452/4452
f 4616/4616 4575/4575 4614/4614
f 4559/4559 4564/4564 4551/4551
f 4586/4586 4593/4593 4568/4568
f 4561/4561 4586/4586 4537/4537
f 4586/4586 4561/4561 4565/4565
f 4396/4396 4547/4547 4439/4439
f 4341/4341 4572/4572 4419/4419
f 4422/4422 4562/4562 4601/4601
f 4509/4509 4573/4573 4459/4459
f 4616/4616 4574/4574 4567/4567
f 4530/4530 4563/4563 4584/4584
f 4530/4530 4584/4584 4576/4576
f 4601/4601 4531/4531 4471/4471
f 4586/4586 4568/4568 4537/4537
f 4557/4557 4570/4570 4402/4402
f 4452/4452 4507/4507 4383/4383
f 4559/4559 4582/4582 4564/4564
f 4579/4579 4493/4493 4466/4466
f 4612/4612 4459/4459 4573/4573
f 4563/4563 4567/4567 4574/4574
f 4585/4585 4583/4583 4581/4581
f 4581/4581 4582/4582 4511/4511
f 4581/4581 4577/4577 4582/4582
f 4504/4504 4578/4578 4430/4430
f 4611/4611 4580/4580 4581/4581
f 4583/4583 4598/4598 4591/4591
f 4598/4598 4583/4583 4585/4585
f 4583/4583 4591/4591 4581/4581
f 4581/4581 4597/4597 4582/4582
f 4581/4581 4582/4582 4577/4577
f 4494/4494 4493/4493 4579/4579
f 4557/4557 4431/4431 4374/4374
f 4603/4603 4571/4571 4508/4508
f 4547/4547 4396/4396 4607/4607
f 4574/4574 4588/4588 4563/4563
f 4599/4599 4592/4592 4598/4598
f 4598/4598 4585/4585 4590/4590
f 4598/4598 4592/4592 4591/4591
f 4600/4600 4575/4575 4531/4531
f 4590/4590 4585/4585 4581/4581
f 4598/4598 4590/4590 4602/4602
f 4554/4554 4593/4593 4586/4586
f 4578/4578 4594/4594 4430/4430
f 4547/4547 4607/4607 4458/4458
f 4563/4563 4588/4588 4584/4584
f 4597/4597 4589/4589 4620/4620
f 4599/4599 4598/4598 4602/4602
f 4582/4582 4597/4597 4620/4620
f 4564/4564 4529/4529 4587/4587
f 4389/4389 4566/4566 4395/4395
f 4396/4396 4507/4507 4622/4622
f 4580/4580 4597/4597 4581/4581
f 4599/4599 4602/4602 4595/4595
f 4602/4602 4590/4590 4595/4595
f 4507/4507 4625/4625 4622/4622
f 4564/4564 4569/4569 4529/4529
f 4452/4452 4566/4566 4604/4604
f 4571/4571 4609/4609 4508/4508
f 4601/4601 4562/4562 4614/4614
f 4582/4582 4620/4620 4564/4564
f 4570/4570 4566/4566 4389/4389
f 4609/4609 4558/4558 4508/4508
f 4608/4608 4605/4605 4611/4611
f 4613/4613 4459/4459 4612/4612
f 4614/4614 4606/4606 4601/4601
f 4452/4452 4604/4604 4507/4507
f 4575/4575 4600/4600 4606/4606
f 4507/4507 4604/4604 4625/4625
f 4613/4613 4608/4608 4459/4459
f 4601/4601 4600/4600 4531/4531
f 4606/4606 4600/4600 4601/4601
f 4597/4597 4580/4580 4589/4589
f 4564/4564 4619/4619 4569/4569
f 4372/4372 4610/4610 4603/4603
f 4614/4614 4575/4575 4606/4606
f 4571/4571 4603/4603 4617/4617
f 4562/4562 4616/4616 4614/4614
f 4612/4612 4573/4573 4613/4613
f 4374/4374 4596/4596 4557/4557
f 4571/4571 4617/4617 4618/4618
f 4558/4558 4609/4609 4623/4623
f 4619/4619 4637/4637 4569/4569
f 4396/4396 4622/4622 4607/4607
f 4558/4558 4623/4623 4630/4630
f 4609/4609 4571/4571 4618/4618
f 4570/4570 4653/4653 4615/4615
f 4629/4629 4558/4558 4630/4630
f 4566/4566 4626/4626 4604/4604
f 4605/4605 4589/4589 4611/4611
f 4611/4611 4589/4589 4580/4580
f 4615/4615 4628/4628 4570/4570
f 4607/4607 4633/4633 4458/4458
f 4619/4619 4564/4564 4627/4627
f 4620/4620 4627/4627 4564/4564
f 4624/4624 4458/4458 4666/4666
f 4570/4570 4628/4628 4566/4566
f 4604/4604 4626/4626 4621/4621
f 4653/4653 4570/4570 4557/4557
f 4609/4609 4618/4618 4623/4623
f 4458/4458 4633/4633 4666/4666
f 4610/4610 4617/4617 4603/4603
f 4622/4622 4625/4625 4607/4607
f 4676/4676 4653/4653 4557/4557
f 4566/4566 4621/4621 4626/4626
f 4607/4607 4625/4625 4632/4632
f 4629/4629 4630/4630 4665/4665
f 4627/4627 4620/4620 4631/4631
f 4589/4589 4631/4631 4620/4620
f 4589/4589 4605/4605 4639/4639
f 4615/4615 4638/4638 4628/4628
f 4665/4665 4630/4630 4635/4635
f 4619/4619 4627/4627 4631/4631
f 4618/4618 4654/4654 4623/4623
f 4589/4589 4639/4639 4631/4631
f 4615/4615 4653/4653 4656/4656
f 4618/4618 4617/4617 4654/4654
f 4628/4628 4636/4636 4566/4566
f 4621/4621 4625/4625 4604/4604
f 4566/4566 4628/4628 4649/4649
f 4634/4634 4642/4642 4625/4625
f 4625/4625 4642/4642 4632/4632
f 4619/4619 4631/4631 4637/4637
f 4632/4632 4633/4633 4607/4607
f 4566/4566 4636/4636 4628/4628
f 4623/4623 4654/4654 4630/4630
f 4569/4569 4637/4637 4640/4640
f 4639/4639 4605/4605 4669/4669
f 4656/4656 4638/4638 4615/4615
f 4621/4621 4645/4645 4625/4625
f 4596/4596 4698/4698 4557/4557
f 4617/4617 4610/4610 4643/4643
f 4528/4528 4569/4569 4641/4641
f 4659/4659 4634/4634 4625/4625
f 4654/4654 4635/4635 4630/4630
f 4633/4633 4646/4646 4666/4666
f 4656/4656 4647/4647 4638/4638
f 4650/4650 4646/4646 4633/4633
f 4625/4625 4645/4645 4659/4659
f 4617/4617 4644/4644 4654/4654
f 4669/4669 4631/4631 4639/4639
f 4638/4638 4647/4647 4628/4628
f 4566/4566 4649/4649 4621/4621
f 4617/4617 4643/4643 4648/4648
f 4649/4649 4645/4645 4621/4621
f 4632/4632 4642/4642 4633/4633
f 4648/4648 4644/4644 4617/4617
f 4649/4649 4652/4652 4645/4645
f 4644/4644 4684/4684 4654/4654
f 4652/4652 4671/4671 4645/4645
f 4649/4649 4628/4628 4652/4652
f 4634/4634 4651/4651 4642/4642
f 4647/4647 4658/4658 4628/4628
f 4557/4557 4698/4698 4676/4676
f 4635/4635 4662/4662 4665/4665
f 4663/4663 4658/4658 4647/4647
f 4633/4633 4657/4657 4650/4650
f 4660/4660 4642/4642 4651/4651
f 4642/4642 4657/4657 4633/4633
f 4656/4656 4663/4663 4647/4647
f 4654/4654 4684/4684 4635/4635
f 4644/4644 4648/4648 4664/4664
f 4640/4640 4641/4641 4569/4569
f 4642/4642 4660/4660 4657/4657
f 4631/4631 4669/4669 4637/4637
f 4690/4690 4652/4652 4628/4628
f 4658/4658 4690/4690 4628/4628
f 4644/4644 4664/4664 4684/4684
f 4690/4690 4667/4667 4652/4652
f 4651/4651 4634/4634 4668/4668
f 4648/4648 4661/4661 4664/4664
f 4661/4661 4684/4684 4664/4664
f 4659/4659 4668/4668 4634/4634
f 4657/4657 4660/4660 4650/4650
f 4640/4640 4637/4637 4641/4641
f 4645/4645 4668/4668 4659/4659
f 4663/4663 4656/4656 4707/4707
f 4671/4671 4652/4652 4683/4683
f 4684/4684 4662/4662 4635/4635
f 4653/4653 4707/4707 4656/4656
f 4651/4651 4668/4668 4672/4672
f 4666/4666 4646/4646 4746/4746
f 4667/4667 4683/4683 4652/4652
f 4709/4709 4668/4668 4645/4645
f 4662/4662 4682/4682 4665/4665
f 4655/4655 4528/4528 4764/4764
f 4671/4671 4709/4709 4645/4645
f 4650/4650 4670/4670 4646/4646
f 4660/4660 4672/4672 4650/4650
f 4668/4668 4709/4709 4672/4672
f 4653/4653 4676/4676 4681/4681
f 4674/4674 4690/4690 4658/4658
f 4651/4651 4672/4672 4660/4660
f 4669/4669 4605/4605 4697/4697
f 4684/4684 4693/4693 4662/4662
f 4671/4671 4677/4677 4709/4709
f 4673/4673 4674/4674 4658/4658
f 4650/4650 4672/4672 4670/4670
f 4667/4667 4690/4690 4683/4683
f 4684/4684 4675/4675 4693/4693
f 4658/4658 4663/4663 4678/4678
f 4653/4653 4681/4681 4707/4707
f 4671/4671 4683/4683 4677/4677
f 4661/4661 4680/4680 4684/4684
f 4658/4658 4678/4678 4688/4688
f 4689/4689 4683/4683 4690/4690
f 4662/4662 4710/4710 4682/4682
f 4670/4670 4691/4691 4646/4646
f 4698/4698 4596/4596 4706/4706
f 4690/4690 4685/4685 4689/4689
f 4672/4672 4679/4679 4695/4695
f 4663/4663 4707/4707 4678/4678
f 4709/4709 4686/4686 4672/4672
f 4672/4672 4695/4695 4670/4670
f 4678/4678 4707/4707 4688/4688
f 4680/4680 4687/4687 4684/4684
f 4688/4688 4692/4692 4658/4658
f 4684/4684 4687/4687 4675/4675
f 4674/4674 4673/4673 4690/4690
f 4710/4710 4662/4662 4693/4693
f 4693/4693 4675/4675 4694/4694
f 4658/4658 4692/4692 4673/4673
f 4698/4698 4681/4681 4676/4676
f 4689/4689 4685/4685 4683/4683
f 4709/4709 4714/4714 4686/4686
f 4646/4646 4701/4701 4746/4746
f 4677/4677 4704/4704 4709/4709
f 4686/4686 4714/4714 4672/4672
f 4702/4702 4685/4685 4690/4690
f 4673/4673 4702/4702 4690/4690
f 4683/4683 4685/4685 4677/4677
f 4637/4637 4696/4696 4641/4641
f 4699/4699 4701/4701 4646/4646
f 4669/4669 4697/4697 4637/4637
f 4695/4695 4703/4703 4670/4670
f 4699/4699 4646/4646 4691/4691
f 4670/4670 4699/4699 4691/4691
f 4673/4673 4708/4708 4702/4702
f 4675/4675 4700/4700 4694/4694
f 4694/4694 4675/4675 4687/4687
f 4705/4705 4693/4693 4694/4694
f 4685/4685 4712/4712 4677/4677
f 4693/4693 4705/4705 4710/4710
f 4675/4675 4694/4694 4700/4700
f 4641/4641 4763/4763 4528/4528
f 4719/4719 4707/4707 4698/4698
f 4704/4704 4723/4723 4709/4709
f 4698/4698 4707/4707 4681/4681
f 4673/4673 4692/4692 4708/4708
f 4702/4702 4708/4708 4685/4685
f 4672/4672 4714/4714 4679/4679
f 4703/4703 4695/4695 4716/4716
f 4698/4698 4706/4706 4719/4719
f 4688/4688 4707/4707 4692/4692
f 4677/4677 4723/4723 4704/4704
f 4717/4717 4718/4718 4685/4685
f 4679/4679 4711/4711 4695/4695
f 4705/4705 4715/4715 4710/4710
f 4685/4685 4708/4708 4717/4717
f 4711/4711 4716/4716 4695/4695
f 4694/4694 4687/4687 4713/4713
f 4709/4709 4723/4723 4714/4714
f 4694/4694 4713/4713 4705/4705
f 4706/4706 4596/4596 4727/4727
f 4699/4699 4722/4722 4701/4701
f 4701/4701 4745/4745 4746/4746
f 4596/4596 4348/4348 4727/4727
f 4685/4685 4718/4718 4712/4712
f 4670/4670 4703/4703 4720/4720
f 4705/4705 4752/4752 4715/4715
f 4708/4708 4692/4692 4707/4707
f 4679/4679 4714/4714 4711/4711
f 4670/4670 4720/4720 4699/4699
f 4707/4707 4719/4719 4724/4724
f 4708/4708 4739/4739 4717/4717
f 4712/4712 4728/4728 4677/4677
f 4714/4714 4721/4721 4711/4711
f 4707/4707 4724/4724 4708/4708
f 4719/4719 4706/4706 4724/4724
f 4723/4723 4721/4721 4714/4714
f 4713/4713 4725/4725 4705/4705
f 4718/4718 4717/4717 4739/4739
f 4528/4528 4763/4763 4764/4764
f 4706/4706 4726/4726 4724/4724
f 4716/4716 4711/4711 4721/4721
f 4703/4703 4730/4730 4720/4720
f 4718/4718 4731/4731 4712/4712
f 4716/4716 4730/4730 4703/4703
f 4697/4697 4732/4732 4637/4637
f 4739/4739 4731/4731 4718/4718
f 4712/4712 4740/4740 4728/4728
f 4677/4677 4741/4741 4723/4723
f 4723/4723 4741/4741 4721/4721
f 4701/4701 4751/4751 4745/4745
f 4697/4697 4605/4605 4732/4732
f 4696/4696 4637/4637 4734/4734
f 4637/4637 4733/4733 4734/4734
f 4708/4708 4724/4724 4731/4731
f 4724/4724 4754/4754 4731/4731
f 4728/4728 4741/4741 4677/4677
f 4721/4721 4741/4741 4729/4729
f 4721/4721 4755/4755 4716/4716
f 4716/4716 4743/4743 4735/4735
f 4716/4716 4757/4757 4748/4748
f 4749/4749 4737/4737 4716/4716
f 4738/4738 4743/4743 4716/4716
f 4745/4745 4750/4750 4736/4736
f 4745/4745 4751/4751 4750/4750
f 4722/4722 4756/4756 4751/4751
f 4725/4725 4752/4752 4705/4705
f 4722/4722 4751/4751 4701/4701
f 4637/4637 4732/4732 4733/4733
f 4706/4706 4753/4753 4726/4726
f 4708/4708 4731/4731 4739/4739
f 4724/4724 4761/4761 4754/4754
f 4712/4712 4742/4742 4740/4740
f 4728/4728 4740/4740 4741/4741
f 4721/4721 4729/4729 4755/4755
f 4735/4735 4749/4749 4716/4716
f 4720/4720 4730/4730 4744/4744
f 4745/4745 4747/4747 4746/4746
f 4755/4755 4758/4758 4716/4716
f 4716/4716 4758/4758 4757/4757
f 4748/4748 4759/4759 4716/4716
f 4720/4720 4744/4744 4756/4756
f 4720/4720 4756/4756 4699/4699
f 4745/4745 4760/4760 4747/4747
f 4745/4745 4736/4736 4760/4760
f 4699/4699 4756/4756 4722/4722
f 4716/4716 4737/4737 4730/4730
f 4716/4716 4759/4759 4738/4738
f 4706/4706 4727/4727 4753/4753
f 4724/4724 4726/4726 4761/4761
f 4712/4712 4731/4731 4742/4742
f 4641/4641 4696/4696 4763/4763
f 4734/4734 4762/4762 4696/4696
f 4696/4696 4762/4762 4763/4763
f 4762/4762 4764/4764 4763/4763
f 4421/4421 4398/4398 4420/4420
f 4421/4421 4433/4433 4398/4398
f 4768/4768 4794/4794 4767/4767
f 4772/4772 4771/4771 4774/4774
f 4770/4770 4782/4782 4766/4766
f 4769/4769 4779/4779 4771/4771
f 4775/4775 4777/4777 4772/4772
f 4769/4769 4770/4770 4766/4766
f 4774/4774 4771/4771 4779/4779
f 4772/4772 4776/4776 4775/4775
f 4769/4769 4766/4766 4779/4779
f 4797/4797 4773/4773 4791/4791
f 4785/4785 4772/4772 4774/4774
f 4785/4785 4776/4776 4772/4772
f 4777/4777 4775/4775 4781/4781
f 4814/4814 4777/4777 4781/4781
f 4773/4773 4767/4767 4786/4786
f 4767/4767 4799/4799 4784/4784
f 4786/4786 4791/4791 4773/4773
f 4768/4768 4777/4777 4814/4814
f 4768/4768 4814/4814 4794/4794
f 4782/4782 4770/4770 4778/4778
f 4774/4774 4779/4779 4824/4824
f 4767/4767 4780/4780 4786/4786
f 4784/4784 4780/4780 4767/4767
f 4767/4767 4794/4794 4796/4796
f 4791/4791 4783/4783 4797/4797
f 4800/4800 4779/4779 4766/4766
f 4767/4767 4796/4796 4799/4799
f 4778/4778 4787/4787 4782/4782
f 4766/4766 4782/4782 4789/4789
f 4785/4785 4775/4775 4776/4776
f 4788/4788 4782/4782 4787/4787
f 4782/4782 4788/4788 4790/4790
f 4789/4789 4782/4782 4790/4790
f 4800/4800 4766/4766 4803/4803
f 4784/4784 4792/4792 4780/4780
f 4775/4775 4795/4795 4781/4781
f 4791/4791 4904/4904 4783/4783
f 4779/4779 4800/4800 4824/4824
f 4766/4766 4789/4789 4856/4856
f 4785/4785 4774/4774 4807/4807
f 4774/4774 4824/4824 4793/4793
f 4785/4785 4795/4795 4775/4775
f 4890/4890 4797/4797 4783/4783
f 4814/4814 4781/4781 4798/4798
f 4792/4792 4784/4784 4818/4818
f 4890/4890 4783/4783 4904/4904
f 4794/4794 4814/4814 4804/4804
f 4781/4781 4795/4795 4798/4798
f 4794/4794 4804/4804 4796/4796
f 4808/4808 4801/4801 4876/4876
f 4907/4907 4803/4803 4766/4766
f 4784/4784 4799/4799 4818/4818
f 4790/4790 4802/4802 4789/4789
f 4790/4790 4788/4788 4805/4805
f 4790/4790 4805/4805 4802/4802
f 4793/4793 4844/4844 4774/4774
f 4780/4780 4840/4840 4786/4786
f 4806/4806 4810/4810 4820/4820
f 4792/4792 4840/4840 4780/4780
f 4795/4795 4785/4785 4807/4807
f 4804/4804 4814/4814 4796/4796
f 4766/4766 4856/4856 4907/4907
f 4807/4807 4774/4774 4844/4844
f 4876/4876 4811/4811 4808/4808
f 4823/4823 4861/4861 4809/4809
f 4907/4907 4800/4800 4803/4803
f 4813/4813 4795/4795 4807/4807
f 4786/4786 4840/4840 4848/4848
f 4835/4835 4791/4791 4786/4786
f 4813/4813 4829/4829 4795/4795
f 4861/4861 4823/4823 4815/4815
f 4824/4824 4800/4800 4905/4905
f 4792/4792 4818/4818 4840/4840
f 4829/4829 4798/4798 4795/4795
f 4789/4789 4802/4802 4856/4856
f 4800/4800 4907/4907 4905/4905
f 4786/4786 4848/4848 4885/4885
f 4816/4816 4876/4876 4801/4801
f 4791/4791 4835/4835 4904/4904
f 4876/4876 4879/4879 4811/4811
f 4815/4815 4810/4810 4806/4806
f 4810/4810 4819/4819 4820/4820
f 4857/4857 4813/4813 4807/4807
f 4807/4807 4844/4844 4857/4857
f 4810/4810 4830/4830 4828/4828
f 4812/4812 4828/4828 4826/4826
f 4845/4845 4815/4815 4806/4806
f 4815/4815 4839/4839 4810/4810
f 4828/4828 4819/4819 4810/4810
f 4820/4820 4819/4819 4833/4833
f 4822/4822 4821/4821 4817/4817
f 4832/4832 4823/4823 4809/4809
f 4819/4819 4828/4828 4834/4834
f 4825/4825 4821/4821 4822/4822
f 4821/4821 4825/4825 4817/4817
f 4826/4826 4828/4828 4827/4827
f 4823/4823 4832/4832 4830/4830
f 4828/4828 4831/4831 4834/4834
f 4830/4830 4832/4832 4828/4828
f 4839/4839 4830/4830 4810/4810
f 4823/4823 4830/4830 4837/4837
f 4827/4827 4828/4828 4832/4832
f 4828/4828 4812/4812 4831/4831
f 4813/4813 4857/4857 4829/4829
f 4833/4833 4819/4819 4831/4831
f 4830/4830 4839/4839 4837/4837
f 4831/4831 4819/4819 4834/4834
f 4847/4847 4895/4895 4900/4900
f 4805/4805 4838/4838 4802/4802
f 4815/4815 4845/4845 4836/4836
f 4839/4839 4823/4823 4837/4837
f 4818/4818 4799/4799 4840/4840
f 4815/4815 4841/4841 4839/4839
f 4815/4815 4823/4823 4841/4841
f 4838/4838 4842/4842 4802/4802
f 4829/4829 4860/4860 4798/4798
f 4904/4904 4851/4851 4890/4890
f 4806/4806 4843/4843 4845/4845
f 4841/4841 4823/4823 4839/4839
f 4825/4825 4845/4845 4843/4843
f 4799/4799 4848/4848 4840/4840
f 4861/4861 4815/4815 4850/4850
f 4845/4845 4825/4825 4855/4855
f 4845/4845 4850/4850 4836/4836
f 4850/4850 4815/4815 4836/4836
f 4847/4847 4900/4900 4967/4967
f 4802/4802 4892/4892 4856/4856
f 4905/4905 4907/4907 4882/4882
f 4814/4814 4798/4798 4796/4796
f 4861/4861 4850/4850 4855/4855
f 4855/4855 4850/4850 4845/4845
f 4786/4786 4896/4896 4835/4835
f 4793/4793 4824/4824 4893/4893
f 4854/4854 4825/4825 4849/4849
f 4849/4849 4853/4853 4854/4854
f 4892/4892 4884/4884 4856/4856
f 4855/4855 4825/4825 4858/4858
f 4825/4825 4854/4854 4869/4869
f 4907/4907 4856/4856 4891/4891
f 4853/4853 4859/4859 4854/4854
f 4802/4802 4842/4842 4886/4886
f 4852/4852 4848/4848 4799/4799
f 4799/4799 4796/4796 4862/4862
f 4895/4895 4847/4847 4863/4863
f 4796/4796 4883/4883 4862/4862
f 4861/4861 4855/4855 4854/4854
f 4864/4864 4869/4869 4873/4873
f 4864/4864 4873/4873 4866/4866
f 4864/4864 4866/4866 4875/4875
f 4854/4854 4855/4855 4865/4865
f 4855/4855 4858/4858 4865/4865
f 4868/4868 4874/4874 4867/4867
f 4867/4867 4874/4874 4870/4870
f 4867/4867 4870/4870 4868/4868
f 4844/4844 4793/4793 4893/4893
f 4844/4844 4901/4901 4857/4857
f 4861/4861 4854/4854 4863/4863
f 4854/4854 4872/4872 4873/4873
f 4873/4873 4875/4875 4866/4866
f 4873/4873 4872/4872 4875/4875
f 4854/4854 4865/4865 4869/4869
f 4799/4799 4871/4871 4852/4852
f 4876/4876 4877/4877 4879/4879
f 4879/4879 4877/4877 4878/4878
f 4854/4854 4859/4859 4872/4872
f 4869/4869 4854/4854 4873/4873
f 4874/4874 4879/4879 4878/4878
f 4865/4865 4858/4858 4880/4880
f 4874/4874 4878/4878 4881/4881
f 4869/4869 4865/4865 4880/4880
f 4854/4854 4869/4869 4888/4888
f 4869/4869 4881/4881 4888/4888
f 4881/4881 4878/4878 4888/4888
f 4900/4900 4895/4895 4846/4846
f 4863/4863 4854/4854 4888/4888
f 4796/4796 4908/4908 4883/4883
f 4876/4876 4887/4887 4877/4877
f 4876/4876 4816/4816 4887/4887
f 4877/4877 4887/4887 4889/4889
f 4932/4932 4967/4967 4900/4900
f 4887/4887 4816/4816 4889/4889
f 4877/4877 4889/4889 4888/4888
f 4877/4877 4888/4888 4878/4878
f 4871/4871 4848/4848 4852/4852
f 4890/4890 4851/4851 4889/4889
f 4886/4886 4884/4884 4802/4802
f 4892/4892 4802/4802 4884/4884
f 4886/4886 4842/4842 4884/4884
f 4903/4903 4856/4856 4962/4962
f 4900/4900 4846/4846 4911/4911
f 4856/4856 4903/4903 4891/4891
f 4885/4885 4894/4894 4786/4786
f 4885/4885 4848/4848 4894/4894
f 4894/4894 4896/4896 4786/4786
f 4835/4835 4936/4936 4904/4904
f 4851/4851 4919/4919 4889/4889
f 4856/4856 4884/4884 4962/4962
f 4893/4893 4824/4824 4942/4942
f 4798/4798 4908/4908 4796/4796
f 4863/4863 4888/4888 4897/4897
f 4898/4898 4897/4897 4888/4888
f 4896/4896 4894/4894 4835/4835
f 4893/4893 4942/4942 4844/4844
f 4895/4895 4919/4919 4846/4846
f 4889/4889 4919/4919 4888/4888
f 4862/4862 4938/4938 4799/4799
f 4919/4919 4898/4898 4888/4888
f 4895/4895 4863/4863 4919/4919
f 4863/4863 4897/4897 4919/4919
f 4871/4871 4938/4938 4848/4848
f 4799/4799 4938/4938 4871/4871
f 4884/4884 4842/4842 4913/4913
f 4882/4882 4907/4907 4916/4916
f 4942/4942 4824/4824 4905/4905
f 4897/4897 4898/4898 4919/4919
f 4905/4905 4882/4882 4916/4916
f 4851/4851 4906/4906 4919/4919
f 4848/4848 4938/4938 4930/4930
f 4899/4899 4905/4905 4916/4916
f 4857/4857 4860/4860 4829/4829
f 4851/4851 4935/4935 4906/4906
f 4942/4942 4905/4905 4899/4899
f 4941/4941 4907/4907 4891/4891
f 4909/4909 4901/4901 4844/4844
f 4908/4908 4862/4862 4883/4883
f 4851/4851 4910/4910 4935/4935
f 4906/4906 4914/4914 4919/4919
f 4911/4911 4912/4912 4900/4900
f 4884/4884 4915/4915 4962/4962
f 4907/4907 4941/4941 4899/4899
f 4916/4916 4907/4907 4899/4899
f 4904/4904 4936/4936 4922/4922
f 4900/4900 4912/4912 4932/4932
f 4884/4884 4902/4902 4915/4915
f 4909/4909 4844/4844 4942/4942
f 4922/4922 4851/4851 4904/4904
f 4901/4901 4909/4909 4933/4933
f 4884/4884 4913/4913 4917/4917
f 4857/4857 4901/4901 4933/4933
f 4835/4835 4920/4920 4936/4936
f 4918/4918 4846/4846 4919/4919
f 4920/4920 4835/4835 4894/4894
f 4798/4798 4974/4974 4908/4908
f 4914/4914 4906/4906 4923/4923
f 4851/4851 4922/4922 4921/4921
f 4851/4851 4921/4921 4910/4910
f 4906/4906 4935/4935 4923/4923
f 4919/4919 4914/4914 4923/4923
f 4884/4884 4917/4917 4902/4902
f 4910/4910 4921/4921 4935/4935
f 4919/4919 4923/4923 4927/4927
f 4891/4891 4903/4903 4962/4962
f 4798/4798 4860/4860 4925/4925
f 4862/4862 4908/4908 4929/4929
f 4921/4921 4926/4926 4935/4935
f 4928/4928 4922/4922 4936/4936
f 4940/4940 4798/4798 4925/4925
f 4919/4919 4927/4927 4918/4918
f 4935/4935 4927/4927 4923/4923
f 4928/4928 4921/4921 4922/4922
f 4928/4928 4926/4926 4921/4921
f 4860/4860 4940/4940 4925/4925
f 4848/4848 4930/4930 4894/4894
f 4860/4860 4857/4857 4940/4940
f 4930/4930 4920/4920 4894/4894
f 4862/4862 4929/4929 4938/4938
f 4912/4912 4955/4955 4932/4932
f 4926/4926 4931/4931 4935/4935
f 4934/4934 4798/4798 4940/4940
f 4908/4908 4974/4974 4978/4978
f 4934/4934 4937/4937 4798/4798
f 4928/4928 4936/4936 4926/4926
f 4915/4915 4902/4902 4945/4945
f 4935/4935 4931/4931 4927/4927
f 4926/4926 4927/4927 4931/4931
f 4933/4933 4940/4940 4857/4857
f 4927/4927 4926/4926 4951/4951
f 4912/4912 4911/4911 4955/4955
f 4911/4911 4846/4846 4918/4918
f 4937/4937 4974/4974 4798/4798
f 4936/4936 4951/4951 4926/4926
f 4944/4944 4936/4936 4920/4920
f 4911/4911 4918/4918 4951/4951
f 4918/4918 4927/4927 4951/4951
f 4924/4924 4967/4967 4932/4932
f 4902/4902 4917/4917 4945/4945
f 4891/4891 4962/4962 4965/4965
f 4938/4938 4946/4946 4930/4930
f 4951/4951 4936/4936 4944/4944
f 4933/4933 4909/4909 4942/4942
f 4944/4944 4920/4920 4930/4930
f 4955/4955 4924/4924 4932/4932
f 4941/4941 4891/4891 4965/4965
f 4938/4938 4929/4929 4943/4943
f 4953/4953 4942/4942 4899/4899
f 4946/4946 4949/4949 4930/4930
f 4944/4944 4930/4930 4949/4949
f 4955/4955 4911/4911 4947/4947
f 4915/4915 4948/4948 4972/4972
f 4951/4951 4944/4944 4950/4950
f 4945/4945 4948/4948 4915/4915
f 4908/4908 4978/4978 4929/4929
f 4945/4945 4917/4917 4948/4948
f 4911/4911 4951/4951 4958/4958
f 4915/4915 4972/4972 4962/4962
f 4929/4929 4964/4964 4943/4943
f 4924/4924 4968/4968 4967/4967
f 4946/4946 4944/4944 4949/4949
f 4950/4950 4944/4944 4946/4946
f 4937/4937 4954/4954 4974/4974
f 4933/4933 4939/4939 4940/4940
f 4951/4951 4950/4950 4946/4946
f 4958/4958 4963/4963 4911/4911
f 4978/4978 4964/4964 4929/4929
f 4934/4934 4940/4940 4937/4937
f 4941/4941 4965/4965 4899/4899
f 4939/4939 4933/4933 4960/4960
f 4946/4946 4938/4938 4952/4952
f 4958/4958 4951/4951 4946/4946
f 4911/4911 4963/4963 4947/4947
f 4976/4976 4942/4942 4953/4953
f 4943/4943 4952/4952 4938/4938
f 4939/4939 4966/4966 4940/4940
f 4933/4933 4942/4942 4960/4960
f 4956/4956 4963/4963 4958/4958
f 4946/4946 4952/4952 4958/4958
f 4899/4899 4965/4965 4953/4953
f 4952/4952 4943/4943 4963/4963
f 4940/4940 4966/4966 4937/4937
f 4974/4974 4979/4979 4978/4978
f 4952/4952 4956/4956 4958/4958
f 4943/4943 4964/4964 4963/4963
f 4956/4956 4952/4952 4963/4963
f 4965/4965 4962/4962 4957/4957
f 4937/4937 4966/4966 4954/4954
f 4965/4965 4959/4959 4953/4953
f 4960/4960 4969/4969 4939/4939
f 4963/4963 4964/4964 4947/4947
f 4968/4968 4924/4924 4961/4961
f 4972/4972 4948/4948 4980/4980
f 4966/4966 4939/4939 4969/4969
f 4954/4954 4971/4971 4974/4974
f 4967/4967 4968/4968 4997/4997
f 4954/4954 4966/4966 4971/4971
f 4969/4969 4960/4960 4942/4942
f 4974/4974 4970/4970 4979/4979
f 4968/4968 4986/4986 4997/4997
f 4965/4965 4957/4957 4977/4977
f 4959/4959 4965/4965 4977/4977
f 4955/4955 4947/4947 4964/4964
f 4962/4962 4972/4972 4980/4980
f 4953/4953 4959/4959 4984/4984
f 4976/4976 4953/4953 4984/4984
f 4964/4964 4978/4978 4955/4955
f 4974/4974 4981/4981 4970/4970
f 4977/4977 4957/4957 4962/4962
f 4966/4966 4969/4969 4971/4971
f 4971/4971 4975/4975 4974/4974
f 4924/4924 4973/4973 4961/4961
f 4961/4961 4986/4986 4968/4968
f 4924/4924 4955/4955 4973/4973
f 4942/4942 4976/4976 4969/4969
f 4971/4971 4969/4969 4981/4981
f 4981/4981 4975/4975 4971/4971
f 4975/4975 4981/4981 4974/4974
f 4961/4961 4973/4973 4986/4986
f 4977/4977 4962/4962 4992/4992
f 4976/4976 4985/4985 4969/4969
f 4978/4978 4979/4979 4989/4989
f 4959/4959 4977/4977 4992/4992
f 4984/4984 4959/4959 4992/4992
f 4948/4948 4982/4982 4980/4980
f 4962/4962 4980/4980 4991/4991
f 4980/4980 4982/4982 4988/4988
f 4978/4978 4987/4987 4955/4955
f 4989/4989 4987/4987 4978/4978
f 4976/4976 4984/4984 4985/4985
f 4969/4969 4985/4985 4981/4981
f 4962/4962 4991/4991 4995/4995
f 4980/4980 4988/4988 4991/4991
f 4985/4985 4983/4983 4981/4981
f 4955/4955 4987/4987 4973/4973
f 4983/4983 4990/4990 4981/4981
f 4970/4970 4990/4990 5004/5004
f 4992/4992 4962/4962 4995/4995
f 4981/4981 4990/4990 4970/4970
f 4988/4988 4982/4982 5002/5002
f 4987/4987 4989/4989 4973/4973
f 5012/5012 4984/4984 4992/4992
f 4979/4979 4994/4994 4989/4989
f 4973/4973 4994/4994 4993/4993
f 4993/4993 4996/4996 4973/4973
f 4996/4996 4986/4986 4973/4973
f 4983/4983 5006/5006 4990/4990
f 4973/4973 4989/4989 4994/4994
f 4995/4995 4991/4991 4988/4988
f 4985/4985 4984/4984 5012/5012
f 5006/5006 5004/5004 4990/4990
f 5004/5004 4999/4999 4970/4970
f 4993/4993 4994/4994 4996/4996
f 4988/4988 5002/5002 4995/4995
f 4994/4994 4979/4979 4996/4996
f 4992/4992 4995/4995 4998/4998
f 4995/4995 5002/5002 5007/5007
f 4986/4986 4996/4996 5000/5000
f 4983/4983 4985/4985 5012/5012
f 4970/4970 4999/4999 4979/4979
f 5015/5015 4997/4997 4986/4986
f 5012/5012 5006/5006 4983/4983
f 5003/5003 5012/5012 4992/4992
f 4979/4979 4999/4999 4996/4996
f 5015/5015 4986/4986 5001/5001
f 5000/5000 5001/5001 4986/4986
f 5013/5013 5006/5006 5012/5012
f 4999/4999 5004/5004 5005/5005
f 5004/5004 5006/5006 5009/5009
f 4999/4999 5008/5008 4996/4996
f 4996/4996 5008/5008 5000/5000
f 5007/5007 5002/5002 5022/5022
f 5005/5005 5004/5004 5009/5009
f 4998/4998 5003/5003 4992/4992
f 4995/4995 5007/5007 5022/5022
f 5005/5005 5011/5011 5010/5010
f 5009/5009 5011/5011 5005/5005
f 5008/5008 4999/4999 5000/5000
f 5005/5005 5010/5010 4999/4999
f 5009/5009 5006/5006 5013/5013
f 4998/4998 4995/4995 5003/5003
f 5013/5013 5012/5012 5003/5003
f 5000/5000 5014/5014 5017/5017
f 5013/5013 5011/5011 5009/5009
f 5000/5000 5017/5017 5025/5025
f 5010/5010 5000/5000 4999/4999
f 5010/5010 5014/5014 5000/5000
f 5002/5002 5016/5016 5022/5022
f 5015/5015 5001/5001 5000/5000
f 4995/4995 5021/5021 5003/5003
f 5014/5014 5025/5025 5017/5017
f 5020/5020 5000/5000 5025/5025
f 4995/4995 5022/5022 5021/5021
f 5015/5015 5000/5000 5039/5039
f 5018/5018 5014/5014 5010/5010
f 5039/5039 5000/5000 5020/5020
f 5028/5028 5016/5016 5002/5002
f 5002/5002 4982/4982 5028/5028
f 5011/5011 5019/5019 5010/5010
f 5018/5018 5023/5023 5014/5014
f 5013/5013 5019/5019 5011/5011
f 5013/5013 5003/5003 5027/5027
f 5014/5014 5023/5023 5025/5025
f 5010/5010 5019/5019 5018/5018
f 5013/5013 5027/5027 5019/5019
f 5018/5018 5019/5019 5023/5023
f 5027/5027 5003/5003 5041/5041
f 5027/5027 5031/5031 5019/5019
f 5019/5019 5031/5031 5023/5023
f 5024/5024 5025/5025 5026/5026
f 5023/5023 5031/5031 5025/5025
f 5033/5033 5020/5020 5024/5024
f 5025/5025 5024/5024 5020/5020
f 5022/5022 5016/5016 5028/5028
f 5024/5024 5026/5026 5033/5033
f 5031/5031 5027/5027 5030/5030
f 5025/5025 5031/5031 5029/5029
f 5030/5030 5027/5027 5041/5041
f 5029/5029 5030/5030 5025/5025
f 5025/5025 5030/5030 5026/5026
f 5003/5003 5021/5021 5041/5041
f 5026/5026 5030/5030 5033/5033
f 5029/5029 5031/5031 5030/5030
f 5030/5030 5034/5034 5033/5033
f 5038/5038 5030/5030 5041/5041
f 5028/5028 4982/4982 5035/5035
f 5034/5034 5038/5038 5033/5033
f 5020/5020 5033/5033 5032/5032
f 5034/5034 5030/5030 5038/5038
f 5033/5033 5038/5038 5032/5032
f 5028/5028 5035/5035 5055/5055
f 5038/5038 5037/5037 5032/5032
f 5041/5041 5044/5044 5038/5038
f 5032/5032 5036/5036 5043/5043
f 5032/5032 5040/5040 5036/5036
f 5020/5020 5032/5032 5043/5043
f 5039/5039 5020/5020 5060/5060
f 5037/5037 5038/5038 5045/5045
f 5036/5036 5040/5040 5042/5042
f 5037/5037 5045/5045 5032/5032
f 5038/5038 5044/5044 5049/5049
f 5049/5049 5045/5045 5038/5038
f 5036/5036 5042/5042 5043/5043
f 5021/5021 5022/5022 5028/5028
f 5032/5032 5045/5045 5040/5040
f 5060/5060 5020/5020 5043/5043
f 5040/5040 5048/5048 5049/5049
f 5055/5055 5035/5035 5046/5046
f 5042/5042 5050/5050 5043/5043
f 5045/5045 5049/5049 5047/5047
f 5045/5045 5047/5047 5040/5040
f 5040/5040 5049/5049 5042/5042
f 5040/5040 5047/5047 5048/5048
f 5047/5047 5049/5049 5048/5048
f 5049/5049 5044/5044 5042/5042
f 5042/5042 5044/5044 5054/5054
f 5043/5043 5051/5051 5060/5060
f 5053/5053 5043/5043 5050/5050
f 5050/5050 5042/5042 5053/5053
f 5043/5043 5053/5053 5051/5051
f 5041/5041 5021/5021 5044/5044
f 5021/5021 5054/5054 5044/5044
f 5028/5028 5052/5052 5021/5021
f 5028/5028 5055/5055 5052/5052
f 5051/5051 5053/5053 5060/5060
f 5056/5056 5042/5042 5054/5054
f 5056/5056 5054/5054 5064/5064
f 5053/5053 5042/5042 5056/5056
f 5052/5052 5054/5054 5021/5021
f 5055/5055 5046/5046 5057/5057
f 5053/5053 5056/5056 5058/5058
f 5053/5053 5058/5058 5060/5060
f 5055/5055 5059/5059 5052/5052
f 5055/5055 5057/5057 5059/5059
f 5058/5058 5063/5063 5060/5060
f 5063/5063 5058/5058 5056/5056
f 5062/5062 5052/5052 5059/5059
f 5061/5061 5056/5056 5064/5064
f 5064/5064 5054/5054 5052/5052
f 5056/5056 5061/5061 5063/5063
f 5052/5052 5062/5062 5064/5064
f 5074/5074 5070/5070 5084/5084
f 5069/5069 5072/5072 5090/5090
f 5068/5068 5083/5083 5098/5098
f 5068/5068 5069/5069 5083/5083
f 5069/5069 5090/5090 5083/5083
f 5071/5071 5077/5077 5066/5066
f 5070/5070 5068/5068 5080/5080
f 5080/5080 5068/5068 5098/5098
f 5071/5071 5074/5074 5073/5073
f 5072/5072 5108/5108 5090/5090
f 5077/5077 5076/5076 5066/5066
f 5081/5081 5065/5065 5086/5086
f 5067/5067 5066/5066 5109/5109
f 5074/5074 5084/5084 5073/5073
f 5071/5071 5073/5073 5077/5077
f 5079/5079 5081/5081 5086/5086
f 5070/5070 5080/5080 5084/5084
f 5067/5067 5099/5099 5065/5065
f 5066/5066 5082/5082 5109/5109
f 5112/5112 5099/5099 5067/5067
f 5067/5067 5109/5109 5112/5112
f 5065/5065 5099/5099 5075/5075
f 5082/5082 5066/5066 5076/5076
f 5087/5087 5081/5081 5079/5079
f 5076/5076 5077/5077 5082/5082
f 5086/5086 5065/5065 5075/5075
f 5084/5084 5077/5077 5073/5073
f 5086/5086 5091/5091 5079/5079
f 5084/5084 5080/5080 5101/5101
f 5098/5098 5083/5083 5104/5104
f 5095/5095 5090/5090 5108/5108
f 5085/5085 5082/5082 5077/5077
f 5091/5091 5086/5086 5089/5089
f 5084/5084 5088/5088 5077/5077
f 5078/5078 5084/5084 5101/5101
f 5081/5081 5087/5087 5103/5103
f 5088/5088 5084/5084 5078/5078
f 5079/5079 5091/5091 5093/5093
f 5080/5080 5098/5098 5094/5094
f 5090/5090 5095/5095 5115/5115
f 5088/5088 5085/5085 5077/5077
f 5078/5078 5101/5101 5092/5092
f 5082/5082 5085/5085 5097/5097
f 5089/5089 5086/5086 5075/5075
f 5090/5090 5115/5115 5083/5083
f 5091/5091 5089/5089 5075/5075
f 5091/5091 5075/5075 5102/5102
f 5104/5104 5083/5083 5115/5115
f 5087/5087 5079/5079 5093/5093
f 5108/5108 5105/5105 5095/5095
f 5101/5101 5080/5080 5094/5094
f 5078/5078 5092/5092 5088/5088
f 5096/5096 5098/5098 5104/5104
f 5082/5082 5097/5097 5109/5109
f 5100/5100 5094/5094 5098/5098
f 5088/5088 5111/5111 5085/5085
f 5093/5093 5091/5091 5102/5102
f 5101/5101 5094/5094 5100/5100
f 5088/5088 5092/5092 5111/5111
f 5096/5096 5100/5100 5098/5098
f 5102/5102 5075/5075 5120/5120
f 5097/5097 5119/5119 5109/5109
f 5093/5093 5102/5102 5120/5120
f 5075/5075 5106/5106 5120/5120
f 5100/5100 5121/5121 5101/5101
f 5101/5101 5121/5121 5110/5110
f 5095/5095 5105/5105 5115/5115
f 5103/5103 5087/5087 5234/5234
f 5108/5108 5072/5072 5107/5107
f 5104/5104 5116/5116 5096/5096
f 5108/5108 5107/5107 5130/5130
f 5092/5092 5101/5101 5110/5110
f 5092/5092 5114/5114 5111/5111
f 5106/5106 5075/5075 5099/5099
f 5105/5105 5108/5108 5130/5130
f 5112/5112 5136/5136 5099/5099
f 5087/5087 5093/5093 5138/5138
f 5142/5142 5099/5099 5113/5113
f 5117/5117 5111/5111 5114/5114
f 5118/5118 5085/5085 5111/5111
f 5104/5104 5123/5123 5116/5116
f 5105/5105 5132/5132 5115/5115
f 5097/5097 5085/5085 5118/5118
f 5099/5099 5142/5142 5106/5106
f 5092/5092 5110/5110 5121/5121
f 5117/5117 5118/5118 5111/5111
f 5145/5145 5099/5099 5136/5136
f 5097/5097 5126/5126 5119/5119
f 5104/5104 5115/5115 5123/5123
f 5114/5114 5092/5092 5121/5121
f 5138/5138 5093/5093 5128/5128
f 5121/5121 5100/5100 5122/5122
f 5100/5100 5096/5096 5122/5122
f 5109/5109 5119/5119 5124/5124
f 5093/5093 5120/5120 5138/5138
f 5096/5096 5116/5116 5127/5127
f 5116/5116 5123/5123 5127/5127
f 5234/5234 5087/5087 5131/5131
f 5106/5106 5140/5140 5120/5120
f 5093/5093 5138/5138 5128/5128
f 5147/5147 5132/5132 5105/5105
f 5121/5121 5122/5122 5141/5141
f 5118/5118 5129/5129 5097/5097
f 5087/5087 5138/5138 5131/5131
f 5109/5109 5124/5124 5112/5112
f 5125/5125 5120/5120 5140/5140
f 5114/5114 5121/5121 5141/5141
f 5161/5161 5096/5096 5127/5127
f 5118/5118 5117/5117 5129/5129
f 5115/5115 5132/5132 5123/5123
f 5097/5097 5129/5129 5133/5133
f 5164/5164 5105/5105 5130/5130
f 5096/5096 5141/5141 5122/5122
f 5097/5097 5133/5133 5126/5126
f 5119/5119 5126/5126 5124/5124
f 5138/5138 5120/5120 5125/5125
f 5140/5140 5106/5106 5142/5142
f 5112/5112 5159/5159 5136/5136
f 5145/5145 5136/5136 5149/5149
f 5132/5132 5147/5147 5123/5123
f 5141/5141 5096/5096 5161/5161
f 5099/5099 5145/5145 5113/5113
f 5127/5127 5123/5123 5134/5134
f 5117/5117 5114/5114 5151/5151
f 5137/5137 5127/5127 5134/5134
f 5129/5129 5117/5117 5135/5135
f 5161/5161 5127/5127 5137/5137
f 5133/5133 5139/5139 5126/5126
f 5126/5126 5150/5150 5124/5124
f 5112/5112 5124/5124 5159/5159
f 5151/5151 5114/5114 5141/5141
f 5134/5134 5123/5123 5147/5147
f 5150/5150 5146/5146 5124/5124
f 5138/5138 5144/5144 5131/5131
f 5126/5126 5139/5139 5150/5150
f 5129/5129 5135/5135 5133/5133
f 5151/5151 5135/5135 5117/5117
f 5134/5134 5147/5147 5137/5137
f 5143/5143 5130/5130 5107/5107
f 5137/5137 5158/5158 5161/5161
f 5151/5151 5141/5141 5165/5165
f 5124/5124 5146/5146 5148/5148
f 5136/5136 5199/5199 5166/5166
f 5141/5141 5161/5161 5154/5154
f 5165/5165 5141/5141 5154/5154
f 5164/5164 5130/5130 5143/5143
f 5124/5124 5148/5148 5159/5159
f 5113/5113 5145/5145 5142/5142
f 5125/5125 5140/5140 5138/5138
f 5140/5140 5163/5163 5138/5138
f 5137/5137 5147/5147 5169/5169
f 5135/5135 5151/5151 5133/5133
f 5142/5142 5163/5163 5140/5140
f 5142/5142 5153/5153 5163/5163
f 5178/5178 5142/5142 5145/5145
f 5138/5138 5152/5152 5144/5144
f 5163/5163 5152/5152 5138/5138
f 5157/5157 5154/5154 5161/5161
f 5169/5169 5147/5147 5167/5167
f 5149/5149 5136/5136 5166/5166
f 5147/5147 5105/5105 5164/5164
f 5151/5151 5165/5165 5133/5133
f 5150/5150 5148/5148 5146/5146
f 5133/5133 5156/5156 5139/5139
f 5165/5165 5154/5154 5157/5157
f 5164/5164 5143/5143 5191/5191
f 5145/5145 5149/5149 5166/5166
f 5158/5158 5137/5137 5169/5169
f 5165/5165 5172/5172 5160/5160
f 5150/5150 5162/5162 5148/5148
f 5136/5136 5159/5159 5199/5199
f 5139/5139 5156/5156 5155/5155
f 5142/5142 5178/5178 5153/5153
f 5133/5133 5165/5165 5160/5160
f 5161/5161 5158/5158 5182/5182
f 5145/5145 5166/5166 5208/5208
f 5133/5133 5155/5155 5156/5156
f 5133/5133 5160/5160 5155/5155
f 5131/5131 5144/5144 5184/5184
f 5147/5147 5164/5164 5167/5167
f 5150/5150 5174/5174 5162/5162
f 5139/5139 5174/5174 5150/5150
f 5184/5184 5144/5144 5168/5168
f 5158/5158 5169/5169 5182/5182
f 5169/5169 5167/5167 5177/5177
f 5144/5144 5152/5152 5168/5168
f 5145/5145 5208/5208 5178/5178
f 5170/5170 5199/5199 5159/5159
f 5163/5163 5153/5153 5168/5168
f 5165/5165 5157/5157 5181/5181
f 5155/5155 5173/5173 5139/5139
f 5148/5148 5180/5180 5159/5159
f 5159/5159 5180/5180 5170/5170
f 5157/5157 5161/5161 5181/5181
f 5234/5234 5131/5131 5184/5184
f 5160/5160 5172/5172 5183/5183
f 5182/5182 5169/5169 5177/5177
f 5152/5152 5163/5163 5168/5168
f 5173/5173 5174/5174 5139/5139
f 5167/5167 5164/5164 5186/5186
f 5155/5155 5183/5183 5173/5173
f 5164/5164 5191/5191 5186/5186
f 5160/5160 5183/5183 5155/5155
f 5162/5162 5180/5180 5148/5148
f 5165/5165 5181/5181 5172/5172
f 5179/5179 5191/5191 5143/5143
f 5184/5184 5168/5168 5171/5171
f 5161/5161 5182/5182 5181/5181
f 5251/5251 5167/5167 5186/5186
f 5190/5190 5167/5167 5251/5251
f 5208/5208 5166/5166 5188/5188
f 5199/5199 5175/5175 5166/5166
f 5178/5178 5208/5208 5215/5215
f 5166/5166 5200/5200 5188/5188
f 5168/5168 5153/5153 5171/5171
f 5176/5176 5172/5172 5182/5182
f 5172/5172 5181/5181 5182/5182
f 5185/5185 5183/5183 5172/5172
f 5171/5171 5201/5201 5184/5184
f 5167/5167 5190/5190 5177/5177
f 5172/5172 5176/5176 5189/5189
f 5174/5174 5173/5173 5162/5162
f 5153/5153 5178/5178 5215/5215
f 5189/5189 5176/5176 5182/5182
f 5205/5205 5162/5162 5173/5173
f 5186/5186 5191/5191 5249/5249
f 5177/5177 5203/5203 5182/5182
f 5193/5193 5192/5192 5170/5170
f 5183/5183 5187/5187 5173/5173
f 5189/5189 5182/5182 5217/5217
f 5185/5185 5172/5172 5217/5217
f 5172/5172 5189/5189 5217/5217
f 5208/5208 5188/5188 5213/5213
f 5179/5179 5195/5195 5191/5191
f 5206/5206 5191/5191 5196/5196
f 5170/5170 5192/5192 5199/5199
f 5185/5185 5187/5187 5183/5183
f 5195/5195 5197/5197 5191/5191
f 5191/5191 5197/5197 5196/5196
f 5171/5171 5153/5153 5202/5202
f 5215/5215 5208/5208 5214/5214
f 5203/5203 5217/5217 5182/5182
f 5194/5194 5251/5251 5186/5186
f 5198/5198 5180/5180 5162/5162
f 5199/5199 5192/5192 5204/5204
f 5177/5177 5190/5190 5203/5203
f 5180/5180 5198/5198 5170/5170
f 5170/5170 5198/5198 5193/5193
f 5166/5166 5175/5175 5200/5200
f 5249/5249 5191/5191 5206/5206
f 5225/5225 5184/5184 5201/5201
f 5186/5186 5249/5249 5194/5194
f 5199/5199 5204/5204 5175/5175
f 5205/5205 5198/5198 5162/5162
f 5201/5201 5171/5171 5202/5202
f 5215/5215 5220/5220 5153/5153
f 5202/5202 5153/5153 5264/5264
f 5193/5193 5204/5204 5192/5192
f 5153/5153 5220/5220 5264/5264
f 5213/5213 5188/5188 5200/5200
f 5207/5207 5260/5260 5206/5206
f 5184/5184 5225/5225 5234/5234
f 5203/5203 5190/5190 5243/5243
f 5194/5194 5237/5237 5251/5251
f 5206/5206 5196/5196 5209/5209
f 5206/5206 5209/5209 5207/5207
f 5193/5193 5210/5210 5204/5204
f 5201/5201 5211/5211 5225/5225
f 5204/5204 5228/5228 5175/5175
f 5208/5208 5213/5213 5219/5219
f 5212/5212 5220/5220 5215/5215
f 5215/5215 5216/5216 5212/5212
f 5222/5222 5211/5211 5201/5201
f 5215/5215 5214/5214 5216/5216
f 5187/5187 5185/5185 5217/5217
f 5216/5216 5214/5214 5227/5227
f 5242/5242 5217/5217 5203/5203
f 5206/5206 5244/5244 5249/5249
f 5200/5200 5175/5175 5241/5241
f 5213/5213 5218/5218 5219/5219
f 5214/5214 5208/5208 5219/5219
f 5203/5203 5243/5243 5242/5242
f 5173/5173 5187/5187 5226/5226
f 5173/5173 5221/5221 5205/5205
f 5225/5225 5211/5211 5252/5252
f 5220/5220 5212/5212 5224/5224
f 5219/5219 5231/5231 5223/5223
f 5173/5173 5226/5226 5235/5235
f 5173/5173 5235/5235 5221/5221
f 5221/5221 5232/5232 5205/5205
f 5202/5202 5264/5264 5201/5201
f 5222/5222 5201/5201 5264/5264
f 5214/5214 5219/5219 5223/5223
f 5227/5227 5214/5214 5223/5223
f 5206/5206 5260/5260 5244/5244
f 5211/5211 5222/5222 5236/5236
f 5218/5218 5213/5213 5229/5229
f 5218/5218 5229/5229 5233/5233
f 5219/5219 5218/5218 5230/5230
f 5218/5218 5233/5233 5230/5230
f 5219/5219 5230/5230 5231/5231
f 5190/5190 5251/5251 5240/5240
f 5205/5205 5232/5232 5198/5198
f 5210/5210 5239/5239 5204/5204
f 5229/5229 5247/5247 5233/5233
f 5187/5187 5217/5217 5226/5226
f 5243/5243 5190/5190 5240/5240
f 5264/5264 5220/5220 5272/5272
f 5272/5272 5220/5220 5224/5224
f 5194/5194 5249/5249 5245/5245
f 5268/5268 5193/5193 5198/5198
f 5204/5204 5239/5239 5228/5228
f 5234/5234 5225/5225 5253/5253
f 5175/5175 5228/5228 5246/5246
f 5222/5222 5264/5264 5236/5236
f 5229/5229 5213/5213 5247/5247
f 5225/5225 5252/5252 5253/5253
f 5213/5213 5200/5200 5247/5247
f 5226/5226 5217/5217 5242/5242
f 5232/5232 5268/5268 5198/5198
f 5240/5240 5251/5251 5267/5267
f 5221/5221 5235/5235 5232/5232
f 5211/5211 5236/5236 5262/5262
f 5200/5200 5241/5241 5238/5238
f 5240/5240 5267/5267 5243/5243
f 5255/5255 5194/5194 5245/5245
f 5200/5200 5248/5248 5247/5247
f 5254/5254 5252/5252 5271/5271
f 5211/5211 5262/5262 5252/5252
f 5243/5243 5278/5278 5242/5242
f 5226/5226 5242/5242 5235/5235
f 5292/5292 5243/5243 5267/5267
f 5250/5250 5246/5246 5228/5228
f 5200/5200 5238/5238 5259/5259
f 5200/5200 5259/5259 5248/5248
f 5245/5245 5249/5249 5255/5255
f 5258/5258 5253/5253 5252/5252
f 5258/5258 5252/5252 5256/5256
f 5254/5254 5271/5271 5257/5257
f 5251/5251 5237/5237 5267/5267
f 5244/5244 5260/5260 5282/5282
f 5252/5252 5254/5254 5257/5257
f 5256/5256 5252/5252 5257/5257
f 5243/5243 5292/5292 5278/5278
f 5288/5288 5237/5237 5194/5194
f 5236/5236 5264/5264 5262/5262
f 5194/5194 5255/5255 5288/5288
f 5269/5269 5238/5238 5241/5241
f 5175/5175 5246/5246 5241/5241
f 5259/5259 5238/5238 5273/5273
f 5242/5242 5265/5265 5235/5235
f 5287/5287 5207/5207 5261/5261
f 5235/5235 5265/5265 5232/5232
f 5239/5239 5250/5250 5228/5228
f 5246/5246 5276/5276 5241/5241
f 5249/5249 5282/5282 5255/5255
f 5272/5272 5224/5224 5263/5263
f 5249/5249 5244/5244 5282/5282
f 5270/5270 5279/5279 5246/5246
f 5262/5262 5266/5266 5252/5252
f 5267/5267 5237/5237 5292/5292
f 5264/5264 5272/5272 5262/5262
f 5193/5193 5268/5268 5210/5210
f 5260/5260 5207/5207 5287/5287
f 5232/5232 5265/5265 5277/5277
f 5252/5252 5266/5266 5271/5271
f 5239/5239 5274/5274 5250/5250
f 5242/5242 5278/5278 5265/5265
f 5238/5238 5280/5280 5273/5273
f 5266/5266 5263/5263 5271/5271
f 5265/5265 5278/5278 5277/5277
f 5262/5262 5272/5272 5266/5266
f 5246/5246 5275/5275 5270/5270
f 5238/5238 5269/5269 5280/5280
f 5268/5268 5289/5289 5210/5210
f 5266/5266 5272/5272 5263/5263
f 5241/5241 5276/5276 5269/5269
f 5246/5246 5279/5279 5276/5276
f 5232/5232 5289/5289 5268/5268
f 5284/5284 5275/5275 5246/5246
f 5292/5292 5237/5237 5304/5304
f 5255/5255 5282/5282 5260/5260
f 5278/5278 5281/5281 5277/5277
f 5278/5278 5292/5292 5281/5281
f 5232/5232 5277/5277 5293/5293
f 5280/5280 5269/5269 5285/5285
f 5255/5255 5290/5290 5288/5288
f 5210/5210 5289/5289 5239/5239
f 5250/5250 5284/5284 5246/5246
f 5269/5269 5276/5276 5283/5283
f 5285/5285 5269/5269 5283/5283
f 5237/5237 5288/5288 5304/5304
f 5255/5255 5260/5260 5291/5291
f 5260/5260 5312/5312 5291/5291
f 5250/5250 5274/5274 5284/5284
f 5239/5239 5289/5289 5274/5274
f 5277/5277 5281/5281 5292/5292
f 5232/5232 5293/5293 5289/5289
f 5274/5274 5289/5289 5300/5300
f 5283/5283 5296/5296 5285/5285
f 5276/5276 5279/5279 5294/5294
f 5277/5277 5292/5292 5293/5293
f 5274/5274 5300/5300 5286/5286
f 5286/5286 5284/5284 5274/5274
f 5288/5288 5290/5290 5301/5301
f 5312/5312 5260/5260 5287/5287
f 5283/5283 5276/5276 5299/5299
f 5287/5287 5261/5261 5295/5295
f 5300/5300 5284/5284 5286/5286
f 5270/5270 5302/5302 5279/5279
f 5290/5290 5255/5255 5301/5301
f 5289/5289 5297/5297 5300/5300
f 5279/5279 5302/5302 5294/5294
f 5276/5276 5298/5298 5299/5299
f 5283/5283 5299/5299 5296/5296
f 5296/5296 5299/5299 5356/5356
f 5287/5287 5295/5295 5313/5313
f 5276/5276 5294/5294 5298/5298
f 5293/5293 5303/5303 5289/5289
f 5284/5284 5306/5306 5275/5275
f 5298/5298 5294/5294 5299/5299
f 5294/5294 5302/5302 5307/5307
f 5297/5297 5289/5289 5303/5303
f 5255/5255 5291/5291 5301/5301
f 5307/5307 5299/5299 5294/5294
f 5303/5303 5300/5300 5297/5297
f 5301/5301 5291/5291 5312/5312
f 5305/5305 5284/5284 5300/5300
f 5305/5305 5306/5306 5284/5284
f 5307/5307 5310/5310 5299/5299
f 5293/5293 5327/5327 5303/5303
f 5288/5288 5301/5301 5308/5308
f 5301/5301 5312/5312 5308/5308
f 5299/5299 5310/5310 5325/5325
f 5299/5299 5325/5325 5356/5356
f 5293/5293 5292/5292 5327/5327
f 5311/5311 5304/5304 5288/5288
f 5305/5305 5300/5300 5303/5303
f 5313/5313 5295/5295 5309/5309
f 5288/5288 5308/5308 5311/5311
f 5292/5292 5304/5304 5319/5319
f 5311/5311 5319/5319 5304/5304
f 5334/5334 5333/5333 5356/5356
f 5308/5308 5312/5312 5317/5317
f 5313/5313 5309/5309 5335/5335
f 5335/5335 5309/5309 5314/5314
f 5315/5315 5316/5316 5302/5302
f 5310/5310 5332/5332 5325/5325
f 5292/5292 5319/5319 5337/5337
f 5327/5327 5292/5292 5337/5337
f 5303/5303 5320/5320 5305/5305
f 5333/5333 5334/5334 5349/5349
f 5356/5356 5325/5325 5334/5334
f 5314/5314 5309/5309 5326/5326
f 5311/5311 5308/5308 5342/5342
f 5275/5275 5306/5306 5339/5339
f 5275/5275 5339/5339 5321/5321
f 5316/5316 5329/5329 5302/5302
f 5302/5302 5329/5329 5307/5307
f 5307/5307 5330/5330 5318/5318
f 5332/5332 5310/5310 5307/5307
f 5312/5312 5344/5344 5317/5317
f 5270/5270 5321/5321 5302/5302
f 5275/5275 5321/5321 5270/5270
f 5307/5307 5347/5347 5331/5331
f 5331/5331 5332/5332 5307/5307
f 5349/5349 5334/5334 5325/5325
f 5333/5333 5340/5340 5356/5356
f 5336/5336 5327/5327 5350/5350
f 5319/5319 5311/5311 5342/5342
f 5303/5303 5327/5327 5336/5336
f 5305/5305 5352/5352 5306/5306
f 5308/5308 5317/5317 5344/5344
f 5352/5352 5328/5328 5306/5306
f 5306/5306 5328/5328 5338/5338
f 5353/5353 5287/5287 5313/5313
f 5307/5307 5329/5329 5322/5322
f 5322/5322 5330/5330 5307/5307
f 5346/5346 5313/5313 5348/5348
f 5307/5307 5318/5318 5347/5347
f 5313/5313 5335/5335 5348/5348
f 5349/5349 5340/5340 5333/5333
f 5325/5325 5332/5332 5349/5349
f 5335/5335 5314/5314 5326/5326
f 5327/5327 5337/5337 5350/5350
f 5319/5319 5342/5342 5337/5337
f 5303/5303 5341/5341 5323/5323
f 5303/5303 5323/5323 5351/5351
f 5342/5342 5308/5308 5343/5343
f 5303/5303 5351/5351 5320/5320
f 5343/5343 5308/5308 5344/5344
f 5320/5320 5352/5352 5305/5305
f 5344/5344 5312/5312 5353/5353
f 5312/5312 5287/5287 5353/5353
f 5324/5324 5313/5313 5354/5354
f 5355/5355 5313/5313 5345/5345
f 5341/5341 5303/5303 5336/5336
f 5306/5306 5338/5338 5339/5339
f 5302/5302 5321/5321 5315/5315
f 5353/5353 5313/5313 5324/5324
f 5313/5313 5355/5355 5354/5354
f 5345/5345 5313/5313 5346/5346
f 5371/5371 5358/5358 5360/5360
f 5367/5367 5366/5366 5361/5361
f 5367/5367 5361/5361 5364/5364
f 5361/5361 5359/5359 5364/5364
f 5360/5360 5362/5362 5371/5371
f 5357/5357 5358/5358 5363/5363
f 5359/5359 5357/5357 5365/5365
f 5364/5364 5359/5359 5365/5365
f 5365/5365 5357/5357 5363/5363
f 5358/5358 5371/5371 5363/5363
f 5366/5366 5367/5367 5398/5398
f 5363/5363 5371/5371 5369/5369
f 5369/5369 5371/5371 5373/5373
f 5370/5370 5364/5364 5365/5365
f 5365/5365 5363/5363 5369/5369
f 5370/5370 5365/5365 5369/5369
f 5368/5368 5367/5367 5364/5364
f 5372/5372 5364/5364 5370/5370
f 5364/5364 5372/5372 5368/5368
f 5372/5372 5367/5367 5368/5368
f 5369/5369 5373/5373 5376/5376
f 5372/5372 5370/5370 5377/5377
f 5371/5371 5362/5362 5375/5375
f 5373/5373 5371/5371 5375/5375
f 5367/5367 5374/5374 5398/5398
f 5367/5367 5372/5372 5374/5374
f 5376/5376 5373/5373 5375/5375
f 5378/5378 5377/5377 5370/5370
f 5370/5370 5369/5369 5378/5378
f 5376/5376 5375/5375 5380/5380
f 5372/5372 5377/5377 5374/5374
f 5378/5378 5369/5369 5379/5379
f 5382/5382 5375/5375 5362/5362
f 5377/5377 5378/5378 5374/5374
f 5379/5379 5369/5369 5376/5376
f 5376/5376 5380/5380 5389/5389
f 5380/5380 5375/5375 5382/5382
f 5378/5378 5379/5379 5381/5381
f 5376/5376 5389/5389 5379/5379
f 5378/5378 5383/5383 5374/5374
f 5381/5381 5379/5379 5385/5385
f 5379/5379 5389/5389 5385/5385
f 5383/5383 5378/5378 5381/5381
f 5382/5382 5362/5362 5384/5384
f 5374/5374 5383/5383 5393/5393
f 5382/5382 5384/5384 5380/5380
f 5399/5399 5389/5389 5380/5380
f 5380/5380 5387/5387 5399/5399
f 5398/5398 5374/5374 5411/5411
f 5383/5383 5381/5381 5390/5390
f 5374/5374 5393/5393 5392/5392
f 5380/5380 5384/5384 5388/5388
f 5387/5387 5380/5380 5388/5388
f 5389/5389 5386/5386 5396/5396
f 5393/5393 5383/5383 5390/5390
f 5385/5385 5389/5389 5396/5396
f 5399/5399 5395/5395 5389/5389
f 5387/5387 5388/5388 5391/5391
f 5387/5387 5391/5391 5399/5399
f 5393/5393 5390/5390 5381/5381
f 5404/5404 5381/5381 5396/5396
f 5386/5386 5389/5389 5395/5395
f 5381/5381 5385/5385 5396/5396
f 5393/5393 5381/5381 5394/5394
f 5397/5397 5381/5381 5404/5404
f 5396/5396 5386/5386 5395/5395
f 5394/5394 5381/5381 5397/5397
f 5394/5394 5397/5397 5393/5393
f 5411/5411 5392/5392 5393/5393
f 5393/5393 5397/5397 5413/5413
f 5396/5396 5410/5410 5404/5404
f 5398/5398 5411/5411 5406/5406
f 5411/5411 5393/5393 5413/5413
f 5374/5374 5392/5392 5411/5411
f 5395/5395 5399/5399 5391/5391
f 5395/5395 5402/5402 5400/5400
f 5401/5401 5395/5395 5391/5391
f 5395/5395 5400/5400 5396/5396
f 5395/5395 5401/5401 5403/5403
f 5402/5402 5395/5395 5403/5403
f 5404/5404 5405/5405 5397/5397
f 5404/5404 5410/5410 5405/5405
f 5397/5397 5405/5405 5413/5413
f 5406/5406 5411/5411 5469/5469
f 5410/5410 5396/5396 5400/5400
f 5410/5410 5408/5408 5407/5407
f 5410/5410 5400/5400 5408/5408
f 5409/5409 5413/5413 5405/5405
f 5418/5418 5410/5410 5407/5407
f 5409/5409 5405/5405 5412/5412
f 5469/5469 5411/5411 5414/5414
f 5412/5412 5405/5405 5416/5416
f 5418/5418 5405/5405 5410/5410
f 5412/5412 5420/5420 5409/5409
f 5418/5418 5416/5416 5405/5405
f 5420/5420 5415/5415 5409/5409
f 5412/5412 5422/5422 5420/5420
f 5412/5412 5418/5418 5422/5422
f 5412/5412 5416/5416 5418/5418
f 5423/5423 5417/5417 5419/5419
f 5423/5423 5421/5421 5417/5417
f 5418/5418 5407/5407 5424/5424
f 5443/5443 5420/5420 5425/5425
f 5422/5422 5425/5425 5420/5420
f 5417/5417 5431/5431 5419/5419
f 5442/5442 5414/5414 5411/5411
f 5422/5422 5418/5418 5446/5446
f 5448/5448 5418/5418 5429/5429
f 5418/5418 5424/5424 5429/5429
f 5417/5417 5421/5421 5431/5431
f 5418/5418 5426/5426 5446/5446
f 5432/5432 5423/5423 5419/5419
f 5427/5427 5443/5443 5425/5425
f 5421/5421 5423/5423 5428/5428
f 5411/5411 5413/5413 5442/5442
f 5415/5415 5413/5413 5409/5409
f 5443/5443 5433/5433 5420/5420
f 5430/5430 5429/5429 5424/5424
f 5429/5429 5430/5430 5448/5448
f 5426/5426 5418/5418 5448/5448
f 5452/5452 5432/5432 5419/5419
f 5421/5421 5428/5428 5431/5431
f 5431/5431 5437/5437 5419/5419
f 5452/5452 5419/5419 5439/5439
f 5448/5448 5430/5430 5434/5434
f 5436/5436 5423/5423 5441/5441
f 5431/5431 5428/5428 5435/5435
f 5448/5448 5446/5446 5426/5426
f 5437/5437 5456/5456 5419/5419
f 5442/5442 5413/5413 5415/5415
f 5423/5423 5435/5435 5428/5428
f 5427/5427 5440/5440 5443/5443
f 5435/5435 5438/5438 5431/5431
f 5436/5436 5435/5435 5423/5423
f 5432/5432 5460/5460 5423/5423
f 5419/5419 5456/5456 5439/5439
f 5431/5431 5438/5438 5437/5437
f 5423/5423 5460/5460 5441/5441
f 5448/5448 5434/5434 5445/5445
f 5446/5446 5448/5448 5451/5451
f 5432/5432 5452/5452 5460/5460
f 5448/5448 5444/5444 5451/5451
f 5436/5436 5438/5438 5435/5435
f 5438/5438 5456/5456 5437/5437
f 5443/5443 5478/5478 5433/5433
f 5414/5414 5463/5463 5469/5469
f 5440/5440 5478/5478 5443/5443
f 5448/5448 5445/5445 5447/5447
f 5439/5439 5468/5468 5455/5455
f 5433/5433 5415/5415 5420/5420
f 5448/5448 5450/5450 5444/5444
f 5450/5450 5448/5448 5449/5449
f 5449/5449 5448/5448 5447/5447
f 5415/5415 5461/5461 5442/5442
f 5452/5452 5439/5439 5504/5504
f 5439/5439 5456/5456 5468/5468
f 5438/5438 5466/5466 5456/5456
f 5451/5451 5444/5444 5450/5450
f 5442/5442 5463/5463 5414/5414
f 5436/5436 5441/5441 5438/5438
f 5504/5504 5439/5439 5455/5455
f 5453/5453 5454/5454 5457/5457
f 5497/5497 5460/5460 5452/5452
f 5453/5453 5457/5457 5458/5458
f 5441/5441 5470/5470 5438/5438
f 5467/5467 5442/5442 5471/5471
f 5458/5458 5457/5457 5454/5454
f 5442/5442 5461/5461 5471/5471
f 5463/5463 5442/5442 5467/5467
f 5497/5497 5452/5452 5506/5506
f 5506/5506 5452/5452 5504/5504
f 5438/5438 5470/5470 5466/5466
f 5471/5471 5461/5461 5459/5459
f 5461/5461 5415/5415 5462/5462
f 5415/5415 5476/5476 5462/5462
f 5486/5486 5482/5482 5455/5455
f 5464/5464 5463/5463 5467/5467
f 5461/5461 5462/5462 5459/5459
f 5464/5464 5467/5467 5465/5465
f 5462/5462 5476/5476 5477/5477
f 5467/5467 5479/5479 5465/5465
f 5479/5479 5467/5467 5475/5475
f 5475/5475 5467/5467 5488/5488
f 5469/5469 5463/5463 5473/5473
f 5477/5477 5459/5459 5462/5462
f 5467/5467 5471/5471 5488/5488
f 5464/5464 5465/5465 5463/5463
f 5504/5504 5455/5455 5482/5482
f 5415/5415 5433/5433 5476/5476
f 5440/5440 5474/5474 5478/5478
f 5463/5463 5498/5498 5472/5472
f 5472/5472 5473/5473 5463/5463
f 5463/5463 5465/5465 5498/5498
f 5495/5495 5478/5478 5474/5474
f 5441/5441 5526/5526 5470/5470
f 5471/5471 5493/5493 5488/5488
f 5484/5484 5433/5433 5478/5478
f 5459/5459 5480/5480 5471/5471
f 5477/5477 5487/5487 5459/5459
f 5477/5477 5476/5476 5483/5483
f 5466/5466 5490/5490 5515/5515
f 5479/5479 5475/5475 5508/5508
f 5471/5471 5480/5480 5493/5493
f 5459/5459 5487/5487 5480/5480
f 5433/5433 5481/5481 5476/5476
f 5476/5476 5481/5481 5483/5483
f 5498/5498 5465/5465 5479/5479
f 5483/5483 5485/5485 5477/5477
f 5483/5483 5481/5481 5433/5433
f 5433/5433 5484/5484 5483/5483
f 5478/5478 5495/5495 5484/5484
f 5495/5495 5485/5485 5484/5484
f 5508/5508 5475/5475 5488/5488
f 5484/5484 5485/5485 5483/5483
f 5470/5470 5526/5526 5466/5466
f 5455/5455 5468/5468 5486/5486
f 5477/5477 5480/5480 5487/5487
f 5501/5501 5492/5492 5488/5488
f 5501/5501 5488/5488 5519/5519
f 5538/5538 5497/5497 5506/5506
f 5477/5477 5485/5485 5480/5480
f 5479/5479 5508/5508 5507/5507
f 5488/5488 5496/5496 5519/5519
f 5488/5488 5493/5493 5496/5496
f 5474/5474 5491/5491 5495/5495
f 5489/5489 5482/5482 5486/5486
f 5466/5466 5505/5505 5456/5456
f 5508/5508 5488/5488 5492/5492
f 5466/5466 5526/5526 5490/5490
f 5456/5456 5505/5505 5468/5468
f 5498/5498 5479/5479 5507/5507
f 5495/5495 5491/5491 5502/5502
f 5538/5538 5506/5506 5504/5504
f 5508/5508 5492/5492 5501/5501
f 5486/5486 5468/5468 5489/5489
f 5493/5493 5513/5513 5496/5496
f 5519/5519 5496/5496 5551/5551
f 5498/5498 5507/5507 5525/5525
f 5493/5493 5480/5480 5503/5503
f 5485/5485 5510/5510 5480/5480
f 5538/5538 5504/5504 5512/5512
f 5514/5514 5503/5503 5480/5480
f 5489/5489 5500/5500 5482/5482
f 5551/5551 5496/5496 5509/5509
f 5460/5460 5516/5516 5441/5441
f 5460/5460 5497/5497 5523/5523
f 5494/5494 5482/5482 5500/5500
f 5501/5501 5507/5507 5508/5508
f 5507/5507 5511/5511 5525/5525
f 5495/5495 5502/5502 5499/5499
f 5515/5515 5620/5620 5466/5466
f 5514/5514 5480/5480 5517/5517
f 5526/5526 5515/5515 5490/5490
f 5489/5489 5468/5468 5543/5543
f 5496/5496 5527/5527 5509/5509
f 5496/5496 5544/5544 5527/5527
f 5505/5505 5543/5543 5468/5468
f 5482/5482 5494/5494 5504/5504
f 5496/5496 5513/5513 5544/5544
f 5499/5499 5522/5522 5495/5495
f 5514/5514 5517/5517 5524/5524
f 5510/5510 5517/5517 5480/5480
f 5548/5548 5529/5529 5502/5502
f 5502/5502 5522/5522 5499/5499
f 5514/5514 5524/5524 5503/5503
f 5501/5501 5519/5519 5545/5545
f 5502/5502 5491/5491 5548/5548
f 5529/5529 5522/5522 5502/5502
f 5495/5495 5521/5521 5485/5485
f 5497/5497 5538/5538 5547/5547
f 5510/5510 5485/5485 5521/5521
f 5518/5518 5519/5519 5551/5551
f 5495/5495 5522/5522 5521/5521
f 5517/5517 5521/5521 5520/5520
f 5517/5517 5520/5520 5524/5524
f 5510/5510 5521/5521 5517/5517
f 5546/5546 5504/5504 5494/5494
f 5507/5507 5501/5501 5511/5511
f 5512/5512 5504/5504 5546/5546
f 5521/5521 5534/5534 5520/5520
f 5522/5522 5534/5534 5521/5521
f 5489/5489 5543/5543 5615/5615
f 5605/5605 5512/5512 5546/5546
f 5460/5460 5523/5523 5516/5516
f 5466/5466 5620/5620 5505/5505
f 5494/5494 5500/5500 5531/5531
f 5520/5520 5534/5534 5524/5524
f 5615/5615 5500/5500 5489/5489
f 5513/5513 5493/5493 5554/5554
f 5501/5501 5545/5545 5537/5537
f 5511/5511 5528/5528 5525/5525
f 5494/5494 5532/5532 5546/5546
f 5501/5501 5537/5537 5528/5528
f 5501/5501 5528/5528 5511/5511
f 5509/5509 5527/5527 5551/5551
f 5493/5493 5503/5503 5554/5554
f 5519/5519 5518/5518 5545/5545
f 5551/5551 5527/5527 5541/5541
f 5526/5526 5536/5536 5515/5515
f 5523/5523 5497/5497 5533/5533
f 5522/5522 5529/5529 5534/5534
f 5491/5491 5535/5535 5548/5548
f 5534/5534 5542/5542 5524/5524
f 5548/5548 5535/5535 5539/5539
f 5545/5545 5540/5540 5537/5537
f 5554/5554 5503/5503 5524/5524
f 5557/5557 5518/5518 5551/5551
f 5527/5527 5544/5544 5530/5530
f 5441/5441 5516/5516 5526/5526
f 5540/5540 5545/5545 5579/5579
f 5494/5494 5531/5531 5532/5532
f 5541/5541 5527/5527 5552/5552
f 5533/5533 5497/5497 5547/5547
f 5535/5535 5583/5583 5539/5539
f 5557/5557 5551/5551 5549/5549
f 5539/5539 5583/5583 5548/5548
f 5542/5542 5554/5554 5524/5524
f 5552/5552 5527/5527 5530/5530
f 5529/5529 5548/5548 5534/5534
f 5620/5620 5515/5515 5536/5536
f 5563/5563 5548/5548 5583/5583
f 5544/5544 5513/5513 5553/5553
f 5500/5500 5615/5615 5532/5532
f 5545/5545 5518/5518 5550/5550
f 5534/5534 5548/5548 5542/5542
f 5552/5552 5555/5555 5541/5541
f 5542/5542 5561/5561 5554/5554
f 5553/5553 5513/5513 5554/5554
f 5541/5541 5555/5555 5560/5560
f 5551/5551 5541/5541 5560/5560
f 5553/5553 5530/5530 5544/5544
f 5550/5550 5518/5518 5557/5557
f 5530/5530 5582/5582 5552/5552
f 5526/5526 5566/5566 5536/5536
f 5535/5535 5558/5558 5583/5583
f 5579/5579 5545/5545 5550/5550
f 5548/5548 5563/5563 5542/5542
f 5549/5549 5551/5551 5568/5568
f 5580/5580 5556/5556 5553/5553
f 5551/5551 5567/5567 5568/5568
f 5533/5533 5574/5574 5523/5523
f 5551/5551 5560/5560 5567/5567
f 5542/5542 5564/5564 5561/5561
f 5556/5556 5530/5530 5553/5553
f 5561/5561 5553/5553 5554/5554
f 5563/5563 5591/5591 5571/5571
f 5563/5563 5569/5569 5565/5565
f 5565/5565 5553/5553 5564/5564
f 5565/5565 5569/5569 5553/5553
f 5564/5564 5553/5553 5561/5561
f 5557/5557 5549/5549 5588/5588
f 5542/5542 5563/5563 5564/5564
f 5565/5565 5564/5564 5563/5563
f 5563/5563 5571/5571 5569/5569
f 5553/5553 5569/5569 5571/5571
f 5500/5500 5532/5532 5531/5531
f 5571/5571 5580/5580 5553/5553
f 5562/5562 5575/5575 5568/5568
f 5568/5568 5567/5567 5559/5559
f 5550/5550 5557/5557 5579/5579
f 5576/5576 5549/5549 5568/5568
f 5556/5556 5582/5582 5530/5530
f 5559/5559 5574/5574 5533/5533
f 5516/5516 5566/5566 5526/5526
f 5575/5575 5562/5562 5573/5573
f 5547/5547 5538/5538 5533/5533
f 5574/5574 5593/5593 5523/5523
f 5576/5576 5568/5568 5575/5575
f 5582/5582 5555/5555 5552/5552
f 5557/5557 5588/5588 5578/5578
f 5559/5559 5570/5570 5574/5574
f 5559/5559 5567/5567 5570/5570
f 5559/5559 5533/5533 5584/5584
f 5562/5562 5568/5568 5559/5559
f 5588/5588 5549/5549 5576/5576
f 5579/5579 5557/5557 5577/5577
f 5578/5578 5577/5577 5557/5557
f 5579/5579 5577/5577 5603/5603
f 5582/5582 5572/5572 5555/5555
f 5575/5575 5588/5588 5576/5576
f 5605/5605 5546/5546 5599/5599
f 5555/5555 5600/5600 5560/5560
f 5533/5533 5538/5538 5635/5635
f 5570/5570 5597/5597 5574/5574
f 5555/5555 5572/5572 5585/5585
f 5580/5580 5581/5581 5556/5556
f 5590/5590 5575/5575 5573/5573
f 5581/5581 5572/5572 5582/5582
f 5600/5600 5597/5597 5570/5570
f 5571/5571 5592/5592 5580/5580
f 5567/5567 5560/5560 5570/5570
f 5591/5591 5592/5592 5571/5571
f 5584/5584 5533/5533 5604/5604
f 5523/5523 5601/5601 5516/5516
f 5556/5556 5581/5581 5582/5582
f 5562/5562 5559/5559 5584/5584
f 5583/5583 5591/5591 5563/5563
f 5575/5575 5602/5602 5588/5588
f 5533/5533 5595/5595 5604/5604
f 5577/5577 5578/5578 5588/5588
f 5583/5583 5558/5558 5589/5589
f 5591/5591 5583/5583 5589/5589
f 5570/5570 5560/5560 5600/5600
f 5580/5580 5586/5586 5581/5581
f 5536/5536 5587/5587 5620/5620
f 5592/5592 5586/5586 5580/5580
f 5589/5589 5581/5581 5592/5592
f 5591/5591 5589/5589 5592/5592
f 5592/5592 5581/5581 5586/5586
f 5516/5516 5601/5601 5566/5566
f 5533/5533 5635/5635 5595/5595
f 5572/5572 5581/5581 5585/5585
f 5555/5555 5585/5585 5600/5600
f 5566/5566 5587/5587 5536/5536
f 5589/5589 5594/5594 5581/5581
f 5566/5566 5601/5601 5587/5587
f 5558/5558 5596/5596 5589/5589
f 5620/5620 5543/5543 5505/5505
f 5574/5574 5597/5597 5593/5593
f 5577/5577 5598/5598 5603/5603
f 5512/5512 5605/5605 5538/5538
f 5577/5577 5588/5588 5598/5598
f 5594/5594 5624/5624 5581/5581
f 5624/5624 5585/5585 5581/5581
f 5596/5596 5594/5594 5589/5589
f 5562/5562 5584/5584 5613/5613
f 5598/5598 5638/5638 5603/5603
f 5532/5532 5656/5656 5546/5546
f 5600/5600 5585/5585 5624/5624
f 5575/5575 5609/5609 5602/5602
f 5538/5538 5605/5605 5648/5648
f 5573/5573 5562/5562 5613/5613
f 5635/5635 5538/5538 5608/5608
f 5593/5593 5601/5601 5523/5523
f 5590/5590 5616/5616 5575/5575
f 5584/5584 5604/5604 5617/5617
f 5657/5657 5620/5620 5587/5587
f 5615/5615 5543/5543 5627/5627
f 5613/5613 5584/5584 5617/5617
f 5604/5604 5646/5646 5617/5617
f 5595/5595 5635/5635 5647/5647
f 5600/5600 5623/5623 5597/5597
f 5587/5587 5601/5601 5640/5640
f 5621/5621 5611/5611 5532/5532
f 5609/5609 5575/5575 5616/5616
f 5604/5604 5595/5595 5618/5618
f 5602/5602 5634/5634 5622/5622
f 5605/5605 5610/5610 5606/5606
f 5599/5599 5546/5546 5610/5610
f 5590/5590 5573/5573 5630/5630
f 5632/5632 5590/5590 5629/5629
f 5633/5633 5635/5635 5636/5636
f 5588/5588 5602/5602 5622/5622
f 5605/5605 5599/5599 5610/5610
f 5624/5624 5594/5594 5652/5652
f 5593/5593 5653/5653 5601/5601
f 5623/5623 5626/5626 5597/5597
f 5610/5610 5546/5546 5641/5641
f 5656/5656 5641/5641 5546/5546
f 5628/5628 5627/5627 5543/5543
f 5625/5625 5644/5644 5620/5620
f 5620/5620 5644/5644 5543/5543
f 5532/5532 5627/5627 5621/5621
f 5615/5615 5627/5627 5532/5532
f 5629/5629 5590/5590 5631/5631
f 5630/5630 5573/5573 5613/5613
f 5590/5590 5645/5645 5616/5616
f 5590/5590 5632/5632 5645/5645
f 5604/5604 5618/5618 5646/5646
f 5635/5635 5633/5633 5647/5647
f 5618/5618 5595/5595 5647/5647
f 5635/5635 5608/5608 5636/5636
f 5648/5648 5605/5605 5606/5606
f 5588/5588 5649/5649 5598/5598
f 5598/5598 5659/5659 5638/5638
f 5597/5597 5619/5619 5593/5593
f 5594/5594 5596/5596 5652/5652
f 5593/5593 5654/5654 5653/5653
f 5593/5593 5619/5619 5654/5654
f 5624/5624 5652/5652 5600/5600
f 5601/5601 5653/5653 5607/5607
f 5600/5600 5639/5639 5623/5623
f 5597/5597 5614/5614 5619/5619
f 5600/5600 5651/5651 5639/5639
f 5643/5643 5642/5642 5620/5620
f 5642/5642 5625/5625 5620/5620
f 5640/5640 5655/5655 5587/5587
f 5543/5543 5644/5644 5628/5628
f 5611/5611 5656/5656 5532/5532
f 5631/5631 5590/5590 5630/5630
f 5602/5602 5658/5658 5634/5634
f 5588/5588 5622/5622 5649/5649
f 5598/5598 5649/5649 5650/5650
f 5598/5598 5650/5650 5637/5637
f 5598/5598 5637/5637 5659/5659
f 5614/5614 5597/5597 5626/5626
f 5652/5652 5651/5651 5600/5600
f 5607/5607 5640/5640 5601/5601
f 5620/5620 5612/5612 5643/5643
f 5587/5587 5655/5655 5657/5657
f 5620/5620 5657/5657 5612/5612
f 5609/5609 5658/5658 5602/5602
f 5608/5608 5538/5538 5648/5648
f 5662/5662 5663/5663 5682/5682
f 5676/5676 5667/5667 5664/5664
f 5668/5668 5666/5666 5662/5662
f 5662/5662 5682/5682 5668/5668
f 5666/5666 5676/5676 5664/5664
f 5667/5667 5676/5676 5673/5673
f 5667/5667 5674/5674 5669/5669
f 5666/5666 5668/5668 5676/5676
f 5667/5667 5673/5673 5674/5674
f 5665/5665 5660/5660 5681/5681
f 5660/5660 5661/5661 5671/5671
f 5710/5710 5669/5669 5670/5670
f 5665/5665 5692/5692 5684/5684
f 5680/5680 5665/5665 5672/5672
f 5672/5672 5665/5665 5715/5715
f 5715/5715 5665/5665 5681/5681
f 5660/5660 5718/5718 5681/5681
f 5665/5665 5680/5680 5692/5692
f 5661/5661 5669/5669 5710/5710
f 5718/5718 5660/5660 5671/5671
f 5661/5661 5710/5710 5671/5671
f 5674/5674 5678/5678 5669/5669
f 5669/5669 5678/5678 5670/5670
f 5668/5668 5675/5675 5676/5676
f 5676/5676 5693/5693 5677/5677
f 5676/5676 5677/5677 5673/5673
f 5694/5694 5674/5674 5673/5673
f 5682/5682 5690/5690 5668/5668
f 5668/5668 5679/5679 5675/5675
f 5675/5675 5679/5679 5676/5676
f 5693/5693 5673/5673 5677/5677
f 5693/5693 5694/5694 5673/5673
f 5674/5674 5683/5683 5678/5678
f 5668/5668 5685/5685 5679/5679
f 5679/5679 5693/5693 5676/5676
f 5683/5683 5686/5686 5678/5678
f 5690/5690 5697/5697 5668/5668
f 5692/5692 5711/5711 5684/5684
f 5674/5674 5689/5689 5683/5683
f 5694/5694 5689/5689 5674/5674
f 5686/5686 5670/5670 5678/5678
f 5668/5668 5697/5697 5685/5685
f 5689/5689 5687/5687 5683/5683
f 5710/5710 5670/5670 5688/5688
f 5687/5687 5686/5686 5683/5683
f 5679/5679 5704/5704 5693/5693
f 5704/5704 5679/5679 5685/5685
f 5680/5680 5672/5672 5760/5760
f 5681/5681 5718/5718 5723/5723
f 5689/5689 5694/5694 5687/5687
f 5688/5688 5670/5670 5686/5686
f 5682/5682 5696/5696 5690/5690
f 5671/5671 5710/5710 5698/5698
f 5681/5681 5691/5691 5715/5715
f 5682/5682 5663/5663 5696/5696
f 5693/5693 5734/5734 5694/5694
f 5695/5695 5687/5687 5694/5694
f 5703/5703 5698/5698 5710/5710
f 5707/5707 5688/5688 5686/5686
f 5687/5687 5695/5695 5686/5686
f 5707/5707 5710/5710 5688/5688
f 5696/5696 5663/5663 5699/5699
f 5718/5718 5671/5671 5701/5701
f 5702/5702 5694/5694 5700/5700
f 5686/5686 5702/5702 5707/5707
f 5702/5702 5686/5686 5695/5695
f 5694/5694 5702/5702 5695/5695
f 5700/5700 5694/5694 5713/5713
f 5707/5707 5702/5702 5700/5700
f 5681/5681 5723/5723 5737/5737
f 5708/5708 5697/5697 5690/5690
f 5697/5697 5706/5706 5685/5685
f 5715/5715 5691/5691 5735/5735
f 5711/5711 5692/5692 5705/5705
f 5697/5697 5708/5708 5706/5706
f 5671/5671 5698/5698 5725/5725
f 5685/5685 5706/5706 5709/5709
f 5735/5735 5691/5691 5681/5681
f 5700/5700 5710/5710 5707/5707
f 5690/5690 5696/5696 5716/5716
f 5708/5708 5690/5690 5716/5716
f 5700/5700 5712/5712 5710/5710
f 5709/5709 5726/5726 5685/5685
f 5711/5711 5705/5705 5769/5769
f 5735/5735 5681/5681 5737/5737
f 5705/5705 5692/5692 5769/5769
f 5709/5709 5706/5706 5708/5708
f 5700/5700 5736/5736 5712/5712
f 5693/5693 5704/5704 5714/5714
f 5712/5712 5736/5736 5710/5710
f 5710/5710 5736/5736 5703/5703
f 5671/5671 5725/5725 5701/5701
f 5703/5703 5725/5725 5698/5698
f 5700/5700 5713/5713 5736/5736
f 5726/5726 5704/5704 5685/5685
f 5694/5694 5729/5729 5713/5713
f 5733/5733 5723/5723 5718/5718
f 5721/5721 5725/5725 5703/5703
f 5694/5694 5734/5734 5729/5729
f 5719/5719 5739/5739 5708/5708
f 5708/5708 5716/5716 5719/5719
f 5708/5708 5720/5720 5709/5709
f 5721/5721 5703/5703 5736/5736
f 5704/5704 5738/5738 5714/5714
f 5708/5708 5739/5739 5720/5720
f 5696/5696 5717/5717 5716/5716
f 5721/5721 5736/5736 5725/5725
f 5733/5733 5737/5737 5723/5723
f 5726/5726 5709/5709 5728/5728
f 5730/5730 5704/5704 5726/5726
f 5725/5725 5718/5718 5701/5701
f 5699/5699 5727/5727 5696/5696
f 5726/5726 5740/5740 5730/5730
f 5717/5717 5719/5719 5716/5716
f 5714/5714 5732/5732 5693/5693
f 5680/5680 5745/5745 5692/5692
f 5733/5733 5718/5718 5725/5725
f 5727/5727 5782/5782 5696/5696
f 5725/5725 5753/5753 5733/5733
f 5713/5713 5724/5724 5736/5736
f 5731/5731 5737/5737 5733/5733
f 5725/5725 5743/5743 5753/5753
f 5730/5730 5738/5738 5704/5704
f 5760/5760 5715/5715 5757/5757
f 5748/5748 5715/5715 5735/5735
f 5760/5760 5672/5672 5715/5715
f 5737/5737 5752/5752 5748/5748
f 5725/5725 5736/5736 5743/5743
f 5713/5713 5722/5722 5724/5724
f 5722/5722 5713/5713 5729/5729
f 5732/5732 5734/5734 5693/5693
f 5769/5769 5692/5692 5745/5745
f 5735/5735 5737/5737 5748/5748
f 5733/5733 5753/5753 5772/5772
f 5734/5734 5722/5722 5729/5729
f 5720/5720 5728/5728 5709/5709
f 5740/5740 5726/5726 5744/5744
f 5742/5742 5737/5737 5731/5731
f 5737/5737 5742/5742 5752/5752
f 5719/5719 5717/5717 5739/5739
f 5756/5756 5722/5722 5734/5734
f 5740/5740 5744/5744 5766/5766
f 5680/5680 5760/5760 5774/5774
f 5752/5752 5742/5742 5731/5731
f 5741/5741 5746/5746 5739/5739
f 5733/5733 5772/5772 5731/5731
f 5722/5722 5762/5762 5751/5751
f 5720/5720 5739/5739 5728/5728
f 5745/5745 5680/5680 5774/5774
f 5722/5722 5751/5751 5724/5724
f 5722/5722 5756/5756 5762/5762
f 5696/5696 5782/5782 5717/5717
f 5743/5743 5736/5736 5753/5753
f 5752/5752 5731/5731 5772/5772
f 5739/5739 5746/5746 5728/5728
f 5741/5741 5739/5739 5746/5746
f 5740/5740 5738/5738 5730/5730
f 5757/5757 5715/5715 5768/5768
f 5768/5768 5715/5715 5749/5749
f 5759/5759 5715/5715 5748/5748
f 5732/5732 5714/5714 5747/5747
f 5762/5762 5761/5761 5751/5751
f 5747/5747 5734/5734 5732/5732
f 5754/5754 5738/5738 5740/5740
f 5738/5738 5747/5747 5714/5714
f 5749/5749 5715/5715 5759/5759
f 5740/5740 5766/5766 5754/5754
f 5752/5752 5758/5758 5748/5748
f 5755/5755 5772/5772 5753/5753
f 5739/5739 5717/5717 5765/5765
f 5750/5750 5765/5765 5717/5717
f 5765/5765 5746/5746 5739/5739
f 5751/5751 5761/5761 5724/5724
f 5758/5758 5759/5759 5748/5748
f 5736/5736 5724/5724 5753/5753
f 5747/5747 5756/5756 5734/5734
f 5754/5754 5763/5763 5738/5738
f 5738/5738 5763/5763 5747/5747
f 5752/5752 5772/5772 5758/5758
f 5728/5728 5744/5744 5726/5726
f 5760/5760 5757/5757 5768/5768
f 5755/5755 5753/5753 5724/5724
f 5747/5747 5777/5777 5756/5756
f 5767/5767 5774/5774 5760/5760
f 5776/5776 5783/5783 5766/5766
f 5766/5766 5744/5744 5765/5765
f 5746/5746 5765/5765 5728/5728
f 5749/5749 5759/5759 5758/5758
f 5717/5717 5776/5776 5750/5750
f 5763/5763 5777/5777 5747/5747
f 5754/5754 5766/5766 5763/5763
f 5761/5761 5764/5764 5724/5724
f 5777/5777 5762/5762 5756/5756
f 5768/5768 5749/5749 5758/5758
f 5776/5776 5765/5765 5750/5750
f 5766/5766 5783/5783 5763/5763
f 5761/5761 5755/5755 5764/5764
f 5755/5755 5724/5724 5764/5764
f 5767/5767 5760/5760 5768/5768
f 5770/5770 5768/5768 5758/5758
f 5761/5761 5775/5775 5755/5755
f 5776/5776 5766/5766 5765/5765
f 5865/5865 5769/5769 5745/5745
f 5770/5770 5767/5767 5768/5768
f 5782/5782 5791/5791 5717/5717
f 5762/5762 5778/5778 5761/5761
f 5765/5765 5744/5744 5728/5728
f 5777/5777 5771/5771 5762/5762
f 5767/5767 5770/5770 5826/5826
f 5789/5789 5777/5777 5763/5763
f 5826/5826 5770/5770 5758/5758
f 5758/5758 5772/5772 5807/5807
f 5727/5727 5773/5773 5782/5782
f 5771/5771 5779/5779 5762/5762
f 5789/5789 5795/5795 5777/5777
f 5783/5783 5789/5789 5763/5763
f 5771/5771 5777/5777 5779/5779
f 5761/5761 5778/5778 5775/5775
f 5775/5775 5786/5786 5755/5755
f 5758/5758 5807/5807 5826/5826
f 5777/5777 5803/5803 5779/5779
f 5745/5745 5774/5774 5800/5800
f 5865/5865 5745/5745 5834/5834
f 5786/5786 5780/5780 5755/5755
f 5791/5791 5782/5782 5773/5773
f 5780/5780 5772/5772 5755/5755
f 5777/5777 5795/5795 5781/5781
f 5745/5745 5800/5800 5834/5834
f 5775/5775 5790/5790 5786/5786
f 5790/5790 5775/5775 5778/5778
f 5792/5792 5788/5788 5790/5790
f 5762/5762 5779/5779 5778/5778
f 5786/5786 5790/5790 5788/5788
f 5779/5779 5803/5803 5778/5778
f 5807/5807 5772/5772 5785/5785
f 5772/5772 5780/5780 5784/5784
f 5787/5787 5797/5797 5773/5773
f 5776/5776 5793/5793 5783/5783
f 5784/5784 5780/5780 5786/5786
f 5778/5778 5803/5803 5788/5788
f 5783/5783 5793/5793 5818/5818
f 5777/5777 5781/5781 5803/5803
f 5788/5788 5792/5792 5778/5778
f 5790/5790 5778/5778 5792/5792
f 5767/5767 5826/5826 5774/5774
f 5789/5789 5818/5818 5795/5795
f 5786/5786 5794/5794 5784/5784
f 5788/5788 5794/5794 5786/5786
f 5805/5805 5788/5788 5803/5803
f 5785/5785 5772/5772 5784/5784
f 5717/5717 5791/5791 5776/5776
f 5776/5776 5798/5798 5793/5793
f 5865/5865 5834/5834 5812/5812
f 5802/5802 5776/5776 5791/5791
f 5788/5788 5816/5816 5794/5794
f 5808/5808 5791/5791 5773/5773
f 5816/5816 5788/5788 5805/5805
f 5797/5797 5787/5787 5799/5799
f 5776/5776 5801/5801 5798/5798
f 5825/5825 5796/5796 5797/5797
f 5797/5797 5808/5808 5773/5773
f 5789/5789 5783/5783 5818/5818
f 5785/5785 5784/5784 5804/5804
f 5802/5802 5811/5811 5776/5776
f 5808/5808 5802/5802 5791/5791
f 5781/5781 5805/5805 5803/5803
f 5811/5811 5801/5801 5776/5776
f 5784/5784 5794/5794 5804/5804
f 5837/5837 5774/5774 5826/5826
f 5797/5797 5799/5799 5825/5825
f 5865/5865 5812/5812 5891/5891
f 5827/5827 5826/5826 5807/5807
f 5809/5809 5820/5820 5808/5808
f 5802/5802 5808/5808 5810/5810
f 5795/5795 5818/5818 5781/5781
f 5774/5774 5837/5837 5835/5835
f 5796/5796 5808/5808 5797/5797
f 5785/5785 5827/5827 5807/5807
f 5793/5793 5798/5798 5852/5852
f 5811/5811 5802/5802 5801/5801
f 5785/5785 5804/5804 5816/5816
f 5816/5816 5804/5804 5794/5794
f 5834/5834 5800/5800 5867/5867
f 5774/5774 5835/5835 5800/5800
f 5809/5809 5806/5806 5820/5820
f 5785/5785 5836/5836 5815/5815
f 5815/5815 5827/5827 5785/5785
f 5802/5802 5817/5817 5801/5801
f 5781/5781 5821/5821 5805/5805
f 5814/5814 5813/5813 5806/5806
f 5796/5796 5862/5862 5808/5808
f 5808/5808 5806/5806 5819/5819
f 5793/5793 5854/5854 5818/5818
f 5821/5821 5781/5781 5848/5848
f 5781/5781 5818/5818 5848/5848
f 5806/5806 5813/5813 5842/5842
f 5808/5808 5819/5819 5809/5809
f 5801/5801 5817/5817 5798/5798
f 5793/5793 5830/5830 5854/5854
f 5793/5793 5852/5852 5830/5830
f 5806/5806 5842/5842 5820/5820
f 5822/5822 5843/5843 5828/5828
f 5820/5820 5829/5829 5808/5808
f 5843/5843 5824/5824 5817/5817
f 5832/5832 5820/5820 5828/5828
f 5832/5832 5810/5810 5820/5820
f 5817/5817 5802/5802 5832/5832
f 5832/5832 5802/5802 5810/5810
f 5843/5843 5817/5817 5828/5828
f 5822/5822 5828/5828 5820/5820
f 5829/5829 5810/5810 5808/5808
f 5800/5800 5835/5835 5867/5867
f 5823/5823 5822/5822 5842/5842
f 5817/5817 5832/5832 5828/5828
f 5798/5798 5817/5817 5852/5852
f 5821/5821 5833/5833 5805/5805
f 5826/5826 5840/5840 5837/5837
f 5826/5826 5888/5888 5840/5840
f 5862/5862 5845/5845 5808/5808
f 5822/5822 5874/5874 5843/5843
f 5829/5829 5820/5820 5810/5810
f 5825/5825 5799/5799 5839/5839
f 5814/5814 5806/5806 5844/5844
f 5842/5842 5822/5822 5820/5820
f 5819/5819 5806/5806 5809/5809
f 5815/5815 5836/5836 5827/5827
f 5846/5846 5816/5816 5831/5831
f 5853/5853 5816/5816 5805/5805
f 5877/5877 5837/5837 5840/5840
f 5825/5825 5839/5839 5838/5838
f 5826/5826 5827/5827 5849/5849
f 5848/5848 5859/5859 5821/5821
f 5854/5854 5852/5852 5848/5848
f 5835/5835 5837/5837 5867/5867
f 5877/5877 5840/5840 5888/5888
f 5845/5845 5806/5806 5808/5808
f 5851/5851 5836/5836 5785/5785
f 5830/5830 5852/5852 5854/5854
f 5867/5867 5837/5837 5877/5877
f 5841/5841 5921/5921 5799/5799
f 5814/5814 5842/5842 5813/5813
f 5831/5831 5816/5816 5853/5853
f 5826/5826 5849/5849 5888/5888
f 5843/5843 5847/5847 5887/5887
f 5821/5821 5846/5846 5831/5831
f 5821/5821 5859/5859 5892/5892
f 5855/5855 5891/5891 5812/5812
f 5888/5888 5849/5849 5836/5836
f 5849/5849 5827/5827 5836/5836
f 5880/5880 5836/5836 5851/5851
f 5821/5821 5869/5869 5890/5890
f 5850/5850 5817/5817 5824/5824
f 5816/5816 5846/5846 5857/5857
f 5821/5821 5831/5831 5833/5833
f 5833/5833 5831/5831 5805/5805
f 5854/5854 5848/5848 5818/5818
f 5814/5814 5883/5883 5842/5842
f 5836/5836 5880/5880 5872/5872
f 5845/5845 5871/5871 5806/5806
f 5871/5871 5844/5844 5806/5806
f 5846/5846 5821/5821 5851/5851
f 5805/5805 5831/5831 5853/5853
f 5799/5799 5863/5863 5841/5841
f 5823/5823 5874/5874 5822/5822
f 5888/5888 5836/5836 5872/5872
f 5858/5858 5851/5851 5785/5785
f 5850/5850 5852/5852 5817/5817
f 5821/5821 5890/5890 5851/5851
f 5857/5857 5785/5785 5816/5816
f 5834/5834 5855/5855 5866/5866
f 5855/5855 5834/5834 5867/5867
f 5843/5843 5874/5874 5856/5856
f 5843/5843 5887/5887 5824/5824
f 5852/5852 5859/5859 5848/5848
f 5855/5855 5867/5867 5861/5861
f 5867/5867 5877/5877 5882/5882
f 5880/5880 5868/5868 5872/5872
f 5860/5860 5885/5885 5852/5852
f 5869/5869 5821/5821 5892/5892
f 5847/5847 5838/5838 5889/5889
f 5824/5824 5852/5852 5850/5850
f 5873/5873 5855/5855 5861/5861
f 5868/5868 5880/5880 5896/5896
f 5871/5871 5814/5814 5844/5844
f 5845/5845 5862/5862 5871/5871
f 5857/5857 5858/5858 5785/5785
f 5855/5855 5812/5812 5870/5870
f 5870/5870 5834/5834 5866/5866
f 5870/5870 5866/5866 5855/5855
f 5812/5812 5834/5834 5870/5870
f 5855/5855 5873/5873 5898/5898
f 5903/5903 5899/5899 5864/5864
f 5796/5796 5871/5871 5862/5862
f 5847/5847 5843/5843 5856/5856
f 5860/5860 5852/5852 5824/5824
f 5846/5846 5851/5851 5858/5858
f 5846/5846 5858/5858 5857/5857
f 5891/5891 5855/5855 5898/5898
f 5799/5799 5838/5838 5839/5839
f 5877/5877 5888/5888 5884/5884
f 5796/5796 5825/5825 5878/5878
f 5864/5864 5899/5899 5869/5869
f 5865/5865 5893/5893 5930/5930
f 5877/5877 5868/5868 5873/5873
f 5868/5868 5877/5877 5884/5884
f 5814/5814 5871/5871 5883/5883
f 5847/5847 5856/5856 5838/5838
f 5860/5860 5894/5894 5864/5864
f 5860/5860 5864/5864 5885/5885
f 5930/5930 5893/5893 5922/5922
f 5838/5838 5909/5909 5918/5918
f 5891/5891 5893/5893 5875/5875
f 5891/5891 5881/5881 5893/5893
f 5864/5864 5869/5869 5892/5892
f 5893/5893 5865/5865 5891/5891
f 5877/5877 5873/5873 5882/5882
f 5871/5871 5879/5879 5883/5883
f 5847/5847 5903/5903 5894/5894
f 5796/5796 5878/5878 5871/5871
f 5895/5895 5894/5894 5860/5860
f 5824/5824 5887/5887 5860/5860
f 5852/5852 5885/5885 5859/5859
f 5873/5873 5867/5867 5882/5882
f 5868/5868 5886/5886 5873/5873
f 5838/5838 5906/5906 5889/5889
f 5842/5842 5883/5883 5823/5823
f 5888/5888 5872/5872 5868/5868
f 5861/5861 5867/5867 5873/5873
f 5886/5886 5868/5868 5896/5896
f 5876/5876 5886/5886 5896/5896
f 5889/5889 5903/5903 5847/5847
f 5879/5879 5871/5871 5883/5883
f 5847/5847 5894/5894 5887/5887
f 5899/5899 5896/5896 5869/5869
f 5884/5884 5888/5888 5868/5868
f 5851/5851 5897/5897 5880/5880
f 5885/5885 5864/5864 5892/5892
f 5871/5871 5878/5878 5883/5883
f 5896/5896 5880/5880 5897/5897
f 5893/5893 5891/5891 5875/5875
f 5886/5886 5876/5876 5873/5873
f 5921/5921 5838/5838 5799/5799
f 5896/5896 5897/5897 5890/5890
f 5897/5897 5851/5851 5890/5890
f 5869/5869 5896/5896 5890/5890
f 5885/5885 5892/5892 5859/5859
f 5913/5913 5889/5889 5906/5906
f 5823/5823 5883/5883 5878/5878
f 5864/5864 5894/5894 5903/5903
f 5887/5887 5895/5895 5860/5860
f 5924/5924 5893/5893 5910/5910
f 5873/5873 5876/5876 5898/5898
f 5894/5894 5895/5895 5887/5887
f 5881/5881 5891/5891 5910/5910
f 5891/5891 5898/5898 5910/5910
f 5907/5907 5905/5905 5876/5876
f 5838/5838 5856/5856 5909/5909
f 5908/5908 5922/5922 5893/5893
f 5825/5825 5838/5838 5900/5900
f 5799/5799 5787/5787 5901/5901
f 5917/5917 5906/5906 5838/5838
f 5893/5893 5881/5881 5910/5910
f 5838/5838 5918/5918 5900/5900
f 5889/5889 5913/5913 5915/5915
f 5876/5876 5905/5905 5898/5898
f 5876/5876 5896/5896 5912/5912
f 5921/5921 5917/5917 5838/5838
f 5902/5902 5905/5905 5907/5907
f 5907/5907 5876/5876 5912/5912
f 5823/5823 5878/5878 5918/5918
f 5799/5799 5901/5901 5863/5863
f 5907/5907 5912/5912 5903/5903
f 5825/5825 5900/5900 5878/5878
f 5909/5909 5856/5856 5874/5874
f 5923/5923 5904/5904 5913/5913
f 5923/5923 5913/5913 5917/5917
f 5907/5907 5903/5903 5914/5914
f 5899/5899 5911/5911 5896/5896
f 5823/5823 5918/5918 5874/5874
f 5908/5908 5893/5893 5904/5904
f 5913/5913 5906/5906 5917/5917
f 5907/5907 5914/5914 5902/5902
f 5912/5912 5896/5896 5911/5911
f 5919/5919 5917/5917 5921/5921
f 5889/5889 5915/5915 5920/5920
f 5918/5918 5909/5909 5874/5874
f 5863/5863 5916/5916 5932/5932
f 5863/5863 5901/5901 5916/5916
f 5922/5922 5940/5940 5930/5930
f 5902/5902 5910/5910 5905/5905
f 5898/5898 5905/5905 5910/5910
f 5910/5910 5902/5902 5915/5915
f 5912/5912 5911/5911 5903/5903
f 5903/5903 5911/5911 5899/5899
f 5922/5922 5908/5908 5904/5904
f 5922/5922 5904/5904 5923/5923
f 5919/5919 5923/5923 5917/5917
f 5915/5915 5902/5902 5920/5920
f 5900/5900 5918/5918 5878/5878
f 5889/5889 5920/5920 5903/5903
f 5903/5903 5902/5902 5914/5914
f 5915/5915 5926/5926 5910/5910
f 5903/5903 5920/5920 5902/5902
f 5893/5893 5924/5924 5904/5904
f 5913/5913 5925/5925 5915/5915
f 5935/5935 5922/5922 5923/5923
f 5913/5913 5904/5904 5925/5925
f 5924/5924 5910/5910 5928/5928
f 5923/5923 5919/5919 5929/5929
f 5904/5904 5924/5924 5928/5928
f 5925/5925 5926/5926 5915/5915
f 5863/5863 5932/5932 5841/5841
f 5935/5935 5927/5927 5922/5922
f 5928/5928 5910/5910 5926/5926
f 5925/5925 5904/5904 5926/5926
f 5904/5904 5928/5928 5926/5926
f 5929/5929 5935/5935 5923/5923
f 5927/5927 5940/5940 5922/5922
f 5929/5929 5919/5919 5921/5921
f 5921/5921 5934/5934 5929/5929
f 5841/5841 5934/5934 5921/5921
f 5916/5916 5931/5931 5932/5932
f 5933/5933 5935/5935 5929/5929
f 5934/5934 5841/5841 5932/5932
f 5930/5930 5940/5940 5939/5939
f 5937/5937 5927/5927 5935/5935
f 5936/5936 5935/5935 5933/5933
f 5933/5933 5929/5929 5934/5934
f 5933/5933 5934/5934 5932/5932
f 5936/5936 5937/5937 5935/5935
f 5933/5933 5932/5932 5936/5936
f 5936/5936 5932/5932 5931/5931
f 5937/5937 5940/5940 5927/5927
f 5936/5936 5940/5940 5937/5937
f 5936/5936 5938/5938 5940/5940
f 5939/5939 5940/5940 5941/5941
f 5938/5938 5943/5943 5940/5940
f 5943/5943 5938/5938 5946/5946
f 5941/5941 5940/5940 5948/5948
f 5946/5946 5938/5938 5942/5942
f 5948/5948 5940/5940 5949/5949
f 5949/5949 5940/5940 5943/5943
f 5943/5943 5946/5946 5944/5944
f 5943/5943 5944/5944 5949/5949
f 5946/5946 5942/5942 5945/5945
f 5949/5949 5944/5944 5946/5946
f 5946/5946 5945/5945 5947/5947
f 5949/5949 5946/5946 5947/5947
f 5947/5947 5945/5945 5952/5952
f 5949/5949 5947/5947 5953/5953
f 5950/5950 5948/5948 5949/5949
f 5950/5950 5949/5949 5953/5953
f 5953/5953 5947/5947 5952/5952
f 5952/5952 5945/5945 5951/5951
f 5953/5953 5952/5952 5954/5954
f 5954/5954 5952/5952 5955/5955
f 5955/5955 5952/5952 5957/5957
f 5952/5952 5951/5951 5956/5956
f 5957/5957 5952/5952 5956/5956
f 5956/5956 5951/5951 5958/5958
f 5956/5956 5958/5958 5957/5957
f 5970/5970 5960/5960 5961/5961
f 5960/5960 5962/5962 5961/5961
f 5970/5970 5961/5961 5962/5962
f 5968/5968 5987/5987 5975/5975
f 6006/6006 5968/5968 5975/5975
f 5970/5970 5962/5962 5987/5987
f 5962/5962 5964/5964 5987/5987
f 5966/5966 5973/5973 5977/5977
f 5959/5959 5980/5980 6009/6009
f 5967/5967 5974/5974 5969/5969
f 5969/5969 6003/6003 5959/5959
f 5964/5964 5976/5976 5994/5994
f 5964/5964 5963/5963 5976/5976
f 5972/5972 5971/5971 6018/6018
f 5991/5991 5965/5965 5967/5967
f 5966/5966 5977/5977 5991/5991
f 5969/5969 6021/6021 6003/6003
f 5959/5959 6003/6003 5984/5984
f 5968/5968 5970/5970 5987/5987
f 5976/5976 5963/5963 6004/6004
f 5969/5969 5974/5974 5990/5990
f 5978/5978 5973/5973 5966/5966
f 5959/5959 5984/5984 5980/5980
f 5967/5967 5966/5966 5991/5991
f 5967/5967 5965/5965 5974/5974
f 5963/5963 6018/6018 6004/6004
f 6023/6023 5959/5959 5995/5995
f 5989/5989 6021/6021 5969/5969
f 5995/5995 5959/5959 6009/6009
f 5964/5964 5994/5994 5987/5987
f 5975/5975 5979/5979 6006/6006
f 5966/5966 5983/5983 5978/5978
f 6018/6018 5971/5971 6051/6051
f 5965/5965 5982/5982 5974/5974
f 5963/5963 5972/5972 6018/6018
f 5980/5980 6003/6003 6041/6041
f 6003/6003 5980/5980 5986/5986
f 6003/6003 5986/5986 5984/5984
f 5984/5984 5986/5986 5980/5980
f 5969/5969 5990/5990 5989/5989
f 5982/5982 5990/5990 5974/5974
f 5975/5975 5987/5987 5979/5979
f 5991/5991 6011/6011 5965/5965
f 5983/5983 5992/5992 5978/5978
f 5995/5995 5988/5988 6023/6023
f 5977/5977 5981/5981 5991/5991
f 5973/5973 5981/5981 5977/5977
f 5973/5973 5997/5997 5981/5981
f 6005/6005 5994/5994 5976/5976
f 5979/5979 5987/5987 5993/5993
f 5997/5997 6002/6002 5981/5981
f 5973/5973 5978/5978 6008/6008
f 5987/5987 5994/5994 5993/5993
f 5981/5981 5999/5999 5991/5991
f 5992/5992 5983/5983 5998/5998
f 6002/6002 6001/6001 5981/5981
f 5980/5980 6041/6041 6009/6009
f 6011/6011 5991/5991 5999/5999
f 6001/6001 6000/6000 5981/5981
f 5990/5990 5996/5996 5989/5989
f 5988/5988 5995/5995 6009/6009
f 5965/5965 5985/5985 6038/6038
f 5990/5990 6010/6010 5996/5996
f 6008/6008 5978/5978 5992/5992
f 5999/5999 5981/5981 6000/6000
f 5973/5973 6002/6002 5997/5997
f 5965/5965 6011/6011 5985/5985
f 5973/5973 6008/6008 6002/6002
f 6003/6003 6021/6021 6041/6041
f 5998/5998 6007/6007 5992/5992
f 5994/5994 6005/6005 6026/6026
f 5992/5992 6007/6007 6008/6008
f 6006/6006 5979/5979 6032/6032
f 6001/6001 6002/6002 6000/6000
f 5982/5982 6010/6010 5990/5990
f 5976/5976 6004/6004 6005/6005
f 5999/5999 6000/6000 6011/6011
f 5994/5994 6026/6026 6019/6019
f 5982/5982 5965/5965 6010/6010
f 6008/6008 6012/6012 6002/6002
f 6002/6002 6013/6013 6000/6000
f 6032/6032 5979/5979 6014/6014
f 5993/5993 5994/5994 6019/6019
f 5985/5985 6011/6011 6038/6038
f 6000/6000 6022/6022 6011/6011
f 6022/6022 6015/6015 6011/6011
f 6016/6016 5996/5996 6010/6010
f 5965/5965 6016/6016 6010/6010
f 6002/6002 6012/6012 6020/6020
f 5993/5993 6025/6025 5979/5979
f 6045/6045 6007/6007 5998/5998
f 6033/6033 6017/6017 6021/6021
f 5965/5965 6038/6038 6074/6074
f 6014/6014 5979/5979 6025/6025
f 5993/5993 6019/6019 6031/6031
f 6000/6000 6024/6024 6022/6022
f 6002/6002 6020/6020 6013/6013
f 6013/6013 6034/6034 6000/6000
f 6031/6031 6025/6025 5993/5993
f 5988/5988 6089/6089 6023/6023
f 6011/6011 6015/6015 6038/6038
f 5965/5965 6074/6074 6016/6016
f 6012/6012 6013/6013 6020/6020
f 6007/6007 6045/6045 6008/6008
f 6005/6005 6037/6037 6026/6026
f 5988/5988 6050/6050 6089/6089
f 6005/6005 6004/6004 6018/6018
f 6009/6009 6041/6041 6048/6048
f 6000/6000 6034/6034 6024/6024
f 5989/5989 6033/6033 6021/6021
f 6027/6027 6013/6013 6012/6012
f 6005/6005 6018/6018 6037/6037
f 6024/6024 6015/6015 6022/6022
f 6034/6034 6015/6015 6024/6024
f 6013/6013 6029/6029 6034/6034
f 6019/6019 6039/6039 6031/6031
f 5988/5988 6060/6060 6050/6050
f 6013/6013 6027/6027 6029/6029
f 6037/6037 6018/6018 6049/6049
f 6034/6034 6044/6044 6015/6015
f 6019/6019 6026/6026 6053/6053
f 6030/6030 6027/6027 6012/6012
f 5988/5988 6009/6009 6048/6048
f 6090/6090 6014/6014 6036/6036
f 6032/6032 6014/6014 6090/6090
f 6053/6053 6039/6039 6019/6019
f 6054/6054 6018/6018 6040/6040
f 6041/6041 6028/6028 6048/6048
f 6012/6012 6008/6008 6030/6030
f 6060/6060 5988/5988 6048/6048
f 6044/6044 6046/6046 6015/6015
f 6014/6014 6025/6025 6036/6036
f 6035/6035 6040/6040 6018/6018
f 6026/6026 6037/6037 6049/6049
f 6036/6036 6025/6025 6047/6047
f 6038/6038 6015/6015 6046/6046
f 6034/6034 6029/6029 6044/6044
f 6051/6051 5971/5971 6043/6043
f 6017/6017 6041/6041 6021/6021
f 6028/6028 6055/6055 6048/6048
f 6008/6008 6045/6045 6030/6030
f 6025/6025 6031/6031 6047/6047
f 6064/6064 6028/6028 6041/6041
f 6038/6038 6052/6052 6074/6074
f 6016/6016 6074/6074 5996/5996
f 6039/6039 6053/6053 6031/6031
f 6046/6046 6052/6052 6038/6038
f 6049/6049 6018/6018 6054/6054
f 5989/5989 6068/6068 6033/6033
f 6071/6071 6030/6030 6045/6045
f 6051/6051 6043/6043 6018/6018
f 6048/6048 6111/6111 6060/6060
f 6045/6045 5998/5998 6071/6071
f 6029/6029 6061/6061 6058/6058
f 5989/5989 5996/5996 6042/6042
f 6046/6046 6070/6070 6052/6052
f 6044/6044 6029/6029 6056/6056
f 5998/5998 6057/6057 6071/6071
f 6018/6018 6043/6043 6087/6087
f 6027/6027 6061/6061 6029/6029
f 6027/6027 6030/6030 6063/6063
f 6030/6030 6071/6071 6063/6063
f 6042/6042 6099/6099 5989/5989
f 5989/5989 6099/6099 6069/6069
f 6059/6059 6055/6055 6028/6028
f 6064/6064 6041/6041 6085/6085
f 6048/6048 6055/6055 6080/6080
f 6059/6059 6080/6080 6055/6055
f 6029/6029 6058/6058 6056/6056
f 6026/6026 6049/6049 6053/6053
f 6031/6031 6053/6053 6065/6065
f 6018/6018 6087/6087 6035/6035
f 6027/6027 6067/6067 6061/6061
f 6047/6047 6031/6031 6065/6065
f 6017/6017 6085/6085 6041/6041
f 6063/6063 6067/6067 6027/6027
f 6047/6047 6062/6062 6036/6036
f 6096/6096 6053/6053 6116/6116
f 6058/6058 6072/6072 6056/6056
f 6046/6046 6044/6044 6070/6070
f 6074/6074 6099/6099 5996/5996
f 6090/6090 6036/6036 6062/6062
f 6049/6049 6054/6054 6053/6053
f 6044/6044 6056/6056 6070/6070
f 5989/5989 6069/6069 6068/6068
f 6067/6067 6058/6058 6061/6061
f 6074/6074 6066/6066 6099/6099
f 5996/5996 6099/6099 6042/6042
f 6065/6065 6096/6096 6047/6047
f 6077/6077 6060/6060 6111/6111
f 6056/6056 6072/6072 6070/6070
f 6077/6077 6050/6050 6060/6060
f 6068/6068 6075/6075 6033/6033
f 6053/6053 6096/6096 6065/6065
f 6052/6052 6070/6070 6074/6074
f 6057/6057 6063/6063 6071/6071
f 6047/6047 6096/6096 6076/6076
f 6059/6059 6028/6028 6064/6064
f 6067/6067 6079/6079 6058/6058
f 6067/6067 6063/6063 6079/6079
f 6050/6050 6077/6077 6089/6089
f 6033/6033 6075/6075 6017/6017
f 6053/6053 6054/6054 6081/6081
f 6062/6062 6047/6047 6100/6100
f 6058/6058 6079/6079 6072/6072
f 6063/6063 6057/6057 6079/6079
f 6047/6047 6076/6076 6100/6100
f 6054/6054 6040/6040 6081/6081
f 6074/6074 6083/6083 6066/6066
f 6090/6090 6062/6062 6100/6100
f 6087/6087 6043/6043 6078/6078
f 6040/6040 6073/6073 6117/6117
f 6087/6087 6078/6078 6084/6084
f 6104/6104 6070/6070 6072/6072
f 6076/6076 6105/6105 6100/6100
f 6076/6076 6096/6096 6105/6105
f 6083/6083 6129/6129 6066/6066
f 6104/6104 6074/6074 6070/6070
f 6091/6091 6099/6099 6066/6066
f 6079/6079 6104/6104 6072/6072
f 6064/6064 6107/6107 6059/6059
f 6091/6091 6066/6066 6129/6129
f 6086/6086 6100/6100 6105/6105
f 6107/6107 6064/6064 6085/6085
f 6094/6094 6079/6079 6057/6057
f 6118/6118 6077/6077 6111/6111
f 6116/6116 6053/6053 6081/6081
f 6040/6040 6035/6035 6073/6073
f 6048/6048 6080/6080 6111/6111
f 6075/6075 6085/6085 6017/6017
f 6075/6075 6068/6068 6092/6092
f 6100/6100 6086/6086 6093/6093
f 6107/6107 6080/6080 6059/6059
f 6134/6134 6085/6085 6075/6075
f 6069/6069 6120/6120 6068/6068
f 6035/6035 6087/6087 6084/6084
f 6091/6091 6129/6129 6099/6099
f 6090/6090 6100/6100 6147/6147
f 6077/6077 6108/6108 6089/6089
f 6079/6079 6094/6094 6088/6088
f 6086/6086 6105/6105 6093/6093
f 6100/6100 6102/6102 6147/6147
f 6040/6040 6117/6117 6081/6081
f 6095/6095 6077/6077 6118/6118
f 6080/6080 6107/6107 6103/6103
f 6074/6074 6097/6097 6083/6083
f 6080/6080 6136/6136 6111/6111
f 6091/6091 6129/6129 6082/6082
f 6096/6096 6116/6116 6105/6105
f 6103/6103 6136/6136 6080/6080
f 6081/6081 6117/6117 6109/6109
f 6081/6081 6109/6109 6116/6116
f 6084/6084 6073/6073 6035/6035
f 6077/6077 6095/6095 6108/6108
f 6088/6088 6114/6114 6079/6079
f 6102/6102 6101/6101 6147/6147
f 6102/6102 6100/6100 6093/6093
f 6118/6118 6108/6108 6095/6095
f 6083/6083 6115/6115 6129/6129
f 6120/6120 6092/6092 6068/6068
f 6111/6111 6136/6136 6106/6106
f 6130/6130 6107/6107 6085/6085
f 6082/6082 6129/6129 6091/6091
f 6110/6110 6108/6108 6118/6118
f 6094/6094 6114/6114 6088/6088
f 6079/6079 6123/6123 6104/6104
f 6073/6073 6084/6084 6098/6098
f 6129/6129 6119/6119 6099/6099
f 6105/6105 6139/6139 6093/6093
f 6118/6118 6124/6124 6110/6110
f 6094/6094 6057/6057 6113/6113
f 6093/6093 6128/6128 6102/6102
f 6102/6102 6128/6128 6133/6133
f 6114/6114 6123/6123 6079/6079
f 6136/6136 6103/6103 6121/6121
f 6205/6205 6129/6129 6115/6115
f 6107/6107 6155/6155 6103/6103
f 6094/6094 6113/6113 6122/6122
f 6115/6115 6083/6083 6135/6135
f 6116/6116 6109/6109 6117/6117
f 6105/6105 6116/6116 6139/6139
f 6099/6099 6119/6119 6069/6069
f 6118/6118 6111/6111 6124/6124
f 6094/6094 6123/6123 6114/6114
f 6094/6094 6122/6122 6123/6123
f 6075/6075 6092/6092 6134/6134
f 6130/6130 6085/6085 6134/6134
f 6073/6073 6156/6156 6117/6117
f 6111/6111 6127/6127 6124/6124
f 6104/6104 6097/6097 6074/6074
f 6112/6112 6116/6116 6117/6117
f 6092/6092 6120/6120 6134/6134
f 6130/6130 6155/6155 6107/6107
f 6148/6148 6168/6168 6116/6116
f 6111/6111 6153/6153 6127/6127
f 6111/6111 6126/6126 6153/6153
f 6134/6134 6180/6180 6130/6130
f 6104/6104 6123/6123 6125/6125
f 6117/6117 6138/6138 6112/6112
f 6133/6133 6128/6128 6093/6093
f 6102/6102 6133/6133 6101/6101
f 6116/6116 6112/6112 6148/6148
f 6156/6156 6073/6073 6160/6160
f 6104/6104 6137/6137 6097/6097
f 6131/6131 6121/6121 6103/6103
f 6129/6129 6157/6157 6162/6162
f 6139/6139 6116/6116 6190/6190
f 6084/6084 6078/6078 6183/6183
f 6155/6155 6131/6131 6103/6103
f 6133/6133 6093/6093 6154/6154
f 6126/6126 6111/6111 6106/6106
f 6155/6155 6145/6145 6131/6131
f 6190/6190 6116/6116 6168/6168
f 6104/6104 6132/6132 6149/6149
f 6145/6145 6106/6106 6136/6136
f 6136/6136 6121/6121 6140/6140
f 6101/6101 6133/6133 6154/6154
f 6147/6147 6101/6101 6142/6142
f 6145/6145 6136/6136 6140/6140
f 6135/6135 6205/6205 6115/6115
f 6140/6140 6121/6121 6131/6131
f 6134/6134 6120/6120 6180/6180
f 6129/6129 6205/6205 6150/6150
f 6093/6093 6139/6139 6154/6154
f 6155/6155 6130/6130 6171/6171
f 6145/6145 6140/6140 6131/6131
f 6146/6146 6171/6171 6130/6130
f 6154/6154 6141/6141 6101/6101
f 6073/6073 6098/6098 6160/6160
f 6130/6130 6180/6180 6146/6146
f 6149/6149 6137/6137 6104/6104
f 6129/6129 6162/6162 6119/6119
f 6104/6104 6125/6125 6144/6144
f 6144/6144 6132/6132 6104/6104
f 6112/6112 6138/6138 6148/6148
f 6138/6138 6117/6117 6152/6152
f 6150/6150 6157/6157 6129/6129
f 6169/6169 6142/6142 6101/6101
f 6137/6137 6083/6083 6097/6097
f 6142/6142 6169/6169 6147/6147
f 6152/6152 6117/6117 6156/6156
f 6069/6069 6159/6159 6120/6120
f 6177/6177 6106/6106 6145/6145
f 6154/6154 6139/6139 6190/6190
f 6106/6106 6177/6177 6143/6143
f 6120/6120 6159/6159 6180/6180
f 6106/6106 6143/6143 6126/6126
f 6119/6119 6162/6162 6151/6151
f 6098/6098 6084/6084 6170/6170
f 6170/6170 6084/6084 6183/6183
f 6101/6101 6158/6158 6169/6169
f 6152/6152 6156/6156 6172/6172
f 6126/6126 6173/6173 6153/6153
f 6158/6158 6101/6101 6141/6141
f 6132/6132 6144/6144 6149/6149
f 6148/6148 6138/6138 6168/6168
f 6138/6138 6152/6152 6172/6172
f 6145/6145 6155/6155 6177/6177
f 6083/6083 6137/6137 6135/6135
f 6177/6177 6155/6155 6171/6171
f 6119/6119 6159/6159 6069/6069
f 6143/6143 6173/6173 6126/6126
f 6205/6205 6135/6135 6198/6198
f 6138/6138 6202/6202 6168/6168
f 6161/6161 6171/6171 6146/6146
f 6204/6204 6157/6157 6150/6150
f 6143/6143 6177/6177 6163/6163
f 6151/6151 6159/6159 6119/6119
f 6156/6156 6160/6160 6216/6216
f 6143/6143 6163/6163 6173/6173
f 6138/6138 6172/6172 6202/6202
f 6160/6160 6164/6164 6216/6216
f 6098/6098 6170/6170 6160/6160
f 6154/6154 6190/6190 6141/6141
f 6160/6160 6179/6179 6164/6164
f 6177/6177 6171/6171 6191/6191
f 6183/6183 6078/6078 6165/6165
f 6214/6214 6146/6146 6180/6180
f 6176/6176 6158/6158 6167/6167
f 6156/6156 6216/6216 6172/6172
f 6150/6150 6237/6237 6204/6204
f 6190/6190 6175/6175 6141/6141
f 6158/6158 6188/6188 6169/6169
f 6160/6160 6170/6170 6197/6197
f 6177/6177 6191/6191 6166/6166
f 6137/6137 6228/6228 6135/6135
f 6178/6178 6174/6174 6151/6151
f 6157/6157 6204/6204 6162/6162
f 6149/6149 6228/6228 6137/6137
f 6188/6188 6158/6158 6176/6176
f 6181/6181 6183/6183 6186/6186
f 6186/6186 6183/6183 6182/6182
f 6163/6163 6185/6185 6173/6173
f 6200/6200 6163/6163 6177/6177
f 6175/6175 6190/6190 6215/6215
f 6183/6183 6165/6165 6163/6163
f 6200/6200 6177/6177 6193/6193
f 6170/6170 6186/6186 6197/6197
f 6184/6184 6191/6191 6171/6171
f 6167/6167 6158/6158 6201/6201
f 6181/6181 6186/6186 6183/6183
f 6182/6182 6183/6183 6163/6163
f 6163/6163 6165/6165 6185/6185
f 6205/6205 6217/6217 6150/6150
f 6159/6159 6194/6194 6180/6180
f 6144/6144 6189/6189 6149/6149
f 6176/6176 6258/6258 6188/6188
f 6160/6160 6197/6197 6179/6179
f 6187/6187 6183/6183 6186/6186
f 6161/6161 6218/6218 6199/6199
f 6151/6151 6194/6194 6159/6159
f 6186/6186 6170/6170 6187/6187
f 6193/6193 6177/6177 6166/6166
f 6199/6199 6196/6196 6161/6161
f 6170/6170 6183/6183 6187/6187
f 6141/6141 6175/6175 6215/6215
f 6197/6197 6186/6186 6182/6182
f 6197/6197 6163/6163 6200/6200
f 6191/6191 6195/6195 6166/6166
f 6190/6190 6168/6168 6192/6192
f 6184/6184 6195/6195 6191/6191
f 6161/6161 6196/6196 6171/6171
f 6176/6176 6167/6167 6223/6223
f 6179/6179 6197/6197 6164/6164
f 6215/6215 6225/6225 6141/6141
f 6197/6197 6182/6182 6163/6163
f 6200/6200 6193/6193 6166/6166
f 6184/6184 6200/6200 6195/6195
f 6200/6200 6166/6166 6195/6195
f 6149/6149 6189/6189 6228/6228
f 6151/6151 6174/6174 6194/6194
f 6167/6167 6201/6201 6223/6223
f 6184/6184 6171/6171 6196/6196
f 6158/6158 6141/6141 6201/6201
f 6199/6199 6221/6221 6207/6207
f 6199/6199 6207/6207 6196/6196
f 6135/6135 6228/6228 6198/6198
f 6164/6164 6197/6197 6203/6203
f 6184/6184 6197/6197 6200/6200
f 6207/6207 6184/6184 6196/6196
f 6161/6161 6146/6146 6218/6218
f 6141/6141 6225/6225 6201/6201
f 6197/6197 6184/6184 6203/6203
f 6190/6190 6192/6192 6215/6215
f 6217/6217 6205/6205 6198/6198
f 6203/6203 6184/6184 6211/6211
f 6202/6202 6172/6172 6168/6168
f 6218/6218 6146/6146 6214/6214
f 6194/6194 6174/6174 6213/6213
f 6189/6189 6208/6208 6228/6228
f 6207/6207 6209/6209 6184/6184
f 6211/6211 6207/6207 6221/6221
f 6213/6213 6180/6180 6194/6194
f 6211/6211 6206/6206 6203/6203
f 6211/6211 6209/6209 6207/6207
f 6180/6180 6213/6213 6214/6214
f 6204/6204 6210/6210 6162/6162
f 6219/6219 6192/6192 6212/6212
f 6219/6219 6215/6215 6192/6192
f 6209/6209 6211/6211 6184/6184
f 6219/6219 6225/6225 6215/6215
f 6192/6192 6168/6168 6216/6216
f 6238/6238 6164/6164 6203/6203
f 6178/6178 6151/6151 6162/6162
f 6172/6172 6216/6216 6168/6168
f 6216/6216 6164/6164 6238/6238
f 6258/6258 6176/6176 6223/6223
f 6150/6150 6217/6217 6240/6240
f 6192/6192 6216/6216 6238/6238
f 6213/6213 6218/6218 6214/6214
f 6192/6192 6238/6238 6212/6212
f 6219/6219 6212/6212 6231/6231
f 6203/6203 6241/6241 6238/6238
f 6174/6174 6230/6230 6213/6213
f 6266/6266 6174/6174 6178/6178
f 6204/6204 6232/6232 6210/6210
f 6213/6213 6224/6224 6218/6218
f 6253/6253 6211/6211 6221/6221
f 6219/6219 6220/6220 6225/6225
f 6213/6213 6230/6230 6224/6224
f 6203/6203 6206/6206 6241/6241
f 6223/6223 6201/6201 6225/6225
f 6206/6206 6211/6211 6239/6239
f 6239/6239 6211/6211 6253/6253
f 6221/6221 6199/6199 6222/6222
f 6226/6226 6240/6240 6217/6217
f 6212/6212 6238/6238 6227/6227
f 6199/6199 6218/6218 6224/6224
f 6217/6217 6198/6198 6229/6229
f 6217/6217 6229/6229 6226/6226
f 6219/6219 6231/6231 6220/6220
f 6162/6162 6210/6210 6232/6232
f 6150/6150 6240/6240 6237/6237
f 6228/6228 6229/6229 6198/6198
f 6237/6237 6232/6232 6204/6204
f 6212/6212 6227/6227 6231/6231
f 6243/6243 6199/6199 6224/6224
f 6266/6266 6178/6178 6162/6162
f 6231/6231 6234/6234 6256/6256
f 6227/6227 6238/6238 6231/6231
f 6231/6231 6238/6238 6244/6244
f 6241/6241 6206/6206 6247/6247
f 6232/6232 6255/6255 6162/6162
f 6243/6243 6222/6222 6199/6199
f 6235/6235 6242/6242 6230/6230
f 6244/6244 6234/6234 6231/6231
f 6233/6233 6223/6223 6225/6225
f 6246/6246 6224/6224 6230/6230
f 6228/6228 6208/6208 6236/6236
f 6244/6244 6238/6238 6241/6241
f 6242/6242 6243/6243 6230/6230
f 6243/6243 6246/6246 6230/6230
f 6206/6206 6239/6239 6251/6251
f 6244/6244 6241/6241 6234/6234
f 6234/6234 6241/6241 6247/6247
f 6235/6235 6261/6261 6242/6242
f 6243/6243 6224/6224 6246/6246
f 6226/6226 6229/6229 6240/6240
f 6242/6242 6261/6261 6243/6243
f 6243/6243 6261/6261 6222/6222
f 6245/6245 6248/6248 6256/6256
f 6248/6248 6254/6254 6261/6261
f 6253/6253 6221/6221 6222/6222
f 6229/6229 6259/6259 6240/6240
f 6228/6228 6236/6236 6249/6249
f 6234/6234 6247/6247 6256/6256
f 6254/6254 6239/6239 6253/6253
f 6256/6256 6247/6247 6250/6250
f 6235/6235 6230/6230 6174/6174
f 6250/6250 6245/6245 6256/6256
f 6261/6261 6254/6254 6222/6222
f 6252/6252 6247/6247 6206/6206
f 6245/6245 6250/6250 6247/6247
f 6252/6252 6206/6206 6251/6251
f 6245/6245 6251/6251 6239/6239
f 6245/6245 6239/6239 6254/6254
f 6247/6247 6252/6252 6245/6245
f 6245/6245 6252/6252 6251/6251
f 6248/6248 6245/6245 6254/6254
f 6254/6254 6253/6253 6222/6222
f 6249/6249 6229/6229 6228/6228
f 6233/6233 6225/6225 6220/6220
f 6232/6232 6237/6237 6255/6255
f 6248/6248 6261/6261 6256/6256
f 6240/6240 6259/6259 6274/6274
f 6174/6174 6266/6266 6235/6235
f 6162/6162 6255/6255 6266/6266
f 6237/6237 6240/6240 6274/6274
f 6255/6255 6263/6263 6266/6266
f 6223/6223 6233/6233 6267/6267
f 6257/6257 6229/6229 6249/6249
f 6258/6258 6223/6223 6262/6262
f 6237/6237 6263/6263 6255/6255
f 6220/6220 6267/6267 6233/6233
f 6261/6261 6235/6235 6270/6270
f 6229/6229 6257/6257 6260/6260
f 6231/6231 6256/6256 6268/6268
f 6284/6284 6262/6262 6223/6223
f 6270/6270 6256/6256 6261/6261
f 6237/6237 6274/6274 6263/6263
f 6265/6265 6264/6264 6263/6263
f 6274/6274 6265/6265 6263/6263
f 6260/6260 6259/6259 6229/6229
f 6266/6266 6263/6263 6269/6269
f 6284/6284 6223/6223 6267/6267
f 6235/6235 6266/6266 6269/6269
f 6220/6220 6231/6231 6267/6267
f 6231/6231 6268/6268 6267/6267
f 6269/6269 6270/6270 6235/6235
f 6279/6279 6264/6264 6265/6265
f 6274/6274 6279/6279 6265/6265
f 6276/6276 6274/6274 6259/6259
f 6263/6263 6264/6264 6269/6269
f 6256/6256 6270/6270 6268/6268
f 6267/6267 6268/6268 6270/6270
f 6272/6272 6264/6264 6279/6279
f 6267/6267 6270/6270 6269/6269
f 6273/6273 6271/6271 6267/6267
f 6260/6260 6276/6276 6259/6259
f 6267/6267 6269/6269 6273/6273
f 6277/6277 6272/6272 6279/6279
f 6272/6272 6275/6275 6269/6269
f 6272/6272 6269/6269 6264/6264
f 6277/6277 6267/6267 6271/6271
f 6284/6284 6267/6267 6277/6277
f 6275/6275 6273/6273 6269/6269
f 6271/6271 6272/6272 6277/6277
f 6271/6271 6278/6278 6272/6272
f 6272/6272 6278/6278 6275/6275
f 6278/6278 6273/6273 6275/6275
f 6273/6273 6278/6278 6271/6271
f 6281/6281 6274/6274 6276/6276
f 6279/6279 6280/6280 6277/6277
f 6280/6280 6279/6279 6274/6274
f 6280/6280 6274/6274 6283/6283
f 6281/6281 6276/6276 6260/6260
f 6283/6283 6274/6274 6281/6281
f 6284/6284 6277/6277 6280/6280
f 6284/6284 6280/6280 6283/6283
f 6260/6260 6282/6282 6281/6281
f 6282/6282 6283/6283 6281/6281
f 6282/6282 6284/6284 6283/6283
f 6300/6300 6292/6292 6301/6301
f 6285/6285 6299/6299 6290/6290
f 6302/6302 6286/6286 6287/6287
f 6287/6287 6288/6288 6302/6302
f 6321/6321 6289/6289 6293/6293
f 6292/6292 6286/6286 6301/6301
f 6318/6318 6286/6286 6294/6294
f 6294/6294 6286/6286 6302/6302
f 6293/6293 6314/6314 6321/6321
f 6291/6291 6305/6305 6293/6293
f 6301/6301 6286/6286 6318/6318
f 6302/6302 6288/6288 6289/6289
f 6314/6314 6293/6293 6305/6305
f 6291/6291 6304/6304 6305/6305
f 6313/6313 6297/6297 6291/6291
f 6285/6285 6295/6295 6307/6307
f 6329/6329 6289/6289 6321/6321
f 6302/6302 6289/6289 6298/6298
f 6290/6290 6313/6313 6291/6291
f 6297/6297 6304/6304 6291/6291
f 6290/6290 6299/6299 6313/6313
f 6296/6296 6309/6309 6323/6323
f 6300/6300 6301/6301 6306/6306
f 6298/6298 6347/6347 6302/6302
f 6313/6313 6304/6304 6297/6297
f 6307/6307 6299/6299 6285/6285
f 6296/6296 6323/6323 6285/6285
f 6285/6285 6323/6323 6295/6295
f 6298/6298 6289/6289 6329/6329
f 6306/6306 6301/6301 6331/6331
f 6311/6311 6304/6304 6313/6313
f 6331/6331 6301/6301 6330/6330
f 6316/6316 6311/6311 6313/6313
f 6327/6327 6302/6302 6347/6347
f 6307/6307 6295/6295 6308/6308
f 6324/6324 6301/6301 6318/6318
f 6315/6315 6305/6305 6304/6304
f 6313/6313 6312/6312 6316/6316
f 6340/6340 6294/6294 6325/6325
f 6302/6302 6327/6327 6320/6320
f 6321/6321 6314/6314 6360/6360
f 6313/6313 6328/6328 6312/6312
f 6301/6301 6324/6324 6330/6330
f 6294/6294 6302/6302 6320/6320
f 6313/6313 6345/6345 6328/6328
f 6316/6316 6317/6317 6304/6304
f 6315/6315 6314/6314 6305/6305
f 6318/6318 6294/6294 6340/6340
f 6321/6321 6360/6360 6326/6326
f 6316/6316 6304/6304 6311/6311
f 6299/6299 6392/6392 6303/6303
f 6347/6347 6346/6346 6327/6327
f 6307/6307 6319/6319 6299/6299
f 6362/6362 6347/6347 6298/6298
f 6329/6329 6362/6362 6298/6298
f 6314/6314 6344/6344 6360/6360
f 6344/6344 6314/6314 6342/6342
f 6315/6315 6317/6317 6316/6316
f 6304/6304 6317/6317 6315/6315
f 6294/6294 6320/6320 6325/6325
f 6319/6319 6361/6361 6299/6299
f 6295/6295 6323/6323 6384/6384
f 6328/6328 6345/6345 6394/6394
f 6328/6328 6316/6316 6312/6312
f 6299/6299 6345/6345 6313/6313
f 6296/6296 6322/6322 6309/6309
f 6321/6321 6326/6326 6337/6337
f 6333/6333 6323/6323 6309/6309
f 6299/6299 6361/6361 6392/6392
f 6334/6334 6318/6318 6343/6343
f 6307/6307 6361/6361 6319/6319
f 6322/6322 6376/6376 6309/6309
f 6320/6320 6327/6327 6325/6325
f 6308/6308 6361/6361 6307/6307
f 6346/6346 6347/6347 6348/6348
f 6394/6394 6341/6341 6328/6328
f 6331/6331 6330/6330 6335/6335
f 6318/6318 6340/6340 6332/6332
f 6337/6337 6329/6329 6321/6321
f 6295/6295 6384/6384 6308/6308
f 6331/6331 6335/6335 6357/6357
f 6343/6343 6318/6318 6332/6332
f 6334/6334 6324/6324 6318/6318
f 6315/6315 6316/6316 6338/6338
f 6315/6315 6342/6342 6314/6314
f 6330/6330 6324/6324 6335/6335
f 6324/6324 6339/6339 6335/6335
f 6337/6337 6355/6355 6354/6354
f 6337/6337 6326/6326 6355/6355
f 6378/6378 6353/6353 6310/6310
f 6337/6337 6368/6368 6329/6329
f 6332/6332 6340/6340 6325/6325
f 6338/6338 6316/6316 6328/6328
f 6338/6338 6342/6342 6315/6315
f 6324/6324 6334/6334 6339/6339
f 6352/6352 6325/6325 6373/6373
f 6328/6328 6341/6341 6338/6338
f 6325/6325 6352/6352 6332/6332
f 6337/6337 6336/6336 6358/6358
f 6309/6309 6376/6376 6333/6333
f 6323/6323 6333/6333 6384/6384
f 6334/6334 6343/6343 6364/6364
f 6325/6325 6327/6327 6346/6346
f 6349/6349 6348/6348 6347/6347
f 6360/6360 6355/6355 6326/6326
f 6329/6329 6368/6368 6362/6362
f 6338/6338 6379/6379 6342/6342
f 6379/6379 6344/6344 6342/6342
f 6347/6347 6362/6362 6349/6349
f 6378/6378 6310/6310 6359/6359
f 6368/6368 6337/6337 6372/6372
f 6325/6325 6346/6346 6373/6373
f 6344/6344 6351/6351 6360/6360
f 6346/6346 6348/6348 6373/6373
f 6303/6303 6345/6345 6299/6299
f 6334/6334 6364/6364 6339/6339
f 6373/6373 6348/6348 6349/6349
f 6384/6384 6381/6381 6308/6308
f 6372/6372 6337/6337 6358/6358
f 6356/6356 6360/6360 6351/6351
f 6364/6364 6343/6343 6332/6332
f 6335/6335 6353/6353 6357/6357
f 6369/6369 6384/6384 6333/6333
f 6344/6344 6356/6356 6351/6351
f 6357/6357 6353/6353 6378/6378
f 6341/6341 6350/6350 6338/6338
f 6373/6373 6349/6349 6389/6389
f 6337/6337 6354/6354 6363/6363
f 6339/6339 6364/6364 6335/6335
f 6386/6386 6337/6337 6363/6363
f 6336/6336 6337/6337 6386/6386
f 6360/6360 6354/6354 6355/6355
f 6350/6350 6371/6371 6338/6338
f 6360/6360 6356/6356 6354/6354
f 6371/6371 6379/6379 6338/6338
f 6363/6363 6354/6354 6356/6356
f 6322/6322 6365/6365 6376/6376
f 6377/6377 6349/6349 6362/6362
f 6363/6363 6356/6356 6407/6407
f 6344/6344 6379/6379 6356/6356
f 6335/6335 6370/6370 6367/6367
f 6382/6382 6310/6310 6353/6353
f 6362/6362 6368/6368 6375/6375
f 6341/6341 6371/6371 6350/6350
f 6308/6308 6381/6381 6361/6361
f 6352/6352 6373/6373 6432/6432
f 6375/6375 6368/6368 6372/6372
f 6376/6376 6408/6408 6333/6333
f 6364/6364 6370/6370 6335/6335
f 6370/6370 6364/6364 6367/6367
f 6373/6373 6387/6387 6366/6366
f 6377/6377 6362/6362 6375/6375
f 6367/6367 6374/6374 6335/6335
f 6349/6349 6377/6377 6389/6389
f 6377/6377 6375/6375 6389/6389
f 6365/6365 6380/6380 6376/6376
f 6364/6364 6332/6332 6367/6367
f 6332/6332 6352/6352 6432/6432
f 6387/6387 6373/6373 6389/6389
f 6361/6361 6381/6381 6459/6459
f 6335/6335 6374/6374 6353/6353
f 6378/6378 6359/6359 6518/6518
f 6432/6432 6373/6373 6434/6434
f 6371/6371 6356/6356 6379/6379
f 6345/6345 6303/6303 6392/6392
f 6369/6369 6333/6333 6408/6408
f 6367/6367 6332/6332 6385/6385
f 6385/6385 6332/6332 6432/6432
f 6356/6356 6383/6383 6407/6407
f 6374/6374 6367/6367 6353/6353
f 6367/6367 6385/6385 6393/6393
f 6367/6367 6393/6393 6353/6353
f 6371/6371 6383/6383 6356/6356
f 6361/6361 6459/6459 6392/6392
f 6376/6376 6380/6380 6443/6443
f 6373/6373 6366/6366 6434/6434
f 6366/6366 6387/6387 6446/6446
f 6437/6437 6446/6446 6389/6389
f 6437/6437 6389/6389 6375/6375
f 6363/6363 6406/6406 6386/6386
f 6398/6398 6391/6391 6371/6371
f 6353/6353 6402/6402 6382/6382
f 6417/6417 6363/6363 6407/6407
f 6408/6408 6390/6390 6369/6369
f 6387/6387 6389/6389 6446/6446
f 6437/6437 6375/6375 6372/6372
f 6406/6406 6336/6336 6386/6386
f 6371/6371 6391/6391 6383/6383
f 6310/6310 6395/6395 6359/6359
f 6372/6372 6358/6358 6336/6336
f 6385/6385 6388/6388 6402/6402
f 6394/6394 6410/6410 6341/6341
f 6400/6400 6385/6385 6402/6402
f 6363/6363 6417/6417 6406/6406
f 6396/6396 6359/6359 6395/6395
f 6383/6383 6391/6391 6407/6407
f 6400/6400 6393/6393 6385/6385
f 6426/6426 6336/6336 6406/6406
f 6403/6403 6407/6407 6391/6391
f 6388/6388 6385/6385 6399/6399
f 6393/6393 6402/6402 6353/6353
f 6426/6426 6406/6406 6417/6417
f 6394/6394 6414/6414 6401/6401
f 6341/6341 6398/6398 6371/6371
f 6384/6384 6404/6404 6381/6381
f 6393/6393 6400/6400 6402/6402
f 6382/6382 6412/6412 6310/6310
f 6395/6395 6405/6405 6462/6462
f 6395/6395 6422/6422 6405/6405
f 6372/6372 6336/6336 6426/6426
f 6397/6397 6403/6403 6398/6398
f 6398/6398 6403/6403 6391/6391
f 6366/6366 6425/6425 6434/6434
f 6412/6412 6395/6395 6310/6310
f 6405/6405 6422/6422 6411/6411
f 6401/6401 6410/6410 6394/6394
f 6397/6397 6407/6407 6403/6403
f 6416/6416 6398/6398 6341/6341
f 6366/6366 6446/6446 6425/6425
f 6405/6405 6411/6411 6420/6420
f 6369/6369 6404/6404 6384/6384
f 6345/6345 6414/6414 6394/6394
f 6418/6418 6417/6417 6407/6407
f 6413/6413 6407/6407 6397/6397
f 6341/6341 6410/6410 6416/6416
f 6385/6385 6432/6432 6399/6399
f 6412/6412 6415/6415 6395/6395
f 6395/6395 6415/6415 6464/6464
f 6427/6427 6435/6435 6414/6414
f 6418/6418 6407/6407 6413/6413
f 6376/6376 6443/6443 6421/6421
f 6408/6408 6376/6376 6409/6409
f 6398/6398 6416/6416 6397/6397
f 6372/6372 6426/6426 6424/6424
f 6420/6420 6442/6442 6405/6405
f 6405/6405 6442/6442 6430/6430
f 6428/6428 6426/6426 6417/6417
f 6413/6413 6428/6428 6418/6418
f 6462/6462 6405/6405 6494/6494
f 6397/6397 6419/6419 6413/6413
f 6421/6421 6409/6409 6376/6376
f 6359/6359 6438/6438 6518/6518
f 6438/6438 6359/6359 6396/6396
f 6401/6401 6414/6414 6410/6410
f 6428/6428 6417/6417 6418/6418
f 6404/6404 6369/6369 6441/6441
f 6429/6429 6446/6446 6479/6479
f 6446/6446 6437/6437 6450/6450
f 6437/6437 6372/6372 6461/6461
f 6461/6461 6372/6372 6424/6424
f 6426/6426 6461/6461 6424/6424
f 6426/6426 6428/6428 6453/6453
f 6410/6410 6397/6397 6416/6416
f 6408/6408 6423/6423 6390/6390
f 6381/6381 6470/6470 6459/6459
f 6388/6388 6399/6399 6432/6432
f 6434/6434 6425/6425 6429/6429
f 6429/6429 6425/6425 6446/6446
f 6426/6426 6455/6455 6461/6461
f 6456/6456 6459/6459 6507/6507
f 6388/6388 6432/6432 6436/6436
f 6479/6479 6434/6434 6429/6429
f 6500/6500 6427/6427 6486/6486
f 6428/6428 6413/6413 6419/6419
f 6409/6409 6421/6421 6443/6443
f 6388/6388 6436/6436 6402/6402
f 6422/6422 6395/6395 6411/6411
f 6428/6428 6431/6431 6453/6453
f 6431/6431 6428/6428 6419/6419
f 6382/6382 6415/6415 6412/6412
f 6405/6405 6430/6430 6494/6494
f 6453/6453 6455/6455 6426/6426
f 6410/6410 6414/6414 6433/6433
f 6432/6432 6434/6434 6439/6439
f 6434/6434 6479/6479 6463/6463
f 6409/6409 6443/6443 6408/6408
f 6382/6382 6402/6402 6436/6436
f 6437/6437 6461/6461 6503/6503
f 6491/6491 6414/6414 6345/6345
f 6369/6369 6390/6390 6441/6441
f 6435/6435 6476/6476 6414/6414
f 6452/6452 6427/6427 6500/6500
f 6472/6472 6435/6435 6427/6427
f 6419/6419 6397/6397 6468/6468
f 6459/6459 6470/6470 6507/6507
f 6436/6436 6432/6432 6444/6444
f 6450/6450 6437/6437 6449/6449
f 6468/6468 6397/6397 6410/6410
f 6392/6392 6458/6458 6345/6345
f 6380/6380 6523/6523 6443/6443
f 6382/6382 6444/6444 6415/6415
f 6464/6464 6445/6445 6395/6395
f 6420/6420 6475/6475 6442/6442
f 6502/6502 6437/6437 6503/6503
f 6486/6486 6427/6427 6414/6414
f 6436/6436 6444/6444 6382/6382
f 6446/6446 6449/6449 6479/6479
f 6427/6427 6481/6481 6472/6472
f 6408/6408 6443/6443 6440/6440
f 6395/6395 6462/6462 6396/6396
f 6396/6396 6527/6527 6438/6438
f 6414/6414 6476/6476 6465/6465
f 6439/6439 6434/6434 6463/6463
f 6446/6446 6450/6450 6449/6449
f 6467/6467 6449/6449 6437/6437
f 6430/6430 6451/6451 6494/6494
f 6453/6453 6448/6448 6455/6455
f 6414/6414 6465/6465 6433/6433
f 6345/6345 6458/6458 6457/6457
f 6396/6396 6447/6447 6460/6460
f 6461/6461 6455/6455 6448/6448
f 6503/6503 6454/6454 6453/6453
f 6481/6481 6427/6427 6452/6452
f 6414/6414 6485/6485 6486/6486
f 6404/6404 6470/6470 6381/6381
f 6444/6444 6432/6432 6439/6439
f 6396/6396 6462/6462 6480/6480
f 6485/6485 6414/6414 6491/6491
f 6491/6491 6345/6345 6521/6521
f 6345/6345 6457/6457 6521/6521
f 6445/6445 6466/6466 6395/6395
f 6396/6396 6460/6460 6527/6527
f 6453/6453 6454/6454 6448/6448
f 6473/6473 6503/6503 6453/6453
f 6433/6433 6468/6468 6410/6410
f 6415/6415 6444/6444 6464/6464
f 6467/6467 6437/6437 6469/6469
f 6396/6396 6480/6480 6447/6447
f 6503/6503 6461/6461 6454/6454
f 6473/6473 6453/6453 6431/6431
f 6431/6431 6419/6419 6468/6468
f 6440/6440 6487/6487 6408/6408
f 6444/6444 6439/6439 6478/6478
f 6479/6479 6449/6449 6489/6489
f 6395/6395 6466/6466 6411/6411
f 6454/6454 6461/6461 6448/6448
f 6476/6476 6468/6468 6465/6465
f 6433/6433 6465/6465 6468/6468
f 6449/6449 6469/6469 6471/6471
f 6467/6467 6469/6469 6449/6449
f 6469/6469 6437/6437 6502/6502
f 6476/6476 6474/6474 6468/6468
f 6408/6408 6487/6487 6423/6423
f 6441/6441 6390/6390 6423/6423
f 6411/6411 6475/6475 6420/6420
f 6471/6471 6469/6469 6502/6502
f 6473/6473 6431/6431 6468/6468
f 6477/6477 6458/6458 6392/6392
f 6459/6459 6477/6477 6392/6392
f 6477/6477 6459/6459 6456/6456
f 6488/6488 6444/6444 6478/6478
f 6442/6442 6451/6451 6430/6430
f 6473/6473 6474/6474 6476/6476
f 6488/6488 6478/6478 6475/6475
f 6483/6483 6475/6475 6478/6478
f 6495/6495 6473/6473 6476/6476
f 6435/6435 6495/6495 6476/6476
f 6521/6521 6457/6457 6458/6458
f 6404/6404 6441/6441 6470/6470
f 6503/6503 6473/6473 6495/6495
f 6474/6474 6473/6473 6468/6468
f 6439/6439 6463/6463 6478/6478
f 6442/6442 6475/6475 6492/6492
f 6498/6498 6435/6435 6472/6472
f 6478/6478 6463/6463 6479/6479
f 6511/6511 6472/6472 6497/6497
f 6497/6497 6472/6472 6481/6481
f 6486/6486 6485/6485 6491/6491
f 6530/6530 6523/6523 6504/6504
f 6411/6411 6482/6482 6475/6475
f 6492/6492 6475/6475 6483/6483
f 6492/6492 6478/6478 6484/6484
f 6484/6484 6478/6478 6508/6508
f 6451/6451 6493/6493 6484/6484
f 6452/6452 6499/6499 6481/6481
f 6472/6472 6511/6511 6498/6498
f 6451/6451 6484/6484 6515/6515
f 6488/6488 6464/6464 6444/6444
f 6445/6445 6464/6464 6488/6488
f 6411/6411 6466/6466 6445/6445
f 6411/6411 6445/6445 6482/6482
f 6482/6482 6445/6445 6475/6475
f 6449/6449 6471/6471 6498/6498
f 6490/6490 6481/6481 6499/6499
f 6490/6490 6497/6497 6481/6481
f 6525/6525 6486/6486 6491/6491
f 6475/6475 6445/6445 6488/6488
f 6492/6492 6483/6483 6478/6478
f 6493/6493 6492/6492 6484/6484
f 6442/6442 6492/6492 6451/6451
f 6518/6518 6438/6438 6527/6527
f 6479/6479 6489/6489 6478/6478
f 6492/6492 6493/6493 6451/6451
f 6478/6478 6489/6489 6508/6508
f 6471/6471 6502/6502 6498/6498
f 6511/6511 6496/6496 6498/6498
f 6499/6499 6484/6484 6490/6490
f 6440/6440 6443/6443 6505/6505
f 6489/6489 6449/6449 6496/6496
f 6496/6496 6449/6449 6498/6498
f 6529/6529 6491/6491 6521/6521
f 6451/6451 6515/6515 6513/6513
f 6462/6462 6512/6512 6480/6480
f 6499/6499 6452/6452 6500/6500
f 6498/6498 6501/6501 6435/6435
f 6501/6501 6495/6495 6435/6435
f 6500/6500 6486/6486 6525/6525
f 6470/6470 6441/6441 6507/6507
f 6498/6498 6502/6502 6503/6503
f 6380/6380 6504/6504 6523/6523
f 6508/6508 6489/6489 6497/6497
f 6447/6447 6480/6480 6460/6460
f 6477/6477 6456/6456 6458/6458
f 6501/6501 6498/6498 6495/6495
f 6495/6495 6506/6506 6503/6503
f 6489/6489 6510/6510 6497/6497
f 6498/6498 6503/6503 6506/6506
f 6498/6498 6506/6506 6495/6495
f 6510/6510 6489/6489 6496/6496
f 6440/6440 6522/6522 6487/6487
f 6423/6423 6535/6535 6441/6441
f 6497/6497 6510/6510 6511/6511
f 6508/6508 6509/6509 6490/6490
f 6484/6484 6508/6508 6490/6490
f 6509/6509 6497/6497 6490/6490
f 6484/6484 6499/6499 6515/6515
f 6441/6441 6535/6535 6507/6507
f 6510/6510 6496/6496 6511/6511
f 6462/6462 6494/6494 6512/6512
f 6508/6508 6497/6497 6509/6509
f 6451/6451 6513/6513 6494/6494
f 6525/6525 6491/6491 6529/6529
f 6443/6443 6523/6523 6505/6505
f 6548/6548 6519/6519 6487/6487
f 6521/6521 6458/6458 6456/6456
f 6480/6480 6512/6512 6517/6517
f 6513/6513 6515/6515 6494/6494
f 6499/6499 6500/6500 6515/6515
f 6528/6528 6500/6500 6525/6525
f 6512/6512 6494/6494 6528/6528
f 6521/6521 6456/6456 6533/6533
f 6533/6533 6456/6456 6534/6534
f 6526/6526 6522/6522 6440/6440
f 6423/6423 6487/6487 6514/6514
f 6500/6500 6528/6528 6524/6524
f 6456/6456 6507/6507 6535/6535
f 6515/6515 6500/6500 6524/6524
f 6520/6520 6546/6546 6487/6487
f 6423/6423 6514/6514 6535/6535
f 6534/6534 6456/6456 6535/6535
f 6494/6494 6515/6515 6524/6524
f 6487/6487 6522/6522 6520/6520
f 6523/6523 6440/6440 6505/6505
f 6518/6518 6527/6527 6543/6543
f 6548/6548 6487/6487 6546/6546
f 6480/6480 6544/6544 6460/6460
f 6519/6519 6539/6539 6487/6487
f 6523/6523 6530/6530 6516/6516
f 6494/6494 6524/6524 6528/6528
f 6480/6480 6517/6517 6544/6544
f 6517/6517 6531/6531 6519/6519
f 6523/6523 6526/6526 6440/6440
f 6517/6517 6532/6532 6531/6531
f 6519/6519 6548/6548 6517/6517
f 6521/6521 6533/6533 6540/6540
f 6543/6543 6527/6527 6536/6536
f 6529/6529 6545/6545 6525/6525
f 6529/6529 6521/6521 6545/6545
f 6516/6516 6530/6530 6504/6504
f 6551/6551 6526/6526 6523/6523
f 6517/6517 6512/6512 6528/6528
f 6517/6517 6528/6528 6532/6532
f 6525/6525 6545/6545 6528/6528
f 6531/6531 6539/6539 6519/6519
f 6520/6520 6522/6522 6526/6526
f 6545/6545 6521/6521 6540/6540
f 6516/6516 6504/6504 6538/6538
f 6534/6534 6540/6540 6533/6533
f 6535/6535 6540/6540 6534/6534
f 6528/6528 6537/6537 6532/6532
f 6487/6487 6539/6539 6514/6514
f 6514/6514 6539/6539 6535/6535
f 6539/6539 6540/6540 6535/6535
f 6520/6520 6526/6526 6546/6546
f 6527/6527 6460/6460 6544/6544
f 6542/6542 6528/6528 6545/6545
f 6544/6544 6517/6517 6548/6548
f 6537/6537 6528/6528 6542/6542
f 6532/6532 6542/6542 6531/6531
f 6516/6516 6538/6538 6541/6541
f 6532/6532 6537/6537 6542/6542
f 6516/6516 6551/6551 6523/6523
f 6531/6531 6542/6542 6539/6539
f 6549/6549 6516/6516 6541/6541
f 6542/6542 6545/6545 6539/6539
f 6539/6539 6545/6545 6540/6540
f 6516/6516 6549/6549 6559/6559
f 6547/6547 6549/6549 6541/6541
f 6550/6550 6543/6543 6536/6536
f 6555/6555 6549/6549 6547/6547
f 6548/6548 6546/6546 6560/6560
f 6536/6536 6549/6549 6555/6555
f 6526/6526 6560/6560 6546/6546
f 6559/6559 6551/6551 6516/6516
f 6560/6560 6526/6526 6551/6551
f 6550/6550 6536/6536 6553/6553
f 6556/6556 6549/6549 6536/6536
f 6527/6527 6544/6544 6558/6558
f 6555/6555 6547/6547 6552/6552
f 6536/6536 6555/6555 6554/6554
f 6544/6544 6548/6548 6558/6558
f 6558/6558 6548/6548 6560/6560
f 6556/6556 6536/6536 6527/6527
f 6553/6553 6536/6536 6554/6554
f 6549/6549 6558/6558 6559/6559
f 6554/6554 6555/6555 6557/6557
f 6556/6556 6527/6527 6558/6558
f 6559/6559 6560/6560 6551/6551
f 6555/6555 6552/6552 6557/6557
f 6556/6556 6558/6558 6549/6549
f 6558/6558 6560/6560 6561/6561
f 6561/6561 6560/6560 6559/6559
f 6558/6558 6561/6561 6559/6559
f 6574/6574 6562/6562 6570/6570
f 6571/6571 6563/6563 6569/6569
f 6572/6572 6591/6591 6564/6564
f 6564/6564 6584/6584 6565/6565
f 6565/6565 6570/6570 6562/6562
f 6567/6567 6579/6579 6581/6581
f 6567/6567 6576/6576 6577/6577
f 6569/6569 6568/6568 6571/6571
f 6563/6563 6587/6587 6572/6572
f 6564/6564 6591/6591 6573/6573
f 6566/6566 6579/6579 6567/6567
f 6564/6564 6573/6573 6584/6584
f 6584/6584 6570/6570 6565/6565
f 6578/6578 6576/6576 6567/6567
f 6568/6568 6599/6599 6571/6571
f 6571/6571 6575/6575 6563/6563
f 6572/6572 6587/6587 6588/6588
f 6588/6588 6582/6582 6572/6572
f 6572/6572 6582/6582 6591/6591
f 6574/6574 6630/6630 6562/6562
f 6581/6581 6578/6578 6567/6567
f 6608/6608 6577/6577 6576/6576
f 6575/6575 6587/6587 6563/6563
f 6586/6586 6608/6608 6576/6576
f 6585/6585 6583/6583 6576/6576
f 6591/6591 6584/6584 6573/6573
f 6579/6579 6596/6596 6581/6581
f 6582/6582 6619/6619 6591/6591
f 6578/6578 6590/6590 6576/6576
f 6576/6576 6590/6590 6585/6585
f 6586/6586 6592/6592 6608/6608
f 6604/6604 6595/6595 6570/6570
f 6586/6586 6576/6576 6592/6592
f 6583/6583 6592/6592 6576/6576
f 6584/6584 6604/6604 6570/6570
f 6619/6619 6582/6582 6588/6588
f 6570/6570 6595/6595 6607/6607
f 6614/6614 6588/6588 6587/6587
f 6575/6575 6580/6580 6587/6587
f 6599/6599 6568/6568 6593/6593
f 6580/6580 6614/6614 6587/6587
f 6585/6585 6594/6594 6583/6583
f 6594/6594 6592/6592 6583/6583
f 6584/6584 6591/6591 6597/6597
f 6604/6604 6584/6584 6602/6602
f 6590/6590 6606/6606 6585/6585
f 6581/6581 6596/6596 6578/6578
f 6584/6584 6597/6597 6602/6602
f 6571/6571 6600/6600 6575/6575
f 6575/6575 6600/6600 6580/6580
f 6578/6578 6606/6606 6590/6590
f 6599/6599 6600/6600 6571/6571
f 6600/6600 6614/6614 6580/6580
f 6591/6591 6619/6619 6603/6603
f 6579/6579 6598/6598 6596/6596
f 6593/6593 6605/6605 6599/6599
f 6574/6574 6589/6589 6630/6630
f 6626/6626 6591/6591 6603/6603
f 6574/6574 6570/6570 6607/6607
f 6599/6599 6605/6605 6600/6600
f 6585/6585 6606/6606 6594/6594
f 6594/6594 6632/6632 6592/6592
f 6596/6596 6610/6610 6578/6578
f 6596/6596 6598/6598 6609/6609
f 6602/6602 6613/6613 6604/6604
f 6592/6592 6656/6656 6608/6608
f 6566/6566 6616/6616 6579/6579
f 6596/6596 6609/6609 6610/6610
f 6605/6605 6611/6611 6600/6600
f 6610/6610 6606/6606 6578/6578
f 6607/6607 6601/6601 6574/6574
f 6579/6579 6617/6617 6598/6598
f 6616/6616 6617/6617 6579/6579
f 6592/6592 6618/6618 6656/6656
f 6626/6626 6603/6603 6615/6615
f 6617/6617 6631/6631 6598/6598
f 6600/6600 6611/6611 6614/6614
f 6598/6598 6631/6631 6627/6627
f 6632/6632 6633/6633 6592/6592
f 6611/6611 6620/6620 6614/6614
f 6601/6601 6628/6628 6574/6574
f 6588/6588 6624/6624 6619/6619
f 6602/6602 6597/6597 6591/6591
f 6620/6620 6621/6621 6614/6614
f 6606/6606 6639/6639 6594/6594
f 6622/6622 6614/6614 6621/6621
f 6614/6614 6624/6624 6588/6588
f 6692/6692 6604/6604 6613/6613
f 6629/6629 6628/6628 6601/6601
f 6612/6612 6639/6639 6606/6606
f 6622/6622 6623/6623 6614/6614
f 6566/6566 6625/6625 6616/6616
f 6623/6623 6624/6624 6614/6614
f 6594/6594 6638/6638 6632/6632
f 6595/6595 6601/6601 6607/6607
f 6574/6574 6628/6628 6589/6589
f 6606/6606 6610/6610 6636/6636
f 6595/6595 6604/6604 6692/6692
f 6617/6617 6616/6616 6631/6631
f 6594/6594 6639/6639 6638/6638
f 6609/6609 6636/6636 6610/6610
f 6591/6591 6626/6626 6615/6615
f 6606/6606 6636/6636 6612/6612
f 6613/6613 6602/6602 6634/6634
f 6592/6592 6633/6633 6618/6618
f 6609/6609 6598/6598 6636/6636
f 6591/6591 6615/6615 6635/6635
f 6589/6589 6726/6726 6630/6630
f 6631/6631 6616/6616 6627/6627
f 6598/6598 6637/6637 6636/6636
f 6627/6627 6637/6637 6598/6598
f 6618/6618 6633/6633 6656/6656
f 6639/6639 6642/6642 6650/6650
f 6612/6612 6643/6643 6639/6639
f 6625/6625 6716/6716 6616/6616
f 6612/6612 6636/6636 6643/6643
f 6639/6639 6650/6650 6638/6638
f 6602/6602 6591/6591 6634/6634
f 6651/6651 6627/6627 6616/6616
f 6637/6637 6655/6655 6636/6636
f 6641/6641 6658/6658 6601/6601
f 6645/6645 6646/6646 6667/6667
f 6634/6634 6591/6591 6635/6635
f 6640/6640 6645/6645 6667/6667
f 6644/6644 6654/6654 6640/6640
f 6654/6654 6647/6647 6640/6640
f 6661/6661 6645/6645 6649/6649
f 6653/6653 6649/6649 6669/6669
f 6646/6646 6645/6645 6661/6661
f 6674/6674 6726/6726 6589/6589
f 6601/6601 6658/6658 6629/6629
f 6645/6645 6648/6648 6649/6649
f 6703/6703 6613/6613 6634/6634
f 6627/6627 6690/6690 6637/6637
f 6616/6616 6697/6697 6651/6651
f 6639/6639 6659/6659 6642/6642
f 6643/6643 6659/6659 6639/6639
f 6636/6636 6655/6655 6643/6643
f 6653/6653 6669/6669 6670/6670
f 6601/6601 6692/6692 6641/6641
f 6717/6717 6640/6640 6667/6667
f 6595/6595 6692/6692 6601/6601
f 6644/6644 6640/6640 6717/6717
f 6659/6659 6643/6643 6673/6673
f 6705/6705 6658/6658 6641/6641
f 6644/6644 6665/6665 6654/6654
f 6653/6653 6676/6676 6649/6649
f 6640/6640 6647/6647 6645/6645
f 6653/6653 6657/6657 6676/6676
f 6649/6649 6648/6648 6669/6669
f 6660/6660 6676/6676 6657/6657
f 6642/6642 6659/6659 6650/6650
f 6659/6659 6673/6673 6650/6650
f 6646/6646 6661/6661 6667/6667
f 6682/6682 6648/6648 6645/6645
f 6650/6650 6663/6663 6638/6638
f 6757/6757 6664/6664 6638/6638
f 6638/6638 6664/6664 6662/6662
f 6666/6666 6650/6650 6673/6673
f 6656/6656 6633/6633 6678/6678
f 6653/6653 6670/6670 6657/6657
f 6628/6628 6674/6674 6589/6589
f 6649/6649 6676/6676 6672/6672
f 6643/6643 6655/6655 6712/6712
f 6633/6633 6632/6632 6678/6678
f 6647/6647 6682/6682 6645/6645
f 6669/6669 6648/6648 6682/6682
f 6692/6692 6705/6705 6641/6641
f 6629/6629 6658/6658 6628/6628
f 6638/6638 6662/6662 6668/6668
f 6692/6692 6613/6613 6703/6703
f 6705/6705 6628/6628 6658/6658
f 6649/6649 6672/6672 6661/6661
f 6680/6680 6665/6665 6644/6644
f 6671/6671 6661/6661 6705/6705
f 6661/6661 6672/6672 6705/6705
f 6705/6705 6672/6672 6628/6628
f 6652/6652 6670/6670 6669/6669
f 6634/6634 6715/6715 6703/6703
f 6663/6663 6757/6757 6638/6638
f 6643/6643 6712/6712 6673/6673
f 6684/6684 6671/6671 6705/6705
f 6657/6657 6670/6670 6660/6660
f 6717/6717 6680/6680 6644/6644
f 6671/6671 6667/6667 6661/6661
f 6627/6627 6651/6651 6675/6675
f 6680/6680 6681/6681 6665/6665
f 6673/6673 6712/6712 6666/6666
f 6665/6665 6647/6647 6654/6654
f 6690/6690 6627/6627 6675/6675
f 6716/6716 6697/6697 6616/6616
f 6650/6650 6687/6687 6663/6663
f 6667/6667 6671/6671 6684/6684
f 6681/6681 6647/6647 6665/6665
f 6632/6632 6668/6668 6678/6678
f 6628/6628 6672/6672 6674/6674
f 6682/6682 6683/6683 6669/6669
f 6650/6650 6666/6666 6687/6687
f 6700/6700 6682/6682 6647/6647
f 6676/6676 6677/6677 6699/6699
f 6638/6638 6668/6668 6632/6632
f 6717/6717 6681/6681 6680/6680
f 6724/6724 6717/6717 6667/6667
f 6681/6681 6694/6694 6647/6647
f 6700/6700 6708/6708 6685/6685
f 6674/6674 6672/6672 6695/6695
f 6685/6685 6708/6708 6686/6686
f 6682/6682 6700/6700 6689/6689
f 6685/6685 6686/6686 6688/6688
f 6634/6634 6728/6728 6715/6715
f 6693/6693 6689/6689 6700/6700
f 6634/6634 6635/6635 6691/6691
f 6667/6667 6684/6684 6724/6724
f 6700/6700 6685/6685 6693/6693
f 6685/6685 6689/6689 6693/6693
f 6717/6717 6707/6707 6681/6681
f 6682/6682 6689/6689 6683/6683
f 6676/6676 6706/6706 6677/6677
f 6694/6694 6700/6700 6647/6647
f 6672/6672 6676/6676 6699/6699
f 6670/6670 6652/6652 6719/6719
f 6695/6695 6738/6738 6674/6674
f 6688/6688 6698/6698 6685/6685
f 6685/6685 6698/6698 6709/6709
f 6634/6634 6691/6691 6728/6728
f 6681/6681 6707/6707 6711/6711
f 6637/6637 6736/6736 6655/6655
f 6683/6683 6702/6702 6669/6669
f 6687/6687 6666/6666 6712/6712
f 6660/6660 6679/6679 6676/6676
f 6685/6685 6709/6709 6689/6689
f 6719/6719 6660/6660 6670/6670
f 6701/6701 6694/6694 6681/6681
f 6672/6672 6738/6738 6695/6695
f 6672/6672 6699/6699 6738/6738
f 6757/6757 6663/6663 6729/6729
f 6677/6677 6706/6706 6699/6699
f 6711/6711 6701/6701 6681/6681
f 6625/6625 6704/6704 6716/6716
f 6679/6679 6706/6706 6676/6676
f 6705/6705 6692/6692 6768/6768
f 6724/6724 6684/6684 6768/6768
f 6697/6697 6675/6675 6651/6651
f 6669/6669 6702/6702 6652/6652
f 6689/6689 6702/6702 6683/6683
f 6720/6720 6708/6708 6700/6700
f 6687/6687 6712/6712 6713/6713
f 6690/6690 6734/6734 6637/6637
f 6696/6696 6729/6729 6663/6663
f 6692/6692 6703/6703 6768/6768
f 6679/6679 6714/6714 6706/6706
f 6703/6703 6715/6715 6740/6740
f 6694/6694 6701/6701 6700/6700
f 6689/6689 6727/6727 6702/6702
f 6728/6728 6691/6691 6710/6710
f 6713/6713 6663/6663 6687/6687
f 6690/6690 6675/6675 6734/6734
f 6663/6663 6713/6713 6696/6696
f 6768/6768 6684/6684 6705/6705
f 6660/6660 6719/6719 6679/6679
f 6722/6722 6707/6707 6717/6717
f 6722/6722 6746/6746 6711/6711
f 6734/6734 6675/6675 6765/6765
f 6689/6689 6731/6731 6727/6727
f 6707/6707 6722/6722 6711/6711
f 6700/6700 6701/6701 6720/6720
f 6738/6738 6723/6723 6674/6674
f 6702/6702 6727/6727 6652/6652
f 6711/6711 6746/6746 6701/6701
f 6674/6674 6723/6723 6726/6726
f 6699/6699 6706/6706 6738/6738
f 6732/6732 6703/6703 6740/6740
f 6737/6737 6717/6717 6768/6768
f 6717/6717 6724/6724 6768/6768
f 6712/6712 6696/6696 6713/6713
f 6655/6655 6736/6736 6712/6712
f 6689/6689 6709/6709 6739/6739
f 6709/6709 6698/6698 6739/6739
f 6714/6714 6725/6725 6706/6706
f 6701/6701 6746/6746 6720/6720
f 6716/6716 6721/6721 6697/6697
f 6704/6704 6721/6721 6716/6716
f 6697/6697 6718/6718 6675/6675
f 6715/6715 6728/6728 6740/6740
f 6722/6722 6717/6717 6737/6737
f 6768/6768 6703/6703 6732/6732
f 6738/6738 6706/6706 6725/6725
f 6740/6740 6728/6728 6748/6748
f 6727/6727 6719/6719 6652/6652
f 6739/6739 6731/6731 6689/6689
f 6719/6719 6714/6714 6679/6679
f 6728/6728 6710/6710 6748/6748
f 6637/6637 6734/6734 6736/6736
f 6736/6736 6696/6696 6712/6712
f 6698/6698 6730/6730 6739/6739
f 6736/6736 6744/6744 6696/6696
f 6723/6723 6745/6745 6726/6726
f 6696/6696 6741/6741 6729/6729
f 6675/6675 6718/6718 6742/6742
f 6757/6757 6729/6729 6733/6733
f 6738/6738 6725/6725 6735/6735
f 6723/6723 6738/6738 6745/6745
f 6751/6751 6722/6722 6737/6737
f 6737/6737 6768/6768 6751/6751
f 6741/6741 6733/6733 6729/6729
f 6727/6727 6731/6731 6747/6747
f 6760/6760 6743/6743 6725/6725
f 6725/6725 6714/6714 6760/6760
f 6744/6744 6741/6741 6696/6696
f 6725/6725 6743/6743 6745/6745
f 6725/6725 6745/6745 6735/6735
f 6738/6738 6735/6735 6745/6745
f 6727/6727 6747/6747 6719/6719
f 6746/6746 6722/6722 6752/6752
f 6704/6704 6749/6749 6721/6721
f 6749/6749 6750/6750 6761/6761
f 6714/6714 6747/6747 6760/6760
f 6714/6714 6719/6719 6747/6747
f 6761/6761 6759/6759 6749/6749
f 6772/6772 6751/6751 6768/6768
f 6733/6733 6741/6741 6744/6744
f 6722/6722 6769/6769 6752/6752
f 6765/6765 6736/6736 6734/6734
f 6736/6736 6753/6753 6744/6744
f 6761/6761 6766/6766 6759/6759
f 6756/6756 6748/6748 6710/6710
f 6721/6721 6749/6749 6759/6759
f 6755/6755 6740/6740 6748/6748
f 6731/6731 6754/6754 6747/6747
f 6757/6757 6733/6733 6756/6756
f 6675/6675 6742/6742 6765/6765
f 6740/6740 6755/6755 6796/6796
f 6710/6710 6757/6757 6756/6756
f 6739/6739 6730/6730 6754/6754
f 6748/6748 6756/6756 6763/6763
f 6765/6765 6742/6742 6776/6776
f 6748/6748 6771/6771 6755/6755
f 6697/6697 6721/6721 6758/6758
f 6747/6747 6778/6778 6760/6760
f 6722/6722 6751/6751 6772/6772
f 6747/6747 6754/6754 6778/6778
f 6739/6739 6754/6754 6731/6731
f 6768/6768 6779/6779 6772/6772
f 6764/6764 6744/6744 6753/6753
f 6736/6736 6764/6764 6753/6753
f 6758/6758 6721/6721 6759/6759
f 6771/6771 6748/6748 6763/6763
f 6756/6756 6733/6733 6763/6763
f 6697/6697 6758/6758 6789/6789
f 6771/6771 6765/6765 6776/6776
f 6733/6733 6744/6744 6764/6764
f 6765/6765 6764/6764 6736/6736
f 6750/6750 6784/6784 6761/6761
f 6759/6759 6766/6766 6762/6762
f 6761/6761 6780/6780 6766/6766
f 6771/6771 6764/6764 6765/6765
f 6750/6750 6767/6767 6784/6784
f 6770/6770 6733/6733 6764/6764
f 6761/6761 6784/6784 6780/6780
f 6755/6755 6771/6771 6796/6796
f 6764/6764 6771/6771 6770/6770
f 6732/6732 6740/6740 6796/6796
f 6763/6763 6733/6733 6770/6770
f 6777/6777 6771/6771 6776/6776
f 6769/6769 6722/6722 6801/6801
f 6771/6771 6763/6763 6770/6770
f 6758/6758 6759/6759 6792/6792
f 6832/6832 6771/6771 6777/6777
f 6789/6789 6794/6794 6697/6697
f 6730/6730 6782/6782 6754/6754
f 6768/6768 6773/6773 6779/6779
f 6780/6780 6774/6774 6766/6766
f 6772/6772 6810/6810 6722/6722
f 6697/6697 6742/6742 6718/6718
f 6766/6766 6775/6775 6762/6762
f 6759/6759 6762/6762 6792/6792
f 6777/6777 6776/6776 6832/6832
f 6771/6771 6832/6832 6828/6828
f 6754/6754 6781/6781 6778/6778
f 6784/6784 6785/6785 6780/6780
f 6754/6754 6787/6787 6781/6781
f 6828/6828 6796/6796 6771/6771
f 6754/6754 6782/6782 6787/6787
f 6722/6722 6783/6783 6801/6801
f 6775/6775 6792/6792 6762/6762
f 6767/6767 6793/6793 6784/6784
f 6767/6767 6786/6786 6793/6793
f 6742/6742 6794/6794 6776/6776
f 6787/6787 6782/6782 6788/6788
f 6730/6730 6788/6788 6782/6782
f 6780/6780 6804/6804 6774/6774
f 6784/6784 6791/6791 6785/6785
f 6722/6722 6810/6810 6783/6783
f 6792/6792 6812/6812 6758/6758
f 6793/6793 6790/6790 6784/6784
f 6766/6766 6774/6774 6775/6775
f 6794/6794 6742/6742 6697/6697
f 6758/6758 6812/6812 6789/6789
f 6785/6785 6791/6791 6780/6780
f 6784/6784 6790/6790 6791/6791
f 6772/6772 6779/6779 6810/6810
f 6786/6786 6795/6795 6793/6793
f 6793/6793 6795/6795 6790/6790
f 6732/6732 6796/6796 6768/6768
f 6799/6799 6811/6811 6780/6780
f 6791/6791 6799/6799 6780/6780
f 6780/6780 6811/6811 6804/6804
f 6791/6791 6790/6790 6795/6795
f 6807/6807 6812/6812 6792/6792
f 6792/6792 6775/6775 6807/6807
f 6832/6832 6776/6776 6794/6794
f 6795/6795 6806/6806 6791/6791
f 6791/6791 6797/6797 6799/6799
f 6835/6835 6796/6796 6828/6828
f 6774/6774 6805/6805 6775/6775
f 6768/6768 6796/6796 6773/6773
f 6791/6791 6800/6800 6797/6797
f 6801/6801 6783/6783 6820/6820
f 6820/6820 6783/6783 6798/6798
f 6795/6795 6802/6802 6806/6806
f 6810/6810 6821/6821 6783/6783
f 6799/6799 6797/6797 6809/6809
f 6791/6791 6806/6806 6800/6800
f 6779/6779 6773/6773 6810/6810
f 6810/6810 6803/6803 6821/6821
f 6805/6805 6807/6807 6775/6775
f 6835/6835 6828/6828 6832/6832
f 6810/6810 6773/6773 6825/6825
f 6773/6773 6796/6796 6835/6835
f 6774/6774 6813/6813 6805/6805
f 6805/6805 6813/6813 6807/6807
f 6800/6800 6814/6814 6797/6797
f 6806/6806 6816/6816 6800/6800
f 6802/6802 6816/6816 6806/6806
f 6783/6783 6817/6817 6798/6798
f 6835/6835 6832/6832 6834/6834
f 6807/6807 6827/6827 6812/6812
f 6799/6799 6815/6815 6811/6811
f 6804/6804 6819/6819 6808/6808
f 6809/6809 6815/6815 6799/6799
f 6809/6809 6797/6797 6814/6814
f 6800/6800 6841/6841 6818/6818
f 6822/6822 6811/6811 6823/6823
f 6774/6774 6804/6804 6813/6813
f 6800/6800 6809/6809 6814/6814
f 6811/6811 6822/6822 6804/6804
f 6810/6810 6825/6825 6803/6803
f 6783/6783 6821/6821 6817/6817
f 6807/6807 6813/6813 6827/6827
f 6818/6818 6809/6809 6800/6800
f 6819/6819 6804/6804 6822/6822
f 6815/6815 6823/6823 6811/6811
f 6773/6773 6835/6835 6826/6826
f 6829/6829 6773/6773 6826/6826
f 6803/6803 6825/6825 6821/6821
f 6812/6812 6837/6837 6789/6789
f 6809/6809 6823/6823 6815/6815
f 6841/6841 6809/6809 6818/6818
f 6820/6820 6798/6798 6866/6866
f 6825/6825 6773/6773 6829/6829
f 6825/6825 6824/6824 6821/6821
f 6808/6808 6843/6843 6804/6804
f 6821/6821 6824/6824 6817/6817
f 6794/6794 6789/6789 6837/6837
f 6804/6804 6843/6843 6839/6839
f 6836/6836 6813/6813 6804/6804
f 6836/6836 6827/6827 6813/6813
f 6817/6817 6824/6824 6831/6831
f 6812/6812 6827/6827 6836/6836
f 6816/6816 6841/6841 6800/6800
f 6837/6837 6830/6830 6832/6832
f 6833/6833 6863/6863 6826/6826
f 6824/6824 6825/6825 6831/6831
f 6830/6830 6834/6834 6832/6832
f 6837/6837 6832/6832 6794/6794
f 6804/6804 6839/6839 6836/6836
f 6823/6823 6845/6845 6851/6851
f 6831/6831 6840/6840 6817/6817
f 6826/6826 6830/6830 6833/6833
f 6835/6835 6834/6834 6830/6830
f 6822/6822 6823/6823 6851/6851
f 6835/6835 6830/6830 6826/6826
f 6833/6833 6830/6830 6837/6837
f 6841/6841 6816/6816 6802/6802
f 6825/6825 6846/6846 6831/6831
f 6819/6819 6822/6822 6851/6851
f 6823/6823 6809/6809 6849/6849
f 6846/6846 6840/6840 6831/6831
f 6866/6866 6798/6798 6838/6838
f 6836/6836 6873/6873 6854/6854
f 6841/6841 6849/6849 6809/6809
f 6856/6856 6833/6833 6837/6837
f 6798/6798 6817/6817 6842/6842
f 6819/6819 6851/6851 6844/6844
f 6839/6839 6873/6873 6836/6836
f 6817/6817 6840/6840 6842/6842
f 6842/6842 6838/6838 6798/6798
f 6825/6825 6829/6829 6846/6846
f 6849/6849 6845/6845 6823/6823
f 6863/6863 6833/6833 6856/6856
f 6837/6837 6836/6836 6854/6854
f 6844/6844 6843/6843 6819/6819
f 6826/6826 6863/6863 6829/6829
f 6812/6812 6836/6836 6837/6837
f 6837/6837 6854/6854 6873/6873
f 6819/6819 6843/6843 6808/6808
f 6802/6802 6848/6848 6841/6841
f 6853/6853 6857/6857 6844/6844
f 6851/6851 6853/6853 6844/6844
f 6849/6849 6851/6851 6845/6845
f 6849/6849 6841/6841 6867/6867
f 6865/6865 6853/6853 6851/6851
f 6846/6846 6850/6850 6840/6840
f 6846/6846 6829/6829 6850/6850
f 6882/6882 6837/6837 6873/6873
f 6843/6843 6857/6857 6888/6888
f 6848/6848 6802/6802 6861/6861
f 6856/6856 6837/6837 6882/6882
f 6858/6858 6881/6881 6853/6853
f 6844/6844 6857/6857 6843/6843
f 6841/6841 6848/6848 6861/6861
f 6843/6843 6847/6847 6839/6839
f 6858/6858 6853/6853 6865/6865
f 6861/6861 6867/6867 6841/6841
f 6850/6850 6852/6852 6840/6840
f 6802/6802 6855/6855 6861/6861
f 6859/6859 6839/6839 6847/6847
f 6860/6860 6851/6851 6849/6849
f 6842/6842 6840/6840 6864/6864
f 6866/6866 6838/6838 6870/6870
f 6849/6849 6867/6867 6860/6860
f 6855/6855 6875/6875 6861/6861
f 6843/6843 6859/6859 6847/6847
f 6861/6861 6880/6880 6867/6867
f 6851/6851 6860/6860 6865/6865
f 6855/6855 6862/6862 6875/6875
f 6875/6875 6880/6880 6861/6861
f 6850/6850 6829/6829 6863/6863
f 6867/6867 6865/6865 6860/6860
f 6842/6842 6864/6864 6877/6877
f 6838/6838 6877/6877 6870/6870
f 6866/6866 6870/6870 6876/6876
f 6874/6874 6867/6867 6880/6880
f 6838/6838 6842/6842 6877/6877
f 6877/6877 6858/6858 6865/6865
f 6868/6868 6867/6867 6874/6874
f 6888/6888 6859/6859 6843/6843
f 6864/6864 6858/6858 6877/6877
f 6868/6868 6871/6871 6867/6867
f 6869/6869 6865/6865 6867/6867
f 6870/6870 6868/6868 6874/6874
f 6872/6872 6873/6873 6839/6839
f 6877/6877 6879/6879 6868/6868
f 6868/6868 6879/6879 6871/6871
f 6870/6870 6877/6877 6868/6868
f 6876/6876 6870/6870 6874/6874
f 6876/6876 6874/6874 6875/6875
f 6876/6876 6875/6875 6862/6862
f 6856/6856 6882/6882 6887/6887
f 6859/6859 6872/6872 6839/6839
f 6867/6867 6871/6871 6869/6869
f 6858/6858 6864/6864 6881/6881
f 6871/6871 6865/6865 6869/6869
f 6853/6853 6881/6881 6878/6878
f 6874/6874 6880/6880 6875/6875
f 6879/6879 6865/6865 6871/6871
f 6852/6852 6881/6881 6840/6840
f 6877/6877 6865/6865 6879/6879
f 6859/6859 6888/6888 6872/6872
f 6840/6840 6881/6881 6864/6864
f 6888/6888 6891/6891 6872/6872
f 6850/6850 6863/6863 6881/6881
f 6885/6885 6883/6883 6853/6853
f 6852/6852 6850/6850 6881/6881
f 6884/6884 6882/6882 6873/6873
f 6853/6853 6883/6883 6857/6857
f 6888/6888 6857/6857 6889/6889
f 6883/6883 6889/6889 6857/6857
f 6882/6882 6884/6884 6891/6891
f 6885/6885 6853/6853 6878/6878
f 6887/6887 6882/6882 6890/6890
f 6886/6886 6878/6878 6881/6881
f 6884/6884 6873/6873 6891/6891
f 6873/6873 6872/6872 6891/6891
f 6890/6890 6882/6882 6891/6891
f 6892/6892 6856/6856 6887/6887
f 6883/6883 6888/6888 6889/6889
f 6885/6885 6888/6888 6883/6883
f 6856/6856 6892/6892 6863/6863
f 6885/6885 6887/6887 6890/6890
f 6887/6887 6885/6885 6878/6878
f 6885/6885 6891/6891 6888/6888
f 6890/6890 6891/6891 6885/6885
f 6863/6863 6886/6886 6881/6881
f 6886/6886 6887/6887 6878/6878
f 6863/6863 6892/6892 6886/6886
f 6886/6886 6892/6892 6887/6887
f 6918/6918 6893/6893 6894/6894
f 6893/6893 6897/6897 6894/6894
f 6896/6896 6895/6895 6897/6897
f 6893/6893 6896/6896 6897/6897
f 6918/6918 6906/6906 6893/6893
f 6899/6899 6905/6905 6910/6910
f 6898/6898 6903/6903 6899/6899
f 6898/6898 6899/6899 6912/6912
f 6898/6898 6902/6902 6903/6903
f 6895/6895 7026/7026 6897/6897
f 6894/6894 6901/6901 6918/6918
f 6902/6902 6900/6900 6903/6903
f 6905/6905 6899/6899 6923/6923
f 6899/6899 6910/6910 6912/6912
f 6899/6899 6903/6903 6924/6924
f 6904/6904 6902/6902 6898/6898
f 6912/6912 6904/6904 6898/6898
f 6907/6907 6902/6902 6904/6904
f 6893/6893 6906/6906 6896/6896
f 6908/6908 6898/6898 6904/6904
f 6904/6904 6898/6898 6908/6908
f 6904/6904 6911/6911 6907/6907
f 6907/6907 6911/6911 6925/6925
f 6902/6902 6913/6913 6900/6900
f 6902/6902 6925/6925 6909/6909
f 6920/6920 6906/6906 6916/6916
f 6907/6907 6925/6925 6902/6902
f 6902/6902 6909/6909 6913/6913
f 6926/6926 6932/6932 6905/6905
f 6957/6957 6911/6911 6904/6904
f 6926/6926 6905/6905 6923/6923
f 6913/6913 6909/6909 6917/6917
f 6915/6915 6919/6919 6920/6920
f 6918/6918 6916/6916 6906/6906
f 6925/6925 6917/6917 6909/6909
f 6899/6899 6919/6919 6915/6915
f 6900/6900 6913/6913 6903/6903
f 6912/6912 6921/6921 6904/6904
f 6914/6914 6957/6957 6904/6904
f 6928/6928 6899/6899 6915/6915
f 6928/6928 6915/6915 6920/6920
f 6923/6923 6899/6899 6922/6922
f 6927/6927 6910/6910 6905/6905
f 6910/6910 6921/6921 6912/6912
f 6939/6939 6917/6917 6925/6925
f 6899/6899 6924/6924 6940/6940
f 6937/6937 6905/6905 6932/6932
f 6904/6904 6921/6921 6929/6929
f 6928/6928 6923/6923 6922/6922
f 6896/6896 6906/6906 6935/6935
f 6910/6910 6927/6927 6930/6930
f 6896/6896 6935/6935 6950/6950
f 6910/6910 6929/6929 6921/6921
f 6896/6896 6950/6950 6895/6895
f 6922/6922 6899/6899 6928/6928
f 6910/6910 6930/6930 6929/6929
f 6904/6904 6929/6929 6914/6914
f 6917/6917 6931/6931 6913/6913
f 6919/6919 6940/6940 6920/6920
f 6899/6899 6940/6940 6919/6919
f 6928/6928 6920/6920 6916/6916
f 6923/6923 6928/6928 6945/6945
f 6938/6938 6917/6917 6966/6966
f 6940/6940 6943/6943 6920/6920
f 6903/6903 6913/6913 6944/6944
f 6939/6939 6966/6966 6917/6917
f 6943/6943 6935/6935 6920/6920
f 6941/6941 6924/6924 6903/6903
f 6914/6914 6929/6929 6957/6957
f 6926/6926 6936/6936 6932/6932
f 6937/6937 6927/6927 6905/6905
f 6918/6918 6901/6901 6934/6934
f 6931/6931 6933/6933 6913/6913
f 6917/6917 6938/6938 6931/6931
f 6930/6930 6927/6927 6937/6937
f 6925/6925 6911/6911 6939/6939
f 6945/6945 6928/6928 6916/6916
f 6918/6918 6934/6934 6916/6916
f 6941/6941 6903/6903 6944/6944
f 6960/6960 6923/6923 6945/6945
f 6964/6964 6936/6936 6926/6926
f 6942/6942 6947/6947 6931/6931
f 6920/6920 6935/6935 6906/6906
f 6924/6924 6941/6941 6940/6940
f 6913/6913 6933/6933 6951/6951
f 6937/6937 6932/6932 6936/6936
f 6961/6961 6923/6923 6960/6960
f 6937/6937 6936/6936 6930/6930
f 6940/6940 6941/6941 6943/6943
f 6931/6931 6938/6938 6942/6942
f 6931/6931 6949/6949 6933/6933
f 6929/6929 6930/6930 6946/6946
f 6946/6946 6957/6957 6929/6929
f 6952/6952 6930/6930 6936/6936
f 6936/6936 6964/6964 6952/6952
f 6947/6947 6958/6958 6931/6931
f 6913/6913 6951/6951 6954/6954
f 6895/6895 6948/6948 7026/7026
f 6923/6923 6964/6964 6926/6926
f 6911/6911 6957/6957 6953/6953
f 6941/6941 6944/6944 6913/6913
f 6933/6933 6949/6949 6958/6958
f 6943/6943 6941/6941 6962/6962
f 6953/6953 6939/6939 6911/6911
f 6953/6953 6966/6966 6939/6939
f 6930/6930 6952/6952 6946/6946
f 6952/6952 6957/6957 6946/6946
f 6938/6938 6966/6966 6942/6942
f 6913/6913 6954/6954 6970/6970
f 6941/6941 6913/6913 6970/6970
f 6995/6995 6916/6916 6934/6934
f 6957/6957 6955/6955 6953/6953
f 6931/6931 6958/6958 6949/6949
f 6943/6943 6962/6962 6935/6935
f 6970/6970 6956/6956 6935/6935
f 6945/6945 6916/6916 6995/6995
f 6923/6923 6961/6961 6964/6964
f 6979/6979 6960/6960 6984/6984
f 6975/6975 6983/6983 6957/6957
f 6958/6958 6965/6965 6933/6933
f 6964/6964 6978/6978 6952/6952
f 6987/6987 6957/6957 6952/6952
f 6968/6968 6959/6959 6933/6933
f 6975/6975 6957/6957 6987/6987
f 6983/6983 6955/6955 6957/6957
f 6966/6966 6963/6963 6942/6942
f 6933/6933 6959/6959 6951/6951
f 6970/6970 6954/6954 6951/6951
f 6965/6965 6968/6968 6933/6933
f 6959/6959 6968/6968 6951/6951
f 6958/6958 6947/6947 6963/6963
f 6964/6964 6961/6961 6974/6974
f 6963/6963 6947/6947 6942/6942
f 6962/6962 6941/6941 6970/6970
f 6975/6975 6972/6972 6983/6983
f 6968/6968 6971/6971 6951/6951
f 6951/6951 6971/6971 6969/6969
f 6967/6967 6964/6964 6974/6974
f 6953/6953 6955/6955 6966/6966
f 6935/6935 6962/6962 6970/6970
f 6970/6970 6951/6951 6976/6976
f 6969/6969 6976/6976 6951/6951
f 6895/6895 6973/6973 6948/6948
f 6960/6960 6945/6945 6984/6984
f 6964/6964 6967/6967 6974/6974
f 6975/6975 6982/6982 6972/6972
f 6985/6985 6977/6977 6975/6975
f 6964/6964 6974/6974 6978/6978
f 6974/6974 6961/6961 6978/6978
f 6963/6963 7002/7002 6958/6958
f 6973/6973 7008/7008 6948/6948
f 6975/6975 6977/6977 6982/6982
f 6961/6961 6960/6960 6979/6979
f 6969/6969 6971/6971 6976/6976
f 6945/6945 6995/6995 7001/7001
f 6950/6950 6935/6935 6956/6956
f 6966/6966 6955/6955 7022/7022
f 6895/6895 6950/6950 6956/6956
f 6975/6975 6988/6988 6985/6985
f 6965/6965 6980/6980 6968/6968
f 6970/6970 6976/6976 7005/7005
f 6961/6961 6979/6979 6986/6986
f 6952/6952 6978/6978 7015/7015
f 6989/6989 6985/6985 6988/6988
f 6982/6982 6977/6977 6985/6985
f 6971/6971 6981/6981 6976/6976
f 6895/6895 6956/6956 6973/6973
f 7002/7002 6980/6980 6965/6965
f 6987/6987 6988/6988 6975/6975
f 6979/6979 6984/6984 6986/6986
f 7022/7022 7021/7021 6966/6966
f 6985/6985 6998/6998 6996/6996
f 6998/6998 6985/6985 6989/6989
f 6968/6968 6980/6980 6971/6971
f 6987/6987 6952/6952 7007/7007
f 6952/6952 7015/7015 7007/7007
f 6981/6981 6971/6971 6991/6991
f 7003/7003 6990/6990 6976/6976
f 6986/6986 6984/6984 7011/7011
f 6972/6972 6955/6955 6983/6983
f 7007/7007 6988/6988 6987/6987
f 6976/6976 6997/6997 7003/7003
f 6981/6981 6991/6991 6976/6976
f 6976/6976 6991/6991 6999/6999
f 6985/6985 6996/6996 6982/6982
f 6986/6986 6978/6978 6961/6961
f 6990/6990 7005/7005 6976/6976
f 7007/7007 6989/6989 6988/6988
f 6945/6945 7001/7001 6984/6984
f 6976/6976 6999/6999 6997/6997
f 7015/7015 6978/6978 6993/6993
f 6956/6956 6994/6994 6973/6973
f 6980/6980 7016/7016 6971/6971
f 6989/6989 7000/7000 6998/6998
f 6989/6989 7066/7066 7000/7000
f 6966/6966 7021/7021 6992/6992
f 6958/6958 7002/7002 6965/6965
f 6996/6996 6998/6998 6982/6982
f 7001/7001 6995/6995 6984/6984
f 7016/7016 7009/7009 6971/6971
f 7002/7002 7016/7016 6980/6980
f 6986/6986 7011/7011 7014/7014
f 6966/6966 6992/6992 6963/6963
f 7007/7007 7015/7015 7029/7029
f 7009/7009 6991/6991 6971/6971
f 7066/7066 6989/6989 7006/7006
f 7004/7004 6984/6984 6995/6995
f 6991/6991 7009/7009 6999/6999
f 7007/7007 7013/7013 6989/6989
f 6984/6984 7004/7004 7011/7011
f 6972/6972 7022/7022 6955/6955
f 6934/6934 7010/7010 6995/6995
f 6978/6978 6986/6986 7014/7014
f 7057/7057 6995/6995 7010/7010
f 7029/7029 7018/7018 7007/7007
f 7005/7005 6990/6990 7017/7017
f 6989/6989 7013/7013 7018/7018
f 6956/6956 6970/6970 7019/7019
f 6972/6972 6982/6982 7022/7022
f 6956/6956 7019/7019 6994/6994
f 7011/7011 7012/7012 7014/7014
f 6978/6978 7014/7014 6993/6993
f 6948/6948 7008/7008 7026/7026
f 7009/7009 7028/7028 6999/6999
f 6982/6982 6998/6998 7022/7022
f 7007/7007 7018/7018 7013/7013
f 6973/6973 6994/6994 7008/7008
f 7005/7005 7032/7032 7033/7033
f 7032/7032 7005/7005 7017/7017
f 7002/7002 7009/7009 7016/7016
f 6989/6989 7018/7018 7006/7006
f 6970/6970 7005/7005 7019/7019
f 7020/7020 7014/7014 7012/7012
f 7029/7029 7015/7015 7041/7041
f 6999/6999 7024/7024 6997/6997
f 7003/7003 6997/6997 7024/7024
f 7008/7008 6994/6994 7023/7023
f 7012/7012 7011/7011 7020/7020
f 7020/7020 7011/7011 7004/7004
f 7003/7003 7024/7024 6990/6990
f 6998/6998 7027/7027 7022/7022
f 7020/7020 7047/7047 7014/7014
f 7033/7033 7019/7019 7005/7005
f 7008/7008 7071/7071 7026/7026
f 7028/7028 7036/7036 6999/6999
f 7002/7002 7025/7025 7009/7009
f 7034/7034 7071/7071 7008/7008
f 6990/6990 7031/7031 7017/7017
f 7029/7029 7035/7035 7018/7018
f 6992/6992 7030/7030 6963/6963
f 7021/7021 7022/7022 6992/6992
f 7047/7047 6993/6993 7014/7014
f 7019/7019 7023/7023 6994/6994
f 7023/7023 7034/7034 7008/7008
f 7024/7024 7031/7031 6990/6990
f 7041/7041 7015/7015 6993/6993
f 7036/7036 7024/7024 6999/6999
f 7009/7009 7025/7025 7028/7028
f 7066/7066 7006/7006 7046/7046
f 7040/7040 7031/7031 7024/7024
f 7023/7023 7019/7019 7039/7039
f 7022/7022 7027/7027 7054/7054
f 7004/7004 6995/6995 7057/7057
f 6963/6963 7049/7049 7002/7002
f 7022/7022 7054/7054 7042/7042
f 7017/7017 7045/7045 7032/7032
f 7019/7019 7043/7043 7039/7039
f 7022/7022 7042/7042 6992/6992
f 7056/7056 7020/7020 7004/7004
f 6963/6963 7030/7030 7049/7049
f 7024/7024 7036/7036 7040/7040
f 7043/7043 7023/7023 7039/7039
f 7031/7031 7045/7045 7017/7017
f 7052/7052 7071/7071 7034/7034
f 7031/7031 7040/7040 7037/7037
f 7028/7028 7050/7050 7036/7036
f 7033/7033 7069/7069 7019/7019
f 7031/7031 7037/7037 7045/7045
f 7019/7019 7070/7070 7043/7043
f 7019/7019 7069/7069 7070/7070
f 7046/7046 7006/7006 7018/7018
f 7041/7041 6993/6993 7038/7038
f 6992/6992 7062/7062 7030/7030
f 6993/6993 7047/7047 7038/7038
f 7027/7027 7044/7044 7054/7054
f 7036/7036 7050/7050 7040/7040
f 7047/7047 7020/7020 7056/7056
f 7023/7023 7043/7043 7034/7034
f 7040/7040 7045/7045 7037/7037
f 7045/7045 7033/7033 7032/7032
f 7002/7002 7055/7055 7025/7025
f 7057/7057 7010/7010 7048/7048
f 7018/7018 7035/7035 7060/7060
f 7004/7004 7057/7057 7084/7084
f 7029/7029 7041/7041 7035/7035
f 7056/7056 7004/7004 7058/7058
f 7049/7049 7055/7055 7002/7002
f 7070/7070 7074/7074 7043/7043
f 7025/7025 7053/7053 7028/7028
f 7045/7045 7065/7065 7033/7033
f 7028/7028 7053/7053 7050/7050
f 7069/7069 7051/7051 7070/7070
f 7074/7074 7052/7052 7034/7034
f 7087/7087 7004/7004 7084/7084
f 7057/7057 7075/7075 7084/7084
f 7038/7038 7108/7108 7041/7041
f 7038/7038 7047/7047 7072/7072
f 7047/7047 7056/7056 7072/7072
f 7066/7066 7046/7046 7078/7078
f 7065/7065 7069/7069 7033/7033
f 7057/7057 7048/7048 7076/7076
f 7050/7050 7045/7045 7040/7040
f 7058/7058 7004/7004 7087/7087
f 7043/7043 7074/7074 7034/7034
f 7079/7079 7018/7018 7060/7060
f 7064/7064 7052/7052 7074/7074
f 7069/7069 7090/7090 7051/7051
f 7042/7042 7054/7054 7062/7062
f 6992/6992 7042/7042 7062/7062
f 7065/7065 7059/7059 7069/7069
f 7041/7041 7108/7108 7035/7035
f 7056/7056 7058/7058 7072/7072
f 7057/7057 7076/7076 7075/7075
f 7062/7062 7091/7091 7030/7030
f 7076/7076 7048/7048 7068/7068
f 7049/7049 7030/7030 7055/7055
f 7025/7025 7055/7055 7053/7053
f 7094/7094 7073/7073 7063/7063
f 7205/7205 7066/7066 7078/7078
f 7038/7038 7072/7072 7108/7108
f 7087/7087 7072/7072 7058/7058
f 7050/7050 7053/7053 7045/7045
f 7067/7067 7090/7090 7069/7069
f 7045/7045 7059/7059 7065/7065
f 7046/7046 7018/7018 7079/7079
f 7071/7071 7052/7052 7179/7179
f 7074/7074 7070/7070 7077/7077
f 7046/7046 7142/7142 7061/7061
f 7052/7052 7064/7064 7179/7179
f 7054/7054 7098/7098 7062/7062
f 7080/7080 7045/7045 7053/7053
f 7059/7059 7083/7083 7069/7069
f 7075/7075 7076/7076 7068/7068
f 7072/7072 7087/7087 7093/7093
f 7073/7073 7094/7094 7109/7109
f 7064/7064 7074/7074 7081/7081
f 7069/7069 7083/7083 7067/7067
f 7064/7064 7081/7081 7179/7179
f 7083/7083 7090/7090 7067/7067
f 7046/7046 7061/7061 7142/7142
f 7053/7053 7059/7059 7080/7080
f 7045/7045 7080/7080 7059/7059
f 7142/7142 7046/7046 7079/7079
f 7054/7054 7044/7044 7098/7098
f 7053/7053 7089/7089 7086/7086
f 7053/7053 7086/7086 7059/7059
f 7068/7068 7088/7088 7075/7075
f 7075/7075 7102/7102 7101/7101
f 7173/7173 7075/7075 7088/7088
f 7086/7086 7089/7089 7059/7059
f 7072/7072 7096/7096 7082/7082
f 7092/7092 7059/7059 7089/7089
f 7084/7084 7075/7075 7101/7101
f 7087/7087 7084/7084 7101/7101
f 7102/7102 7075/7075 7173/7173
f 7094/7094 7149/7149 7109/7109
f 7053/7053 7092/7092 7089/7089
f 7171/7171 7035/7035 7108/7108
f 7055/7055 7106/7106 7053/7053
f 7090/7090 7070/7070 7051/7051
f 7082/7082 7100/7100 7072/7072
f 7113/7113 7085/7085 7055/7055
f 7055/7055 7095/7095 7106/7106
f 7053/7053 7106/7106 7092/7092
f 7055/7055 7085/7085 7095/7095
f 7072/7072 7093/7093 7096/7096
f 7072/7072 7100/7100 7105/7105
f 7105/7105 7110/7110 7072/7072
f 7108/7108 7072/7072 7110/7110
f 7030/7030 7091/7091 7113/7113
f 7046/7046 7142/7142 7078/7078
f 7044/7044 7099/7099 7098/7098
f 7114/7114 7083/7083 7059/7059
f 7092/7092 7114/7114 7059/7059
f 7096/7096 7093/7093 7082/7082
f 7090/7090 7083/7083 7097/7097
f 7090/7090 7097/7097 7116/7116
f 7126/7126 7108/7108 7110/7110
f 7030/7030 7113/7113 7055/7055
f 7128/7128 7077/7077 7070/7070
f 7087/7087 7101/7101 7102/7102
f 7087/7087 7102/7102 7129/7129
f 7098/7098 7099/7099 7062/7062
f 7082/7082 7093/7093 7100/7100
f 7062/7062 7099/7099 7104/7104
f 7062/7062 7104/7104 7103/7103
f 7090/7090 7128/7128 7070/7070
f 7105/7105 7100/7100 7093/7093
f 7062/7062 7103/7103 7091/7091
f 7105/7105 7093/7093 7110/7110
f 7121/7121 7109/7109 7149/7149
f 7205/7205 7078/7078 7112/7112
f 7107/7107 7097/7097 7083/7083
f 7115/7115 7149/7149 7094/7094
f 7093/7093 7087/7087 7131/7131
f 7085/7085 7113/7113 7134/7134
f 7131/7131 7125/7125 7093/7093
f 7093/7093 7125/7125 7110/7110
f 7114/7114 7106/7106 7083/7083
f 7142/7142 7060/7060 7135/7135
f 7079/7079 7060/7060 7142/7142
f 7102/7102 7130/7130 7129/7129
f 7132/7132 7130/7130 7102/7102
f 7083/7083 7106/7106 7107/7107
f 7106/7106 7114/7114 7092/7092
f 7081/7081 7111/7111 7179/7179
f 7115/7115 7117/7117 7149/7149
f 7113/7113 7119/7119 7134/7134
f 7118/7118 7119/7119 7113/7113
f 7118/7118 7113/7113 7124/7124
f 7095/7095 7120/7120 7106/7106
f 7171/7171 7108/7108 7123/7123
f 7132/7132 7102/7102 7173/7173
f 7074/7074 7077/7077 7139/7139
f 7116/7116 7138/7138 7090/7090
f 7091/7091 7103/7103 7122/7122
f 7121/7121 7127/7127 7133/7133
f 7091/7091 7122/7122 7124/7124
f 7091/7091 7124/7124 7113/7113
f 7131/7131 7087/7087 7129/7129
f 7120/7120 7107/7107 7106/7106
f 7153/7153 7126/7126 7110/7110
f 7130/7130 7131/7131 7129/7129
f 7121/7121 7149/7149 7127/7127
f 7108/7108 7126/7126 7153/7153
f 7127/7127 7137/7137 7133/7133
f 7132/7132 7131/7131 7130/7130
f 7108/7108 7153/7153 7123/7123
f 7094/7094 7159/7159 7115/7115
f 7168/7168 7077/7077 7128/7128
f 7090/7090 7138/7138 7128/7128
f 7171/7171 7123/7123 7184/7184
f 7063/7063 7159/7159 7094/7094
f 7081/7081 7074/7074 7139/7139
f 7131/7131 7132/7132 7145/7145
f 7133/7133 7137/7137 7162/7162
f 7097/7097 7138/7138 7116/7116
f 7127/7127 7136/7136 7146/7146
f 7035/7035 7171/7171 7060/7060
f 7153/7153 7110/7110 7161/7161
f 7146/7146 7137/7137 7127/7127
f 7107/7107 7120/7120 7097/7097
f 7060/7060 7198/7198 7135/7135
f 7119/7119 7141/7141 7134/7134
f 7149/7149 7136/7136 7127/7127
f 7110/7110 7125/7125 7140/7140
f 7137/7137 7147/7147 7162/7162
f 7134/7134 7165/7165 7085/7085
f 7097/7097 7144/7144 7138/7138
f 7131/7131 7145/7145 7125/7125
f 7111/7111 7081/7081 7139/7139
f 7144/7144 7128/7128 7138/7138
f 7120/7120 7143/7143 7097/7097
f 7095/7095 7156/7156 7144/7144
f 7120/7120 7095/7095 7143/7143
f 7168/7168 7139/7139 7077/7077
f 7175/7175 7168/7168 7128/7128
f 7078/7078 7142/7142 7112/7112
f 7095/7095 7144/7144 7143/7143
f 7156/7156 7128/7128 7144/7144
f 7143/7143 7144/7144 7097/7097
f 7148/7148 7060/7060 7171/7171
f 7141/7141 7197/7197 7134/7134
f 7197/7197 7154/7154 7134/7134
f 7137/7137 7151/7151 7147/7147
f 7117/7117 7115/7115 7155/7155
f 7095/7095 7085/7085 7156/7156
f 7110/7110 7167/7167 7161/7161
f 7141/7141 7150/7150 7197/7197
f 7173/7173 7088/7088 7194/7194
f 7172/7172 7155/7155 7115/7115
f 7136/7136 7137/7137 7146/7146
f 7149/7149 7117/7117 7155/7155
f 7134/7134 7154/7154 7165/7165
f 7115/7115 7159/7159 7172/7172
f 7149/7149 7158/7158 7152/7152
f 7183/7183 7111/7111 7139/7139
f 7160/7160 7171/7171 7188/7188
f 7136/7136 7151/7151 7137/7137
f 7152/7152 7136/7136 7149/7149
f 7194/7194 7088/7088 7157/7157
f 7148/7148 7171/7171 7198/7198
f 7184/7184 7153/7153 7161/7161
f 7171/7171 7160/7160 7200/7200
f 7180/7180 7161/7161 7147/7147
f 7147/7147 7151/7151 7180/7180
f 7149/7149 7155/7155 7158/7158
f 7060/7060 7148/7148 7198/7198
f 7125/7125 7145/7145 7140/7140
f 7162/7162 7194/7194 7157/7157
f 7156/7156 7175/7175 7128/7128
f 7142/7142 7135/7135 7201/7201
f 7200/7200 7198/7198 7171/7171
f 7110/7110 7140/7140 7167/7167
f 7167/7167 7147/7147 7161/7161
f 7163/7163 7147/7147 7167/7167
f 7085/7085 7165/7165 7156/7156
f 7123/7123 7153/7153 7184/7184
f 7166/7166 7164/7164 7158/7158
f 7063/7063 7172/7172 7159/7159
f 7147/7147 7163/7163 7162/7162
f 7132/7132 7174/7174 7145/7145
f 7184/7184 7161/7161 7180/7180
f 7195/7195 7176/7176 7158/7158
f 7152/7152 7151/7151 7136/7136
f 7156/7156 7193/7193 7175/7175
f 7175/7175 7139/7139 7168/7168
f 7175/7175 7183/7183 7139/7139
f 7063/7063 7170/7170 7172/7172
f 7183/7183 7169/7169 7111/7111
f 7188/7188 7171/7171 7184/7184
f 7145/7145 7174/7174 7140/7140
f 7195/7195 7181/7181 7176/7176
f 7166/7166 7184/7184 7164/7164
f 7158/7158 7176/7176 7166/7166
f 7158/7158 7164/7164 7152/7152
f 7194/7194 7132/7132 7173/7173
f 7178/7178 7169/7169 7183/7183
f 7169/7169 7178/7178 7111/7111
f 7177/7177 7180/7180 7151/7151
f 7172/7172 7170/7170 7203/7203
f 7177/7177 7151/7151 7152/7152
f 7184/7184 7166/7166 7176/7176
f 7164/7164 7177/7177 7152/7152
f 7184/7184 7180/7180 7177/7177
f 7164/7164 7184/7184 7177/7177
f 7155/7155 7172/7172 7195/7195
f 7167/7167 7140/7140 7174/7174
f 7182/7182 7174/7174 7132/7132
f 7182/7182 7132/7132 7167/7167
f 7167/7167 7132/7132 7194/7194
f 7154/7154 7193/7193 7165/7165
f 7185/7185 7184/7184 7176/7176
f 7174/7174 7182/7182 7167/7167
f 7181/7181 7185/7185 7176/7176
f 7158/7158 7155/7155 7195/7195
f 7195/7195 7172/7172 7189/7189
f 7191/7191 7179/7179 7111/7111
f 7160/7160 7188/7188 7181/7181
f 7181/7181 7188/7188 7185/7185
f 7188/7188 7184/7184 7185/7185
f 7150/7150 7178/7178 7197/7197
f 7178/7178 7183/7183 7192/7192
f 7192/7192 7187/7187 7175/7175
f 7165/7165 7190/7190 7156/7156
f 7183/7183 7175/7175 7187/7187
f 7192/7192 7175/7175 7193/7193
f 7190/7190 7193/7193 7156/7156
f 7163/7163 7167/7167 7194/7194
f 7191/7191 7111/7111 7178/7178
f 7192/7192 7183/7183 7187/7187
f 7189/7189 7172/7172 7196/7196
f 7150/7150 7191/7191 7178/7178
f 7162/7162 7163/7163 7194/7194
f 7154/7154 7186/7186 7193/7193
f 7165/7165 7193/7193 7190/7190
f 7112/7112 7142/7142 7201/7201
f 7196/7196 7172/7172 7203/7203
f 7196/7196 7195/7195 7189/7189
f 7197/7197 7178/7178 7192/7192
f 7199/7199 7160/7160 7195/7195
f 7154/7154 7197/7197 7186/7186
f 7186/7186 7197/7197 7193/7193
f 7160/7160 7181/7181 7195/7195
f 7197/7197 7192/7192 7193/7193
f 7195/7195 7196/7196 7199/7199
f 7202/7202 7198/7198 7200/7200
f 7202/7202 7196/7196 7203/7203
f 7201/7201 7198/7198 7204/7204
f 7202/7202 7200/7200 7196/7196
f 7196/7196 7200/7200 7199/7199
f 7200/7200 7160/7160 7199/7199
f 7201/7201 7135/7135 7198/7198
f 7205/7205 7112/7112 7201/7201
f 7204/7204 7198/7198 7203/7203
f 7205/7205 7201/7201 7204/7204
f 7202/7202 7203/7203 7198/7198
f 7204/7204 7203/7203 7170/7170
f 7212/7212 7210/7210 7214/7214
f 7211/7211 7206/7206 7208/7208
f 7218/7218 7215/7215 7209/7209
f 7233/7233 7237/7237 7211/7211
f 7211/7211 7231/7231 7222/7222
f 7207/7207 7218/7218 7209/7209
f 7210/7210 7209/7209 7215/7215
f 7208/7208 7207/7207 7209/7209
f 7208/7208 7206/7206 7207/7207
f 7210/7210 7215/7215 7214/7214
f 7236/7236 7216/7216 7217/7217
f 7211/7211 7213/7213 7233/7233
f 7211/7211 7222/7222 7206/7206
f 7214/7214 7253/7253 7212/7212
f 7213/7213 7252/7252 7271/7271
f 7211/7211 7237/7237 7231/7231
f 7206/7206 7220/7220 7207/7207
f 7215/7215 7219/7219 7214/7214
f 7218/7218 7207/7207 7221/7221
f 7207/7207 7220/7220 7224/7224
f 7214/7214 7223/7223 7253/7253
f 7215/7215 7228/7228 7219/7219
f 7219/7219 7228/7228 7214/7214
f 7216/7216 7238/7238 7217/7217
f 7213/7213 7271/7271 7233/7233
f 7207/7207 7224/7224 7221/7221
f 7222/7222 7227/7227 7206/7206
f 7215/7215 7229/7229 7228/7228
f 7220/7220 7234/7234 7224/7224
f 7206/7206 7227/7227 7220/7220
f 7218/7218 7221/7221 7225/7225
f 7217/7217 7240/7240 7261/7261
f 7229/7229 7232/7232 7228/7228
f 7224/7224 7234/7234 7221/7221
f 7222/7222 7231/7231 7226/7226
f 7232/7232 7230/7230 7228/7228
f 7226/7226 7227/7227 7222/7222
f 7229/7229 7225/7225 7232/7232
f 7228/7228 7257/7257 7214/7214
f 7225/7225 7230/7230 7232/7232
f 7220/7220 7227/7227 7235/7235
f 7226/7226 7235/7235 7227/7227
f 7225/7225 7229/7229 7215/7215
f 7218/7218 7225/7225 7215/7215
f 7223/7223 7257/7257 7253/7253
f 7238/7238 7240/7240 7217/7217
f 7261/7261 7241/7241 7217/7217
f 7252/7252 7213/7213 7241/7241
f 7214/7214 7257/7257 7223/7223
f 7217/7217 7213/7213 7236/7236
f 7242/7242 7237/7237 7233/7233
f 7271/7271 7242/7242 7233/7233
f 7234/7234 7281/7281 7221/7221
f 7231/7231 7280/7280 7226/7226
f 7230/7230 7258/7258 7228/7228
f 7238/7238 7265/7265 7240/7240
f 7237/7237 7242/7242 7231/7231
f 7228/7228 7258/7258 7257/7257
f 7238/7238 7255/7255 7265/7265
f 7240/7240 7243/7243 7249/7249
f 7239/7239 7248/7248 7261/7261
f 7217/7217 7241/7241 7213/7213
f 7240/7240 7265/7265 7245/7245
f 7240/7240 7249/7249 7261/7261
f 7234/7234 7220/7220 7256/7256
f 7254/7254 7246/7246 7247/7247
f 7239/7239 7261/7261 7249/7249
f 7248/7248 7239/7239 7249/7249
f 7254/7254 7247/7247 7244/7244
f 7238/7238 7264/7264 7255/7255
f 7245/7245 7269/7269 7240/7240
f 7240/7240 7260/7260 7248/7248
f 7240/7240 7248/7248 7243/7243
f 7243/7243 7248/7248 7249/7249
f 7261/7261 7252/7252 7251/7251
f 7226/7226 7280/7280 7235/7235
f 7257/7257 7302/7302 7253/7253
f 7269/7269 7260/7260 7240/7240
f 7247/7247 7248/7248 7260/7260
f 7257/7257 7300/7300 7302/7302
f 7216/7216 7259/7259 7238/7238
f 7261/7261 7251/7251 7241/7241
f 7247/7247 7262/7262 7279/7279
f 7247/7247 7250/7250 7262/7262
f 7247/7247 7260/7260 7269/7269
f 7252/7252 7241/7241 7251/7251
f 7230/7230 7263/7263 7258/7258
f 7244/7244 7247/7247 7279/7279
f 7247/7247 7265/7265 7268/7268
f 7258/7258 7282/7282 7257/7257
f 7230/7230 7225/7225 7263/7263
f 7238/7238 7259/7259 7264/7264
f 7264/7264 7267/7267 7255/7255
f 7250/7250 7247/7247 7268/7268
f 7265/7265 7247/7247 7245/7245
f 7247/7247 7269/7269 7245/7245
f 7256/7256 7281/7281 7234/7234
f 7265/7265 7245/7245 7270/7270
f 7265/7265 7270/7270 7245/7245
f 7220/7220 7272/7272 7256/7256
f 7275/7275 7268/7268 7255/7255
f 7255/7255 7268/7268 7265/7265
f 7247/7247 7274/7274 7248/7248
f 7259/7259 7278/7278 7264/7264
f 7235/7235 7277/7277 7220/7220
f 7225/7225 7273/7273 7263/7263
f 7216/7216 7278/7278 7259/7259
f 7278/7278 7267/7267 7264/7264
f 7262/7262 7250/7250 7255/7255
f 7242/7242 7280/7280 7231/7231
f 7250/7250 7268/7268 7275/7275
f 7262/7262 7255/7255 7278/7278
f 7278/7278 7255/7255 7267/7267
f 7255/7255 7276/7276 7275/7275
f 7250/7250 7275/7275 7255/7255
f 7274/7274 7247/7247 7290/7290
f 7274/7274 7287/7287 7248/7248
f 7281/7281 7266/7266 7221/7221
f 7221/7221 7266/7266 7225/7225
f 7255/7255 7275/7275 7276/7276
f 7248/7248 7287/7287 7252/7252
f 7248/7248 7252/7252 7261/7261
f 7220/7220 7277/7277 7272/7272
f 7278/7278 7216/7216 7279/7279
f 7278/7278 7279/7279 7262/7262
f 7235/7235 7280/7280 7277/7277
f 7281/7281 7286/7286 7266/7266
f 7256/7256 7272/7272 7281/7281
f 7257/7257 7288/7288 7294/7294
f 7283/7283 7290/7290 7247/7247
f 7281/7281 7272/7272 7286/7286
f 7286/7286 7284/7284 7225/7225
f 7257/7257 7282/7282 7288/7288
f 7294/7294 7300/7300 7257/7257
f 7246/7246 7283/7283 7247/7247
f 7225/7225 7284/7284 7273/7273
f 7272/7272 7277/7277 7289/7289
f 7266/7266 7286/7286 7225/7225
f 7258/7258 7288/7288 7282/7282
f 7274/7274 7290/7290 7285/7285
f 7274/7274 7291/7291 7287/7287
f 7273/7273 7258/7258 7263/7263
f 7285/7285 7291/7291 7274/7274
f 7291/7291 7296/7296 7287/7287
f 7272/7272 7293/7293 7286/7286
f 7287/7287 7296/7296 7252/7252
f 7272/7272 7292/7292 7293/7293
f 7271/7271 7252/7252 7295/7295
f 7242/7242 7298/7298 7280/7280
f 7271/7271 7298/7298 7242/7242
f 7289/7289 7292/7292 7272/7272
f 7291/7291 7285/7285 7290/7290
f 7280/7280 7298/7298 7289/7289
f 7284/7284 7286/7286 7293/7293
f 7295/7295 7252/7252 7296/7296
f 7280/7280 7289/7289 7277/7277
f 7271/7271 7295/7295 7296/7296
f 7291/7291 7324/7324 7296/7296
f 7271/7271 7296/7296 7298/7298
f 7273/7273 7284/7284 7258/7258
f 7290/7290 7324/7324 7291/7291
f 7284/7284 7288/7288 7258/7258
f 7297/7297 7294/7294 7288/7288
f 7289/7289 7298/7298 7292/7292
f 7292/7292 7298/7298 7293/7293
f 7324/7324 7299/7299 7296/7296
f 7294/7294 7297/7297 7300/7300
f 7293/7293 7301/7301 7284/7284
f 7297/7297 7317/7317 7300/7300
f 7290/7290 7283/7283 7324/7324
f 7296/7296 7299/7299 7306/7306
f 7299/7299 7314/7314 7306/7306
f 7297/7297 7288/7288 7317/7317
f 7300/7300 7303/7303 7302/7302
f 7293/7293 7298/7298 7301/7301
f 7298/7298 7296/7296 7309/7309
f 7300/7300 7341/7341 7303/7303
f 7300/7300 7304/7304 7341/7341
f 7288/7288 7310/7310 7317/7317
f 7301/7301 7305/7305 7284/7284
f 7299/7299 7311/7311 7315/7315
f 7284/7284 7305/7305 7288/7288
f 7296/7296 7306/7306 7309/7309
f 7298/7298 7309/7309 7307/7307
f 7298/7298 7307/7307 7301/7301
f 7283/7283 7308/7308 7324/7324
f 7301/7301 7307/7307 7313/7313
f 7317/7317 7304/7304 7300/7300
f 7315/7315 7314/7314 7299/7299
f 7288/7288 7305/7305 7310/7310
f 7305/7305 7301/7301 7310/7310
f 7310/7310 7301/7301 7313/7313
f 7314/7314 7309/7309 7306/7306
f 7315/7315 7312/7312 7314/7314
f 7313/7313 7317/7317 7310/7310
f 7316/7316 7315/7315 7311/7311
f 7307/7307 7329/7329 7313/7313
f 7318/7318 7316/7316 7311/7311
f 7314/7314 7323/7323 7309/7309
f 7318/7318 7311/7311 7299/7299
f 7309/7309 7323/7323 7328/7328
f 7309/7309 7328/7328 7307/7307
f 7317/7317 7313/7313 7319/7319
f 7313/7313 7329/7329 7331/7331
f 7319/7319 7331/7331 7317/7317
f 7299/7299 7324/7324 7318/7318
f 7325/7325 7318/7318 7324/7324
f 7315/7315 7333/7333 7312/7312
f 7313/7313 7331/7331 7319/7319
f 7308/7308 7320/7320 7324/7324
f 7318/7318 7332/7332 7316/7316
f 7304/7304 7317/7317 7326/7326
f 7304/7304 7326/7326 7341/7341
f 7325/7325 7322/7322 7318/7318
f 7322/7322 7332/7332 7318/7318
f 7312/7312 7333/7333 7321/7321
f 7314/7314 7312/7312 7323/7323
f 7315/7315 7316/7316 7333/7333
f 7324/7324 7320/7320 7325/7325
f 7307/7307 7328/7328 7329/7329
f 7325/7325 7320/7320 7327/7327
f 7316/7316 7332/7332 7333/7333
f 7317/7317 7331/7331 7326/7326
f 7312/7312 7321/7321 7330/7330
f 7312/7312 7330/7330 7323/7323
f 7323/7323 7330/7330 7328/7328
f 7330/7330 7321/7321 7328/7328
f 7321/7321 7337/7337 7328/7328
f 7332/7332 7335/7335 7333/7333
f 7327/7327 7336/7336 7325/7325
f 7325/7325 7336/7336 7339/7339
f 7325/7325 7339/7339 7322/7322
f 7332/7332 7355/7355 7335/7335
f 7328/7328 7337/7337 7329/7329
f 7339/7339 7338/7338 7332/7332
f 7334/7334 7337/7337 7321/7321
f 7322/7322 7339/7339 7332/7332
f 7332/7332 7338/7338 7351/7351
f 7333/7333 7335/7335 7321/7321
f 7326/7326 7346/7346 7341/7341
f 7351/7351 7355/7355 7332/7332
f 7329/7329 7340/7340 7331/7331
f 7335/7335 7334/7334 7321/7321
f 7337/7337 7340/7340 7329/7329
f 7331/7331 7346/7346 7326/7326
f 7335/7335 7350/7350 7334/7334
f 7337/7337 7334/7334 7344/7344
f 7340/7340 7346/7346 7331/7331
f 7341/7341 7346/7346 7354/7354
f 7346/7346 7342/7342 7354/7354
f 7364/7364 7339/7339 7343/7343
f 7336/7336 7343/7343 7339/7339
f 7339/7339 7364/7364 7338/7338
f 7337/7337 7345/7345 7340/7340
f 7344/7344 7348/7348 7337/7337
f 7345/7345 7346/7346 7340/7340
f 7334/7334 7350/7350 7344/7344
f 7349/7349 7355/7355 7351/7351
f 7350/7350 7335/7335 7361/7361
f 7342/7342 7347/7347 7354/7354
f 7346/7346 7345/7345 7370/7370
f 7346/7346 7353/7353 7342/7342
f 7338/7338 7364/7364 7351/7351
f 7355/7355 7349/7349 7335/7335
f 7337/7337 7370/7370 7345/7345
f 7346/7346 7369/7369 7353/7353
f 7350/7350 7356/7356 7344/7344
f 7346/7346 7370/7370 7369/7369
f 7337/7337 7348/7348 7370/7370
f 7357/7357 7351/7351 7364/7364
f 7370/7370 7348/7348 7356/7356
f 7342/7342 7353/7353 7352/7352
f 7335/7335 7349/7349 7361/7361
f 7344/7344 7356/7356 7348/7348
f 7347/7347 7359/7359 7354/7354
f 7354/7354 7359/7359 7399/7399
f 7351/7351 7357/7357 7363/7363
f 7352/7352 7386/7386 7342/7342
f 7351/7351 7363/7363 7358/7358
f 7353/7353 7366/7366 7352/7352
f 7351/7351 7358/7358 7349/7349
f 7368/7368 7370/7370 7356/7356
f 7386/7386 7347/7347 7342/7342
f 7361/7361 7387/7387 7350/7350
f 7367/7367 7356/7356 7350/7350
f 7357/7357 7394/7394 7363/7363
f 7366/7366 7386/7386 7352/7352
f 7349/7349 7360/7360 7365/7365
f 7349/7349 7358/7358 7360/7360
f 7347/7347 7362/7362 7359/7359
f 7367/7367 7368/7368 7356/7356
f 7394/7394 7357/7357 7364/7364
f 7353/7353 7369/7369 7366/7366
f 7369/7369 7370/7370 7377/7377
f 7359/7359 7362/7362 7399/7399
f 7349/7349 7387/7387 7361/7361
f 7362/7362 7388/7388 7399/7399
f 7365/7365 7387/7387 7349/7349
f 7381/7381 7370/7370 7368/7368
f 7350/7350 7390/7390 7367/7367
f 7400/7400 7390/7390 7350/7350
f 7370/7370 7376/7376 7377/7377
f 7370/7370 7381/7381 7371/7371
f 7368/7368 7367/7367 7375/7375
f 7370/7370 7371/7371 7376/7376
f 7343/7343 7373/7373 7374/7374
f 7368/7368 7375/7375 7381/7381
f 7366/7366 7369/7369 7379/7379
f 7364/7364 7343/7343 7374/7374
f 7362/7362 7347/7347 7378/7378
f 7387/7387 7400/7400 7350/7350
f 7364/7364 7374/7374 7373/7373
f 7364/7364 7373/7373 7402/7402
f 7372/7372 7420/7420 7362/7362
f 7369/7369 7377/7377 7376/7376
f 7371/7371 7369/7369 7376/7376
f 7390/7390 7393/7393 7367/7367
f 7371/7371 7383/7383 7369/7369
f 7367/7367 7393/7393 7375/7375
f 7366/7366 7382/7382 7386/7386
f 7371/7371 7381/7381 7383/7383
f 7366/7366 7379/7379 7382/7382
f 7375/7375 7393/7393 7381/7381
f 7381/7381 7385/7385 7383/7383
f 7383/7383 7384/7384 7369/7369
f 7362/7362 7420/7420 7388/7388
f 7392/7392 7386/7386 7382/7382
f 7389/7389 7386/7386 7391/7391
f 7393/7393 7396/7396 7381/7381
f 7386/7386 7392/7392 7391/7391
f 7384/7384 7379/7379 7369/7369
f 7381/7381 7396/7396 7385/7385
f 7386/7386 7401/7401 7347/7347
f 7386/7386 7389/7389 7401/7401
f 7394/7394 7364/7364 7402/7402
f 7393/7393 7408/7408 7396/7396
f 7385/7385 7396/7396 7392/7392
f 7385/7385 7392/7392 7383/7383
f 7379/7379 7392/7392 7382/7382
f 7392/7392 7379/7379 7384/7384
f 7383/7383 7392/7392 7384/7384
f 7416/7416 7394/7394 7402/7402
f 7396/7396 7395/7395 7392/7392
f 7365/7365 7398/7398 7387/7387
f 7398/7398 7380/7380 7387/7387
f 7380/7380 7400/7400 7387/7387
f 7388/7388 7441/7441 7399/7399
f 7362/7362 7378/7378 7372/7372
f 7395/7395 7391/7391 7392/7392
f 7378/7378 7347/7347 7401/7401
f 7388/7388 7406/7406 7441/7441
f 7372/7372 7378/7378 7405/7405
f 7397/7397 7390/7390 7400/7400
f 7395/7395 7407/7407 7401/7401
f 7404/7404 7389/7389 7391/7391
f 7373/7373 7417/7417 7402/7402
f 7395/7395 7404/7404 7391/7391
f 7416/7416 7402/7402 7417/7417
f 7395/7395 7401/7401 7389/7389
f 7395/7395 7389/7389 7404/7404
f 7395/7395 7396/7396 7409/7409
f 7395/7395 7409/7409 7407/7407
f 7407/7407 7415/7415 7401/7401
f 7393/7393 7390/7390 7408/7408
f 7420/7420 7372/7372 7405/7405
f 7378/7378 7401/7401 7403/7403
f 7413/7413 7415/7415 7407/7407
f 7405/7405 7378/7378 7412/7412
f 7408/7408 7409/7409 7396/7396
f 7401/7401 7415/7415 7437/7437
f 7380/7380 7397/7397 7400/7400
f 7403/7403 7437/7437 7378/7378
f 7398/7398 7410/7410 7380/7380
f 7437/7437 7403/7403 7401/7401
f 7405/7405 7412/7412 7420/7420
f 7411/7411 7412/7412 7378/7378
f 7420/7420 7422/7422 7388/7388
f 7390/7390 7414/7414 7408/7408
f 7390/7390 7397/7397 7419/7419
f 7373/7373 7418/7418 7417/7417
f 7409/7409 7413/7413 7407/7407
f 7429/7429 7411/7411 7378/7378
f 7411/7411 7420/7420 7412/7412
f 7416/7416 7417/7417 7497/7497
f 7406/7406 7388/7388 7422/7422
f 7408/7408 7424/7424 7409/7409
f 7406/7406 7422/7422 7434/7434
f 7427/7427 7406/7406 7434/7434
f 7427/7427 7441/7441 7406/7406
f 7411/7411 7429/7429 7420/7420
f 7413/7413 7428/7428 7415/7415
f 7380/7380 7485/7485 7397/7397
f 7429/7429 7378/7378 7437/7437
f 7418/7418 7373/7373 7430/7430
f 7463/7463 7447/7447 7429/7429
f 7421/7421 7420/7420 7429/7429
f 7432/7432 7426/7426 7415/7415
f 7417/7417 7418/7418 7430/7430
f 7426/7426 7437/7437 7415/7415
f 7463/7463 7429/7429 7437/7437
f 7447/7447 7421/7421 7429/7429
f 7435/7435 7432/7432 7409/7409
f 7390/7390 7419/7419 7414/7414
f 7443/7443 7439/7439 7426/7426
f 7423/7423 7437/7437 7426/7426
f 7424/7424 7436/7436 7409/7409
f 7409/7409 7432/7432 7428/7428
f 7432/7432 7415/7415 7428/7428
f 7426/7426 7439/7439 7423/7423
f 7425/7425 7434/7434 7422/7422
f 7428/7428 7413/7413 7409/7409
f 7430/7430 7373/7373 7440/7440
f 7497/7497 7417/7417 7431/7431
f 7431/7431 7417/7417 7430/7430
f 7485/7485 7419/7419 7397/7397
f 7410/7410 7433/7433 7380/7380
f 7422/7422 7420/7420 7425/7425
f 7426/7426 7432/7432 7435/7435
f 7436/7436 7443/7443 7426/7426
f 7435/7435 7436/7436 7426/7426
f 7409/7409 7436/7436 7435/7435
f 7414/7414 7449/7449 7408/7408
f 7453/7453 7441/7441 7427/7427
f 7427/7427 7434/7434 7455/7455
f 7373/7373 7438/7438 7440/7440
f 7380/7380 7433/7433 7485/7485
f 7430/7430 7440/7440 7461/7461
f 7463/7463 7437/7437 7423/7423
f 7447/7447 7425/7425 7421/7421
f 7421/7421 7425/7425 7420/7420
f 7438/7438 7445/7445 7440/7440
f 7434/7434 7425/7425 7455/7455
f 7431/7431 7430/7430 7461/7461
f 7442/7442 7419/7419 7485/7485
f 7464/7464 7441/7441 7453/7453
f 7427/7427 7446/7446 7453/7453
f 7464/7464 7453/7453 7457/7457
f 7447/7447 7463/7463 7474/7474
f 7463/7463 7423/7423 7439/7439
f 7414/7414 7419/7419 7442/7442
f 7444/7444 7452/7452 7486/7486
f 7431/7431 7461/7461 7497/7497
f 7446/7446 7427/7427 7455/7455
f 7448/7448 7455/7455 7425/7425
f 7447/7447 7456/7456 7465/7465
f 7447/7447 7448/7448 7425/7425
f 7449/7449 7424/7424 7408/7408
f 7414/7414 7442/7442 7449/7449
f 7438/7438 7450/7450 7445/7445
f 7436/7436 7424/7424 7449/7449
f 7443/7443 7463/7463 7439/7439
f 7453/7453 7446/7446 7455/7455
f 7474/7474 7451/7451 7447/7447
f 7486/7486 7452/7452 7484/7484
f 7436/7436 7477/7477 7443/7443
f 7458/7458 7440/7440 7445/7445
f 7452/7452 7451/7451 7474/7474
f 7445/7445 7450/7450 7458/7458
f 7455/7455 7457/7457 7453/7453
f 7463/7463 7443/7443 7462/7462
f 7451/7451 7456/7456 7447/7447
f 7459/7459 7455/7455 7448/7448
f 7436/7436 7449/7449 7476/7476
f 7459/7459 7448/7448 7447/7447
f 7470/7470 7450/7450 7454/7454
f 7440/7440 7480/7480 7461/7461
f 7440/7440 7458/7458 7460/7460
f 7480/7480 7440/7440 7469/7469
f 7444/7444 7451/7451 7452/7452
f 7460/7460 7468/7468 7440/7440
f 7440/7440 7468/7468 7469/7469
f 7465/7465 7459/7459 7447/7447
f 7444/7444 7464/7464 7457/7457
f 7466/7466 7463/7463 7462/7462
f 7442/7442 7476/7476 7449/7449
f 7495/7495 7474/7474 7463/7463
f 7467/7467 7442/7442 7485/7485
f 7468/7468 7470/7470 7469/7469
f 7457/7457 7455/7455 7459/7459
f 7467/7467 7476/7476 7442/7442
f 7484/7484 7474/7474 7495/7495
f 7444/7444 7457/7457 7451/7451
f 7468/7468 7460/7460 7470/7470
f 7436/7436 7476/7476 7462/7462
f 7462/7462 7477/7477 7436/7436
f 7472/7472 7495/7495 7463/7463
f 7458/7458 7450/7450 7470/7470
f 7452/7452 7474/7474 7484/7484
f 7488/7488 7471/7471 7467/7467
f 7477/7477 7462/7462 7443/7443
f 7457/7457 7459/7459 7456/7456
f 7467/7467 7471/7471 7476/7476
f 7472/7472 7463/7463 7466/7466
f 7451/7451 7457/7457 7473/7473
f 7456/7456 7459/7459 7465/7465
f 7471/7471 7462/7462 7476/7476
f 7458/7458 7470/7470 7460/7460
f 7469/7469 7478/7478 7491/7491
f 7475/7475 7478/7478 7479/7479
f 7451/7451 7473/7473 7456/7456
f 7462/7462 7472/7472 7466/7466
f 7473/7473 7457/7457 7456/7456
f 7471/7471 7483/7483 7462/7462
f 7491/7491 7480/7480 7469/7469
f 7478/7478 7489/7489 7479/7479
f 7498/7498 7478/7478 7475/7475
f 7481/7481 7485/7485 7433/7433
f 7470/7470 7454/7454 7482/7482
f 7483/7483 7487/7487 7462/7462
f 7487/7487 7472/7472 7462/7462
f 7469/7469 7489/7489 7478/7478
f 7488/7488 7486/7486 7471/7471
f 7471/7471 7487/7487 7483/7483
f 7467/7467 7485/7485 7481/7481
f 7495/7495 7472/7472 7487/7487
f 7486/7486 7484/7484 7471/7471
f 7499/7499 7480/7480 7491/7491
f 7471/7471 7484/7484 7487/7487
f 7490/7490 7488/7488 7467/7467
f 7469/7469 7482/7482 7489/7489
f 7498/7498 7491/7491 7478/7478
f 7469/7469 7470/7470 7482/7482
f 7496/7496 7495/7495 7487/7487
f 7481/7481 7490/7490 7467/7467
f 7475/7475 7492/7492 7498/7498
f 7496/7496 7487/7487 7493/7493
f 7492/7492 7494/7494 7498/7498
f 7484/7484 7493/7493 7487/7487
f 7484/7484 7496/7496 7493/7493
f 7495/7495 7496/7496 7484/7484
f 7497/7497 7461/7461 7500/7500
f 7499/7499 7491/7491 7498/7498
f 7499/7499 7498/7498 7494/7494
f 7500/7500 7461/7461 7480/7480
f 7500/7500 7480/7480 7499/7499
f 7500/7500 7499/7499 7494/7494
f 7518/7518 7507/7507 7558/7558
f 7502/7502 7507/7507 7518/7518
f 7515/7515 7506/7506 7544/7544
f 7519/7519 7501/7501 7502/7502
f 7502/7502 7518/7518 7519/7519
f 7509/7509 7508/7508 7514/7514
f 7512/7512 7511/7511 7505/7505
f 7509/7509 7526/7526 7508/7508
f 7521/7521 7525/7525 7512/7512
f 7525/7525 7511/7511 7512/7512
f 7514/7514 7521/7521 7512/7512
f 7506/7506 7501/7501 7544/7544
f 7510/7510 7530/7530 7505/7505
f 7504/7504 7516/7516 7537/7537
f 7515/7515 7550/7550 7503/7503
f 7504/7504 7548/7548 7507/7507
f 7505/7505 7511/7511 7510/7510
f 7514/7514 7508/7508 7521/7521
f 7513/7513 7505/7505 7517/7517
f 7505/7505 7530/7530 7517/7517
f 7513/7513 7533/7533 7516/7516
f 7558/7558 7507/7507 7548/7548
f 7513/7513 7517/7517 7533/7533
f 7501/7501 7519/7519 7520/7520
f 7516/7516 7533/7533 7551/7551
f 7544/7544 7501/7501 7617/7617
f 7583/7583 7515/7515 7503/7503
f 7504/7504 7537/7537 7531/7531
f 7530/7530 7522/7522 7517/7517
f 7509/7509 7523/7523 7526/7526
f 7537/7537 7516/7516 7551/7551
f 7527/7527 7511/7511 7525/7525
f 7548/7548 7504/7504 7531/7531
f 7524/7524 7521/7521 7508/7508
f 7510/7510 7532/7532 7530/7530
f 7528/7528 7521/7521 7524/7524
f 7503/7503 7538/7538 7583/7583
f 7511/7511 7549/7549 7510/7510
f 7521/7521 7528/7528 7525/7525
f 7526/7526 7527/7527 7508/7508
f 7545/7545 7519/7519 7518/7518
f 7617/7617 7501/7501 7520/7520
f 7534/7534 7503/7503 7550/7550
f 7508/7508 7527/7527 7524/7524
f 7550/7550 7555/7555 7534/7534
f 7539/7539 7530/7530 7532/7532
f 7528/7528 7527/7527 7525/7525
f 7515/7515 7544/7544 7550/7550
f 7526/7526 7523/7523 7535/7535
f 7524/7524 7527/7527 7528/7528
f 7546/7546 7536/7536 7503/7503
f 7518/7518 7558/7558 7565/7565
f 7532/7532 7510/7510 7549/7549
f 7526/7526 7535/7535 7527/7527
f 7530/7530 7539/7539 7522/7522
f 7554/7554 7542/7542 7517/7517
f 7542/7542 7533/7533 7517/7517
f 7545/7545 7518/7518 7565/7565
f 7534/7534 7546/7546 7503/7503
f 7536/7536 7538/7538 7503/7503
f 7529/7529 7551/7551 7533/7533
f 7568/7568 7540/7540 7543/7543
f 7556/7556 7558/7558 7548/7548
f 7531/7531 7571/7571 7597/7597
f 7564/7564 7539/7539 7532/7532
f 7517/7517 7522/7522 7563/7563
f 7534/7534 7543/7543 7546/7546
f 7542/7542 7562/7562 7533/7533
f 7541/7541 7511/7511 7527/7527
f 7533/7533 7547/7547 7529/7529
f 7545/7545 7565/7565 7519/7519
f 7517/7517 7553/7553 7554/7554
f 7522/7522 7539/7539 7563/7563
f 7563/7563 7553/7553 7517/7517
f 7565/7565 7558/7558 7552/7552
f 7549/7549 7564/7564 7532/7532
f 7536/7536 7546/7546 7538/7538
f 7556/7556 7552/7552 7558/7558
f 7540/7540 7560/7560 7543/7543
f 7535/7535 7559/7559 7527/7527
f 7523/7523 7559/7559 7535/7535
f 7553/7553 7561/7561 7554/7554
f 7533/7533 7562/7562 7547/7547
f 7541/7541 7615/7615 7511/7511
f 7519/7519 7565/7565 7572/7572
f 7543/7543 7560/7560 7546/7546
f 7538/7538 7575/7575 7583/7583
f 7527/7527 7559/7559 7541/7541
f 7550/7550 7557/7557 7555/7555
f 7538/7538 7546/7546 7569/7569
f 7537/7537 7571/7571 7531/7531
f 7544/7544 7557/7557 7550/7550
f 7519/7519 7572/7572 7520/7520
f 7564/7564 7563/7563 7539/7539
f 7563/7563 7561/7561 7553/7553
f 7551/7551 7529/7529 7547/7547
f 7617/7617 7520/7520 7589/7589
f 7570/7570 7563/7563 7564/7564
f 7511/7511 7574/7574 7549/7549
f 7563/7563 7566/7566 7561/7561
f 7548/7548 7531/7531 7585/7585
f 7531/7531 7597/7597 7585/7585
f 7534/7534 7555/7555 7605/7605
f 7546/7546 7560/7560 7569/7569
f 7598/7598 7564/7564 7549/7549
f 7542/7542 7554/7554 7562/7562
f 7605/7605 7555/7555 7557/7557
f 7577/7577 7520/7520 7572/7572
f 7569/7569 7575/7575 7538/7538
f 7564/7564 7594/7594 7570/7570
f 7564/7564 7598/7598 7594/7594
f 7547/7547 7562/7562 7591/7591
f 7511/7511 7567/7567 7574/7574
f 7568/7568 7543/7543 7715/7715
f 7573/7573 7579/7579 7562/7562
f 7567/7567 7511/7511 7615/7615
f 7561/7561 7566/7566 7554/7554
f 7573/7573 7562/7562 7554/7554
f 7591/7591 7551/7551 7547/7547
f 7520/7520 7577/7577 7589/7589
f 7580/7580 7573/7573 7554/7554
f 7590/7590 7583/7583 7575/7575
f 7554/7554 7566/7566 7587/7587
f 7566/7566 7563/7563 7570/7570
f 7587/7587 7580/7580 7554/7554
f 7560/7560 7540/7540 7569/7569
f 7544/7544 7612/7612 7557/7557
f 7548/7548 7585/7585 7556/7556
f 7572/7572 7565/7565 7577/7577
f 7603/7603 7569/7569 7540/7540
f 7597/7597 7571/7571 7586/7586
f 7559/7559 7576/7576 7541/7541
f 7575/7575 7582/7582 7590/7590
f 7580/7580 7588/7588 7573/7573
f 7569/7569 7603/7603 7575/7575
f 7584/7584 7570/7570 7594/7594
f 7575/7575 7581/7581 7582/7582
f 7589/7589 7565/7565 7599/7599
f 7595/7595 7581/7581 7575/7575
f 7577/7577 7565/7565 7589/7589
f 7567/7567 7592/7592 7574/7574
f 7543/7543 7534/7534 7605/7605
f 7566/7566 7570/7570 7587/7587
f 7562/7562 7579/7579 7591/7591
f 7594/7594 7578/7578 7584/7584
f 7567/7567 7615/7615 7593/7593
f 7540/7540 7631/7631 7603/7603
f 7567/7567 7593/7593 7592/7592
f 7575/7575 7603/7603 7595/7595
f 7570/7570 7584/7584 7587/7587
f 7590/7590 7609/7609 7583/7583
f 7574/7574 7598/7598 7549/7549
f 7537/7537 7591/7591 7571/7571
f 7574/7574 7593/7593 7639/7639
f 7574/7574 7592/7592 7593/7593
f 7557/7557 7604/7604 7605/7605
f 7608/7608 7573/7573 7588/7588
f 7580/7580 7587/7587 7588/7588
f 7605/7605 7616/7616 7622/7622
f 7606/7606 7599/7599 7565/7565
f 7586/7586 7571/7571 7591/7591
f 7606/7606 7552/7552 7556/7556
f 7587/7587 7584/7584 7600/7600
f 7606/7606 7565/7565 7552/7552
f 7579/7579 7611/7611 7591/7591
f 7551/7551 7591/7591 7537/7537
f 7594/7594 7596/7596 7578/7578
f 7576/7576 7615/7615 7541/7541
f 7594/7594 7646/7646 7596/7596
f 7646/7646 7594/7594 7598/7598
f 7574/7574 7639/7639 7598/7598
f 7600/7600 7588/7588 7587/7587
f 7632/7632 7715/7715 7543/7543
f 7602/7602 7597/7597 7586/7586
f 7604/7604 7616/7616 7605/7605
f 7608/7608 7579/7579 7573/7573
f 7596/7596 7646/7646 7578/7578
f 7603/7603 7628/7628 7595/7595
f 7608/7608 7588/7588 7600/7600
f 7659/7659 7589/7589 7599/7599
f 7608/7608 7600/7600 7584/7584
f 7615/7615 7601/7601 7593/7593
f 7612/7612 7604/7604 7557/7557
f 7651/7651 7611/7611 7579/7579
f 7608/7608 7610/7610 7579/7579
f 7581/7581 7590/7590 7582/7582
f 7589/7589 7659/7659 7636/7636
f 7581/7581 7642/7642 7590/7590
f 7579/7579 7607/7607 7651/7651
f 7608/7608 7584/7584 7610/7610
f 7604/7604 7612/7612 7619/7619
f 7612/7612 7544/7544 7619/7619
f 7601/7601 7639/7639 7593/7593
f 7616/7616 7604/7604 7619/7619
f 7597/7597 7602/7602 7655/7655
f 7584/7584 7613/7613 7610/7610
f 7610/7610 7607/7607 7579/7579
f 7611/7611 7614/7614 7591/7591
f 7632/7632 7543/7543 7605/7605
f 7620/7620 7581/7581 7595/7595
f 7609/7609 7590/7590 7661/7661
f 7616/7616 7619/7619 7633/7633
f 7599/7599 7606/7606 7623/7623
f 7627/7627 7625/7625 7591/7591
f 7615/7615 7667/7667 7601/7601
f 7603/7603 7635/7635 7628/7628
f 7578/7578 7613/7613 7584/7584
f 7622/7622 7616/7616 7633/7633
f 7556/7556 7585/7585 7649/7649
f 7595/7595 7628/7628 7620/7620
f 7544/7544 7617/7617 7619/7619
f 7647/7647 7659/7659 7599/7599
f 7585/7585 7597/7597 7649/7649
f 7617/7617 7589/7589 7636/7636
f 7618/7618 7631/7631 7540/7540
f 7611/7611 7627/7627 7614/7614
f 7591/7591 7614/7614 7627/7627
f 7617/7617 7636/7636 7621/7621
f 7617/7617 7621/7621 7619/7619
f 7620/7620 7642/7642 7581/7581
f 7639/7639 7601/7601 7667/7667
f 7625/7625 7586/7586 7591/7591
f 7597/7597 7655/7655 7649/7649
f 7613/7613 7645/7645 7610/7610
f 7622/7622 7633/7633 7629/7629
f 7613/7613 7578/7578 7645/7645
f 7606/7606 7630/7630 7623/7623
f 7626/7626 7607/7607 7610/7610
f 7630/7630 7606/7606 7556/7556
f 7622/7622 7632/7632 7605/7605
f 7603/7603 7631/7631 7635/7635
f 7598/7598 7639/7639 7648/7648
f 7586/7586 7655/7655 7602/7602
f 7632/7632 7622/7622 7634/7634
f 7599/7599 7623/7623 7637/7637
f 7623/7623 7630/7630 7638/7638
f 7651/7651 7640/7640 7611/7611
f 7622/7622 7629/7629 7634/7634
f 7660/7660 7667/7667 7615/7615
f 7621/7621 7636/7636 7619/7619
f 7620/7620 7624/7624 7642/7642
f 7686/7686 7635/7635 7631/7631
f 7636/7636 7659/7659 7619/7619
f 7629/7629 7633/7633 7634/7634
f 7576/7576 7660/7660 7615/7615
f 7611/7611 7640/7640 7665/7665
f 7635/7635 7644/7644 7628/7628
f 7578/7578 7646/7646 7645/7645
f 7633/7633 7641/7641 7634/7634
f 7645/7645 7654/7654 7610/7610
f 7611/7611 7665/7665 7627/7627
f 7644/7644 7650/7650 7628/7628
f 7598/7598 7656/7656 7646/7646
f 7642/7642 7661/7661 7590/7590
f 7625/7625 7658/7658 7586/7586
f 7632/7632 7634/7634 7641/7641
f 7599/7599 7637/7637 7647/7647
f 7619/7619 7659/7659 7666/7666
f 7654/7654 7626/7626 7610/7610
f 7620/7620 7628/7628 7650/7650
f 7697/7697 7692/7692 7619/7619
f 7620/7620 7650/7650 7624/7624
f 7643/7643 7701/7701 7556/7556
f 7624/7624 7652/7652 7642/7642
f 7633/7633 7619/7619 7692/7692
f 7654/7654 7645/7645 7646/7646
f 7623/7623 7653/7653 7626/7626
f 7653/7653 7651/7651 7607/7607
f 7623/7623 7651/7651 7653/7653
f 7638/7638 7651/7651 7623/7623
f 7646/7646 7657/7657 7654/7654
f 7607/7607 7626/7626 7653/7653
f 7642/7642 7652/7652 7661/7661
f 7630/7630 7556/7556 7701/7701
f 7556/7556 7649/7649 7643/7643
f 7633/7633 7692/7692 7641/7641
f 7657/7657 7626/7626 7654/7654
f 7657/7657 7646/7646 7656/7656
f 7659/7659 7647/7647 7681/7681
f 7635/7635 7668/7668 7644/7644
f 7624/7624 7650/7650 7652/7652
f 7656/7656 7669/7669 7626/7626
f 7637/7637 7623/7623 7626/7626
f 7619/7619 7666/7666 7697/7697
f 7626/7626 7669/7669 7637/7637
f 7627/7627 7658/7658 7625/7625
f 7618/7618 7686/7686 7631/7631
f 7655/7655 7586/7586 7643/7643
f 7635/7635 7686/7686 7668/7668
f 7679/7679 7660/7660 7576/7576
f 7626/7626 7657/7657 7656/7656
f 7652/7652 7673/7673 7661/7661
f 7649/7649 7655/7655 7643/7643
f 7651/7651 7664/7664 7640/7640
f 7638/7638 7664/7664 7651/7651
f 7658/7658 7643/7643 7586/7586
f 7666/7666 7659/7659 7697/7697
f 7630/7630 7701/7701 7670/7670
f 7644/7644 7652/7652 7650/7650
f 7702/7702 7715/7715 7632/7632
f 7630/7630 7670/7670 7677/7677
f 7638/7638 7630/7630 7664/7664
f 7639/7639 7675/7675 7648/7648
f 7674/7674 7681/7681 7647/7647
f 7667/7667 7678/7678 7639/7639
f 7644/7644 7668/7668 7652/7652
f 7671/7671 7686/7686 7618/7618
f 7659/7659 7681/7681 7682/7682
f 7640/7640 7662/7662 7665/7665
f 7669/7669 7656/7656 7637/7637
f 7665/7665 7662/7662 7627/7627
f 7663/7663 7641/7641 7692/7692
f 7697/7697 7659/7659 7682/7682
f 7639/7639 7672/7672 7675/7675
f 7681/7681 7674/7674 7696/7696
f 7630/7630 7677/7677 7664/7664
f 7673/7673 7652/7652 7687/7687
f 7576/7576 7676/7676 7679/7679
f 7648/7648 7675/7675 7685/7685
f 7647/7647 7637/7637 7674/7674
f 7676/7676 7680/7680 7679/7679
f 7639/7639 7678/7678 7672/7672
f 7668/7668 7683/7683 7652/7652
f 7598/7598 7648/7648 7656/7656
f 7678/7678 7667/7667 7672/7672
f 7686/7686 7683/7683 7668/7668
f 7637/7637 7656/7656 7674/7674
f 7676/7676 7684/7684 7680/7680
f 7652/7652 7683/7683 7687/7687
f 7688/7688 7680/7680 7684/7684
f 7671/7671 7687/7687 7683/7683
f 7684/7684 7718/7718 7688/7688
f 7686/7686 7671/7671 7683/7683
f 7672/7672 7685/7685 7675/7675
f 7702/7702 7632/7632 7663/7663
f 7697/7697 7691/7691 7692/7692
f 7660/7660 7679/7679 7667/7667
f 7664/7664 7662/7662 7640/7640
f 7641/7641 7663/7663 7632/7632
f 7689/7689 7718/7718 7684/7684
f 7688/7688 7718/7718 7721/7721
f 7688/7688 7721/7721 7680/7680
f 7680/7680 7693/7693 7679/7679
f 7679/7679 7693/7693 7690/7690
f 7662/7662 7703/7703 7627/7627
f 7682/7682 7681/7681 7722/7722
f 7680/7680 7721/7721 7711/7711
f 7627/7627 7703/7703 7658/7658
f 7680/7680 7711/7711 7693/7693
f 7656/7656 7648/7648 7695/7695
f 7674/7674 7656/7656 7695/7695
f 7696/7696 7674/7674 7695/7695
f 7681/7681 7696/7696 7698/7698
f 7697/7697 7682/7682 7710/7710
f 7679/7679 7690/7690 7667/7667
f 7663/7663 7692/7692 7691/7691
f 7716/7716 7707/7707 7698/7698
f 7677/7677 7704/7704 7664/7664
f 7693/7693 7711/7711 7690/7690
f 7681/7681 7698/7698 7694/7694
f 7722/7722 7681/7681 7694/7694
f 7719/7719 7710/7710 7682/7682
f 7696/7696 7695/7695 7713/7713
f 7664/7664 7704/7704 7662/7662
f 7696/7696 7700/7700 7698/7698
f 7690/7690 7699/7699 7667/7667
f 7685/7685 7695/7695 7648/7648
f 7698/7698 7707/7707 7694/7694
f 7643/7643 7658/7658 7704/7704
f 7701/7701 7643/7643 7739/7739
f 7690/7690 7705/7705 7699/7699
f 7697/7697 7710/7710 7691/7691
f 7711/7711 7705/7705 7690/7690
f 7689/7689 7757/7757 7718/7718
f 7713/7713 7714/7714 7696/7696
f 7704/7704 7703/7703 7662/7662
f 7685/7685 7717/7717 7695/7695
f 7691/7691 7726/7726 7663/7663
f 7700/7700 7716/7716 7698/7698
f 7700/7700 7696/7696 7708/7708
f 7713/7713 7695/7695 7717/7717
f 7713/7713 7712/7712 7714/7714
f 7704/7704 7739/7739 7643/7643
f 7658/7658 7703/7703 7704/7704
f 7705/7705 7709/7709 7699/7699
f 7719/7719 7682/7682 7724/7724
f 7706/7706 7691/7691 7705/7705
f 7705/7705 7711/7711 7723/7723
f 7709/7709 7667/7667 7699/7699
f 7713/7713 7717/7717 7720/7720
f 7702/7702 7663/7663 7726/7726
f 7696/7696 7714/7714 7708/7708
f 7710/7710 7719/7719 7691/7691
f 7712/7712 7713/7713 7720/7720
f 7726/7726 7691/7691 7706/7706
f 7667/7667 7709/7709 7672/7672
f 7682/7682 7722/7722 7724/7724
f 7672/7672 7709/7709 7685/7685
f 7709/7709 7720/7720 7685/7685
f 7715/7715 7702/7702 7760/7760
f 7670/7670 7701/7701 7677/7677
f 7712/7712 7720/7720 7719/7719
f 7691/7691 7719/7719 7705/7705
f 7720/7720 7717/7717 7685/7685
f 7701/7701 7729/7729 7677/7677
f 7712/7712 7719/7719 7724/7724
f 7711/7711 7721/7721 7723/7723
f 7694/7694 7707/7707 7722/7722
f 7705/7705 7727/7727 7706/7706
f 7705/7705 7719/7719 7709/7709
f 7719/7719 7720/7720 7709/7709
f 7704/7704 7677/7677 7739/7739
f 7726/7726 7706/7706 7745/7745
f 7727/7727 7705/7705 7723/7723
f 7700/7700 7732/7732 7716/7716
f 7724/7724 7714/7714 7712/7712
f 7722/7722 7707/7707 7716/7716
f 7714/7714 7728/7728 7708/7708
f 7701/7701 7739/7739 7730/7730
f 7708/7708 7725/7725 7700/7700
f 7677/7677 7729/7729 7739/7739
f 7722/7722 7714/7714 7724/7724
f 7722/7722 7716/7716 7731/7731
f 7718/7718 7743/7743 7721/7721
f 7729/7729 7701/7701 7733/7733
f 7701/7701 7734/7734 7733/7733
f 7757/7757 7743/7743 7718/7718
f 7728/7728 7738/7738 7708/7708
f 7732/7732 7700/7700 7725/7725
f 7702/7702 7726/7726 7745/7745
f 7722/7722 7731/7731 7740/7740
f 7714/7714 7737/7737 7728/7728
f 7727/7727 7745/7745 7706/7706
f 7744/7744 7702/7702 7745/7745
f 7701/7701 7730/7730 7734/7734
f 7722/7722 7740/7740 7714/7714
f 7737/7737 7714/7714 7740/7740
f 7732/7732 7725/7725 7738/7738
f 7743/7743 7723/7723 7721/7721
f 7738/7738 7725/7725 7708/7708
f 7736/7736 7757/7757 7689/7689
f 7739/7739 7729/7729 7733/7733
f 7734/7734 7730/7730 7733/7733
f 7723/7723 7743/7743 7727/7727
f 7733/7733 7730/7730 7739/7739
f 7748/7748 7760/7760 7702/7702
f 7728/7728 7742/7742 7738/7738
f 7740/7740 7741/7741 7737/7737
f 7737/7737 7742/7742 7728/7728
f 7741/7741 7742/7742 7737/7737
f 7740/7740 7742/7742 7741/7741
f 7747/7747 7731/7731 7716/7716
f 7742/7742 7732/7732 7738/7738
f 7731/7731 7747/7747 7740/7740
f 7742/7742 7747/7747 7752/7752
f 7716/7716 7735/7735 7747/7747
f 7746/7746 7727/7727 7743/7743
f 7716/7716 7732/7732 7735/7735
f 7727/7727 7749/7749 7751/7751
f 7743/7743 7749/7749 7746/7746
f 7749/7749 7727/7727 7746/7746
f 7750/7750 7743/7743 7757/7757
f 7735/7735 7732/7732 7752/7752
f 7732/7732 7742/7742 7752/7752
f 7727/7727 7751/7751 7745/7745
f 7742/7742 7740/7740 7747/7747
f 7745/7745 7751/7751 7749/7749
f 7702/7702 7744/7744 7748/7748
f 7735/7735 7753/7753 7747/7747
f 7745/7745 7749/7749 7750/7750
f 7749/7749 7743/7743 7750/7750
f 7752/7752 7747/7747 7753/7753
f 7758/7758 7745/7745 7750/7750
f 7748/7748 7754/7754 7760/7760
f 7735/7735 7752/7752 7756/7756
f 7745/7745 7758/7758 7744/7744
f 7753/7753 7735/7735 7756/7756
f 7736/7736 7762/7762 7757/7757
f 7753/7753 7755/7755 7752/7752
f 7752/7752 7755/7755 7756/7756
f 7755/7755 7753/7753 7756/7756
f 7750/7750 7757/7757 7759/7759
f 7750/7750 7763/7763 7758/7758
f 7750/7750 7761/7761 7763/7763
f 7744/7744 7758/7758 7748/7748
f 7762/7762 7759/7759 7757/7757
f 7750/7750 7759/7759 7761/7761
f 7760/7760 7754/7754 7736/7736
f 7736/7736 7754/7754 7762/7762
f 7761/7761 7759/7759 7763/7763
f 7748/7748 7758/7758 7768/7768
f 7748/7748 7765/7765 7754/7754
f 7754/7754 7764/7764 7762/7762
f 7762/7762 7764/7764 7759/7759
f 7764/7764 7754/7754 7765/7765
f 7759/7759 7764/7764 7763/7763
f 7764/7764 7766/7766 7763/7763
f 7766/7766 7764/7764 7765/7765
f 7765/7765 7748/7748 7768/7768
f 7758/7758 7763/7763 7767/7767
f 7758/7758 7767/7767 7768/7768
f 7766/7766 7767/7767 7763/7763
f 7768/7768 7766/7766 7765/7765
f 7768/7768 7769/7769 7766/7766
f 7766/7766 7769/7769 7767/7767
f 7768/7768 7767/7767 7769/7769
f 7775/7775 7771/7771 7770/7770
f 7771/7771 7774/7774 7770/7770
f 7775/7775 7770/7770 7777/7777
f 7770/7770 7774/7774 7777/7777
f 7773/7773 7772/7772 7771/7771
f 7771/7771 7772/7772 7774/7774
f 7781/7781 7771/7771 7775/7775
f 7771/7771 7781/7781 7773/7773
f 7774/7774 7772/7772 7776/7776
f 7777/7777 7774/7774 7776/7776
f 7780/7780 7781/7781 7775/7775
f 7772/7772 7773/7773 7782/7782
f 7780/7780 7775/7775 7779/7779
f 7779/7779 7775/7775 7777/7777
f 7782/7782 7776/7776 7772/7772
f 7773/7773 7788/7788 7778/7778
f 7777/7777 7776/7776 7783/7783
f 7773/7773 7781/7781 7788/7788
f 7782/7782 7783/7783 7776/7776
f 7778/7778 7782/7782 7773/7773
f 7779/7779 7777/7777 7783/7783
f 7779/7779 7783/7783 7784/7784
f 7778/7778 7785/7785 7782/7782
f 7782/7782 7784/7784 7783/7783
f 7788/7788 7786/7786 7778/7778
f 7794/7794 7779/7779 7784/7784
f 7788/7788 7781/7781 7790/7790
f 7782/7782 7785/7785 7784/7784
f 7781/7781 7780/7780 7790/7790
f 7787/7787 7786/7786 7788/7788
f 7787/7787 7788/7788 7790/7790
f 7780/7780 7779/7779 7794/7794
f 7778/7778 7786/7786 7785/7785
f 7785/7785 7786/7786 7784/7784
f 7780/7780 7797/7797 7790/7790
f 7787/7787 7789/7789 7786/7786
f 7784/7784 7786/7786 7794/7794
f 7780/7780 7794/7794 7797/7797
f 7790/7790 7791/7791 7787/7787
f 7793/7793 7790/7790 7797/7797
f 7799/7799 7786/7786 7789/7789
f 7786/7786 7801/7801 7794/7794
f 7787/7787 7791/7791 7789/7789
f 7791/7791 7799/7799 7789/7789
f 7793/7793 7797/7797 7792/7792
f 7790/7790 7796/7796 7791/7791
f 7796/7796 7790/7790 7802/7802
f 7790/7790 7793/7793 7795/7795
f 7790/7790 7795/7795 7802/7802
f 7798/7798 7799/7799 7791/7791
f 7786/7786 7799/7799 7801/7801
f 7791/7791 7796/7796 7798/7798
f 7797/7797 7823/7823 7792/7792
f 7794/7794 7801/7801 7797/7797
f 7792/7792 7795/7795 7793/7793
f 7802/7802 7795/7795 7792/7792
f 7802/7802 7803/7803 7800/7800
f 7799/7799 7819/7819 7801/7801
f 7797/7797 7801/7801 7804/7804
f 7800/7800 7814/7814 7802/7802
f 7803/7803 7802/7802 7792/7792
f 7796/7796 7802/7802 7814/7814
f 7803/7803 7792/7792 7823/7823
f 7803/7803 7805/7805 7800/7800
f 7796/7796 7814/7814 7798/7798
f 7814/7814 7799/7799 7798/7798
f 7800/7800 7805/7805 7806/7806
f 7808/7808 7809/7809 7825/7825
f 7805/7805 7803/7803 7807/7807
f 7809/7809 7808/7808 7846/7846
f 7799/7799 7814/7814 7819/7819
f 7807/7807 7803/7803 7818/7818
f 7800/7800 7806/7806 7810/7810
f 7808/7808 7812/7812 7846/7846
f 7819/7819 7804/7804 7801/7801
f 7815/7815 7817/7817 7813/7813
f 7797/7797 7804/7804 7823/7823
f 7821/7821 7816/7816 7836/7836
f 7862/7862 7911/7911 7811/7811
f 7800/7800 7810/7810 7814/7814
f 7815/7815 7813/7813 7821/7821
f 7808/7808 7825/7825 7844/7844
f 7821/7821 7813/7813 7816/7816
f 7818/7818 7803/7803 7829/7829
f 7819/7819 7814/7814 7824/7824
f 7812/7812 7822/7822 7831/7831
f 7814/7814 7810/7810 7820/7820
f 7823/7823 7804/7804 7819/7819
f 7814/7814 7820/7820 7824/7824
f 7809/7809 7837/7837 7825/7825
f 7819/7819 7824/7824 7830/7830
f 7911/7911 7862/7862 7826/7826
f 7821/7821 7827/7827 7815/7815
f 7846/7846 7812/7812 7859/7859
f 7823/7823 7819/7819 7834/7834
f 7803/7803 7823/7823 7829/7829
f 7834/7834 7819/7819 7832/7832
f 7828/7828 7815/7815 7827/7827
f 7819/7819 7830/7830 7832/7832
f 7812/7812 7831/7831 7842/7842
f 7830/7830 7824/7824 7832/7832
f 7829/7829 7823/7823 7839/7839
f 7832/7832 7824/7824 7835/7835
f 7809/7809 7833/7833 7837/7837
f 7823/7823 7834/7834 7839/7839
f 7826/7826 7862/7862 7845/7845
f 7832/7832 7835/7835 7834/7834
f 7836/7836 7816/7816 7856/7856
f 7833/7833 7809/7809 7846/7846
f 7853/7853 7851/7851 7831/7831
f 7816/7816 7813/7813 7840/7840
f 7839/7839 7834/7834 7835/7835
f 7831/7831 7851/7851 7842/7842
f 7812/7812 7842/7842 7859/7859
f 7833/7833 7846/7846 7843/7843
f 7833/7833 7841/7841 7837/7837
f 7817/7817 7847/7847 7813/7813
f 7837/7837 7855/7855 7825/7825
f 7840/7840 7833/7833 7843/7843
f 7840/7840 7813/7813 7833/7833
f 7813/7813 7841/7841 7833/7833
f 7840/7840 7843/7843 7816/7816
f 7831/7831 7822/7822 7852/7852
f 7831/7831 7852/7852 7853/7853
f 7856/7856 7816/7816 7846/7846
f 7838/7838 7846/7846 7859/7859
f 7825/7825 7869/7869 7844/7844
f 7815/7815 7864/7864 7817/7817
f 7825/7825 7855/7855 7861/7861
f 7848/7848 7841/7841 7813/7813
f 7850/7850 7852/7852 7822/7822
f 7847/7847 7848/7848 7813/7813
f 7828/7828 7854/7854 7815/7815
f 7815/7815 7854/7854 7864/7864
f 7837/7837 7841/7841 7855/7855
f 7817/7817 7849/7849 7847/7847
f 7843/7843 7846/7846 7816/7816
f 7850/7850 7871/7871 7852/7852
f 7876/7876 7861/7861 7855/7855
f 7911/7911 7826/7826 7863/7863
f 7848/7848 7847/7847 7841/7841
f 7859/7859 7858/7858 7838/7838
f 7825/7825 7861/7861 7869/7869
f 7859/7859 7842/7842 7860/7860
f 7846/7846 7874/7874 7856/7856
f 7858/7858 7859/7859 7865/7865
f 7852/7852 7851/7851 7853/7853
f 7826/7826 7845/7845 7883/7883
f 7865/7865 7859/7859 7860/7860
f 7847/7847 7849/7849 7841/7841
f 7878/7878 7857/7857 7817/7817
f 7849/7849 7855/7855 7841/7841
f 7817/7817 7857/7857 7849/7849
f 7846/7846 7838/7838 7866/7866
f 7855/7855 7857/7857 7872/7872
f 7855/7855 7873/7873 7876/7876
f 7858/7858 7865/7865 7852/7852
f 7860/7860 7842/7842 7851/7851
f 7865/7865 7860/7860 7851/7851
f 7852/7852 7865/7865 7851/7851
f 7878/7878 7817/7817 7864/7864
f 7849/7849 7857/7857 7855/7855
f 7868/7868 7911/7911 7863/7863
f 7872/7872 7879/7879 7855/7855
f 7878/7878 7864/7864 7854/7854
f 7846/7846 7866/7866 7874/7874
f 7871/7871 7858/7858 7852/7852
f 7861/7861 7881/7881 7869/7869
f 7870/7870 7871/7871 7850/7850
f 7838/7838 7858/7858 7871/7871
f 7881/7881 7861/7861 7876/7876
f 7866/7866 7880/7880 7874/7874
f 7885/7885 7867/7867 7857/7857
f 7871/7871 7870/7870 7838/7838
f 7855/7855 7879/7879 7873/7873
f 7870/7870 7850/7850 7877/7877
f 7891/7891 7893/7893 7916/7916
f 7838/7838 7870/7870 7877/7877
f 7857/7857 7878/7878 7885/7885
f 7857/7857 7867/7867 7872/7872
f 7826/7826 7883/7883 7863/7863
f 7838/7838 7880/7880 7866/7866
f 7838/7838 7877/7877 7880/7880
f 7845/7845 7882/7882 7887/7887
f 7881/7881 7876/7876 7891/7891
f 7872/7872 7867/7867 7879/7879
f 7881/7881 7891/7891 7916/7916
f 7924/7924 7868/7868 7863/7863
f 7878/7878 7854/7854 7884/7884
f 7879/7879 7875/7875 7873/7873
f 7885/7885 7878/7878 7945/7945
f 7811/7811 7886/7886 7862/7862
f 7887/7887 7895/7895 7845/7845
f 7883/7883 7895/7895 7863/7863
f 7862/7862 7886/7886 7999/7999
f 7873/7873 7875/7875 7876/7876
f 7879/7879 7867/7867 7875/7875
f 7951/7951 7896/7896 7894/7894
f 7913/7913 7924/7924 7863/7863
f 7878/7878 7884/7884 7890/7890
f 7889/7889 7897/7897 7876/7876
f 7914/7914 7863/7863 7895/7895
f 7897/7897 7891/7891 7876/7876
f 7885/7885 7888/7888 7867/7867
f 7913/7913 7863/7863 7914/7914
f 7894/7894 7896/7896 7939/7939
f 7845/7845 7895/7895 7883/7883
f 7951/7951 7898/7898 7896/7896
f 7876/7876 7875/7875 7902/7902
f 7945/7945 7878/7878 7933/7933
f 7888/7888 7906/7906 7867/7867
f 7890/7890 7899/7899 7878/7878
f 7867/7867 7950/7950 7875/7875
f 7900/7900 7901/7901 7921/7921
f 7891/7891 7897/7897 7893/7893
f 7896/7896 7918/7918 7939/7939
f 7878/7878 7899/7899 7903/7903
f 7878/7878 7903/7903 7933/7933
f 7897/7897 7904/7904 7893/7893
f 7909/7909 7898/7898 7951/7951
f 7923/7923 7918/7918 7896/7896
f 7905/7905 7900/7900 7921/7921
f 7889/7889 7876/7876 7908/7908
f 7896/7896 7898/7898 7947/7947
f 7912/7912 7845/7845 7900/7900
f 7876/7876 7902/7902 7908/7908
f 7905/7905 7921/7921 7940/7940
f 7845/7845 7862/7862 7900/7900
f 8089/8089 7907/7907 7868/7868
f 7868/7868 7907/7907 7911/7911
f 7889/7889 7908/7908 7897/7897
f 7897/7897 7908/7908 7904/7904
f 7902/7902 7875/7875 7950/7950
f 7910/7910 7900/7900 7905/7905
f 7912/7912 7900/7900 7910/7910
f 7908/7908 7902/7902 7950/7950
f 7896/7896 7917/7917 7923/7923
f 7924/7924 7936/7936 7892/7892
f 7900/7900 7862/7862 7901/7901
f 7924/7924 7892/7892 7868/7868
f 7909/7909 7915/7915 7898/7898
f 7912/7912 7910/7910 7882/7882
f 7845/7845 7912/7912 7882/7882
f 7888/7888 7885/7885 7906/7906
f 7898/7898 7915/7915 7947/7947
f 7896/7896 7927/7927 7917/7917
f 7914/7914 7895/7895 7920/7920
f 7908/7908 7950/7950 7904/7904
f 7914/7914 7929/7929 7913/7913
f 7917/7917 7919/7919 7923/7923
f 7914/7914 7920/7920 7929/7929
f 7903/7903 7931/7931 7933/7933
f 7945/7945 7922/7922 7885/7885
f 7947/7947 7927/7927 7896/7896
f 7920/7920 7895/7895 7887/7887
f 7921/7921 7932/7932 7940/7940
f 7916/7916 7893/7893 8088/8088
f 7951/7951 7915/7915 7909/7909
f 7924/7924 7926/7926 7925/7925
f 7936/7936 7924/7924 7925/7925
f 7933/7933 7944/7944 7945/7945
f 7926/7926 7924/7924 7928/7928
f 7892/7892 7936/7936 7982/7982
f 7901/7901 7930/7930 7921/7921
f 7924/7924 7913/7913 7978/7978
f 7928/7928 7924/7924 7978/7978
f 7922/7922 7906/7906 7885/7885
f 7920/7920 7955/7955 7929/7929
f 7925/7925 7935/7935 7936/7936
f 7943/7943 7932/7932 7921/7921
f 7862/7862 7999/7999 7930/7930
f 7917/7917 7927/7927 7919/7919
f 7960/7960 7905/7905 7958/7958
f 7955/7955 7920/7920 7887/7887
f 7944/7944 7933/7933 7931/7931
f 7938/7938 7942/7942 7927/7927
f 7960/7960 7910/7910 7905/7905
f 7905/7905 7940/7940 7959/7959
f 7936/7936 7935/7935 7982/7982
f 7930/7930 7943/7943 7921/7921
f 7987/7987 7882/7882 7961/7961
f 7934/7934 7952/7952 7974/7974
f 7867/7867 7906/7906 7950/7950
f 7947/7947 7937/7937 7927/7927
f 7937/7937 7938/7938 7927/7927
f 7882/7882 7987/7987 7887/7887
f 7868/7868 7979/7979 8089/8089
f 7942/7942 7954/7954 7919/7919
f 7918/7918 7923/7923 8115/8115
f 7901/7901 7862/7862 7930/7930
f 7983/7983 7949/7949 7946/7946
f 7954/7954 7942/7942 7938/7938
f 7942/7942 7919/7919 7927/7927
f 7919/7919 7981/7981 7923/7923
f 7918/7918 8115/8115 7939/7939
f 7946/7946 7948/7948 7983/7983
f 7946/7946 7951/7951 7894/7894
f 7938/7938 7971/7971 7954/7954
f 7892/7892 7982/7982 7868/7868
f 7904/7904 7950/7950 7893/7893
f 7905/7905 7959/7959 7958/7958
f 7935/7935 7953/7953 7982/7982
f 7945/7945 7944/7944 7922/7922
f 7954/7954 7959/7959 7963/7963
f 7954/7954 7965/7965 7919/7919
f 7932/7932 7941/7941 7940/7940
f 7922/7922 7970/7970 7906/7906
f 7915/7915 7956/7956 7947/7947
f 7971/7971 7959/7959 7954/7954
f 7952/7952 7934/7934 8003/8003
f 7964/7964 7915/7915 7951/7951
f 7956/7956 7957/7957 7947/7947
f 7969/7969 7958/7958 7959/7959
f 7929/7929 7955/7955 7978/7978
f 7868/7868 7982/7982 7979/7979
f 7947/7947 7957/7957 7968/7968
f 7968/7968 7937/7937 7947/7947
f 7968/7968 7938/7938 7937/7937
f 7960/7960 7961/7961 7910/7910
f 7978/7978 7913/7913 7929/7929
f 7971/7971 7938/7938 7996/7996
f 7972/7972 7960/7960 7958/7958
f 7961/7961 7882/7882 7910/7910
f 7940/7940 7941/7941 7959/7959
f 7915/7915 7957/7957 7956/7956
f 7887/7887 7987/7987 7966/7966
f 7919/7919 7965/7965 7981/7981
f 7941/7941 7985/7985 7959/7959
f 7934/7934 8002/8002 8003/8003
f 7946/7946 7949/7949 7951/7951
f 7971/7971 7969/7969 7959/7959
f 7923/7923 7973/7973 8115/8115
f 7923/7923 7981/7981 7973/7973
f 7955/7955 7887/7887 7966/7966
f 7931/7931 7903/7903 8066/8066
f 7953/7953 7967/7967 7982/7982
f 7943/7943 7975/7975 7932/7932
f 8008/8008 7934/7934 7974/7974
f 7930/7930 7999/7999 7943/7943
f 8019/8019 7975/7975 7943/7943
f 7931/7931 8066/8066 7944/7944
f 7968/7968 7996/7996 7938/7938
f 7978/7978 7955/7955 8023/8023
f 7992/7992 7974/7974 7988/7988
f 7959/7959 7985/7985 7963/7963
f 7943/7943 7997/7997 8019/8019
f 7962/7962 7951/7951 7949/7949
f 7996/7996 7990/7990 7971/7971
f 8001/8001 7958/7958 7969/7969
f 7974/7974 7992/7992 8008/8008
f 7963/7963 7965/7965 7954/7954
f 7999/7999 7977/7977 7943/7943
f 7932/7932 7975/7975 7941/7941
f 7922/7922 7944/7944 7970/7970
f 7934/7934 8008/8008 7989/7989
f 7951/7951 7962/7962 7964/7964
f 7957/7957 7996/7996 7968/7968
f 7969/7969 7971/7971 7990/7990
f 7958/7958 8001/8001 7972/7972
f 7967/7967 7986/7986 7982/7982
f 7941/7941 7975/7975 8050/8050
f 7970/7970 8000/8000 7906/7906
f 7993/7993 7980/7980 7972/7972
f 7982/7982 7986/7986 7979/7979
f 7972/7972 7961/7961 7960/7960
f 7992/7992 7988/7988 7974/7974
f 7955/7955 7966/7966 7995/7995
f 7903/7903 7991/7991 8066/8066
f 7944/7944 8066/8066 7970/7970
f 7993/7993 7972/7972 8032/8032
f 7992/7992 7974/7974 8069/8069
f 7976/7976 7941/7941 8050/8050
f 8031/8031 7893/7893 7950/7950
f 7994/7994 8004/8004 8014/8014
f 7972/7972 7980/7980 7961/7961
f 8018/8018 8008/8008 7992/7992
f 7941/7941 7976/7976 7985/7985
f 7949/7949 7983/7983 7948/7948
f 8004/8004 7994/7994 7998/7998
f 8023/8023 7955/7955 7995/7995
f 8056/8056 7915/7915 7964/7964
f 7952/7952 8069/8069 7974/7974
f 7989/7989 8008/8008 8034/8034
f 8002/8002 7934/7934 7989/7989
f 7970/7970 8009/8009 8000/8000
f 8088/8088 7893/7893 8039/8039
f 8004/8004 7998/7998 8027/8027
f 8032/8032 7972/7972 8001/8001
f 8003/8003 8002/8002 8015/8015
f 7915/7915 8012/8012 8007/8007
f 7915/7915 8020/8020 7957/7957
f 7996/7996 7984/7984 7990/7990
f 8008/8008 8033/8033 8034/8034
f 7979/7979 7986/7986 8005/8005
f 8000/8000 8006/8006 7906/7906
f 7966/7966 7987/7987 8013/8013
f 7989/7989 8015/8015 8002/8002
f 7943/7943 7977/7977 7997/7997
f 8056/8056 8012/8012 7915/7915
f 8007/8007 8020/8020 7915/7915
f 8018/8018 8065/8065 8008/8008
f 7987/7987 7961/7961 7980/7980
f 7987/7987 7980/7980 8013/8013
f 7989/7989 8034/8034 8015/8015
f 7999/7999 8016/8016 7977/7977
f 7949/7949 7948/7948 8010/8010
f 7962/7962 7949/7949 8017/8017
f 8004/8004 8027/8027 8014/8014
f 8014/8014 8087/8087 7952/7952
f 7995/7995 7966/7966 8013/8013
f 7886/7886 8016/8016 7999/7999
f 8058/8058 8052/8052 8075/8075
f 8012/8012 8020/8020 8007/8007
f 7949/7949 8010/8010 8017/8017
f 8011/8011 8030/8030 8024/8024
f 7906/7906 8006/8006 7950/7950
f 7977/7977 8016/8016 8021/8021
f 8008/8008 8065/8065 8033/8033
f 8023/8023 7995/7995 8013/8013
f 8035/8035 8011/8011 8024/8024
f 7996/7996 7957/7957 8025/8025
f 8062/8062 8122/8122 8042/8042
f 7950/7950 8006/8006 8031/8031
f 8058/8058 8028/8028 8052/8052
f 7957/7957 8020/8020 8025/8025
f 8025/8025 8026/8026 7996/7996
f 7992/7992 8041/8041 8018/8018
f 8041/8041 7992/7992 8077/8077
f 8033/8033 8065/8065 8029/8029
f 7996/7996 8026/8026 8022/8022
f 8001/8001 7969/7969 7990/7990
f 8027/8027 7998/7998 8080/8080
f 8011/8011 8059/8059 8030/8030
f 8022/8022 7984/7984 7996/7996
f 7992/7992 8069/8069 8077/8077
f 7981/7981 7965/7965 7973/7973
f 8069/8069 7952/7952 8063/8063
f 7952/7952 8087/8087 8063/8063
f 7893/7893 8031/8031 8039/8039
f 8001/8001 8053/8053 8032/8032
f 8031/8031 8006/8006 8036/8036
f 8037/8037 7990/7990 8022/8022
f 8048/8048 8080/8080 7998/7998
f 8029/8029 8038/8038 8033/8033
f 7985/7985 7976/7976 7963/7963
f 7977/7977 8073/8073 7997/7997
f 8088/8088 8039/8039 8090/8090
f 7990/7990 7984/7984 8022/8022
f 7990/7990 8037/8037 8049/8049
f 8027/8027 8087/8087 8014/8014
f 8038/8038 8043/8043 8033/8033
f 8034/8034 8033/8033 8043/8043
f 8011/8011 8122/8122 8059/8059
f 8066/8066 7991/7991 8045/8045
f 7975/7975 7976/7976 8050/8050
f 7962/7962 8017/8017 7964/7964
f 8079/8079 8057/8057 8040/8040
f 7990/7990 8049/8049 8001/8001
f 8042/8042 8122/8122 8011/8011
f 7970/7970 8066/8066 8009/8009
f 8036/8036 8006/8006 8000/8000
f 8009/8009 8066/8066 8000/8000
f 8073/8073 7977/7977 8021/8021
f 8079/8079 8040/8040 8075/8075
f 8019/8019 7976/7976 7975/7975
f 7964/7964 8017/8017 8046/8046
f 8018/8018 8041/8041 8077/8077
f 8042/8042 8054/8054 8062/8062
f 7976/7976 8044/8044 7963/7963
f 8024/8024 8152/8152 8035/8035
f 8107/8107 8019/8019 7997/7997
f 8057/8057 8079/8079 8048/8048
f 8001/8001 8049/8049 8053/8053
f 8047/8047 7964/7964 8046/8046
f 8087/8087 8027/8027 8085/8085
f 7963/7963 8044/8044 7965/7965
f 8051/8051 8090/8090 8039/8039
f 7964/7964 8047/8047 8056/8056
f 7998/7998 8057/8057 8048/8048
f 8069/8069 8063/8063 8078/8078
f 8060/8060 8064/8064 8072/8072
f 7997/7997 8073/8073 8068/8068
f 8066/8066 8036/8036 8000/8000
f 8027/8027 8061/8061 8085/8085
f 8091/8091 8077/8077 8069/8069
f 8030/8030 8059/8059 8024/8024
f 8064/8064 8060/8060 8071/8071
f 8031/8031 8051/8051 8039/8039
f 8040/8040 8058/8058 8075/8075
f 8027/8027 8080/8080 8061/8061
f 8060/8060 8067/8067 8071/8071
f 8064/8064 8081/8081 8072/8072
f 7973/7973 8070/8070 8115/8115
f 8072/8072 8081/8081 8125/8125
f 8089/8089 7979/7979 8134/8134
f 8062/8062 8054/8054 8098/8098
f 8078/8078 8063/8063 8087/8087
f 8071/8071 8067/8067 8064/8064
f 8064/8064 8067/8067 8074/8074
f 8068/8068 8107/8107 7997/7997
f 8018/8018 8077/8077 8095/8095
f 8122/8122 8096/8096 8059/8059
f 8091/8091 8069/8069 8100/8100
f 8065/8065 8018/8018 8101/8101
f 8069/8069 8078/8078 8136/8136
f 7965/7965 8044/8044 8055/8055
f 8074/8074 8067/8067 8076/8076
f 8074/8074 8076/8076 8064/8064
f 8064/8064 8076/8076 8081/8081
f 8073/8073 8118/8118 8068/8068
f 7976/7976 8019/8019 8102/8102
f 8082/8082 8073/8073 8021/8021
f 8092/8092 8073/8073 8082/8082
f 8062/8062 8098/8098 8122/8122
f 8005/8005 8084/8084 7979/7979
f 7979/7979 8084/8084 8134/8134
f 8082/8082 8116/8116 8092/8092
f 8092/8092 8118/8118 8073/8073
f 8048/8048 8169/8169 8080/8080
f 8096/8096 8097/8097 8059/8059
f 8036/8036 8104/8104 8031/8031
f 8086/8086 8116/8116 8082/8082
f 8135/8135 8085/8085 8099/8099
f 8031/8031 8104/8104 8083/8083
f 8077/8077 8133/8133 8095/8095
f 8111/8111 8088/8088 8090/8090
f 8099/8099 8085/8085 8061/8061
f 8077/8077 8091/8091 8133/8133
f 8101/8101 8018/8018 8095/8095
f 8031/8031 8083/8083 8051/8051
f 8052/8052 8028/8028 8094/8094
f 8124/8124 8079/8079 8075/8075
f 7965/7965 8055/8055 7973/7973
f 8083/8083 8093/8093 8051/8051
f 8051/8051 8105/8105 8090/8090
f 8095/8095 8133/8133 8144/8144
f 8069/8069 8136/8136 8100/8100
f 8144/8144 8101/8101 8095/8095
f 8052/8052 8094/8094 8127/8127
f 8087/8087 8136/8136 8078/8078
f 8134/8134 8120/8120 8089/8089
f 8061/8061 8080/8080 8169/8169
f 8085/8085 8135/8135 8087/8087
f 8070/8070 7973/7973 8130/8130
f 8070/8070 8130/8130 8115/8115
f 8106/8106 8130/8130 7973/7973
f 8036/8036 8045/8045 8104/8104
f 8036/8036 8066/8066 8045/8045
f 7973/7973 8110/8110 8106/8106
f 7973/7973 8055/8055 8110/8110
f 8092/8092 8116/8116 8118/8118
f 8075/8075 8183/8183 8124/8124
f 8136/8136 8087/8087 8138/8138
f 8113/8113 8106/8106 8110/8110
f 8051/8051 8093/8093 8105/8105
f 8102/8102 8019/8019 8103/8103
f 8107/8107 8112/8112 8019/8019
f 8116/8116 8086/8086 8175/8175
f 8055/8055 8044/8044 8110/8110
f 8090/8090 8093/8093 8111/8111
f 8090/8090 8105/8105 8093/8093
f 8099/8099 8061/8061 8239/8239
f 8091/8091 8100/8100 8133/8133
f 8116/8116 8123/8123 8161/8161
f 8120/8120 8134/8134 8153/8153
f 7976/7976 8108/8108 8044/8044
f 8044/8044 8119/8119 8110/8110
f 8115/8115 8130/8130 8157/8157
f 8109/8109 8168/8168 8211/8211
f 8112/8112 8103/8103 8019/8019
f 8120/8120 8153/8153 8160/8160
f 8135/8135 8138/8138 8087/8087
f 8098/8098 8054/8054 8121/8121
f 8149/8149 8097/8097 8096/8096
f 8110/8110 8119/8119 8113/8113
f 8118/8118 8116/8116 8161/8161
f 8119/8119 8044/8044 8108/8108
f 8113/8113 8119/8119 8106/8106
f 8120/8120 8168/8168 8109/8109
f 8122/8122 8155/8155 8096/8096
f 8024/8024 8059/8059 8174/8174
f 8086/8086 8126/8126 8175/8175
f 8116/8116 8141/8141 8123/8123
f 8052/8052 8127/8127 8075/8075
f 8133/8133 8129/8129 8144/8144
f 8121/8121 8176/8176 8098/8098
f 8139/8139 8098/8098 8142/8142
f 8098/8098 8114/8114 8122/8122
f 8076/8076 8132/8132 8081/8081
f 8125/8125 8081/8081 8143/8143
f 8075/8075 8137/8137 8128/8128
f 8098/8098 8176/8176 8142/8142
f 8152/8152 8024/8024 8150/8150
f 8081/8081 8117/8117 8143/8143
f 8096/8096 8155/8155 8149/8149
f 8120/8120 8160/8160 8168/8168
f 8122/8122 8114/8114 8146/8146
f 8097/8097 8174/8174 8059/8059
f 8116/8116 8175/8175 8141/8141
f 8127/8127 8147/8147 8075/8075
f 8149/8149 8131/8131 8097/8097
f 8132/8132 8117/8117 8081/8081
f 8075/8075 8147/8147 8137/8137
f 8199/8199 8133/8133 8138/8138
f 8075/8075 8128/8128 8183/8183
f 8079/8079 8124/8124 8218/8218
f 8079/8079 8218/8218 8048/8048
f 8098/8098 8139/8139 8114/8114
f 8103/8103 8165/8165 8102/8102
f 8127/8127 8094/8094 8147/8147
f 8145/8145 8135/8135 8148/8148
f 8100/8100 8136/8136 8138/8138
f 8142/8142 8182/8182 8139/8139
f 8102/8102 8165/8165 7976/7976
f 8143/8143 8117/8117 8220/8220
f 8189/8189 8118/8118 8161/8161
f 8169/8169 8048/8048 8218/8218
f 8148/8148 8135/8135 8099/8099
f 8119/8119 8140/8140 8106/8106
f 8068/8068 8112/8112 8107/8107
f 8118/8118 8189/8189 8068/8068
f 8159/8159 8130/8130 8106/8106
f 8141/8141 8163/8163 8123/8123
f 8330/8330 8144/8144 8129/8129
f 8138/8138 8135/8135 8151/8151
f 8133/8133 8100/8100 8138/8138
f 8158/8158 8157/8157 8130/8130
f 8156/8156 8130/8130 8159/8159
f 8119/8119 8108/8108 8140/8140
f 8134/8134 8084/8084 8153/8153
f 8167/8167 8163/8163 8141/8141
f 8123/8123 8167/8167 8161/8161
f 8061/8061 8170/8170 8239/8239
f 8145/8145 8151/8151 8135/8135
f 8099/8099 8239/8239 8145/8145
f 8148/8148 8099/8099 8145/8145
f 8133/8133 8162/8162 8129/8129
f 8158/8158 8312/8312 8157/8157
f 8152/8152 8150/8150 8196/8196
f 8175/8175 8190/8190 8141/8141
f 8133/8133 8199/8199 8162/8162
f 8159/8159 8106/8106 8164/8164
f 8174/8174 8222/8222 8024/8024
f 8189/8189 8161/8161 8167/8167
f 8141/8141 8154/8154 8167/8167
f 8163/8163 8167/8167 8123/8123
f 8122/8122 8146/8146 8155/8155
f 8024/8024 8222/8222 8150/8150
f 8153/8153 8084/8084 8166/8166
f 8131/8131 8174/8174 8097/8097
f 8156/8156 8171/8171 8130/8130
f 8173/8173 8178/8178 8176/8176
f 8178/8178 8142/8142 8176/8176
f 8213/8213 8173/8173 8176/8176
f 8177/8177 8176/8176 8121/8121
f 8140/8140 8108/8108 8179/8179
f 7976/7976 8165/8165 8108/8108
f 8154/8154 8189/8189 8167/8167
f 8061/8061 8169/8169 8170/8170
f 8182/8182 8142/8142 8178/8178
f 8178/8178 8215/8215 8182/8182
f 8117/8117 8219/8219 8220/8220
f 8209/8209 8219/8219 8117/8117
f 8177/8177 8181/8181 8176/8176
f 8117/8117 8132/8132 8209/8209
f 8153/8153 8166/8166 8160/8160
f 8138/8138 8151/8151 8180/8180
f 8146/8146 8114/8114 8155/8155
f 8126/8126 8184/8184 8175/8175
f 8175/8175 8184/8184 8190/8190
f 8176/8176 8181/8181 8213/8213
f 8186/8186 8185/8185 8173/8173
f 8141/8141 8190/8190 8154/8154
f 8216/8216 8114/8114 8139/8139
f 8131/8131 8149/8149 8174/8174
f 8140/8140 8230/8230 8106/8106
f 8103/8103 8245/8245 8165/8165
f 8160/8160 8197/8197 8168/8168
f 8112/8112 8172/8172 8103/8103
f 8138/8138 8180/8180 8236/8236
f 8129/8129 8162/8162 8199/8199
f 8173/8173 8215/8215 8178/8178
f 8172/8172 8245/8245 8103/8103
f 8124/8124 8183/8183 8188/8188
f 8199/8199 8138/8138 8236/8236
f 8140/8140 8179/8179 8230/8230
f 8106/8106 8230/8230 8303/8303
f 8124/8124 8188/8188 8206/8206
f 8330/8330 8129/8129 8271/8271
f 8129/8129 8199/8199 8271/8271
f 8173/8173 8185/8185 8215/8215
f 8139/8139 8187/8187 8192/8192
f 8216/8216 8139/8139 8192/8192
f 8106/8106 8225/8225 8164/8164
f 8200/8200 8186/8186 8173/8173
f 8068/8068 8189/8189 8203/8203
f 8165/8165 8245/8245 8108/8108
f 8130/8130 8171/8171 8158/8158
f 8156/8156 8158/8158 8171/8171
f 8190/8190 8207/8207 8154/8154
f 8213/8213 8200/8200 8173/8173
f 8182/8182 8195/8195 8139/8139
f 8114/8114 8216/8216 8155/8155
f 8164/8164 8193/8193 8159/8159
f 8156/8156 8159/8159 8193/8193
f 8225/8225 8106/8106 8303/8303
f 8132/8132 8202/8202 8209/8209
f 8150/8150 8273/8273 8196/8196
f 8211/8211 8168/8168 8197/8197
f 8068/8068 8203/8203 8217/8217
f 8204/8204 8194/8194 8190/8190
f 8205/8205 8190/8190 8184/8184
f 8068/8068 8217/8217 8112/8112
f 8139/8139 8191/8191 8187/8187
f 8222/8222 8273/8273 8150/8150
f 8204/8204 8190/8190 8205/8205
f 8180/8180 8208/8208 8272/8272
f 8195/8195 8228/8228 8139/8139
f 8194/8194 8210/8210 8190/8190
f 8219/8219 8221/8221 8220/8220
f 8160/8160 8166/8166 8197/8197
f 8183/8183 8128/8128 8198/8198
f 8124/8124 8206/8206 8212/8212
f 8200/8200 8213/8213 8214/8214
f 8215/8215 8195/8195 8182/8182
f 8225/8225 8193/8193 8164/8164
f 8202/8202 8226/8226 8209/8209
f 8190/8190 8210/8210 8207/8207
f 8169/8169 8218/8218 8238/8238
f 8214/8214 8186/8186 8200/8200
f 8108/8108 8299/8299 8179/8179
f 8234/8234 8227/8227 8220/8220
f 8211/8211 8197/8197 8166/8166
f 8124/8124 8212/8212 8218/8218
f 8214/8214 8223/8223 8186/8186
f 8229/8229 8232/8232 8158/8158
f 8156/8156 8229/8229 8158/8158
f 8226/8226 8219/8219 8209/8209
f 8154/8154 8237/8237 8189/8189
f 8188/8188 8183/8183 8198/8198
f 8192/8192 8187/8187 8216/8216
f 8216/8216 8187/8187 8155/8155
f 8229/8229 8156/8156 8224/8224
f 8156/8156 8193/8193 8224/8224
f 8149/8149 8155/8155 8222/8222
f 8272/8272 8236/8236 8180/8180
f 8215/8215 8185/8185 8195/8195
f 8208/8208 8180/8180 8231/8231
f 8139/8139 8228/8228 8191/8191
f 8189/8189 8237/8237 8203/8203
f 8154/8154 8207/8207 8237/8237
f 8112/8112 8245/8245 8172/8172
f 8186/8186 8223/8223 8268/8268
f 8191/8191 8228/8228 8187/8187
f 8229/8229 8224/8224 8193/8193
f 8220/8220 8221/8221 8234/8234
f 8187/8187 8233/8233 8155/8155
f 8186/8186 8268/8268 8185/8185
f 8272/8272 8208/8208 8231/8231
f 8155/8155 8233/8233 8222/8222
f 8174/8174 8149/8149 8222/8222
f 8253/8253 8179/8179 8299/8299
f 8227/8227 8256/8256 8220/8220
f 8181/8181 8255/8255 8213/8213
f 8251/8251 8199/8199 8236/8236
f 8279/8279 8231/8231 8246/8246
f 8193/8193 8225/8225 8229/8229
f 8217/8217 8245/8245 8112/8112
f 8239/8239 8170/8170 8235/8235
f 8145/8145 8239/8239 8235/8235
f 8228/8228 8242/8242 8187/8187
f 8187/8187 8242/8242 8240/8240
f 8219/8219 8234/8234 8221/8221
f 8199/8199 8251/8251 8297/8297
f 8151/8151 8201/8201 8283/8283
f 8266/8266 8228/8228 8195/8195
f 8240/8240 8233/8233 8187/8187
f 8222/8222 8243/8243 8273/8273
f 8188/8188 8198/8198 8244/8244
f 8218/8218 8212/8212 8206/8206
f 8170/8170 8169/8169 8241/8241
f 8170/8170 8241/8241 8235/8235
f 8251/8251 8236/8236 8272/8272
f 8272/8272 8231/8231 8279/8279
f 8242/8242 8282/8282 8240/8240
f 8158/8158 8232/8232 8312/8312
f 8227/8227 8234/8234 8286/8286
f 8238/8238 8250/8250 8169/8169
f 8199/8199 8297/8297 8271/8271
f 8225/8225 8284/8284 8229/8229
f 8299/8299 8108/8108 8260/8260
f 8263/8263 8108/8108 8245/8245
f 8213/8213 8308/8308 8214/8214
f 8308/8308 8248/8248 8214/8214
f 8223/8223 8214/8214 8248/8248
f 8151/8151 8283/8283 8180/8180
f 8252/8252 8272/8272 8279/8279
f 8229/8229 8284/8284 8232/8232
f 8219/8219 8249/8249 8234/8234
f 8218/8218 8331/8331 8247/8247
f 8266/8266 8242/8242 8228/8228
f 8185/8185 8266/8266 8195/8195
f 8231/8231 8180/8180 8246/8246
f 8202/8202 8219/8219 8226/8226
f 8219/8219 8275/8275 8254/8254
f 8218/8218 8206/8206 8331/8331
f 8218/8218 8247/8247 8238/8238
f 8169/8169 8250/8250 8265/8265
f 8241/8241 8169/8169 8265/8265
f 8219/8219 8281/8281 8249/8249
f 8339/8339 8248/8248 8308/8308
f 8145/8145 8235/8235 8151/8151
f 8248/8248 8268/8268 8223/8223
f 8232/8232 8284/8284 8312/8312
f 8253/8253 8230/8230 8179/8179
f 8292/8292 8234/8234 8281/8281
f 8207/8207 8258/8258 8237/8237
f 8227/8227 8259/8259 8256/8256
f 8254/8254 8281/8281 8219/8219
f 8260/8260 8108/8108 8263/8263
f 8225/8225 8298/8298 8284/8284
f 8256/8256 8261/8261 8262/8262
f 8262/8262 8261/8261 8295/8295
f 8257/8257 8286/8286 8234/8234
f 8249/8249 8281/8281 8234/8234
f 8242/8242 8267/8267 8282/8282
f 8202/8202 8275/8275 8219/8219
f 8225/8225 8270/8270 8298/8298
f 8292/8292 8257/8257 8234/8234
f 8227/8227 8286/8286 8259/8259
f 8264/8264 8188/8188 8244/8244
f 8206/8206 8305/8305 8331/8331
f 8255/8255 8361/8361 8213/8213
f 8361/8361 8308/8308 8213/8213
f 8235/8235 8201/8201 8151/8151
f 8253/8253 8269/8269 8230/8230
f 8259/8259 8295/8295 8256/8256
f 8261/8261 8256/8256 8295/8295
f 8270/8270 8225/8225 8303/8303
f 8217/8217 8203/8203 8245/8245
f 8246/8246 8180/8180 8283/8283
f 8299/8299 8269/8269 8253/8253
f 8258/8258 8274/8274 8237/8237
f 8245/8245 8203/8203 8263/8263
f 8251/8251 8272/8272 8252/8252
f 8415/8415 8255/8255 8276/8276
f 8255/8255 8277/8277 8276/8276
f 8255/8255 8181/8181 8277/8277
f 8252/8252 8278/8278 8251/8251
f 8233/8233 8243/8243 8222/8222
f 8243/8243 8240/8240 8273/8273
f 8295/8295 8259/8259 8287/8287
f 8242/8242 8266/8266 8267/8267
f 8246/8246 8283/8283 8291/8291
f 8246/8246 8291/8291 8275/8275
f 8279/8279 8246/8246 8275/8275
f 8280/8280 8275/8275 8202/8202
f 8275/8275 8285/8285 8254/8254
f 8333/8333 8305/8305 8206/8206
f 8250/8250 8238/8238 8265/8265
f 8279/8279 8275/8275 8280/8280
f 8233/8233 8240/8240 8243/8243
f 8270/8270 8303/8303 8298/8298
f 8237/8237 8263/8263 8203/8203
f 8238/8238 8293/8293 8265/8265
f 8235/8235 8241/8241 8346/8346
f 8266/8266 8185/8185 8357/8357
f 8283/8283 8290/8290 8291/8291
f 8267/8267 8348/8348 8282/8282
f 8201/8201 8290/8290 8283/8283
f 8230/8230 8269/8269 8303/8303
f 8260/8260 8263/8263 8296/8296
f 8265/8265 8293/8293 8288/8288
f 8265/8265 8288/8288 8241/8241
f 8298/8298 8294/8294 8284/8284
f 8320/8320 8269/8269 8299/8299
f 8311/8311 8292/8292 8281/8281
f 8293/8293 8238/8238 8288/8288
f 8188/8188 8264/8264 8206/8206
f 8201/8201 8235/8235 8301/8301
f 8302/8302 8298/8298 8313/8313
f 8292/8292 8304/8304 8257/8257
f 8295/8295 8287/8287 8315/8315
f 8361/8361 8255/8255 8415/8415
f 8247/8247 8331/8331 8300/8300
f 8247/8247 8300/8300 8238/8238
f 8248/8248 8306/8306 8268/8268
f 8302/8302 8317/8317 8298/8298
f 8294/8294 8307/8307 8284/8284
f 8292/8292 8328/8328 8304/8304
f 8251/8251 8278/8278 8309/8309
f 8275/8275 8291/8291 8285/8285
f 8257/8257 8310/8310 8259/8259
f 8294/8294 8298/8298 8317/8317
f 8257/8257 8304/8304 8310/8310
f 8292/8292 8311/8311 8328/8328
f 8286/8286 8257/8257 8259/8259
f 8281/8281 8254/8254 8311/8311
f 8237/8237 8296/8296 8263/8263
f 8288/8288 8373/8373 8241/8241
f 8185/8185 8268/8268 8357/8357
f 8284/8284 8317/8317 8327/8327
f 8313/8313 8298/8298 8303/8303
f 8313/8313 8303/8303 8314/8314
f 8284/8284 8307/8307 8317/8317
f 8269/8269 8320/8320 8314/8314
f 8269/8269 8314/8314 8303/8303
f 8323/8323 8337/8337 8315/8315
f 8248/8248 8339/8339 8343/8343
f 8248/8248 8343/8343 8306/8306
f 8266/8266 8289/8289 8267/8267
f 8201/8201 8334/8334 8290/8290
f 8319/8319 8323/8323 8318/8318
f 8294/8294 8317/8317 8307/8307
f 8254/8254 8328/8328 8311/8311
f 8276/8276 8321/8321 8415/8415
f 8300/8300 8331/8331 8238/8238
f 8297/8297 8251/8251 8309/8309
f 8323/8323 8315/8315 8379/8379
f 8393/8393 8347/8347 8415/8415
f 8321/8321 8393/8393 8415/8415
f 8297/8297 8335/8335 8271/8271
f 8285/8285 8291/8291 8254/8254
f 8254/8254 8322/8322 8328/8328
f 8266/8266 8357/8357 8289/8289
f 8312/8312 8284/8284 8391/8391
f 8325/8325 8327/8327 8317/8317
f 8342/8342 8319/8319 8318/8318
f 8318/8318 8323/8323 8379/8379
f 8328/8328 8310/8310 8304/8304
f 8320/8320 8299/8299 8329/8329
f 8284/8284 8327/8327 8391/8391
f 8319/8319 8342/8342 8323/8323
f 8317/8317 8302/8302 8325/8325
f 8291/8291 8322/8322 8254/8254
f 8323/8323 8332/8332 8337/8337
f 8330/8330 8271/8271 8356/8356
f 8241/8241 8373/8373 8346/8346
f 8235/8235 8346/8346 8301/8301
f 8201/8201 8352/8352 8334/8334
f 8338/8338 8329/8329 8299/8299
f 8206/8206 8264/8264 8333/8333
f 8288/8288 8238/8238 8331/8331
f 8301/8301 8346/8346 8336/8336
f 8306/8306 8324/8324 8268/8268
f 8310/8310 8326/8326 8259/8259
f 8322/8322 8291/8291 8328/8328
f 8201/8201 8301/8301 8336/8336
f 8291/8291 8310/8310 8328/8328
f 8356/8356 8271/8271 8335/8335
f 8336/8336 8346/8346 8201/8201
f 8268/8268 8324/8324 8357/8357
f 8346/8346 8342/8342 8344/8344
f 8346/8346 8355/8355 8342/8342
f 8290/8290 8326/8326 8291/8291
f 8291/8291 8326/8326 8310/8310
f 8259/8259 8326/8326 8287/8287
f 8237/8237 8274/8274 8338/8338
f 8237/8237 8338/8338 8296/8296
f 8260/8260 8296/8296 8299/8299
f 8333/8333 8264/8264 8305/8305
f 8393/8393 8321/8321 8349/8349
f 8201/8201 8344/8344 8383/8383
f 8201/8201 8346/8346 8344/8344
f 8337/8337 8332/8332 8394/8394
f 8340/8340 8332/8332 8323/8323
f 8308/8308 8316/8316 8339/8339
f 8316/8316 8380/8380 8339/8339
f 8343/8343 8350/8350 8306/8306
f 8290/8290 8334/8334 8326/8326
f 8342/8342 8340/8340 8323/8323
f 8349/8349 8348/8348 8267/8267
f 8346/8346 8341/8341 8351/8351
f 8201/8201 8383/8383 8352/8352
f 8332/8332 8354/8354 8351/8351
f 8332/8332 8342/8342 8354/8354
f 8342/8342 8332/8332 8340/8340
f 8338/8338 8299/8299 8296/8296
f 8348/8348 8349/8349 8345/8345
f 8386/8386 8370/8370 8343/8343
f 8346/8346 8351/8351 8355/8355
f 8327/8327 8375/8375 8391/8391
f 8382/8382 8394/8394 8332/8332
f 8332/8332 8351/8351 8353/8353
f 8321/8321 8345/8345 8349/8349
f 8318/8318 8379/8379 8342/8342
f 8305/8305 8264/8264 8400/8400
f 8356/8356 8335/8335 8297/8297
f 8346/8346 8373/8373 8367/8367
f 8346/8346 8367/8367 8341/8341
f 8351/8351 8358/8358 8359/8359
f 8325/8325 8375/8375 8327/8327
f 8383/8383 8344/8344 8342/8342
f 8355/8355 8354/8354 8342/8342
f 8365/8365 8379/8379 8315/8315
f 8287/8287 8365/8365 8315/8315
f 8297/8297 8309/8309 8356/8356
f 8341/8341 8367/8367 8351/8351
f 8362/8362 8358/8358 8351/8351
f 8332/8332 8376/8376 8382/8382
f 8351/8351 8359/8359 8353/8353
f 8359/8359 8376/8376 8332/8332
f 8359/8359 8332/8332 8353/8353
f 8351/8351 8354/8354 8355/8355
f 8401/8401 8308/8308 8361/8361
f 8350/8350 8369/8369 8306/8306
f 8367/8367 8374/8374 8351/8351
f 8352/8352 8360/8360 8334/8334
f 8383/8383 8342/8342 8379/8379
f 8326/8326 8360/8360 8287/8287
f 8305/8305 8400/8400 8331/8331
f 8392/8392 8349/8349 8267/8267
f 8363/8363 8324/8324 8306/8306
f 8334/8334 8360/8360 8326/8326
f 8360/8360 8366/8366 8371/8371
f 8287/8287 8371/8371 8365/8365
f 8425/8425 8361/8361 8415/8415
f 8316/8316 8308/8308 8380/8380
f 8393/8393 8349/8349 8368/8368
f 8306/8306 8369/8369 8392/8392
f 8343/8343 8370/8370 8350/8350
f 8364/8364 8383/8383 8378/8378
f 8360/8360 8371/8371 8287/8287
f 8368/8368 8349/8349 8392/8392
f 8367/8367 8373/8373 8374/8374
f 8362/8362 8351/8351 8374/8374
f 8376/8376 8359/8359 8399/8399
f 8378/8378 8383/8383 8379/8379
f 8366/8366 8384/8384 8371/8371
f 8371/8371 8372/8372 8365/8365
f 8331/8331 8373/8373 8288/8288
f 8369/8369 8422/8422 8368/8368
f 8368/8368 8392/8392 8369/8369
f 8324/8324 8363/8363 8357/8357
f 8363/8363 8289/8289 8357/8357
f 8358/8358 8362/8362 8359/8359
f 8360/8360 8352/8352 8377/8377
f 8377/8377 8364/8364 8360/8360
f 8339/8339 8386/8386 8343/8343
f 8385/8385 8381/8381 8376/8376
f 8388/8388 8392/8392 8267/8267
f 8398/8398 8385/8385 8376/8376
f 8289/8289 8363/8363 8267/8267
f 8359/8359 8362/8362 8399/8399
f 8360/8360 8384/8384 8366/8366
f 8373/8373 8385/8385 8374/8374
f 8374/8374 8385/8385 8398/8398
f 8325/8325 8387/8387 8375/8375
f 8306/8306 8392/8392 8363/8363
f 8363/8363 8388/8388 8267/8267
f 8377/8377 8383/8383 8364/8364
f 8352/8352 8383/8383 8377/8377
f 8364/8364 8378/8378 8384/8384
f 8371/8371 8384/8384 8395/8395
f 8371/8371 8395/8395 8372/8372
f 8400/8400 8402/8402 8331/8331
f 8405/8405 8413/8413 8386/8386
f 8363/8363 8392/8392 8388/8388
f 8374/8374 8398/8398 8362/8362
f 8364/8364 8384/8384 8360/8360
f 8373/8373 8389/8389 8385/8385
f 8387/8387 8391/8391 8375/8375
f 8399/8399 8398/8398 8376/8376
f 8372/8372 8379/8379 8365/8365
f 8331/8331 8402/8402 8373/8373
f 8403/8403 8390/8390 8385/8385
f 8389/8389 8403/8403 8385/8385
f 8368/8368 8422/8422 8393/8393
f 8339/8339 8416/8416 8386/8386
f 8385/8385 8390/8390 8381/8381
f 8378/8378 8379/8379 8395/8395
f 8372/8372 8395/8395 8379/8379
f 8382/8382 8396/8396 8394/8394
f 8397/8397 8382/8382 8376/8376
f 8403/8403 8404/8404 8390/8390
f 8404/8404 8409/8409 8396/8396
f 8404/8404 8396/8396 8382/8382
f 8416/8416 8405/8405 8386/8386
f 8381/8381 8390/8390 8382/8382
f 8397/8397 8381/8381 8382/8382
f 8376/8376 8381/8381 8397/8397
f 8362/8362 8398/8398 8399/8399
f 8384/8384 8378/8378 8395/8395
f 8389/8389 8373/8373 8403/8403
f 8404/8404 8382/8382 8390/8390
f 8373/8373 8402/8402 8403/8403
f 8404/8404 8403/8403 8409/8409
f 8350/8350 8422/8422 8369/8369
f 8380/8380 8308/8308 8401/8401
f 8402/8402 8400/8400 8403/8403
f 8400/8400 8264/8264 8406/8406
f 8400/8400 8406/8406 8403/8403
f 8403/8403 8406/8406 8407/8407
f 8407/8407 8412/8412 8403/8403
f 8403/8403 8412/8412 8411/8411
f 8403/8403 8411/8411 8408/8408
f 8403/8403 8414/8414 8409/8409
f 8413/8413 8370/8370 8386/8386
f 8422/8422 8350/8350 8410/8410
f 8408/8408 8414/8414 8403/8403
f 8423/8423 8361/8361 8425/8425
f 8339/8339 8420/8420 8416/8416
f 8423/8423 8401/8401 8361/8361
f 8418/8418 8380/8380 8401/8401
f 8441/8441 8438/8438 8415/8415
f 8419/8419 8420/8420 8380/8380
f 8425/8425 8415/8415 8438/8438
f 8370/8370 8410/8410 8350/8350
f 8419/8419 8380/8380 8418/8418
f 8413/8413 8405/8405 8435/8435
f 8415/8415 8347/8347 8441/8441
f 8413/8413 8410/8410 8370/8370
f 8420/8420 8339/8339 8380/8380
f 8422/8422 8347/8347 8393/8393
f 8420/8420 8417/8417 8416/8416
f 8401/8401 8423/8423 8418/8418
f 8416/8416 8417/8417 8405/8405
f 8424/8424 8435/8435 8405/8405
f 8417/8417 8424/8424 8405/8405
f 8413/8413 8435/8435 8421/8421
f 8421/8421 8410/8410 8413/8413
f 8347/8347 8422/8422 8428/8428
f 8420/8420 8419/8419 8418/8418
f 8410/8410 8433/8433 8422/8422
f 8420/8420 8418/8418 8431/8431
f 8347/8347 8428/8428 8441/8441
f 8431/8431 8418/8418 8423/8423
f 8410/8410 8421/8421 8433/8433
f 8420/8420 8426/8426 8417/8417
f 8426/8426 8424/8424 8417/8417
f 8420/8420 8432/8432 8426/8426
f 8435/8435 8424/8424 8426/8426
f 8445/8445 8432/8432 8420/8420
f 8435/8435 8437/8437 8421/8421
f 8426/8426 8427/8427 8435/8435
f 8433/8433 8428/8428 8422/8422
f 8443/8443 8423/8423 8430/8430
f 8423/8423 8425/8425 8430/8430
f 8430/8430 8425/8425 8438/8438
f 8429/8429 8448/8448 8433/8433
f 8450/8450 8431/8431 8423/8423
f 8420/8420 8431/8431 8445/8445
f 8421/8421 8429/8429 8433/8433
f 8428/8428 8463/8463 8441/8441
f 8426/8426 8436/8436 8427/8427
f 8435/8435 8434/8434 8437/8437
f 8427/8427 8436/8436 8435/8435
f 8432/8432 8436/8436 8426/8426
f 8429/8429 8421/8421 8448/8448
f 8443/8443 8450/8450 8423/8423
f 8428/8428 8433/8433 8448/8448
f 8450/8450 8439/8439 8431/8431
f 8437/8437 8440/8440 8421/8421
f 8440/8440 8448/8448 8421/8421
f 8436/8436 8434/8434 8435/8435
f 8434/8434 8442/8442 8437/8437
f 8439/8439 8444/8444 8431/8431
f 8437/8437 8442/8442 8440/8440
f 8431/8431 8444/8444 8445/8445
f 8438/8438 8441/8441 8463/8463
f 8449/8449 8444/8444 8450/8450
f 8444/8444 8439/8439 8450/8450
f 8447/8447 8436/8436 8432/8432
f 8447/8447 8446/8446 8436/8436
f 8445/8445 8447/8447 8432/8432
f 8436/8436 8446/8446 8434/8434
f 8430/8430 8438/8438 8468/8468
f 8446/8446 8447/8447 8434/8434
f 8449/8449 8450/8450 8443/8443
f 8440/8440 8458/8458 8448/8448
f 8458/8458 8428/8428 8448/8448
f 8430/8430 8455/8455 8443/8443
f 8447/8447 8460/8460 8434/8434
f 8462/8462 8449/8449 8453/8453
f 8452/8452 8447/8447 8445/8445
f 8463/8463 8428/8428 8464/8464
f 8434/8434 8460/8460 8451/8451
f 8465/8465 8430/8430 8468/8468
f 8468/8468 8438/8438 8466/8466
f 8449/8449 8454/8454 8453/8453
f 8449/8449 8456/8456 8454/8454
f 8449/8449 8443/8443 8456/8456
f 8453/8453 8456/8456 8455/8455
f 8443/8443 8455/8455 8456/8456
f 8453/8453 8454/8454 8456/8456
f 8442/8442 8461/8461 8440/8440
f 8453/8453 8455/8455 8462/8462
f 8444/8444 8449/8449 8445/8445
f 8451/8451 8461/8461 8434/8434
f 8438/8438 8463/8463 8477/8477
f 8449/8449 8457/8457 8459/8459
f 8457/8457 8449/8449 8462/8462
f 8447/8447 8452/8452 8460/8460
f 8461/8461 8458/8458 8440/8440
f 8455/8455 8430/8430 8465/8465
f 8449/8449 8469/8469 8445/8445
f 8445/8445 8460/8460 8452/8452
f 8438/8438 8477/8477 8466/8466
f 8464/8464 8428/8428 8458/8458
f 8434/8434 8461/8461 8442/8442
f 8449/8449 8459/8459 8469/8469
f 8464/8464 8458/8458 8461/8461
f 8455/8455 8465/8465 8462/8462
f 8457/8457 8462/8462 8473/8473
f 8460/8460 8467/8467 8451/8451
f 8460/8460 8445/8445 8469/8469
f 8472/8472 8461/8461 8451/8451
f 8464/8464 8474/8474 8463/8463
f 8460/8460 8469/8469 8467/8467
f 8478/8478 8468/8468 8466/8466
f 8470/8470 8451/8451 8467/8467
f 8474/8474 8477/8477 8463/8463
f 8469/8469 8470/8470 8467/8467
f 8473/8473 8462/8462 8465/8465
f 8465/8465 8468/8468 8478/8478
f 8470/8470 8471/8471 8472/8472
f 8470/8470 8472/8472 8451/8451
f 8459/8459 8470/8470 8469/8469
f 8461/8461 8474/8474 8464/8464
f 8471/8471 8475/8475 8472/8472
f 8478/8478 8473/8473 8465/8465
f 8485/8485 8476/8476 8461/8461
f 8461/8461 8476/8476 8474/8474
f 8476/8476 8477/8477 8474/8474
f 8466/8466 8477/8477 8490/8490
f 8461/8461 8472/8472 8475/8475
f 8461/8461 8483/8483 8485/8485
f 8490/8490 8477/8477 8476/8476
f 8470/8470 8482/8482 8471/8471
f 8481/8481 8478/8478 8466/8466
f 8489/8489 8461/8461 8475/8475
f 8475/8475 8486/8486 8489/8489
f 8481/8481 8473/8473 8478/8478
f 8475/8475 8471/8471 8486/8486
f 8459/8459 8480/8480 8470/8470
f 8457/8457 8473/8473 8479/8479
f 8485/8485 8490/8490 8476/8476
f 8483/8483 8461/8461 8489/8489
f 8471/8471 8482/8482 8486/8486
f 8473/8473 8481/8481 8479/8479
f 8493/8493 8470/8470 8480/8480
f 8459/8459 8457/8457 8480/8480
f 8492/8492 8490/8490 8485/8485
f 8489/8489 8486/8486 8491/8491
f 8470/8470 8493/8493 8482/8482
f 8479/8479 8493/8493 8457/8457
f 8481/8481 8466/8466 8490/8490
f 8496/8496 8490/8490 8492/8492
f 8487/8487 8479/8479 8484/8484
f 8493/8493 8480/8480 8457/8457
f 8488/8488 8485/8485 8483/8483
f 8482/8482 8491/8491 8486/8486
f 8489/8489 8488/8488 8483/8483
f 8485/8485 8488/8488 8492/8492
f 8489/8489 8491/8491 8488/8488
f 8487/8487 8493/8493 8479/8479
f 8490/8490 8496/8496 8481/8481
f 8492/8492 8491/8491 8482/8482
f 8492/8492 8488/8488 8491/8491
f 8479/8479 8481/8481 8500/8500
f 8481/8481 8496/8496 8494/8494
f 8487/8487 8495/8495 8493/8493
f 8495/8495 8487/8487 8484/8484
f 8495/8495 8482/8482 8493/8493
f 8500/8500 8481/8481 8494/8494
f 8479/8479 8500/8500 8484/8484
f 8495/8495 8492/8492 8482/8482
f 8498/8498 8496/8496 8492/8492
f 8492/8492 8495/8495 8498/8498
f 8501/8501 8494/8494 8496/8496
f 8496/8496 8498/8498 8501/8501
f 8495/8495 8484/8484 8497/8497
f 8499/8499 8498/8498 8495/8495
f 8497/8497 8499/8499 8495/8495
f 8484/8484 8500/8500 8497/8497
f 8500/8500 8494/8494 8497/8497
f 8501/8501 8498/8498 8499/8499
f 8497/8497 8501/8501 8499/8499
f 8501/8501 8497/8497 8494/8494
f 8502/8502 8504/8504 8503/8503
f 8505/8505 8503/8503 8504/8504
f 8505/8505 8510/8510 8503/8503
f 8506/8506 8505/8505 8504/8504
f 8504/8504 8502/8502 8516/8516
f 8502/8502 8503/8503 8510/8510
f 8502/8502 8507/8507 8516/8516
f 8506/8506 8504/8504 8508/8508
f 8505/8505 8506/8506 8509/8509
f 8509/8509 8510/8510 8505/8505
f 8502/8502 8524/8524 8507/8507
f 8521/8521 8509/8509 8506/8506
f 8510/8510 8513/8513 8502/8502
f 8511/8511 8515/8515 8509/8509
f 8512/8512 8506/8506 8508/8508
f 8502/8502 8513/8513 8518/8518
f 8506/8506 8512/8512 8514/8514
f 8509/8509 8520/8520 8511/8511
f 8509/8509 8515/8515 8510/8510
f 8517/8517 8506/8506 8514/8514
f 8517/8517 8521/8521 8506/8506
f 8518/8518 8524/8524 8502/8502
f 8521/8521 8520/8520 8509/8509
f 8516/8516 8507/8507 8530/8530
f 8515/8515 8511/8511 8526/8526
f 8515/8515 8519/8519 8510/8510
f 8526/8526 8511/8511 8520/8520
f 8522/8522 8526/8526 8520/8520
f 8522/8522 8520/8520 8523/8523
f 8510/8510 8519/8519 8513/8513
f 8523/8523 8520/8520 8529/8529
f 8522/8522 8523/8523 8525/8525
f 8515/8515 8570/8570 8519/8519
f 8526/8526 8527/8527 8515/8515
f 8507/8507 8524/8524 8530/8530
f 8517/8517 8514/8514 8521/8521
f 8535/8535 8523/8523 8536/8536
f 8522/8522 8525/8525 8526/8526
f 8533/8533 8528/8528 8523/8523
f 8515/8515 8541/8541 8570/8570
f 8515/8515 8527/8527 8541/8541
f 8536/8536 8523/8523 8529/8529
f 8597/8597 8521/8521 8514/8514
f 8523/8523 8535/8535 8533/8533
f 8530/8530 8524/8524 8561/8561
f 8597/8597 8514/8514 8532/8532
f 8527/8527 8526/8526 8541/8541
f 8549/8549 8521/8521 8531/8531
f 8529/8529 8521/8521 8549/8549
f 8521/8521 8529/8529 8520/8520
f 8534/8534 8524/8524 8518/8518
f 8538/8538 8518/8518 8513/8513
f 8523/8523 8528/8528 8525/8525
f 8535/8535 8539/8539 8533/8533
f 8526/8526 8525/8525 8537/8537
f 8521/8521 8597/8597 8531/8531
f 8526/8526 8553/8553 8541/8541
f 8545/8545 8543/8543 8539/8539
f 8539/8539 8543/8543 8551/8551
f 8536/8536 8529/8529 8535/8535
f 8539/8539 8551/8551 8542/8542
f 8539/8539 8542/8542 8533/8533
f 8526/8526 8537/8537 8553/8553
f 8539/8539 8535/8535 8584/8584
f 8528/8528 8533/8533 8542/8542
f 8524/8524 8534/8534 8548/8548
f 8525/8525 8528/8528 8537/8537
f 8543/8543 8546/8546 8551/8551
f 8519/8519 8538/8538 8513/8513
f 8518/8518 8548/8548 8534/8534
f 8551/8551 8562/8562 8542/8542
f 8563/8563 8558/8558 8547/8547
f 8552/8552 8554/8554 8550/8550
f 8539/8539 8584/8584 8545/8545
f 8554/8554 8547/8547 8550/8550
f 8570/8570 8538/8538 8519/8519
f 8535/8535 8529/8529 8549/8549
f 8545/8545 8546/8546 8543/8543
f 8563/8563 8547/8547 8554/8554
f 8547/8547 8555/8555 8550/8550
f 8548/8548 8561/8561 8524/8524
f 8552/8552 8550/8550 8556/8556
f 8546/8546 8557/8557 8551/8551
f 8518/8518 8544/8544 8548/8548
f 8552/8552 8556/8556 8581/8581
f 8552/8552 8563/8563 8554/8554
f 8547/8547 8558/8558 8555/8555
f 8528/8528 8553/8553 8537/8537
f 8542/8542 8553/8553 8528/8528
f 8567/8567 8563/8563 8552/8552
f 8591/8591 8609/8609 8545/8545
f 8518/8518 8538/8538 8544/8544
f 8567/8567 8552/8552 8581/8581
f 8546/8546 8556/8556 8557/8557
f 8556/8556 8565/8565 8557/8557
f 8565/8565 8559/8559 8557/8557
f 8556/8556 8550/8550 8565/8565
f 8565/8565 8550/8550 8559/8559
f 8550/8550 8566/8566 8559/8559
f 8553/8553 8636/8636 8541/8541
f 8548/8548 8631/8631 8561/8561
f 8560/8560 8567/8567 8581/8581
f 8591/8591 8545/8545 8584/8584
f 8559/8559 8566/8566 8557/8557
f 8550/8550 8555/8555 8566/8566
f 8546/8546 8545/8545 8609/8609
f 8557/8557 8562/8562 8551/8551
f 8584/8584 8535/8535 8603/8603
f 8609/8609 8556/8556 8546/8546
f 8563/8563 8567/8567 8564/8564
f 8557/8557 8568/8568 8562/8562
f 8557/8557 8566/8566 8578/8578
f 8597/8597 8532/8532 8572/8572
f 8583/8583 8582/8582 8571/8571
f 8557/8557 8578/8578 8568/8568
f 8548/8548 8569/8569 8631/8631
f 8560/8560 8564/8564 8567/8567
f 8573/8573 8555/8555 8558/8558
f 8555/8555 8578/8578 8566/8566
f 8574/8574 8581/8581 8585/8585
f 8595/8595 8571/8571 8560/8560
f 8571/8571 8564/8564 8560/8560
f 8571/8571 8575/8575 8576/8576
f 8542/8542 8562/8562 8553/8553
f 8589/8589 8548/8548 8544/8544
f 8585/8585 8581/8581 8556/8556
f 8571/8571 8576/8576 8564/8564
f 8590/8590 8579/8579 8586/8586
f 8571/8571 8582/8582 8575/8575
f 8563/8563 8564/8564 8558/8558
f 8558/8558 8580/8580 8573/8573
f 8578/8578 8555/8555 8568/8568
f 8568/8568 8596/8596 8562/8562
f 8564/8564 8587/8587 8558/8558
f 8573/8573 8580/8580 8555/8555
f 8583/8583 8571/8571 8595/8595
f 8555/8555 8600/8600 8568/8568
f 8541/8541 8588/8588 8570/8570
f 8570/8570 8540/8540 8538/8538
f 8620/8620 8531/8531 8597/8597
f 8590/8590 8602/8602 8579/8579
f 8564/8564 8576/8576 8575/8575
f 8548/8548 8589/8589 8605/8605
f 8633/8633 8586/8586 8598/8598
f 8581/8581 8574/8574 8595/8595
f 8531/8531 8620/8620 8549/8549
f 8595/8595 8574/8574 8585/8585
f 8598/8598 8586/8586 8583/8583
f 8579/8579 8593/8593 8586/8586
f 8580/8580 8600/8600 8555/8555
f 8553/8553 8594/8594 8636/8636
f 8633/8633 8590/8590 8586/8586
f 8581/8581 8595/8595 8560/8560
f 8603/8603 8591/8591 8584/8584
f 8575/8575 8587/8587 8564/8564
f 8558/8558 8587/8587 8612/8612
f 8612/8612 8580/8580 8558/8558
f 8585/8585 8556/8556 8609/8609
f 8605/8605 8649/8649 8548/8548
f 8580/8580 8612/8612 8592/8592
f 8570/8570 8588/8588 8540/8540
f 8597/8597 8572/8572 8620/8620
f 8585/8585 8680/8680 8595/8595
f 8598/8598 8583/8583 8616/8616
f 8590/8590 8698/8698 8602/8602
f 8583/8583 8586/8586 8582/8582
f 8600/8600 8580/8580 8592/8592
f 8595/8595 8648/8648 8583/8583
f 8680/8680 8585/8585 8599/8599
f 8586/8586 8604/8604 8582/8582
f 8598/8598 8616/8616 8633/8633
f 8603/8603 8535/8535 8549/8549
f 8568/8568 8600/8600 8596/8596
f 8649/8649 8569/8569 8548/8548
f 8617/8617 8575/8575 8582/8582
f 8562/8562 8577/8577 8652/8652
f 8613/8613 8589/8589 8544/8544
f 8648/8648 8595/8595 8680/8680
f 8592/8592 8607/8607 8600/8600
f 8587/8587 8575/8575 8612/8612
f 8553/8553 8638/8638 8594/8594
f 8541/8541 8636/8636 8588/8588
f 8538/8538 8613/8613 8544/8544
f 8648/8648 8616/8616 8583/8583
f 8633/8633 8616/8616 8626/8626
f 8586/8586 8593/8593 8604/8604
f 8596/8596 8601/8601 8562/8562
f 8609/8609 8599/8599 8585/8585
f 8579/8579 8698/8698 8606/8606
f 8604/8604 8617/8617 8582/8582
f 8652/8652 8553/8553 8562/8562
f 8590/8590 8624/8624 8698/8698
f 8579/8579 8606/8606 8593/8593
f 8626/8626 8616/8616 8648/8648
f 8549/8549 8620/8620 8603/8603
f 8601/8601 8678/8678 8562/8562
f 8607/8607 8622/8622 8615/8615
f 8610/8610 8575/8575 8608/8608
f 8596/8596 8600/8600 8678/8678
f 8617/8617 8608/8608 8575/8575
f 8575/8575 8610/8610 8612/8612
f 8592/8592 8612/8612 8607/8607
f 8590/8590 8633/8633 8624/8624
f 8680/8680 8599/8599 8619/8619
f 8614/8614 8604/8604 8593/8593
f 8655/8655 8603/8603 8620/8620
f 8579/8579 8602/8602 8698/8698
f 8634/8634 8593/8593 8606/8606
f 8607/8607 8615/8615 8600/8600
f 8604/8604 8637/8637 8617/8617
f 8617/8617 8637/8637 8608/8608
f 8610/8610 8629/8629 8612/8612
f 8612/8612 8635/8635 8607/8607
f 8608/8608 8637/8637 8610/8610
f 8562/8562 8678/8678 8577/8577
f 8588/8588 8623/8623 8540/8540
f 8604/8604 8611/8611 8637/8637
f 8600/8600 8641/8641 8678/8678
f 8538/8538 8540/8540 8613/8613
f 8604/8604 8640/8640 8611/8611
f 8629/8629 8625/8625 8612/8612
f 8609/8609 8591/8591 8632/8632
f 8591/8591 8603/8603 8632/8632
f 8614/8614 8640/8640 8604/8604
f 8611/8611 8642/8642 8610/8610
f 8607/8607 8635/8635 8628/8628
f 8615/8615 8630/8630 8600/8600
f 8646/8646 8613/8613 8540/8540
f 8607/8607 8628/8628 8622/8622
f 8614/8614 8593/8593 8618/8618
f 8610/8610 8642/8642 8629/8629
f 8605/8605 8589/8589 8649/8649
f 8612/8612 8625/8625 8635/8635
f 8610/8610 8637/8637 8611/8611
f 8652/8652 8638/8638 8553/8553
f 8630/8630 8644/8644 8600/8600
f 8620/8620 8746/8746 8658/8658
f 8625/8625 8629/8629 8635/8635
f 8623/8623 8646/8646 8540/8540
f 8609/8609 8672/8672 8599/8599
f 8600/8600 8644/8644 8641/8641
f 8629/8629 8628/8628 8635/8635
f 8664/8664 8647/8647 8640/8640
f 8609/8609 8632/8632 8672/8672
f 8620/8620 8572/8572 8746/8746
f 8638/8638 8627/8627 8594/8594
f 8630/8630 8615/8615 8644/8644
f 8679/8679 8629/8629 8645/8645
f 8631/8631 8569/8569 8690/8690
f 8640/8640 8647/8647 8653/8653
f 8622/8622 8628/8628 8615/8615
f 8629/8629 8679/8679 8661/8661
f 8633/8633 8626/8626 8648/8648
f 8640/8640 8700/8700 8643/8643
f 8643/8643 8664/8664 8640/8640
f 8639/8639 8645/8645 8629/8629
f 8628/8628 8629/8629 8665/8665
f 8611/8611 8640/8640 8642/8642
f 8627/8627 8621/8621 8594/8594
f 8589/8589 8613/8613 8646/8646
f 8619/8619 8599/8599 8672/8672
f 8615/8615 8628/8628 8665/8665
f 8642/8642 8650/8650 8629/8629
f 8640/8640 8653/8653 8650/8650
f 8678/8678 8601/8601 8596/8596
f 8642/8642 8640/8640 8650/8650
f 8650/8650 8653/8653 8629/8629
f 8603/8603 8657/8657 8632/8632
f 8606/8606 8698/8698 8634/8634
f 8657/8657 8603/8603 8655/8655
f 8615/8615 8665/8665 8656/8656
f 8651/8651 8665/8665 8629/8629
f 8621/8621 8636/8636 8594/8594
f 8634/8634 8694/8694 8593/8593
f 8656/8656 8644/8644 8615/8615
f 8569/8569 8649/8649 8690/8690
f 8629/8629 8653/8653 8654/8654
f 8647/8647 8662/8662 8653/8653
f 8654/8654 8639/8639 8629/8629
f 8653/8653 8662/8662 8654/8654
f 8654/8654 8659/8659 8639/8639
f 8647/8647 8670/8670 8659/8659
f 8675/8675 8627/8627 8638/8638
f 8629/8629 8661/8661 8651/8651
f 8644/8644 8656/8656 8685/8685
f 8662/8662 8647/8647 8659/8659
f 8654/8654 8662/8662 8659/8659
f 8678/8678 8652/8652 8577/8577
f 8636/8636 8660/8660 8588/8588
f 8649/8649 8589/8589 8646/8646
f 8639/8639 8659/8659 8645/8645
f 8643/8643 8676/8676 8664/8664
f 8664/8664 8663/8663 8647/8647
f 8665/8665 8651/8651 8656/8656
f 8672/8672 8632/8632 8688/8688
f 8621/8621 8681/8681 8636/8636
f 8678/8678 8641/8641 8644/8644
f 8620/8620 8658/8658 8655/8655
f 8660/8660 8636/8636 8681/8681
f 8645/8645 8659/8659 8679/8679
f 8647/8647 8663/8663 8683/8683
f 8664/8664 8676/8676 8671/8671
f 8659/8659 8670/8670 8679/8679
f 8664/8664 8668/8668 8663/8663
f 8619/8619 8703/8703 8680/8680
f 8638/8638 8652/8652 8675/8675
f 8647/8647 8683/8683 8670/8670
f 8674/8674 8633/8633 8648/8648
f 8588/8588 8660/8660 8623/8623
f 8651/8651 8669/8669 8656/8656
f 8664/8664 8671/8671 8668/8668
f 8698/8698 8624/8624 8772/8772
f 8614/8614 8803/8803 8640/8640
f 8640/8640 8743/8743 8700/8700
f 8670/8670 8745/8745 8679/8679
f 8668/8668 8673/8673 8663/8663
f 8627/8627 8675/8675 8621/8621
f 8669/8669 8685/8685 8656/8656
f 8666/8666 8690/8690 8649/8649
f 8633/8633 8772/8772 8624/8624
f 8675/8675 8689/8689 8621/8621
f 8669/8669 8651/8651 8682/8682
f 8697/8697 8648/8648 8680/8680
f 8745/8745 8695/8695 8679/8679
f 8633/8633 8674/8674 8772/8772
f 8677/8677 8714/8714 8623/8623
f 8623/8623 8714/8714 8646/8646
f 8670/8670 8683/8683 8696/8696
f 8648/8648 8697/8697 8686/8686
f 8657/8657 8655/8655 8687/8687
f 8660/8660 8681/8681 8623/8623
f 8644/8644 8684/8684 8678/8678
f 8661/8661 8701/8701 8651/8651
f 8643/8643 8710/8710 8676/8676
f 8679/8679 8695/8695 8661/8661
f 8619/8619 8672/8672 8703/8703
f 8632/8632 8657/8657 8688/8688
f 8678/8678 8684/8684 8712/8712
f 8643/8643 8700/8700 8667/8667
f 8683/8683 8663/8663 8696/8696
f 8623/8623 8681/8681 8677/8677
f 8682/8682 8651/8651 8691/8691
f 8651/8651 8701/8701 8691/8691
f 8673/8673 8668/8668 8692/8692
f 8663/8663 8673/8673 8707/8707
f 8648/8648 8686/8686 8674/8674
f 8643/8643 8667/8667 8710/8710
f 8666/8666 8728/8728 8690/8690
f 8670/8670 8696/8696 8745/8745
f 8634/8634 8698/8698 8694/8694
f 8681/8681 8711/8711 8677/8677
f 8689/8689 8681/8681 8621/8621
f 8693/8693 8646/8646 8714/8714
f 8709/8709 8685/8685 8669/8669
f 8720/8720 8672/8672 8688/8688
f 8803/8803 8743/8743 8640/8640
f 8684/8684 8644/8644 8685/8685
f 8663/8663 8707/8707 8696/8696
f 8649/8649 8646/8646 8704/8704
f 8695/8695 8726/8726 8661/8661
f 8682/8682 8718/8718 8669/8669
f 8711/8711 8714/8714 8677/8677
f 8718/8718 8709/8709 8669/8669
f 8718/8718 8682/8682 8701/8701
f 8697/8697 8680/8680 8703/8703
f 8698/8698 8739/8739 8694/8694
f 8655/8655 8713/8713 8687/8687
f 8675/8675 8652/8652 8708/8708
f 8661/8661 8726/8726 8701/8701
f 8696/8696 8725/8725 8745/8745
f 8655/8655 8658/8658 8746/8746
f 8682/8682 8691/8691 8701/8701
f 8696/8696 8707/8707 8725/8725
f 8693/8693 8721/8721 8646/8646
f 8709/8709 8684/8684 8685/8685
f 8676/8676 8710/8710 8770/8770
f 8593/8593 8694/8694 8618/8618
f 8675/8675 8731/8731 8689/8689
f 8721/8721 8704/8704 8646/8646
f 8705/8705 8708/8708 8652/8652
f 8702/8702 8667/8667 8700/8700
f 8676/8676 8770/8770 8671/8671
f 8704/8704 8666/8666 8649/8649
f 8681/8681 8715/8715 8711/8711
f 8709/8709 8723/8723 8684/8684
f 8712/8712 8729/8729 8652/8652
f 8712/8712 8652/8652 8678/8678
f 8681/8681 8689/8689 8715/8715
f 8745/8745 8726/8726 8695/8695
f 8694/8694 8699/8699 8618/8618
f 8693/8693 8714/8714 8721/8721
f 8692/8692 8706/8706 8673/8673
f 8736/8736 8686/8686 8697/8697
f 8697/8697 8703/8703 8736/8736
f 8746/8746 8713/8713 8655/8655
f 8746/8746 8572/8572 8717/8717
f 8718/8718 8719/8719 8709/8709
f 8673/8673 8727/8727 8707/8707
f 8672/8672 8720/8720 8703/8703
f 8657/8657 8687/8687 8755/8755
f 8675/8675 8724/8724 8731/8731
f 8714/8714 8711/8711 8721/8721
f 8721/8721 8722/8722 8704/8704
f 8706/8706 8727/8727 8673/8673
f 8704/8704 8728/8728 8666/8666
f 8745/8745 8725/8725 8716/8716
f 8721/8721 8711/8711 8730/8730
f 8715/8715 8689/8689 8711/8711
f 8718/8718 8701/8701 8719/8719
f 8720/8720 8688/8688 8703/8703
f 8688/8688 8744/8744 8703/8703
f 8704/8704 8733/8733 8728/8728
f 8770/8770 8710/8710 8667/8667
f 8731/8731 8740/8740 8741/8741
f 8724/8724 8740/8740 8731/8731
f 8708/8708 8705/8705 8675/8675
f 8707/8707 8727/8727 8777/8777
f 8614/8614 8618/8618 8803/8803
f 8735/8735 8733/8733 8704/8704
f 8724/8724 8675/8675 8740/8740
f 8689/8689 8730/8730 8711/8711
f 8702/8702 8700/8700 8743/8743
f 8719/8719 8750/8750 8709/8709
f 8732/8732 8721/8721 8730/8730
f 8701/8701 8726/8726 8761/8761
f 8688/8688 8657/8657 8755/8755
f 8731/8731 8730/8730 8689/8689
f 8735/8735 8717/8717 8733/8733
f 8732/8732 8735/8735 8721/8721
f 8731/8731 8732/8732 8730/8730
f 8729/8729 8705/8705 8652/8652
f 8729/8729 8747/8747 8675/8675
f 8726/8726 8745/8745 8761/8761
f 8707/8707 8777/8777 8768/8768
f 8744/8744 8736/8736 8703/8703
f 8746/8746 8717/8717 8751/8751
f 8717/8717 8737/8737 8751/8751
f 8729/8729 8675/8675 8705/8705
f 8667/8667 8702/8702 8738/8738
f 8770/8770 8667/8667 8738/8738
f 8746/8746 8734/8734 8713/8713
f 8737/8737 8735/8735 8732/8732
f 8731/8731 8741/8741 8732/8732
f 8735/8735 8704/8704 8722/8722
f 8735/8735 8722/8722 8721/8721
f 8709/8709 8750/8750 8723/8723
f 8725/8725 8707/8707 8768/8768
f 8737/8737 8717/8717 8735/8735
f 8687/8687 8713/8713 8758/8758
f 8675/8675 8747/8747 8740/8740
f 8729/8729 8712/8712 8769/8769
f 8694/8694 8739/8739 8822/8822
f 8719/8719 8701/8701 8750/8750
f 8686/8686 8736/8736 8764/8764
f 8765/8765 8688/8688 8755/8755
f 8749/8749 8746/8746 8751/8751
f 8742/8742 8732/8732 8741/8741
f 8757/8757 8740/8740 8754/8754
f 8740/8740 8759/8759 8741/8741
f 8757/8757 8759/8759 8740/8740
f 8772/8772 8674/8674 8764/8764
f 8734/8734 8746/8746 8749/8749
f 8734/8734 8749/8749 8713/8713
f 8747/8747 8754/8754 8740/8740
f 8750/8750 8760/8760 8723/8723
f 8761/8761 8745/8745 8780/8780
f 8716/8716 8725/8725 8767/8767
f 8752/8752 8751/8751 8737/8737
f 8742/8742 8737/8737 8732/8732
f 8723/8723 8760/8760 8684/8684
f 8701/8701 8761/8761 8809/8809
f 8713/8713 8749/8749 8758/8758
f 8752/8752 8737/8737 8742/8742
f 8748/8748 8712/8712 8684/8684
f 8671/8671 8894/8894 8668/8668
f 8749/8749 8742/8742 8741/8741
f 8749/8749 8751/8751 8752/8752
f 8752/8752 8742/8742 8749/8749
f 8753/8753 8757/8757 8747/8747
f 8747/8747 8757/8757 8754/8754
f 8743/8743 8763/8763 8702/8702
f 8760/8760 8748/8748 8684/8684
f 8618/8618 8699/8699 8803/8803
f 8758/8758 8749/8749 8756/8756
f 8694/8694 8822/8822 8699/8699
f 8674/8674 8686/8686 8764/8764
f 8738/8738 8702/8702 8770/8770
f 8744/8744 8688/8688 8765/8765
f 8778/8778 8687/8687 8758/8758
f 8756/8756 8749/8749 8741/8741
f 8756/8756 8757/8757 8753/8753
f 8753/8753 8747/8747 8756/8756
f 8769/8769 8712/8712 8779/8779
f 8756/8756 8762/8762 8757/8757
f 8757/8757 8762/8762 8759/8759
f 8766/8766 8747/8747 8729/8729
f 8701/8701 8809/8809 8750/8750
f 8764/8764 8736/8736 8771/8771
f 8758/8758 8756/8756 8778/8778
f 8756/8756 8741/8741 8762/8762
f 8741/8741 8759/8759 8762/8762
f 8750/8750 8809/8809 8760/8760
f 8780/8780 8745/8745 8817/8817
f 8706/8706 8858/8858 8727/8727
f 8687/8687 8778/8778 8755/8755
f 8747/8747 8778/8778 8756/8756
f 8744/8744 8765/8765 8771/8771
f 8736/8736 8744/8744 8771/8771
f 8778/8778 8747/8747 8766/8766
f 8797/8797 8766/8766 8729/8729
f 8761/8761 8780/8780 8809/8809
f 8838/8838 8767/8767 8725/8725
f 8771/8771 8765/8765 8784/8784
f 8763/8763 8773/8773 8702/8702
f 8772/8772 8764/8764 8788/8788
f 8748/8748 8779/8779 8712/8712
f 8764/8764 8776/8776 8788/8788
f 8698/8698 8801/8801 8739/8739
f 8797/8797 8729/8729 8769/8769
f 8760/8760 8779/8779 8748/8748
f 8763/8763 8743/8743 8773/8773
f 8702/8702 8775/8775 8770/8770
f 8760/8760 8774/8774 8779/8779
f 8801/8801 8822/8822 8739/8739
f 8725/8725 8768/8768 8838/8838
f 8773/8773 8844/8844 8702/8702
f 8817/8817 8745/8745 8767/8767
f 8745/8745 8716/8716 8767/8767
f 8797/8797 8782/8782 8766/8766
f 8764/8764 8845/8845 8776/8776
f 8845/8845 8771/8771 8785/8785
f 8782/8782 8783/8783 8766/8766
f 8779/8779 8799/8799 8769/8769
f 8770/8770 8775/8775 8671/8671
f 8785/8785 8771/8771 8787/8787
f 8784/8784 8765/8765 8755/8755
f 8778/8778 8782/8782 8755/8755
f 8755/8755 8782/8782 8790/8790
f 8778/8778 8766/8766 8783/8783
f 8782/8782 8778/8778 8783/8783
f 8771/8771 8784/8784 8787/8787
f 8727/8727 8781/8781 8777/8777
f 8698/8698 8772/8772 8789/8789
f 8760/8760 8809/8809 8774/8774
f 8743/8743 8828/8828 8773/8773
f 8698/8698 8789/8789 8801/8801
f 8790/8790 8782/8782 8797/8797
f 8803/8803 8828/8828 8743/8743
f 8779/8779 8774/8774 8793/8793
f 8805/8805 8772/8772 8788/8788
f 8771/8771 8845/8845 8764/8764
f 8755/8755 8790/8790 8791/8791
f 8702/8702 8837/8837 8775/8775
f 8702/8702 8786/8786 8837/8837
f 8779/8779 8793/8793 8799/8799
f 8668/8668 8706/8706 8692/8692
f 8812/8812 8784/8784 8755/8755
f 8791/8791 8790/8790 8797/8797
f 8793/8793 8774/8774 8809/8809
f 8824/8824 8809/8809 8780/8780
f 8776/8776 8845/8845 8788/8788
f 8791/8791 8823/8823 8755/8755
f 8823/8823 8791/8791 8797/8797
f 8789/8789 8772/8772 8805/8805
f 8787/8787 8784/8784 8792/8792
f 8794/8794 8784/8784 8798/8798
f 8798/8798 8784/8784 8812/8812
f 8812/8812 8755/8755 8823/8823
f 8807/8807 8769/8769 8799/8799
f 8777/8777 8781/8781 8768/8768
f 8784/8784 8794/8794 8792/8792
f 8797/8797 8769/8769 8807/8807
f 8823/8823 8797/8797 8796/8796
f 8844/8844 8786/8786 8702/8702
f 8785/8785 8794/8794 8798/8798
f 8785/8785 8798/8798 8800/8800
f 8824/8824 8780/8780 8850/8850
f 8785/8785 8787/8787 8792/8792
f 8785/8785 8792/8792 8794/8794
f 8795/8795 8793/8793 8809/8809
f 8788/8788 8845/8845 8805/8805
f 8823/8823 8806/8806 8812/8812
f 8802/8802 8795/8795 8809/8809
f 8822/8822 8801/8801 8830/8830
f 8785/8785 8808/8808 8845/8845
f 8773/8773 8828/8828 8844/8844
f 8785/8785 8810/8810 8806/8806
f 8806/8806 8810/8810 8812/8812
f 8785/8785 8800/8800 8810/8810
f 8811/8811 8798/8798 8812/8812
f 8800/8800 8798/8798 8811/8811
f 8796/8796 8808/8808 8823/8823
f 8820/8820 8819/8819 8797/8797
f 8802/8802 8793/8793 8795/8795
f 8814/8814 8799/8799 8793/8793
f 8811/8811 8812/8812 8810/8810
f 8699/8699 8804/8804 8803/8803
f 8820/8820 8797/8797 8807/8807
f 8802/8802 8814/8814 8793/8793
f 8810/8810 8800/8800 8811/8811
f 8814/8814 8820/8820 8799/8799
f 8799/8799 8820/8820 8807/8807
f 8805/8805 8834/8834 8789/8789
f 8785/8785 8818/8818 8808/8808
f 8819/8819 8796/8796 8797/8797
f 8775/8775 8837/8837 8821/8821
f 8768/8768 8843/8843 8838/8838
f 8785/8785 8806/8806 8818/8818
f 8818/8818 8806/8806 8823/8823
f 8816/8816 8819/8819 8839/8839
f 8839/8839 8819/8819 8814/8814
f 8802/8802 8839/8839 8814/8814
f 8789/8789 8834/8834 8801/8801
f 8827/8827 8796/8796 8819/8819
f 8768/8768 8781/8781 8851/8851
f 8818/8818 8823/8823 8808/8808
f 8825/8825 8808/8808 8796/8796
f 8814/8814 8819/8819 8820/8820
f 8802/8802 8809/8809 8839/8839
f 8801/8801 8834/8834 8830/8830
f 8805/8805 8845/8845 8813/8813
f 8808/8808 8815/8815 8849/8849
f 8819/8819 8816/8816 8831/8831
f 8831/8831 8815/8815 8819/8819
f 8780/8780 8817/8817 8850/8850
f 8826/8826 8796/8796 8829/8829
f 8809/8809 8824/8824 8840/8840
f 8808/8808 8849/8849 8845/8845
f 8815/8815 8808/8808 8825/8825
f 8826/8826 8825/8825 8796/8796
f 8829/8829 8796/8796 8827/8827
f 8815/8815 8825/8825 8826/8826
f 8816/8816 8839/8839 8831/8831
f 8819/8819 8815/8815 8827/8827
f 8727/8727 8836/8836 8781/8781
f 8844/8844 8828/8828 8873/8873
f 8805/8805 8813/8813 8832/8832
f 8826/8826 8829/8829 8827/8827
f 8805/8805 8832/8832 8834/8834
f 8815/8815 8826/8826 8827/8827
f 8830/8830 8832/8832 8822/8822
f 8815/8815 8842/8842 8849/8849
f 8831/8831 8842/8842 8815/8815
f 8813/8813 8833/8833 8832/8832
f 8838/8838 8885/8885 8767/8767
f 8852/8852 8828/8828 8803/8803
f 8840/8840 8824/8824 8850/8850
f 8842/8842 8831/8831 8853/8853
f 8831/8831 8839/8839 8853/8853
f 8768/8768 8851/8851 8843/8843
f 8834/8834 8832/8832 8830/8830
f 8833/8833 8854/8854 8848/8848
f 8847/8847 8842/8842 8853/8853
f 8840/8840 8850/8850 8859/8859
f 8847/8847 8846/8846 8842/8842
f 8809/8809 8861/8861 8839/8839
f 8809/8809 8840/8840 8861/8861
f 8821/8821 8837/8837 8786/8786
f 8894/8894 8706/8706 8668/8668
f 8855/8855 8813/8813 8845/8845
f 8699/8699 8822/8822 8804/8804
f 8855/8855 8849/8849 8847/8847
f 8846/8846 8849/8849 8842/8842
f 8775/8775 8821/8821 8671/8671
f 8832/8832 8833/8833 8848/8848
f 8813/8813 8855/8855 8856/8856
f 8845/8845 8849/8849 8855/8855
f 8849/8849 8846/8846 8847/8847
f 8861/8861 8840/8840 8872/8872
f 8706/8706 8894/8894 8858/8858
f 8813/8813 8856/8856 8833/8833
f 8855/8855 8847/8847 8853/8853
f 8843/8843 8841/8841 8838/8838
f 8671/8671 8821/8821 8862/8862
f 8840/8840 8859/8859 8867/8867
f 8841/8841 8843/8843 8851/8851
f 8832/8832 8848/8848 8852/8852
f 8856/8856 8855/8855 8853/8853
f 8853/8853 8839/8839 8835/8835
f 8870/8870 8869/8869 8859/8859
f 8859/8859 8850/8850 8870/8870
f 8727/8727 8860/8860 8836/8836
f 8781/8781 8836/8836 8851/8851
f 8822/8822 8832/8832 8804/8804
f 8835/8835 8839/8839 8861/8861
f 8671/8671 8862/8862 8894/8894
f 8833/8833 8856/8856 8854/8854
f 8856/8856 8853/8853 8854/8854
f 8867/8867 8872/8872 8840/8840
f 8804/8804 8832/8832 8852/8852
f 8848/8848 8854/8854 8857/8857
f 8841/8841 8864/8864 8838/8838
f 8857/8857 8854/8854 8863/8863
f 8848/8848 8863/8863 8865/8865
f 8857/8857 8863/8863 8848/8848
f 8865/8865 8863/8863 8868/8868
f 8863/8863 8854/8854 8868/8868
f 8865/8865 8876/8876 8848/8848
f 8869/8869 8867/8867 8859/8859
f 8868/8868 8854/8854 8853/8853
f 8852/8852 8873/8873 8828/8828
f 8867/8867 8869/8869 8872/8872
f 8852/8852 8848/8848 8876/8876
f 8821/8821 8786/8786 8866/8866
f 8838/8838 8878/8878 8885/8885
f 8864/8864 8878/8878 8838/8838
f 8874/8874 8869/8869 8870/8870
f 8868/8868 8853/8853 8835/8835
f 8850/8850 8817/8817 8870/8870
f 8836/8836 8841/8841 8851/8851
f 8844/8844 8873/8873 8871/8871
f 8870/8870 8817/8817 8896/8896
f 8874/8874 8872/8872 8869/8869
f 8835/8835 8861/8861 8872/8872
f 8896/8896 8817/8817 8767/8767
f 8804/8804 8852/8852 8803/8803
f 8844/8844 8871/8871 8877/8877
f 8844/8844 8877/8877 8786/8786
f 8880/8880 8835/8835 8872/8872
f 8786/8786 8875/8875 8866/8866
f 8865/8865 8868/8868 8879/8879
f 8870/8870 8880/8880 8874/8874
f 8876/8876 8865/8865 8879/8879
f 8874/8874 8880/8880 8872/8872
f 8860/8860 8841/8841 8836/8836
f 8852/8852 8876/8876 8879/8879
f 8874/8874 8881/8881 8880/8880
f 8841/8841 8887/8887 8864/8864
f 8881/8881 8874/8874 8880/8880
f 8873/8873 8852/8852 8871/8871
f 8879/8879 8884/8884 8852/8852
f 8877/8877 8886/8886 8786/8786
f 8889/8889 8896/8896 8767/8767
f 8841/8841 8883/8883 8887/8887
f 8880/8880 8879/8879 8835/8835
f 8866/8866 8882/8882 8821/8821
f 8868/8868 8835/8835 8879/8879
f 8878/8878 8864/8864 8887/8887
f 8883/8883 8841/8841 8860/8860
f 8871/8871 8852/8852 8886/8886
f 8852/8852 8884/8884 8886/8886
f 8877/8877 8871/8871 8886/8886
f 8727/8727 8858/8858 8860/8860
f 8786/8786 8886/8886 8875/8875
f 8889/8889 8767/8767 8885/8885
f 8886/8886 8884/8884 8890/8890
f 8879/8879 8880/8880 8884/8884
f 8880/8880 8870/8870 8892/8892
f 8888/8888 8878/8878 8887/8887
f 8875/8875 8886/8886 8898/8898
f 8883/8883 8860/8860 8858/8858
f 8896/8896 8889/8889 8885/8885
f 8866/8866 8875/8875 8882/8882
f 8888/8888 8885/8885 8878/8878
f 8884/8884 8880/8880 8892/8892
f 8821/8821 8891/8891 8862/8862
f 8821/8821 8882/8882 8891/8891
f 8888/8888 8893/8893 8885/8885
f 8893/8893 8896/8896 8885/8885
f 8884/8884 8892/8892 8890/8890
f 8899/8899 8888/8888 8887/8887
f 8886/8886 8890/8890 8898/8898
f 8870/8870 8896/8896 8904/8904
f 8896/8896 8893/8893 8888/8888
f 8875/8875 8898/8898 8891/8891
f 8882/8882 8875/8875 8891/8891
f 8892/8892 8870/8870 8904/8904
f 8898/8898 8890/8890 8892/8892
f 8894/8894 8895/8895 8858/8858
f 8883/8883 8899/8899 8887/8887
f 8898/8898 8892/8892 8897/8897
f 8858/8858 8899/8899 8883/8883
f 8901/8901 8888/8888 8899/8899
f 8891/8891 8898/8898 8862/8862
f 8897/8897 8905/8905 8898/8898
f 8894/8894 8862/8862 8900/8900
f 8901/8901 8904/8904 8888/8888
f 8888/8888 8904/8904 8896/8896
f 8903/8903 8892/8892 8904/8904
f 8897/8897 8892/8892 8903/8903
f 8862/8862 8898/8898 8900/8900
f 8900/8900 8895/8895 8894/8894
f 8858/8858 8902/8902 8899/8899
f 8905/8905 8897/8897 8901/8901
f 8903/8903 8904/8904 8897/8897
f 8895/8895 8902/8902 8858/8858
f 8899/8899 8902/8902 8901/8901
f 8901/8901 8897/8897 8904/8904
f 8900/8900 8898/8898 8906/8906
f 8895/8895 8900/8900 8906/8906
f 8898/8898 8905/8905 8907/8907
f 8901/8901 8907/8907 8905/8905
f 8898/8898 8907/8907 8906/8906
f 8906/8906 8907/8907 8895/8895
f 8901/8901 8902/8902 8895/8895
f 8907/8907 8901/8901 8895/8895
f 8909/8909 8908/8908 8914/8914
f 8910/8910 8908/8908 8909/8909
f 8910/8910 8916/8916 8908/8908
f 8911/8911 8909/8909 8914/8914
f 8909/8909 8913/8913 8910/8910
f 8909/8909 8911/8911 8913/8913
f 8910/8910 8913/8913 8912/8912
f 8916/8916 8910/8910 8912/8912
f 8915/8915 8908/8908 8916/8916
f 8915/8915 8918/8918 8908/8908
f 8914/8914 8908/8908 8918/8918
f 8914/8914 8919/8919 8911/8911
f 8911/8911 8919/8919 8913/8913
f 8914/8914 8922/8922 8919/8919
f 8916/8916 8912/8912 8917/8917
f 8913/8913 8920/8920 8912/8912
f 8914/8914 8931/8931 8922/8922
f 8915/8915 8916/8916 8923/8923
f 8918/8918 8931/8931 8914/8914
f 8913/8913 8919/8919 8920/8920
f 8920/8920 8917/8917 8912/8912
f 8923/8923 8916/8916 8920/8920
f 8916/8916 8917/8917 8920/8920
f 8922/8922 8925/8925 8919/8919
f 8919/8919 8921/8921 8920/8920
f 8924/8924 8915/8915 8923/8923
f 8926/8926 8915/8915 8924/8924
f 8918/8918 8930/8930 8927/8927
f 8918/8918 8915/8915 8930/8930
f 8925/8925 8921/8921 8919/8919
f 8922/8922 8931/8931 8925/8925
f 8923/8923 8920/8920 8924/8924
f 8925/8925 8931/8931 8921/8921
f 8915/8915 8926/8926 8930/8930
f 8928/8928 8926/8926 8933/8933
f 8921/8921 8931/8931 8932/8932
f 8929/8929 8935/8935 8920/8920
f 8930/8930 8926/8926 8928/8928
f 8920/8920 8935/8935 8924/8924
f 8931/8931 8934/8934 8932/8932
f 8924/8924 8935/8935 8941/8941
f 8933/8933 8926/8926 8937/8937
f 8926/8926 8924/8924 8937/8937
f 8920/8920 8921/8921 8929/8929
f 8931/8931 8918/8918 8927/8927
f 8930/8930 8928/8928 8936/8936
f 8924/8924 8938/8938 8937/8937
f 8934/8934 8939/8939 8932/8932
f 8935/8935 8929/8929 8921/8921
f 8924/8924 8943/8943 8938/8938
f 8941/8941 8942/8942 8924/8924
f 8924/8924 8942/8942 8943/8943
f 8945/8945 8934/8934 8931/8931
f 8935/8935 8921/8921 8941/8941
f 8927/8927 8930/8930 8946/8946
f 8931/8931 8927/8927 8945/8945
f 8921/8921 8932/8932 8944/8944
f 8940/8940 8930/8930 8936/8936
f 8942/8942 8958/8958 8943/8943
f 8939/8939 8944/8944 8932/8932
f 8941/8941 8921/8921 8951/8951
f 8945/8945 8939/8939 8934/8934
f 8944/8944 8956/8956 8921/8921
f 8944/8944 8939/8939 8949/8949
f 8942/8942 8941/8941 8958/8958
f 8945/8945 8947/8947 8939/8939
f 8946/8946 8930/8930 8940/8940
f 8941/8941 8951/8951 8958/8958
f 8945/8945 8950/8950 8947/8947
f 8945/8945 8927/8927 8950/8950
f 8948/8948 8946/8946 8940/8940
f 8956/8956 8951/8951 8921/8921
f 8950/8950 8939/8939 8947/8947
f 8946/8946 8952/8952 8955/8955
f 8927/8927 8946/8946 8957/8957
f 8946/8946 8948/8948 8952/8952
f 8927/8927 8957/8957 8950/8950
f 8957/8957 8946/8946 8955/8955
f 8957/8957 8939/8939 8950/8950
f 8949/8949 8939/8939 8953/8953
f 8954/8954 8953/8953 8939/8939
f 8957/8957 8954/8954 8939/8939
f 8952/8952 8948/8948 8955/8955
f 8951/8951 8963/8963 8958/8958
f 8957/8957 8961/8961 8954/8954
f 8944/8944 8949/8949 8962/8962
f 8957/8957 8955/8955 8959/8959
f 8959/8959 8961/8961 8957/8957
f 8951/8951 8956/8956 8963/8963
f 8955/8955 8948/8948 8960/8960
f 8944/8944 8970/8970 8956/8956
f 8968/8968 8961/8961 8959/8959
f 8955/8955 8960/8960 8964/8964
f 8961/8961 8953/8953 8954/8954
f 8959/8959 8955/8955 8968/8968
f 8962/8962 8970/8970 8944/8944
f 8955/8955 8964/8964 8965/8965
f 8956/8956 8969/8969 8963/8963
f 8949/8949 8953/8953 8962/8962
f 8956/8956 8978/8978 8969/8969
f 8968/8968 8955/8955 8967/8967
f 8968/8968 8953/8953 8961/8961
f 8955/8955 8965/8965 8966/8966
f 8956/8956 8972/8972 8978/8978
f 8962/8962 8975/8975 8972/8972
f 8970/8970 8972/8972 8956/8956
f 8955/8955 8966/8966 8967/8967
f 8962/8962 8972/8972 8970/8970
f 8962/8962 8953/8953 8973/8973
f 8968/8968 8967/8967 8977/8977
f 8968/8968 8971/8971 8953/8953
f 8962/8962 8976/8976 8975/8975
f 8971/8971 8973/8973 8953/8953
f 8977/8977 8971/8971 8968/8968
f 8962/8962 8973/8973 8976/8976
f 8966/8966 8965/8965 8974/8974
f 8972/8972 8975/8975 8978/8978
f 8971/8971 8977/8977 8973/8973
f 8966/8966 8977/8977 8967/8967
f 8977/8977 8979/8979 8973/8973
f 8976/8976 8984/8984 8975/8975
f 8975/8975 8986/8986 8978/8978
f 8976/8976 8973/8973 8984/8984
f 8982/8982 8979/8979 8977/8977
f 8966/8966 8974/8974 8981/8981
f 8984/8984 8973/8973 8983/8983
f 8984/8984 8980/8980 8975/8975
f 8975/8975 8980/8980 8986/8986
f 8979/8979 8988/8988 8973/8973
f 8988/8988 8983/8983 8973/8973
f 8982/8982 8988/8988 8979/8979
f 8980/8980 8984/8984 8986/8986
f 8983/8983 8988/8988 8984/8984
f 8977/8977 8966/8966 8987/8987
f 8966/8966 8981/8981 8985/8985
f 8982/8982 8987/8987 8988/8988
f 8987/8987 8982/8982 8977/8977
f 8984/8984 8990/8990 8986/8986
f 8966/8966 8985/8985 8987/8987
f 8987/8987 8989/8989 8988/8988
f 8988/8988 8989/8989 8984/8984
f 8984/8984 8989/8989 8990/8990
f 8987/8987 8985/8985 8989/8989
f 8989/8989 8985/8985 8990/8990
f 8991/8991 8992/8992 8993/8993
f 8994/8994 8991/8991 8993/8993
f 8995/8995 8996/8996 8997/8997
