# AETHELGRAD Forest Warden mobile LOD derived from user-supplied source mesh
mtllib boss_forest_warden.mtl
o boss_forest_warden_lod1
v -0.371774 0.033921 0.187162
v -0.356230 0.069391 0.165097
v -0.340503 0.063112 0.153030
v -0.342438 0.063463 0.197704
v -0.322003 0.041944 0.156886
v -0.338751 0.025283 0.171159
v -0.328222 0.066046 0.183037
v -0.333457 0.081841 0.170290
v -0.325103 0.045861 0.182962
v -0.326072 0.041722 0.159515
v -0.320893 0.053933 0.178487
v -0.319759 0.045975 0.177584
v -0.317919 0.067977 0.143132
v -0.336803 0.067626 0.146829
v -0.313233 0.075315 0.173184
v -0.313970 0.065105 0.141745
v -0.309320 0.055800 0.149054
v -0.306186 0.061778 0.139254
v -0.309691 0.057950 0.179939
v -0.309217 0.058563 0.146728
v -0.308492 0.073439 0.158623
v -0.315395 0.080072 0.152875
v -0.306517 0.056916 0.152636
v -0.310610 0.084865 0.144196
v -0.305104 0.066156 0.168987
v -0.306471 0.075243 0.169744
v -0.304078 0.058050 0.162504
v -0.302468 0.060930 0.165574
v -0.306215 0.084319 0.157371
v -0.298047 0.070946 0.170028
v -0.303066 0.066872 0.169608
v -0.292998 0.063082 0.140371
v -0.297192 0.060958 0.151741
v -0.291354 0.066093 0.163761
v -0.296464 0.068304 0.162298
v -0.299495 0.085239 0.132812
v -0.284440 0.091788 0.151901
v -0.281892 0.068306 0.137807
v -0.285262 0.088655 0.155437
v -0.284482 0.084748 0.123529
v -0.289398 0.085642 0.158841
v -0.280886 0.068487 0.154180
v -0.288973 0.096914 0.140689
v -0.281504 0.091830 0.126735
v -0.278653 0.070903 0.132375
v -0.286708 0.093488 0.150360
v -0.273909 0.078592 0.151596
v -0.277567 0.084664 0.124994
v -0.271613 0.091216 0.146318
v -0.272036 0.089049 0.146681
v -0.281531 0.098853 0.134238
v -0.281178 0.093762 0.128821
v -0.277656 0.083458 0.125738
v -0.274219 0.080311 0.126934
v -0.274433 0.079109 0.128012
v -0.272728 0.086855 0.153758
v -0.276625 0.078679 0.124488
v -0.252445 0.105080 0.138231
v -0.270581 0.087959 0.149933
v -0.268324 0.077263 0.142878
v -0.270740 0.076864 0.133521
v -0.264152 0.076012 0.132471
v -0.270021 0.100168 0.146784
v -0.263719 0.088247 0.148861
v -0.264791 0.092488 0.113722
v -0.274010 0.102835 0.119473
v -0.256909 0.098824 0.143029
v -0.258907 0.084284 0.136483
v -0.259742 0.089585 0.140310
v -0.257886 0.114222 0.126492
v -0.254355 0.088305 0.109873
v -0.257137 0.085171 0.122954
v -0.251582 0.088203 0.132106
v -0.268966 0.103344 0.137887
v -0.246060 0.124398 0.115094
v -0.246503 0.096279 0.133656
v -0.235335 0.104912 0.130164
v -0.245282 0.093133 0.128466
v -0.249276 0.104031 0.135361
v -0.247595 0.097656 0.138417
v -0.245258 0.091418 0.126854
v -0.249605 0.103167 0.102761
v -0.245425 0.093208 0.128295
v -0.235827 0.095622 0.125965
v -0.239414 0.113010 0.130731
v -0.226015 0.120766 0.124483
v -0.225382 0.104655 0.102643
v -0.233721 0.099516 0.125060
v -0.234979 0.103993 0.103170
v -0.234682 0.096503 0.116760
v -0.239954 0.123823 0.103207
v -0.226075 0.109506 0.094079
v -0.236097 0.096984 0.112027
v -0.224578 0.104643 0.121944
v -0.233691 0.116649 0.096946
v -0.210163 0.137722 0.106143
v -0.220182 0.124918 0.120550
v -0.218257 0.134217 0.112221
v -0.218475 0.103827 0.111022
v -0.211560 0.111653 0.118631
v -0.220114 0.126072 0.048839
v -0.217246 0.061953 -0.031367
v -0.215702 0.142669 0.069479
v -0.217778 0.130693 0.087221
v -0.220703 0.122156 0.046047
v -0.200421 0.035365 -0.040117
v -0.213704 0.098635 0.023509
v -0.207463 0.031910 -0.022125
v -0.213069 0.106990 0.044071
v -0.210851 0.153238 0.072012
v -0.211490 0.126375 0.063183
v -0.208765 0.111244 0.109370
v -0.211487 0.099425 0.040611
v -0.211199 0.114722 0.040476
v -0.211146 0.125765 0.117125
v -0.206851 0.128457 0.027571
v -0.208952 0.116776 0.070661
v -0.212917 0.112313 0.093325
v -0.211630 0.138952 0.090006
v -0.208081 0.088968 0.027706
v -0.208494 0.098070 0.064531
v -0.208601 0.109788 0.104419
v -0.206411 0.111950 0.070635
v -0.214866 0.147355 0.087185
v -0.215645 0.107088 0.105455
v -0.208309 0.116603 0.112666
v -0.195524 0.068321 -0.063752
v -0.203294 0.097400 0.043628
v -0.208270 0.065452 -0.005264
v -0.197096 0.105037 0.072485
v -0.209363 0.142384 0.100789
v -0.200648 0.147205 0.118674
v -0.206446 0.059269 -0.017593
v -0.206251 0.055350 -0.010511
v -0.215663 0.131482 0.057206
v -0.200363 0.113780 0.100115
v -0.203005 0.078919 -0.035476
v -0.200587 0.126917 0.114612
v -0.197474 0.125193 0.008968
v -0.199665 0.122290 0.111299
v -0.202072 0.084197 -0.035709
v -0.198603 0.171772 0.082079
v -0.216662 0.070833 -0.041488
v -0.203475 0.121440 0.110202
v -0.198441 0.130109 0.109064
v -0.216065 0.039856 -0.023450
v -0.196081 0.096793 0.069529
v -0.210363 0.134305 0.106917
v -0.196412 0.088827 -0.061142
v -0.205102 0.074334 -0.026368
v -0.200209 0.054325 -0.009680
v -0.196354 0.119584 0.105586
v -0.189414 0.131031 0.115855
v -0.192834 0.055084 -0.053612
v -0.188879 0.105242 -0.025285
v -0.215209 0.131018 0.034380
v -0.197181 0.078641 -0.062360
v -0.189694 0.045705 -0.000481
v -0.204649 0.049157 -0.054085
v -0.193444 0.093873 0.050618
v -0.197633 0.033166 -0.002892
v -0.196061 0.081754 0.035650
v -0.200363 0.134286 0.109266
v -0.191881 0.089966 -0.038888
v -0.198382 0.066882 0.013827
v -0.190502 0.079080 0.033578
v -0.191305 0.064725 0.016709
v -0.189612 0.059340 0.017174
v -0.188465 0.128572 0.106717
v -0.194240 0.121964 0.085121
v -0.186560 0.127368 0.111799
v -0.198458 0.165416 0.061563
v -0.188934 0.094652 -0.038021
v -0.185375 0.101734 0.072385
v -0.185743 0.085856 0.044630
v -0.191789 0.158044 0.110494
v -0.184809 0.079790 0.036767
v -0.184953 0.128014 0.104120
v -0.185709 0.096906 -0.057433
v -0.185511 0.026848 -0.021214
v -0.185290 0.026806 -0.001861
v -0.186989 0.045115 0.000505
v -0.195395 0.139617 0.026862
v -0.191979 0.150367 0.036507
v -0.185005 0.164248 0.052518
v -0.184895 0.106262 0.069831
v -0.185384 0.095006 -0.058213
v -0.184751 0.034384 -0.052431
v -0.184889 0.026224 -0.013718
v -0.184772 0.062731 0.020948
v -0.185469 0.094674 0.058389
v -0.186218 0.155794 0.046048
v -0.185319 0.169324 0.053186
v -0.184993 0.175437 0.068816
v -0.185922 0.081009 -0.065244
v -0.185215 0.085283 -0.065947
v -0.184972 0.030941 -0.026769
v -0.184486 0.099040 -0.032293
v -0.185204 0.026100 -0.003984
v -0.184782 0.044648 0.002485
v -0.184827 0.080708 0.040084
v -0.185451 0.148226 0.037408
v -0.185220 0.167638 0.061051
v -0.184080 0.170234 0.062443
v -0.185157 0.176202 0.082417
v -0.185144 0.129567 0.114339
v -0.184707 0.073350 -0.060680
v -0.185021 0.095312 -0.039440
v -0.185125 0.098330 -0.037167
v -0.184807 0.030046 -0.025048
v -0.185383 0.029087 0.001835
v -0.185368 0.110124 -0.016528
v -0.185783 0.058264 0.019280
v -0.185017 0.171200 0.063898
v -0.185093 0.122871 0.094002
v -0.184808 0.145521 0.111533
v -0.185169 0.162665 0.106888
v -0.185116 0.138133 0.114415
v -0.185126 0.082163 -0.066149
v -0.185113 0.059158 -0.061230
v -0.185032 0.030844 -0.048148
v -0.185181 0.108166 -0.022313
v -0.184871 0.061447 0.018417
v -0.184874 0.137174 0.024056
v -0.184851 0.137115 0.026472
v -0.184948 0.142942 0.027030
v -0.185216 0.107913 0.068922
v -0.184898 0.128933 0.083447
v -0.184942 0.124960 0.087553
v -0.186045 0.127037 0.109708
v -0.184587 0.104895 -0.024578
v -0.184484 0.140997 0.027399
v -0.184633 0.140609 0.110841
v -0.184603 0.169974 0.054724
v -0.184424 0.095595 0.055210
v -0.184724 0.117588 0.080410
v -0.180590 0.123919 0.007920
v -0.179871 0.140533 0.031194
v -0.176555 0.130122 0.109220
v -0.184311 0.120400 -0.001959
v -0.180037 0.166132 0.108324
v -0.178760 0.131670 0.080796
v -0.172300 0.131958 0.112000
v -0.179405 0.119811 -0.005154
v -0.174605 0.128311 0.103296
v -0.184415 0.173819 0.094329
v -0.176138 0.149094 0.034069
v -0.156375 0.120334 0.076673
v -0.175420 0.169334 0.054557
v -0.173188 0.103941 0.068617
v -0.161291 0.136087 0.108866
v -0.162557 0.094101 0.040580
v -0.164706 0.146125 0.111133
v -0.166413 0.138601 0.107322
v -0.152944 0.101509 0.001019
v -0.166150 0.128886 0.030975
v -0.169783 0.176975 0.099123
v -0.163650 0.134323 0.085041
v -0.166885 0.116181 0.015058
v -0.155455 0.140613 0.102652
v -0.161219 0.105717 0.057859
v -0.164253 0.180166 0.100769
v -0.161592 0.177887 0.078502
v -0.161537 0.109112 0.060842
v -0.157618 0.141991 0.086335
v -0.159034 0.170686 0.078409
v -0.171374 0.144784 0.042287
v -0.146875 0.153256 0.104149
v -0.158655 0.097052 0.039884
v -0.157119 0.152798 0.104169
v -0.156868 0.103057 0.029293
v -0.158669 0.102475 0.025389
v -0.154340 0.093884 0.022770
v -0.158181 0.103241 0.035008
v -0.156568 0.120284 0.046843
v -0.155785 0.145373 0.088038
v -0.155731 0.127035 0.039336
v -0.152572 0.172020 0.081372
v -0.154443 0.141620 0.095061
v -0.135169 0.151896 0.079436
v -0.148885 0.093894 0.008566
v -0.149311 0.094028 0.011339
v -0.136588 0.182731 0.059150
v -0.147519 0.093684 0.009496
v -0.146683 0.094056 0.009234
v -0.143606 0.135022 0.105767
v -0.157144 0.132028 0.049971
v -0.144489 0.155741 0.093270
v -0.130914 0.094166 -0.001433
v -0.149859 0.156265 0.085199
v -0.137965 0.138687 0.080749
v -0.137538 0.139838 0.106372
v -0.139181 0.146119 0.066045
v -0.155133 0.175881 0.073974
v -0.132417 0.152672 0.059083
v -0.155228 0.172339 0.059965
v -0.136832 0.141864 0.098339
v -0.136532 0.166134 0.077318
v -0.148038 0.099079 -0.009594
v -0.127366 0.132204 -0.005547
v -0.133320 0.169743 0.076636
v -0.132165 0.124460 0.002429
v -0.146131 0.158449 0.051597
v -0.126381 0.186860 0.046080
v -0.122975 0.163532 0.070129
v -0.128059 0.187164 0.055476
v -0.137193 0.146024 -0.005270
v -0.136467 0.132038 0.000994
v -0.122969 0.156737 0.005923
v -0.131385 0.140226 0.007441
v -0.104536 0.175648 0.030937
v -0.079920 0.128288 0.007789
v -0.107546 0.187742 0.027609
v -0.159999 0.104500 -0.005178
v -0.116915 0.187651 0.017878
v -0.097142 0.179744 0.008932
v -0.109252 0.179148 0.015872
v -0.107606 0.130415 -0.004490
v -0.087755 0.133128 0.003512
v -0.102415 0.142633 0.006063
v -0.101455 0.187235 0.001609
v -0.102515 0.182229 0.004079
v -0.087257 0.145845 0.028006
v -0.096250 0.161879 0.017437
v -0.096636 0.152309 0.028098
v -0.094299 0.174408 0.013143
v -0.092937 0.161577 0.041955
v -0.080504 0.180999 0.040189
v -0.101445 0.170022 0.030211
v -0.082065 0.111537 -0.000623
v -0.098900 0.140105 0.045236
v -0.080023 0.136761 0.019623
v -0.081063 0.143503 0.007697
v -0.086441 0.131800 0.050753
v -0.077395 0.175622 0.047050
v -0.080162 0.150233 0.063217
v -0.078062 0.108754 -0.005607
v -0.082264 0.128571 0.039176
v -0.086087 0.135922 0.007286
v -0.111362 0.187589 0.059238
v -0.078643 0.117977 0.006026
v -0.077792 0.136346 0.013680
v -0.071608 0.144297 0.060234
v -0.077618 0.110637 -0.000287
v -0.078142 0.130680 0.022430
v -0.078618 0.138525 0.026227
v -0.075255 0.187557 0.041419
v -0.077857 0.110874 0.046186
v -0.071417 0.130438 0.029024
v -0.070154 0.102808 -0.005329
v -0.075498 0.118299 0.022783
v -0.071688 0.129135 0.023026
v -0.072526 0.094462 0.003142
v -0.071103 0.126268 0.036698
v -0.071138 0.096737 0.009683
v -0.071196 0.094120 0.059363
v -0.057729 0.108305 0.086647
v -0.061488 0.170620 0.055951
v -0.059993 0.136275 0.054292
v -0.008327 0.094566 0.102391
v -0.060311 0.178093 0.050736
v -0.049557 0.143829 0.057194
v -0.046182 0.174761 0.053015
v -0.029421 0.168161 0.048578
v -0.044605 0.147396 0.056833
v -0.046965 0.147339 0.061618
v -0.026876 0.172051 0.041442
v -0.035299 0.156086 0.050749
v -0.031190 0.151726 0.057662
v -0.024046 0.139438 0.077455
v -0.019283 0.181385 0.026056
v -0.020298 0.115011 0.093416
v -0.022937 0.124380 0.088193
v -0.042695 0.187479 0.036297
v -0.011987 0.129243 0.085733
v -0.011475 0.152259 0.067106
v -0.012100 0.151401 0.072154
v -0.008926 0.126200 0.086341
v -0.009924 0.097316 0.098115
v -0.014322 0.139237 0.076284
v -0.008235 0.112994 0.096175
v -0.012740 0.165256 0.052235
v 0.000108 0.104068 0.106579
v -0.019339 0.187539 0.020785
v -0.000320 0.144882 0.077722
v -0.000030 0.134197 0.086125
v 0.000042 0.184051 0.041020
v -0.000139 0.181555 0.041843
v -0.000417 0.163907 0.055315
v -0.000020 0.148407 0.065746
v -0.000263 0.141317 0.081019
v -0.000026 0.136920 0.085445
v -0.000048 0.132227 0.085279
v -0.000309 0.104805 0.098148
v -0.000158 0.178405 0.043399
v -0.000180 0.174171 0.046166
v -0.000667 0.145004 0.068586
v -0.000121 0.119557 0.088425
v -0.000086 0.122335 0.089602
v -0.000277 0.116525 0.089849
v -0.000056 0.116312 0.096316
v -0.255994 -0.487474 0.071492
v -0.254589 -0.495938 0.077718
v -0.231444 -0.484892 0.114360
v -0.240536 -0.495928 0.039866
v -0.242044 -0.495957 0.108549
v -0.227527 -0.499442 0.036208
v -0.225718 -0.466455 0.038007
v -0.235056 -0.468872 0.107908
v -0.225368 -0.483398 0.023657
v -0.217552 -0.485942 0.018820
v -0.197733 -0.458658 0.074793
v -0.211913 -0.480896 0.011137
v -0.207649 -0.451792 0.023251
v -0.205120 -0.470875 0.003215
v -0.203629 -0.443979 0.048508
v -0.213022 -0.477581 0.119163
v -0.195138 -0.498702 0.056475
v -0.209117 -0.438988 0.026539
v -0.204545 -0.448516 0.029878
v -0.199383 -0.456008 0.006262
v -0.207579 -0.489732 0.004220
v -0.201383 -0.483485 -0.001222
v -0.197199 -0.434162 0.012717
v -0.198497 -0.441555 0.045721
v -0.190716 -0.423397 0.055348
v -0.192049 -0.477695 0.101287
v -0.203510 -0.496245 -0.001005
v -0.187928 -0.498219 0.100463
v -0.198897 -0.496018 0.112896
v -0.196853 -0.461538 -0.002463
v -0.190707 -0.420162 0.039872
v -0.192922 -0.440619 0.051615
v -0.207449 -0.489869 0.116959
v -0.195349 -0.436752 0.001099
v -0.190064 -0.395091 0.016601
v -0.186900 -0.483846 -0.014916
v -0.185318 -0.471110 0.085833
v -0.176478 -0.401799 0.058852
v -0.190242 -0.382809 0.039064
v -0.187287 -0.399891 0.048208
v -0.176205 -0.499143 0.067359
v -0.183473 -0.493180 0.090898
v -0.171763 -0.383494 0.066100
v -0.192051 -0.499924 0.008392
v -0.186994 -0.375302 0.036035
v -0.177494 -0.419592 0.053828
v -0.182790 -0.440317 -0.019784
v -0.162031 -0.491143 0.026919
v -0.171932 -0.375369 -0.002865
v -0.174648 -0.492153 0.067399
v -0.178012 -0.434957 0.064741
v -0.161847 -0.481504 -0.034124
v -0.184977 -0.443443 0.059546
v -0.175693 -0.475576 0.073095
v -0.174275 -0.499534 0.071323
v -0.195580 -0.426278 0.012604
v -0.175214 -0.405485 -0.005312
v -0.180366 -0.387368 -0.002722
v -0.188615 -0.446115 -0.016491
v -0.171675 -0.450130 0.060066
v -0.178786 -0.462316 0.072494
v -0.157836 -0.395000 0.061851
v -0.172405 -0.491618 0.064518
v -0.171753 -0.495399 0.069178
v -0.168723 -0.435868 -0.026689
v -0.152783 -0.498010 0.029403
v -0.166480 -0.490869 0.054017
v -0.157012 -0.381781 -0.013487
v -0.141105 -0.375016 -0.009320
v -0.150289 -0.423767 0.048287
v -0.166779 -0.442164 0.061272
v -0.164107 -0.409463 -0.013884
v -0.158424 -0.443187 0.057034
v -0.156661 -0.491623 0.034826
v -0.166750 -0.488390 0.049646
v -0.167980 -0.428895 0.050663
v -0.175805 -0.497105 -0.031135
v -0.131694 -0.384529 0.058017
v -0.160020 -0.448269 -0.025463
v -0.152284 -0.483451 0.028962
v -0.155776 -0.448347 0.055366
v -0.135523 -0.495523 -0.026128
v -0.150655 -0.492298 0.030437
v -0.149987 -0.451507 0.049837
v -0.152769 -0.437071 0.047751
v -0.145700 -0.401865 0.051143
v -0.135173 -0.498518 0.007244
v -0.137290 -0.454676 0.031588
v -0.160704 -0.375302 0.066349
v -0.138775 -0.437886 0.025809
v -0.145439 -0.460771 0.038596
v -0.144920 -0.441188 0.039783
v -0.134972 -0.392232 0.050937
v -0.137885 -0.483224 0.013560
v -0.137308 -0.460833 0.015624
v -0.131065 -0.455683 0.004819
v -0.134480 -0.454489 0.024577
v -0.137297 -0.397846 -0.004296
v -0.135744 -0.482939 -0.017940
v -0.130913 -0.474167 -0.003626
v -0.133030 -0.487475 0.007318
v -0.128988 -0.443996 0.011236
v -0.119163 -0.381844 0.042730
v -0.136654 -0.434880 -0.017788
v -0.120332 -0.374960 0.015017
v -0.128186 -0.411652 0.019436
v -0.131515 -0.442023 -0.006422
v -0.140162 -0.416958 -0.012086
v -0.127250 -0.394084 0.042457
v -0.124942 -0.392988 0.017380
v -0.132458 -0.450759 0.022370
v -0.133358 -0.428100 0.001748
v -0.130128 -0.433598 0.008441
v -0.136677 -0.414686 0.045504
v -0.122826 -0.386566 0.043386
v -0.123302 -0.383494 0.006402
v -0.114471 -0.375123 0.040387
v -0.116474 -0.375063 0.038269
v -0.130154 -0.375166 0.059308
v -0.194930 -0.285736 0.087166
v -0.201086 -0.305375 0.073437
v -0.203563 -0.312115 0.083889
v -0.199587 -0.308556 0.042106
v -0.205759 -0.301314 0.056326
v -0.206962 -0.288614 0.043854
v -0.194302 -0.268656 0.064316
v -0.198689 -0.300054 0.031231
v -0.200927 -0.277066 0.038492
v -0.194910 -0.313012 0.068806
v -0.190408 -0.313586 0.049393
v -0.193014 -0.329123 0.045793
v -0.187025 -0.339084 0.061297
v -0.192341 -0.357315 0.037546
v -0.177933 -0.360866 0.067573
v -0.186989 -0.333120 0.056897
v -0.183932 -0.374941 0.052951
v -0.182409 -0.281149 0.090566
v -0.182092 -0.303179 0.022161
v -0.186724 -0.328669 0.078364
v -0.178974 -0.359023 -0.000204
v -0.186076 -0.314468 0.027757
v -0.177166 -0.351102 0.071326
v -0.176784 -0.367974 0.064992
v -0.186509 -0.319296 0.066119
v -0.190987 -0.320926 0.094760
v -0.187890 -0.340302 0.021767
v -0.193218 -0.279669 0.017559
v -0.181455 -0.305238 0.107531
v -0.178861 -0.366005 0.063880
v -0.179065 -0.287944 0.002834
v -0.180032 -0.267047 0.060882
v -0.150911 -0.250217 0.030235
v -0.178867 -0.318214 0.008029
v -0.165462 -0.287432 0.095316
v -0.159452 -0.334010 0.103540
v -0.158730 -0.374858 0.066678
v -0.172164 -0.250184 0.080564
v -0.168060 -0.328900 0.085656
v -0.157741 -0.309250 0.003847
v -0.164343 -0.329677 0.108954
v -0.183727 -0.374867 0.017419
v -0.173415 -0.255255 0.006736
v -0.155089 -0.267050 0.111859
v -0.146706 -0.365778 -0.008958
v -0.172007 -0.287132 -0.008337
v -0.157487 -0.349175 -0.008238
v -0.170165 -0.285133 0.091382
v -0.159955 -0.298872 0.116534
v -0.168580 -0.330891 -0.000796
v -0.155357 -0.290352 0.102298
v -0.155338 -0.374838 0.069917
v -0.146600 -0.374998 0.069279
v -0.157351 -0.341029 -0.007298
v -0.161094 -0.369452 0.076286
v -0.157678 -0.374667 -0.008252
v -0.148661 -0.294967 -0.008117
v -0.135391 -0.368470 0.071238
v -0.153281 -0.319038 0.116912
v -0.149928 -0.367782 0.074447
v -0.151572 -0.263491 -0.006050
v -0.141502 -0.283178 -0.014615
v -0.126446 -0.323550 0.108307
v -0.119397 -0.375213 0.032176
v -0.146741 -0.314594 -0.004047
v -0.104092 -0.337121 0.069765
v -0.146500 -0.336518 0.088710
v -0.129710 -0.336115 0.098881
v -0.130006 -0.314002 0.115100
v -0.121875 -0.329125 -0.004058
v -0.101221 -0.340600 0.056128
v -0.141271 -0.299548 -0.002624
v -0.127397 -0.292674 0.093580
v -0.124593 -0.264839 0.001464
v -0.116836 -0.347540 0.004360
v -0.145277 -0.365816 0.074274
v -0.135990 -0.374779 -0.003945
v -0.148153 -0.254851 0.016709
v -0.097824 -0.275364 0.067902
v -0.115546 -0.340164 0.080822
v -0.125487 -0.374967 0.009840
v -0.115155 -0.291818 -0.007047
v -0.133079 -0.299198 0.113248
v -0.113511 -0.364426 0.020443
v -0.109334 -0.327146 0.104781
v -0.124536 -0.306454 -0.000212
v -0.111541 -0.368954 0.029536
v -0.114616 -0.365971 0.053948
v -0.108728 -0.312937 0.105800
v -0.103415 -0.337558 0.090042
v -0.103622 -0.347819 0.026140
v -0.099538 -0.321449 0.093769
v -0.100096 -0.319565 0.025956
v -0.088873 -0.337353 0.071279
v -0.101840 -0.269832 0.015632
v -0.099975 -0.305547 0.099346
v -0.117454 -0.298629 0.103962
v -0.104468 -0.297355 -0.001658
v -0.097530 -0.250534 0.066770
v -0.142709 -0.249602 0.108291
v -0.095063 -0.332191 0.075499
v -0.099684 -0.259342 0.076632
v -0.101727 -0.287840 0.077451
v -0.102716 -0.306184 0.005576
v -0.097502 -0.250336 0.090352
v -0.094458 -0.250720 0.073396
v -0.103460 -0.337326 0.087409
v -0.095912 -0.301097 0.089830
v -0.101133 -0.265033 0.058599
v -0.094874 -0.250563 0.084028
v -0.094278 -0.288306 0.079246
v -0.091994 -0.296091 0.087933
v -0.089402 -0.330027 0.074123
v -0.090379 -0.296986 0.082478
v -0.088295 -0.317415 0.081415
v -0.089053 -0.279357 0.028498
v -0.092403 -0.290326 0.080925
v -0.093115 -0.328241 0.075766
v -0.091076 -0.302776 0.012159
v -0.088324 -0.340512 0.058587
v -0.082891 -0.286843 0.045862
v -0.085527 -0.325078 0.040093
v -0.087169 -0.282016 0.057802
v -0.086718 -0.292132 0.079060
v -0.083056 -0.307159 0.027455
v -0.080957 -0.294984 0.062824
v -0.079674 -0.312877 0.062208
v -0.082926 -0.330284 0.044305
v -0.184603 0.040146 0.005528
v -0.169264 0.084654 0.042551
v -0.171641 0.060260 0.023929
v -0.164553 0.039253 0.011694
v -0.154558 0.071500 0.027204
v -0.166191 0.029225 0.010035
v -0.162311 0.024868 -0.005158
v -0.175955 0.028496 0.009916
v -0.169512 0.093331 0.045563
v -0.147427 0.082995 0.017647
v -0.163994 0.089178 0.037644
v -0.154051 0.047789 0.008694
v -0.157427 0.029413 0.004883
v -0.159505 0.061928 0.027060
v -0.138776 0.055103 0.011812
v -0.147278 0.037678 0.010326
v -0.141713 0.062149 0.009792
v -0.132687 0.049481 -0.005392
v -0.145777 0.090572 0.011896
v -0.136967 0.087052 0.000681
v -0.145976 0.093874 0.003130
v -0.134829 0.045144 0.004836
v -0.121036 0.080961 0.000335
v -0.134586 0.041909 -0.003309
v -0.130151 0.083963 0.000738
v -0.128765 0.061553 0.007196
v -0.130242 0.068538 0.008075
v -0.126124 0.055661 -0.000453
v -0.125295 0.067857 -0.006246
v -0.126700 0.078361 0.003910
v -0.105044 0.086068 -0.004194
v -0.127104 0.092657 -0.000421
v -0.109847 0.212948 0.016494
v -0.120463 0.196581 0.018586
v -0.115019 0.187885 0.060250
v -0.106901 0.189937 0.005552
v -0.116711 0.187921 0.019640
v -0.118097 0.210886 0.005526
v -0.101023 0.214326 0.024690
v -0.107497 0.195093 0.031141
v -0.089676 0.211375 0.026643
v -0.069253 0.187987 0.036827
v -0.075540 0.293729 0.050334
v -0.046963 0.229622 0.016040
v -0.074249 0.215976 0.021939
v -0.070535 0.235053 0.067942
v -0.056834 0.300970 0.094242
v -0.088826 0.226981 0.005860
v -0.059259 0.193263 0.029529
v -0.086231 0.209838 0.033091
v -0.060853 0.276734 0.031060
v -0.063088 0.241513 0.038329
v -0.057401 0.229824 0.043572
v -0.050226 0.210066 0.032173
v -0.044480 0.341321 0.081685
v -0.058166 0.303402 0.063234
v -0.059179 0.255099 0.034120
v -0.061273 0.240626 0.045219
v -0.057693 0.270520 0.025245
v -0.057564 0.278084 0.041685
v -0.057109 0.280188 0.049783
v -0.059813 0.266429 0.048015
v -0.061731 0.228237 0.050259
v -0.059397 0.298305 0.046179
v -0.057312 0.272424 0.068787
v -0.059350 0.238011 0.028552
v -0.059809 0.294538 0.047991
v -0.058987 0.302860 0.028256
v -0.060483 0.287397 0.055125
v -0.059071 0.267842 0.014580
v -0.057279 0.259453 0.021311
v -0.056784 0.305840 0.047054
v -0.054930 0.305165 0.062152
v -0.058517 0.298678 0.074871
v -0.060908 0.280301 0.017371
v -0.055267 0.295308 0.029185
v -0.056465 0.286849 0.037843
v -0.056379 0.290585 0.053517
v -0.055476 0.279878 0.038807
v -0.059716 0.288615 0.019859
v -0.055512 0.282552 0.038066
v -0.058054 0.235738 0.065253
v -0.045709 0.236298 0.092749
v -0.059835 0.252451 0.011223
v -0.055417 0.296819 0.034191
v -0.050076 0.330087 0.070777
v -0.055196 0.259599 0.071397
v -0.052476 0.260780 0.082511
v -0.056266 0.225493 0.005879
v -0.047685 0.325091 0.089651
v -0.056025 0.285395 0.098252
v -0.054095 0.271087 0.005489
v -0.056024 0.311421 0.040387
v -0.052789 0.246248 0.084312
v -0.057024 0.301127 0.014413
v -0.053047 0.227885 0.062893
v -0.051076 0.236046 0.022937
v -0.056191 0.289682 0.005992
v -0.052851 0.307918 0.028902
v -0.026038 0.187983 0.029327
v -0.050919 0.208323 0.057391
v -0.052264 0.294027 0.005868
v -0.048245 0.250131 0.067163
v -0.053381 0.260781 0.007886
v -0.051341 0.302855 0.005590
v -0.054060 0.320774 0.015868
v -0.036098 0.355461 0.033529
v -0.048578 0.249626 0.088094
v -0.046159 0.334555 0.014205
v -0.046267 0.233118 0.005667
v -0.050748 0.314652 0.010539
v -0.045629 0.212420 0.029959
v -0.053622 0.237270 0.075074
v -0.047015 0.233252 0.011799
v -0.045552 0.226983 0.024292
v -0.062434 0.332597 0.060170
v -0.035800 0.251208 0.111397
v -0.048216 0.251014 0.090161
v -0.044510 0.282252 0.107719
v -0.043397 0.248466 0.077459
v -0.058544 0.306675 0.084376
v -0.038683 0.224537 0.069859
v -0.040346 0.204613 0.037315
v -0.012359 0.355822 0.099049
v -0.033374 0.310864 0.123560
v -0.035258 0.202458 0.039374
v -0.041045 0.216691 0.059801
v -0.038615 0.212936 0.026762
v -0.037804 0.195971 0.059841
v -0.019012 0.342699 0.113677
v -0.037007 0.229542 0.058566
v -0.035888 0.212601 0.029201
v -0.031614 0.203252 0.066625
v -0.037038 0.217821 0.028351
v -0.036210 0.256485 0.067306
v -0.032320 0.232302 0.030486
v -0.028852 0.275357 0.084580
v -0.026627 0.272951 0.122110
v -0.030422 0.215620 0.062274
v -0.029124 0.337481 0.120608
v -0.038253 0.350050 0.060669
v -0.029931 0.248026 0.050191
v -0.024440 0.177476 0.077952
v -0.026469 0.283057 0.104685
v -0.030288 0.208056 0.016024
v -0.032102 0.229989 0.053251
v -0.013574 0.326719 0.128506
v -0.032039 0.270590 0.077604
v -0.044540 0.327841 0.005590
v -0.027013 0.189269 0.055504
v -0.035446 0.356966 0.012946
v -0.026141 0.273401 0.089194
v -0.027238 0.273905 0.095163
v -0.027235 0.213911 0.017713
v -0.026853 0.246944 0.052643
v -0.006014 0.249621 0.097589
v -0.024913 0.166867 0.082068
v -0.022651 0.167428 0.078079
v -0.024703 0.165351 0.080842
v -0.013274 0.232157 0.087162
v -0.013406 0.278291 0.104483
v -0.015266 0.275765 0.100390
v -0.021540 0.245781 0.033353
v -0.022298 0.232927 0.053874
v -0.017192 0.222049 0.004877
v -0.007408 0.312037 0.122967
v -0.016474 0.216537 0.000420
v -0.022309 0.268215 0.092337
v -0.020155 0.246993 0.035189
v -0.017910 0.228698 0.015746
v -0.011407 0.280149 0.110060
v -0.011999 0.374297 0.031651
v -0.012404 0.272718 0.091875
v -0.015761 0.236065 0.036725
v -0.017028 0.199335 0.013589
v -0.008415 0.269553 0.092997
v -0.023257 0.360484 0.085446
v -0.003064 0.268497 0.095039
v -0.010302 0.226842 0.038082
v -0.003025 0.275169 0.111697
v -0.008093 0.323802 0.123829
v -0.002200 0.187070 0.039482
v -0.007954 0.326542 0.129227
v -0.005188 0.317462 0.107657
v -0.012808 0.371765 0.060730
v 0.000037 0.219135 0.055537
v -0.004832 0.211701 0.077092
v -0.003786 0.230106 0.092469
v -0.000218 0.315162 0.110859
v -0.000431 0.213468 0.069333
v -0.001451 0.324707 0.122165
v -0.000843 0.328643 0.129194
v -0.001187 0.373060 0.037558
v -0.000369 0.218303 0.048511
v -0.000143 0.358440 0.096984
v -0.000124 0.373029 0.029091
v 0.000049 0.373694 0.036237
v -0.001094 0.211064 0.077060
v 0.000345 0.301194 0.111884
v -0.012293 0.318997 0.107333
v -0.000280 0.231322 0.097869
v -0.000116 0.269182 0.103581
v 0.000251 0.273574 0.109107
v -0.000189 0.298602 0.112050
v -0.000027 0.202079 0.039694
v -0.000211 0.210720 0.084932
v 0.000271 0.221487 0.091127
v -0.000249 0.367394 0.088691
v -0.000157 0.242386 0.100523
v 0.000193 0.304281 0.111327
v -0.000266 0.278528 0.111632
v 0.000020 0.294708 0.112241
v -0.000153 0.252744 0.110878
v 0.000023 0.248094 0.115348
v 0.000019 0.318754 0.122595
v -0.007553 0.365360 0.006661
v -0.000707 0.372609 0.019281
v 0.000207 0.374550 0.042459
v -0.000040 0.369422 0.068221
v -0.000022 0.244188 0.107204
v -0.000271 0.244711 0.111272
v -0.000198 0.346672 0.111746
v -0.000115 0.347419 0.120660
v -0.000151 0.335986 0.123070
v 0.000283 0.329727 0.128797
v 0.000128 0.283532 0.112065
v -0.184211 0.095453 -0.049094
v -0.182963 0.113438 -0.013684
v -0.184472 0.050967 -0.044655
v -0.163888 0.025193 -0.013443
v -0.173837 0.082612 -0.063598
v -0.167107 0.098317 -0.059552
v -0.174105 0.104870 -0.030948
v -0.165127 0.014206 -0.064489
v -0.168677 0.105237 -0.047658
v -0.137400 0.027435 -0.031270
v -0.143759 0.096575 -0.005986
v -0.172414 0.025368 -0.006416
v -0.165347 0.060734 -0.070375
v -0.148351 0.099612 -0.011366
v -0.140433 0.160468 -0.022555
v -0.134517 0.129936 -0.027249
v -0.147588 0.138399 -0.037642
v -0.148696 0.104945 -0.038959
v -0.145961 0.115597 -0.036407
v -0.135072 0.073912 -0.080728
v -0.139737 0.143786 -0.011012
v -0.133312 0.131927 -0.057762
v -0.132158 0.146228 -0.018020
v -0.136432 0.148773 -0.006066
v -0.132307 0.129313 -0.057632
v -0.135881 0.109910 -0.074227
v -0.135443 0.144969 -0.059196
v -0.124928 0.102178 -0.077602
v -0.156283 0.024744 -0.018508
v -0.131793 0.153783 -0.007035
v -0.122919 0.123516 -0.006195
v -0.125572 0.127933 -0.012919
v -0.132707 0.136601 -0.008514
v -0.138826 0.039744 -0.005858
v -0.130032 0.133773 -0.005822
v -0.127278 0.129826 -0.083667
v -0.126801 0.065001 -0.005660
v -0.120569 0.128008 -0.008456
v -0.127589 0.177995 -0.015592
v -0.115038 0.187244 -0.052751
v -0.127535 0.177895 -0.055925
v -0.143891 0.160534 -0.056749
v -0.128460 0.158752 -0.072731
v -0.115521 0.129328 -0.081926
v -0.122325 0.123643 -0.073666
v -0.106503 0.059630 -0.031895
v -0.111580 0.185463 -0.006224
v -0.116043 0.187500 -0.015664
v -0.112094 0.129964 -0.005748
v -0.104997 0.117118 -0.092807
v -0.123187 0.130116 -0.005712
v -0.109315 0.187456 -0.098485
v -0.122390 0.141230 -0.088996
v -0.109739 0.175029 -0.083263
v -0.111374 0.123467 -0.086710
v -0.099988 0.154956 -0.086685
v -0.109224 0.112927 -0.081023
v -0.103951 0.158318 -0.088816
v -0.118445 0.074777 -0.005568
v -0.103281 0.169554 -0.080375
v -0.104624 0.179103 -0.074306
v -0.097111 0.102716 -0.071563
v -0.107517 0.136606 -0.089122
v -0.099160 0.109357 -0.081864
v -0.082472 0.187479 -0.113890
v -0.080214 0.100354 -0.015640
v -0.095217 0.111974 -0.092084
v -0.077906 0.097612 -0.028084
v -0.099621 0.153674 -0.105679
v -0.097735 0.121968 -0.091601
v -0.095084 0.177057 -0.109293
v -0.089579 0.101901 -0.005677
v -0.086977 0.143821 -0.106469
v -0.074341 0.116874 -0.075530
v -0.076533 0.178957 -0.116497
v -0.084853 0.139352 -0.088177
v -0.085515 0.070434 -0.060131
v -0.068202 0.113320 -0.070486
v -0.069351 0.093611 -0.058901
v -0.070871 0.088676 -0.032316
v -0.067696 0.110622 -0.096486
v -0.073651 0.092814 -0.053984
v -0.060195 0.030336 -0.006091
v -0.067816 0.187282 -0.114020
v -0.065537 0.091224 -0.029003
v -0.074514 0.152182 -0.119486
v -0.065138 0.082770 -0.013310
v -0.059046 0.097871 -0.040924
v -0.048107 0.187059 -0.116635
v -0.064712 0.023158 -0.027178
v -0.063617 0.006701 -0.006186
v -0.057857 0.008335 -0.018689
v -0.051198 0.089012 -0.044128
v -0.050316 0.045681 -0.020100
v -0.061175 0.148966 -0.122997
v -0.058000 0.127878 -0.114813
v -0.071439 0.096764 -0.006150
v -0.049032 0.101947 -0.068242
v -0.050562 0.166354 -0.123404
v -0.042385 0.008617 -0.038292
v -0.046074 0.060579 -0.029797
v -0.045503 0.093264 -0.084491
v -0.048954 0.115544 -0.057600
v -0.037985 0.100979 -0.057194
v -0.033394 0.142102 -0.122671
v -0.031995 0.008264 -0.047112
v -0.021779 0.175273 -0.119589
v -0.037986 0.112798 -0.112991
v -0.046949 0.028559 -0.041666
v -0.037709 0.054616 -0.041573
v -0.032052 0.030427 -0.035813
v -0.025441 0.186660 -0.115280
v -0.025227 0.105259 -0.112374
v -0.019596 0.043090 -0.035892
v -0.033952 0.026121 -0.053758
v -0.015224 0.085364 -0.056628
v -0.013581 0.187399 -0.113562
v -0.031455 0.086435 -0.080116
v -0.010923 0.148960 -0.121523
v -0.006573 0.175694 -0.115214
v -0.005593 0.083027 -0.089743
v -0.000244 0.186112 -0.117598
v -0.018204 0.067649 -0.051374
v -0.012774 0.094035 -0.104698
v -0.008592 0.029024 -0.053680
v -0.037754 0.000172 -0.035819
v -0.012713 0.011962 -0.053913
v -0.000852 0.031037 -0.042023
v -0.006254 0.084132 -0.054060
v -0.000489 0.050034 -0.039613
v -0.001104 0.055231 -0.049565
v -0.007228 0.130903 -0.116873
v 0.000155 0.072896 -0.057626
v -0.000054 0.060465 -0.051695
v -0.000100 0.068244 -0.055222
v -0.000251 0.008162 -0.052046
v 0.000040 0.074946 -0.056406
v -0.000280 0.030439 -0.043407
v 0.000173 0.162906 -0.120304
v -0.000092 0.089231 -0.096073
v 0.000018 0.134104 -0.118311
v -0.000329 0.078163 -0.073707
v -0.000584 0.079900 -0.052047
v -0.000133 0.028973 -0.053242
v 0.000011 0.116093 -0.113261
v 0.000015 0.121075 -0.113274
v -0.000208 0.099365 -0.109091
v -0.000342 0.071507 -0.057549
v -0.000235 0.017820 -0.058253
v 0.000177 0.051884 -0.041207
v -0.147870 -0.124745 0.054722
v -0.130476 -0.096939 0.060316
v -0.122414 -0.124881 0.089813
v -0.099262 -0.104504 0.096882
v -0.126300 -0.082869 -0.012635
v -0.126869 -0.085775 0.001083
v -0.139158 -0.119339 0.079126
v -0.118658 -0.100604 -0.024213
v -0.081380 -0.124960 0.101092
v -0.128492 -0.072545 0.018259
v -0.100592 -0.102317 -0.043605
v -0.084505 -0.096443 0.097255
v -0.104043 -0.072919 0.051831
v -0.088829 -0.069278 0.063174
v -0.107982 -0.117191 0.095450
v -0.100298 -0.038430 0.010086
v -0.093144 -0.040820 0.047342
v -0.095500 -0.056275 0.034080
v -0.096824 -0.041779 -0.013321
v -0.095053 -0.054072 -0.000028
v -0.090787 -0.054718 -0.007659
v -0.088625 -0.057840 -0.021366
v -0.088254 -0.039208 -0.030470
v -0.079935 -0.058147 0.069849
v -0.061743 -0.040850 0.084307
v -0.082487 -0.038895 -0.048782
v -0.071215 -0.095546 0.092236
v -0.075539 -0.027970 0.004379
v -0.073355 -0.109417 0.102054
v -0.076559 -0.100846 -0.063150
v -0.078309 -0.109961 0.097525
v -0.069761 -0.031144 0.041493
v -0.067341 -0.023845 -0.022937
v -0.075146 -0.010561 0.018294
v -0.064733 -0.025898 -0.026448
v -0.076254 -0.094803 -0.064016
v -0.068556 -0.004184 0.018663
v -0.064611 -0.124935 0.094642
v -0.070423 -0.117299 0.092451
v -0.068101 -0.062081 0.069138
v -0.057172 -0.057011 -0.060156
v -0.051276 -0.062110 0.081569
v -0.059966 -0.012487 0.053596
v -0.056915 -0.124817 0.090430
v -0.060660 -0.033269 0.058116
v -0.062508 -0.062353 -0.055136
v -0.065235 -0.110115 0.090101
v -0.055850 -0.022326 0.070097
v -0.101407 -0.125034 -0.039852
v -0.059651 -0.089222 -0.065466
v -0.060093 -0.062175 0.071961
v -0.042075 -0.068353 0.080299
v -0.057932 -0.026597 -0.033771
v -0.059485 -0.000663 0.022763
v -0.048710 -0.124970 0.083856
v -0.047013 -0.123338 0.081638
v -0.051053 -0.089888 0.076771
v -0.050184 -0.000059 -0.030323
v -0.048763 -0.104231 0.081901
v -0.037936 -0.111475 -0.073012
v -0.046860 -0.034785 0.074346
v -0.042527 -0.024052 -0.048655
v -0.026872 0.000001 -0.045979
v -0.058364 -0.038741 -0.066412
v -0.045878 -0.009466 -0.039321
v -0.054088 -0.076794 -0.072738
v -0.059256 -0.060327 0.081248
v -0.030174 -0.060597 0.080808
v -0.056007 -0.004808 -0.034013
v -0.043608 -0.111761 0.087103
v -0.029774 -0.004323 0.085306
v -0.041900 -0.096207 0.085937
v -0.033093 -0.124795 0.091066
v -0.045035 -0.107857 -0.079923
v -0.040972 -0.030503 0.077310
v -0.036158 -0.094041 0.086415
v -0.027177 -0.105726 0.090742
v -0.033357 -0.121549 0.091413
v -0.034003 -0.026320 -0.052035
v -0.036058 -0.082128 -0.078742
v -0.028809 -0.101125 -0.082750
v -0.044826 -0.000111 0.069799
v -0.028610 -0.025950 0.086893
v -0.024871 -0.091044 0.089709
v -0.025761 -0.083107 0.088032
v -0.026970 -0.015969 0.087335
v -0.029866 -0.119822 -0.071296
v -0.028879 -0.000062 0.085378
v -0.017769 -0.124975 0.094843
v -0.023990 -0.117559 0.093738
v -0.031898 -0.049461 0.096022
v -0.021231 -0.106414 0.093890
v -0.032304 -0.064656 -0.076800
v -0.012554 -0.088939 -0.083144
v -0.024621 -0.037838 0.090028
v -0.016899 -0.069609 0.087118
v -0.011879 -0.026337 -0.059212
v -0.011913 -0.111143 -0.084667
v -0.020388 -0.052802 0.093697
v -0.018428 -0.115574 0.095728
v -0.009666 -0.020900 0.100660
v -0.005799 -0.004012 0.091953
v -0.012305 -0.044911 0.092430
v -0.011655 -0.042603 0.091728
v -0.022830 -0.043972 -0.080785
v -0.030797 -0.124707 -0.071553
v -0.012676 -0.101593 0.093971
v -0.006072 -0.120607 0.098790
v -0.003735 -0.039345 0.096211
v -0.002990 -0.095910 0.096030
v -0.007788 -0.077493 0.090946
v -0.004769 -0.108533 0.096097
v -0.004528 -0.064882 -0.076715
v 0.017962 -0.001068 -0.052870
v -0.017753 -0.008667 -0.056310
v -0.001029 -0.124680 0.097809
v -0.018418 -0.000645 0.089655
v -0.000084 -0.053092 0.098888
v 0.003117 -0.082151 0.092824
v 0.006535 -0.094822 0.096830
v -0.000572 0.000023 0.094162
v 0.001081 -0.115065 -0.083427
v 0.009026 -0.115003 0.100256
v 0.004459 -0.074164 0.108390
v 0.008585 -0.124888 0.100930
v 0.007798 -0.040213 0.103084
v 0.005646 -0.020142 0.105727
v -0.000153 -0.097132 -0.084171
v 0.020402 -0.091033 0.097001
v -0.000592 -0.042086 -0.084739
v 0.003992 -0.079057 0.097407
v 0.019392 -0.045904 -0.085765
v 0.006875 -0.092694 -0.082514
v -0.005104 -0.009250 0.101506
v 0.018154 -0.102957 0.099089
v 0.010549 -0.059468 0.106757
v 0.010564 -0.077459 -0.080478
v 0.021279 -0.110966 0.100087
v 0.017529 -0.067513 -0.076385
v 0.016091 -0.006958 0.101460
v 0.022943 -0.023848 0.101020
v 0.014892 -0.112297 -0.084678
v 0.020001 -0.122533 0.103038
v 0.021926 -0.124938 0.100251
v 0.022465 -0.056505 0.103412
v 0.022175 -0.007119 0.105252
v 0.022222 -0.078377 0.093344
v 0.023642 -0.037824 0.105693
v 0.028966 -0.099028 0.098646
v 0.017336 -0.021084 -0.060467
v 0.028136 -0.119994 0.100662
v 0.022864 -0.091338 -0.082222
v 0.025434 -0.122047 0.100212
v 0.028879 -0.108139 0.100688
v 0.028621 -0.064193 -0.078792
v 0.028911 -0.065628 -0.073557
v 0.012497 0.000046 0.099929
v 0.028595 -0.038804 0.098935
v 0.026034 -0.114738 -0.084063
v 0.029218 -0.011744 -0.057059
v 0.028797 -0.067826 0.098967
v 0.028896 -0.097287 0.098006
v 0.029111 -0.103286 0.098645
v 0.027929 -0.111946 0.101297
v 0.026665 -0.004218 0.096768
v 0.029046 -0.057673 0.104968
v 0.028716 -0.046321 0.099234
v 0.028983 -0.103132 -0.082696
v 0.028982 -0.080095 -0.079641
v 0.028559 -0.042511 -0.076988
v 0.028968 -0.026270 -0.059444
v 0.028802 -0.095317 0.097553
v 0.028856 -0.092526 0.098193
v 0.028860 -0.006399 0.101580
v 0.028826 -0.020633 0.107035
v 0.028932 -0.116008 -0.083168
v 0.008673 -0.125000 -0.082872
v 0.028823 -0.092637 -0.082448
v 0.027784 -0.020310 -0.058804
v 0.029029 -0.079323 0.094728
v 0.029170 -0.029401 0.105677
v 0.028852 -0.007151 -0.056070
v 0.028443 -0.004404 0.095894
v -0.124812 0.210557 -0.015476
v -0.125006 0.220919 -0.038778
v -0.118366 0.203765 -0.001739
v -0.119767 0.195981 -0.065419
v -0.101420 0.188217 0.002566
v -0.117560 0.227099 -0.066372
v -0.109764 0.216414 -0.076603
v -0.119530 0.188058 -0.043826
v -0.117494 0.205696 0.005126
v -0.123077 0.221610 -0.005072
v -0.109872 0.196087 -0.052810
v -0.117702 0.232172 -0.020340
v -0.095604 0.201471 -0.106005
v -0.110004 0.187507 -0.068791
v -0.111241 0.187868 -0.080407
v -0.110494 0.189197 -0.060877
v -0.109352 0.187845 -0.063480
v -0.107643 0.201347 -0.034255
v -0.110185 0.194451 0.003229
v -0.102620 0.225388 0.005088
v -0.103959 0.199749 -0.019359
v -0.097796 0.226252 -0.086045
v -0.114091 0.200514 -0.086005
v -0.101376 0.245247 -0.028360
v -0.113246 0.194221 0.005191
v -0.100374 0.190885 -0.001248
v -0.089713 0.227099 0.005135
v -0.089413 0.231129 -0.000001
v -0.089244 0.227792 -0.086531
v -0.111887 0.187827 -0.092327
v -0.050648 0.230197 0.005333
v -0.087414 0.244868 -0.056782
v -0.073784 0.255580 -0.040949
v -0.040348 0.254015 -0.046292
v -0.070934 0.202330 -0.111110
v -0.059894 0.242077 -0.090059
v -0.071552 0.224301 -0.098028
v -0.056571 0.287674 0.004901
v -0.054364 0.274111 -0.004949
v -0.055585 0.237696 -0.005254
v -0.049204 0.312805 0.005139
v -0.048818 0.233988 -0.097598
v -0.054695 0.287285 -0.003000
v -0.057888 0.269363 0.005266
v -0.048847 0.276831 -0.007950
v -0.042800 0.229961 -0.005429
v -0.049969 0.309161 -0.002962
v -0.045791 0.295314 -0.006688
v -0.037905 0.284475 -0.024493
v -0.049098 0.269243 -0.010944
v -0.040870 0.294018 -0.011800
v -0.041279 0.321234 -0.005886
v -0.031154 0.236616 -0.015355
v -0.035673 0.308479 -0.010382
v -0.045337 0.199688 -0.116583
v -0.033350 0.350359 0.005448
v -0.037088 0.304627 -0.014121
v -0.037111 0.340856 0.000160
v -0.024161 0.243656 -0.030418
v -0.018017 0.305493 -0.030288
v -0.037353 0.331972 -0.014115
v -0.016814 0.362099 0.005181
v -0.019123 0.287608 -0.033821
v -0.029071 0.207382 -0.113088
v -0.027780 0.293847 -0.024640
v -0.016120 0.245119 -0.038520
v -0.020074 0.357293 -0.008215
v -0.009838 0.205762 -0.115122
v -0.010784 0.317590 -0.031713
v -0.016382 0.251293 -0.066318
v -0.009898 0.365035 0.005493
v -0.005154 0.367011 0.004653
v -0.017495 0.236122 -0.096303
v -0.004946 0.355224 -0.008885
v -0.044222 0.187987 -0.115351
v -0.008221 0.305608 -0.035751
v -0.005056 0.248023 -0.040499
v -0.000229 0.358918 -0.009131
v -0.000489 0.251085 -0.058671
v -0.006937 0.236266 -0.094569
v -0.000131 0.300644 -0.034813
v 0.000114 0.303337 -0.036154
v -0.008204 0.365967 0.000490
v -0.000316 0.301390 -0.034487
v -0.000112 0.298999 -0.036526
v 0.000191 0.301912 -0.034563
v -0.000133 0.308005 -0.036088
v -0.000312 0.195518 -0.113492
v -0.000189 0.245993 -0.076971
v 0.000558 0.249737 -0.050271
v 0.001309 0.248078 -0.044862
v 0.000099 0.220024 -0.106421
v -0.000477 0.248524 -0.041876
v -0.001001 0.315862 -0.029350
v -0.000036 0.324733 -0.028488
v -0.000023 0.334258 -0.025038
v 0.000278 0.025467 0.092705
v 0.001636 0.000150 0.098358
v 0.000059 0.079710 0.107004
v 0.004060 0.055933 0.090805
v 0.006518 0.114164 0.090798
v 0.000215 0.066393 0.096006
v 0.000200 0.104612 0.102651
v 0.007230 0.004681 0.098612
v 0.000165 0.118440 0.088562
v 0.010361 0.029426 0.090639
v 0.006743 0.111849 0.095047
v 0.007005 0.019235 0.100794
v 0.012414 0.114579 0.098489
v 0.019338 0.090863 0.111353
v 0.000148 0.071335 0.095498
v 0.021170 0.067708 0.101735
v 0.018072 0.000323 0.104295
v 0.018474 0.027557 0.095328
v 0.007395 0.074001 0.097793
v 0.020366 -0.000025 0.096751
v 0.009935 0.098224 0.112672
v 0.022449 0.123079 0.097015
v 0.041952 0.116853 0.112826
v 0.032192 0.021986 0.090335
v 0.016343 0.051754 0.096014
v 0.017257 0.124943 0.090574
v 0.025786 0.124911 0.096639
v 0.025984 0.006459 0.097535
v 0.041279 0.009383 0.094203
v 0.047694 0.046738 0.093591
v 0.043299 0.110327 0.112300
v 0.036030 0.000114 0.095653
v 0.031375 0.001730 0.097544
v 0.034924 0.062772 0.096604
v 0.032076 0.055245 0.097109
v 0.034245 0.000326 0.093658
v 0.059368 0.088989 0.116805
v 0.031723 0.105238 0.114740
v 0.046091 0.059471 0.094916
v 0.061601 0.061479 0.096132
v 0.062704 0.040075 0.079757
v 0.025080 0.124978 0.104991
v 0.055191 0.116434 0.131580
v 0.057187 0.093065 0.121391
v 0.066134 0.026487 0.075542
v 0.068242 0.038072 0.074073
v 0.060986 0.086858 0.133218
v 0.061959 0.019049 0.092066
v 0.061643 0.050457 0.084507
v 0.065007 0.101913 0.129360
v 0.055168 0.124704 0.122193
v 0.076596 0.045496 0.073816
v 0.066336 0.120361 0.105324
v 0.061708 0.094484 0.131270
v 0.066988 0.105999 0.107412
v 0.067349 0.102944 0.116817
v 0.065410 0.058001 0.084702
v 0.066142 0.120250 0.124869
v 0.055632 0.006950 0.098903
v 0.078194 0.010604 0.087478
v 0.079797 0.024831 0.066100
v 0.071194 0.062024 0.079929
v 0.081997 0.037793 0.060735
v 0.093285 0.119196 0.082200
v 0.078241 0.055063 0.076598
v 0.086337 0.000878 0.068497
v 0.079579 0.084953 0.100405
v 0.088486 0.074017 0.070013
v 0.084749 0.022990 0.061220
v 0.086748 0.000016 0.070704
v 0.085688 0.047449 0.057475
v 0.094147 0.000029 0.060980
v 0.091845 0.016295 0.075189
v 0.093326 0.108296 0.079376
v 0.092135 0.047546 0.042859
v 0.097230 0.029528 0.037385
v 0.091006 0.031353 0.038883
v 0.085789 0.124796 0.081011
v 0.094541 0.010324 0.072546
v 0.094579 0.043301 0.015468
v 0.098809 0.063994 0.042892
v 0.097998 0.096970 0.066192
v 0.096888 0.115065 0.069983
v 0.094973 0.051519 0.033991
v 0.096905 0.058243 0.009840
v 0.095101 0.051372 0.015830
v 0.097871 0.102901 0.070131
v 0.101333 0.014856 0.061339
v 0.100306 0.073741 0.042668
v 0.098271 0.004123 0.045340
v 0.106619 0.008256 0.034735
v 0.106597 0.118013 0.063232
v 0.101693 0.105630 0.069447
v 0.101856 0.065502 0.010521
v 0.102325 0.003303 0.035507
v 0.103117 0.071813 0.033555
v 0.096094 0.087154 0.063256
v 0.100942 0.095003 0.057853
v 0.102363 0.006123 0.022505
v 0.111739 0.088099 0.006019
v 0.099871 0.004432 0.007831
v 0.104972 0.024899 0.051673
v 0.107986 0.088403 0.039731
v 0.106251 0.012080 0.027578
v 0.104244 0.102077 0.046131
v 0.107955 0.087958 0.034976
v 0.112880 0.098710 0.038353
v 0.090384 0.039357 0.005620
v 0.106522 0.026486 0.009602
v 0.109458 0.096749 0.050417
v 0.115662 0.105079 0.054548
v 0.125720 0.115906 0.068034
v 0.116110 0.096502 0.028039
v 0.112195 0.088794 0.027784
v 0.117068 0.103720 0.005968
v 0.120467 0.088817 0.043998
v 0.126828 0.100155 0.064657
v 0.125988 0.100184 0.005669
v 0.127406 0.115525 0.071268
v 0.116932 0.098711 0.020172
v 0.126760 0.095898 0.063046
v 0.125350 0.120328 0.083665
v 0.127336 0.105928 0.005789
v 0.126722 0.096520 0.012699
v 0.129670 0.111602 0.070762
v 0.126657 0.089154 0.036998
v 0.129199 0.089636 0.016042
v 0.129016 0.103908 0.068927
v 0.129024 0.115476 0.083786
v 0.128893 0.084869 0.046694
v 0.128957 0.085386 0.050769
v 0.128573 0.088869 0.055175
v 0.129373 0.095311 0.012612
v 0.128950 0.086575 0.039196
v 0.128768 0.095975 0.061111
v 0.129206 0.103353 0.068135
v 0.129565 0.115943 0.076449
v 0.102815 0.125055 0.070106
v 0.129244 0.089933 0.032210
v 0.129346 0.100797 0.066769
v 0.129332 0.122169 0.085538
v -0.078288 0.027129 0.009134
v -0.076355 0.020678 0.029112
v -0.064223 0.015196 0.059108
v -0.071957 0.093507 0.003047
v -0.065923 0.086143 -0.005907
v -0.069478 0.003951 0.023161
v -0.069078 0.072584 0.063582
v -0.065949 0.006925 0.005233
v -0.059756 0.049848 -0.005004
v -0.066453 0.004646 0.029289
v -0.062695 0.000234 0.035633
v -0.062876 0.002871 0.044096
v -0.064642 0.005875 -0.005802
v -0.063377 0.050824 0.030907
v -0.064679 0.062632 0.035364
v -0.068195 0.081885 -0.002110
v -0.059919 0.054839 0.001816
v -0.057048 0.039585 0.045234
v -0.055363 0.031642 0.007567
v -0.056342 0.000441 0.060037
v -0.056091 0.025322 0.056119
v -0.053447 0.035998 -0.005454
v -0.071905 0.024563 -0.005224
v -0.052588 0.030663 -0.005365
v -0.052129 0.031441 -0.005940
v -0.055913 0.002784 0.054522
v -0.045689 0.000004 0.073092
v -0.045071 0.037288 0.055345
v -0.049455 0.064296 0.069990
v -0.048510 0.002026 0.064238
v -0.043689 0.022707 0.062838
v -0.038501 0.072748 0.085110
v -0.034310 0.042152 0.069160
v -0.039793 0.000689 0.074312
v -0.025714 0.083314 0.095079
v -0.064651 0.093506 0.068176
v -0.034714 0.000028 0.078836
v -0.034630 0.013595 0.088008
v -0.019566 0.000044 0.088980
v -0.030503 0.076382 0.094249
v -0.035419 0.050480 0.077660
v -0.034647 0.042148 0.074420
v -0.014803 0.050196 0.086868
v -0.024469 0.009956 0.090606
v -0.027035 0.002036 0.090527
v -0.012247 0.064842 0.092860
v -0.018102 0.013096 0.085858
v -0.012964 0.093768 0.096539
v -0.011749 0.006620 0.091430
v -0.010940 0.052911 0.089770
v -0.009217 0.070117 0.101557
v -0.012755 0.092897 0.103373
v -0.006600 0.061823 0.094344
v 0.000852 0.025966 0.095678
v -0.000354 0.084529 0.107438
v -0.000203 0.024263 0.098173
v 0.000239 0.053803 0.088362
v -0.000214 0.064147 0.096419
v -0.000117 0.044744 0.088619
v -0.000117 0.012928 0.098273
v -0.000078 0.082907 0.107298
v -0.000639 -0.000020 0.093986
v -0.000415 0.000257 0.094051
v -0.000437 0.000853 0.093964
v -0.000199 0.033265 0.086421
v -0.000244 0.055269 0.088425
v -0.000001 0.057363 0.090549
v 0.000104 0.025828 0.087676
v -0.000256 0.058498 0.093189
v 0.000182 0.000603 0.094383
v 0.000187 0.005269 0.095485
v -0.000274 0.011840 0.098118
v 0.000019 0.014299 0.096042
v -0.000531 0.025015 0.096886
v -0.003644 0.093856 0.106709
v 0.000258 0.040860 0.088228
v -0.000149 0.072675 0.094783
v -0.000563 0.070735 0.094427
v -0.000003 0.074797 0.096613
v -0.000336 0.077887 0.105450
v -0.000024 0.088557 0.107832
v 0.007804 0.142015 0.077108
v 0.000315 0.211334 0.065084
v 0.007963 0.246190 0.119333
v 0.000090 0.139037 0.079587
v 0.011978 0.181191 0.039833
v 0.000095 0.241538 0.107079
v 0.006752 0.241949 0.106801
v 0.006608 0.139153 0.085011
v 0.011224 0.125030 0.089888
v 0.007363 0.230585 0.100090
v 0.014081 0.223574 0.094927
v 0.020208 0.211268 0.053638
v 0.011912 0.227004 0.101273
v 0.014180 0.134175 0.087750
v 0.016193 0.243394 0.103644
v 0.022331 0.177199 0.050966
v 0.008324 0.206272 0.091944
v 0.020844 0.136737 0.088434
v 0.023805 0.125097 0.097689
v 0.028225 0.231858 0.094052
v 0.033498 0.149869 0.081864
v 0.038705 0.217027 0.074568
v 0.052767 0.125120 0.119557
v 0.051441 0.219785 0.038152
v 0.031284 0.132131 0.092464
v 0.036691 0.134965 0.086075
v 0.012748 0.249905 0.109196
v 0.045614 0.164029 0.070268
v 0.053327 0.237210 0.044278
v 0.040319 0.249770 0.090005
v 0.053959 0.178722 0.052625
v 0.045509 0.144038 0.091705
v 0.048121 0.131028 0.102545
v 0.046328 0.180667 0.089258
v 0.051066 0.140230 0.110448
v 0.041837 0.157210 0.097030
v 0.054599 0.163437 0.107210
v 0.056655 0.221263 0.080860
v 0.061166 0.188497 0.095798
v 0.052766 0.249349 0.058562
v 0.051762 0.186858 0.065156
v 0.055294 0.216183 0.030151
v 0.056537 0.214520 0.028815
v 0.054394 0.154879 0.108730
v 0.066106 0.194750 0.089799
v 0.046164 0.199833 0.068665
v 0.057077 0.195353 0.030895
v 0.063647 0.177593 0.096079
v 0.054798 0.171389 0.101279
v 0.060485 0.143011 0.106572
v 0.058254 0.128877 0.101176
v 0.057007 0.151119 0.080079
v 0.068027 0.244260 0.055146
v 0.063839 0.125214 0.120748
v 0.061447 0.125096 0.102922
v 0.065173 0.164292 0.093116
v 0.075721 0.125069 0.088888
v 0.055122 0.136435 0.112360
v 0.062306 0.213184 0.081628
v 0.069412 0.206118 0.080953
v 0.063692 0.162316 0.090374
v 0.071773 0.243173 0.054885
v 0.059691 0.235330 0.063645
v 0.072033 0.197944 0.089695
v 0.077075 0.204698 0.076435
v 0.069082 0.129477 0.094969
v 0.074606 0.186944 0.093837
v 0.078018 0.148626 0.097959
v 0.074290 0.208026 0.079305
v 0.075555 0.222743 0.067615
v 0.079651 0.245193 0.050678
v 0.082613 0.226780 0.063302
v 0.083024 0.148123 0.076346
v 0.080171 0.139106 0.079501
v 0.074196 0.234883 0.063823
v 0.088641 0.149506 0.075493
v 0.080404 0.218607 0.066704
v 0.079166 0.243117 0.022439
v 0.062483 0.249871 0.038315
v 0.089722 0.201239 0.098522
v 0.091755 0.148115 0.088976
v 0.091697 0.125300 0.081945
v 0.081778 0.164719 0.107593
v 0.079578 0.249206 0.013633
v 0.100713 0.199195 0.104532
v 0.117509 0.130011 0.088569
v 0.092228 0.183738 0.104236
v 0.096662 0.125153 0.071878
v 0.092253 0.130607 0.073512
v 0.089312 0.130214 0.084058
v 0.086063 0.236922 0.051738
v 0.090122 0.249753 0.022229
v 0.109638 0.137341 0.072372
v 0.096638 0.165146 0.099189
v 0.094895 0.160516 0.084221
v 0.107886 0.221932 0.081491
v 0.113346 0.145340 0.091996
v 0.104429 0.185871 0.103101
v 0.108681 0.181130 0.086519
v 0.099089 0.249959 0.031331
v 0.104526 0.250014 0.033553
v 0.104644 0.249857 0.043304
v 0.115523 0.125186 0.071712
v 0.106354 0.183696 0.100823
v 0.121569 0.201039 0.080229
v 0.110288 0.184449 0.096168
v 0.112798 0.191711 0.095931
v 0.110717 0.207588 0.095820
v 0.102411 0.136517 0.071228
v 0.125236 0.207891 0.089498
v 0.123096 0.124974 0.084006
v 0.117094 0.220955 0.089521
v 0.126137 0.158578 0.096996
v 0.113362 0.239746 0.067439
v 0.127935 0.202914 0.075546
v 0.129396 0.139424 0.093484
v 0.128807 0.142715 0.092601
v 0.128773 0.128199 0.091236
v 0.128598 0.155436 0.097229
v 0.123076 0.248975 0.048485
v 0.129217 0.245074 0.054398
v 0.129712 0.205592 0.072661
v 0.127970 0.207951 0.077923
v 0.123111 0.140311 0.094411
v 0.129168 0.243633 0.063726
v 0.128869 0.242078 0.066482
v 0.130001 0.204202 0.073939
v 0.130175 0.201690 0.076827
v 0.129191 0.234271 0.069144
v 0.129003 0.227413 0.078934
v 0.129291 0.214666 0.086062
v 0.129169 0.186810 0.087245
v 0.128615 0.129086 0.093617
v 0.129262 0.148040 0.093218
v 0.129161 0.131607 0.095978
v 0.129331 0.240631 0.067522
v 0.129371 0.207143 0.073073
v 0.129800 0.207911 0.073690
v 0.128561 0.129229 0.085670
v 0.129223 0.126248 0.084838
v 0.129129 0.228794 0.077822
v 0.129188 0.127961 0.084208
v 0.129478 0.223715 0.084580
v -0.157531 -0.208077 0.013867
v -0.163589 -0.193430 0.020547
v -0.156853 -0.201145 0.020902
v -0.156901 -0.146556 0.019780
v -0.153743 -0.160654 0.008992
v -0.106386 -0.125413 -0.039847
v -0.154429 -0.152201 0.003183
v -0.137222 -0.195701 -0.003080
v -0.137773 -0.188161 -0.007120
v -0.104401 -0.207276 0.002494
v -0.107250 -0.164631 -0.035629
v -0.123865 -0.158721 -0.034532
v -0.117773 -0.205611 -0.017231
v -0.101545 -0.201062 0.001404
v -0.111278 -0.200570 -0.026898
v -0.089807 -0.198253 -0.005761
v -0.081415 -0.225994 -0.036360
v -0.084722 -0.148310 -0.053919
v -0.097131 -0.215637 -0.027676
v -0.085029 -0.207436 0.007342
v -0.083039 -0.185681 -0.013193
v -0.077750 -0.144174 -0.055989
v -0.071319 -0.214252 -0.017922
v -0.059862 -0.209683 0.011509
v -0.075229 -0.155096 -0.057209
v -0.077525 -0.150314 -0.058655
v -0.072805 -0.157201 -0.053473
v -0.060668 -0.175161 -0.023157
v -0.072625 -0.201021 -0.001326
v -0.066265 -0.243165 -0.038712
v -0.072123 -0.164210 -0.051507
v -0.069999 -0.251420 -0.023298
v -0.123727 -0.210941 0.020238
v -0.062094 -0.201886 0.005573
v -0.062214 -0.190338 -0.049698
v -0.065974 -0.151442 -0.061042
v -0.058413 -0.249178 -0.021572
v -0.067152 -0.240903 -0.024742
v -0.059388 -0.204561 -0.049682
v -0.067660 -0.196278 -0.047299
v -0.075303 -0.150752 -0.056033
v -0.049814 -0.200353 -0.053116
v -0.051323 -0.160218 -0.030452
v -0.057568 -0.215385 -0.046888
v -0.063389 -0.249092 -0.037301
v -0.041470 -0.231214 -0.048420
v -0.030013 -0.245471 -0.028895
v -0.044474 -0.125109 -0.070494
v -0.046257 -0.163053 -0.024420
v -0.044746 -0.193712 -0.027940
v -0.028280 -0.213772 -0.030478
v -0.058543 -0.218617 -0.046520
v -0.047434 -0.141250 -0.064025
v -0.039058 -0.157157 -0.011187
v -0.036981 -0.125579 -0.069357
v -0.034074 -0.156433 -0.000807
v -0.022336 -0.125287 -0.071724
v -0.043725 -0.171277 -0.059545
v -0.037577 -0.163673 -0.014932
v -0.038363 -0.182560 -0.011105
v -0.029030 -0.164023 -0.009374
v -0.025148 -0.201407 -0.057999
v -0.024202 -0.160922 0.003013
v -0.027422 -0.181086 0.008084
v -0.026225 -0.166361 -0.012608
v -0.039215 -0.161422 -0.023463
v -0.025202 -0.159218 0.005558
v -0.023240 -0.156592 0.013204
v -0.024978 -0.158677 0.006838
v -0.026405 -0.156693 0.010204
v -0.017057 -0.170497 0.005080
v -0.023176 -0.164199 -0.002577
v -0.023199 -0.159309 0.010393
v -0.024873 -0.157482 0.009410
v -0.027087 -0.155485 0.010064
v -0.027130 -0.155594 0.010580
v -0.022339 -0.149594 -0.039951
v -0.025505 -0.157245 0.009871
v -0.024720 -0.157552 0.010885
v -0.022987 -0.159626 0.006177
v -0.024628 -0.158165 0.010115
v -0.024844 -0.157621 0.009029
v -0.025295 -0.160028 0.006611
v -0.023755 -0.158289 0.011153
v -0.022665 -0.158964 0.009660
v -0.028301 -0.147849 -0.038502
v -0.022889 -0.159975 0.009611
v -0.022513 -0.159804 0.008713
v -0.024107 -0.157572 0.009886
v -0.023791 -0.158521 0.010797
v -0.022468 -0.161605 0.004682
v -0.022439 -0.162017 0.005007
v -0.021591 -0.162555 0.002546
v -0.022583 -0.158926 0.009888
v -0.022639 -0.159319 0.010706
v -0.022193 -0.159091 0.010128
v -0.022196 -0.162723 0.000369
v -0.022519 -0.159628 0.010618
v -0.022281 -0.159801 0.010848
v -0.022357 -0.159799 0.010634
v -0.022433 -0.159798 0.010419
v -0.029545 -0.155698 0.007106
v -0.011034 -0.156056 -0.002807
v -0.020772 -0.155523 0.018981
v -0.021995 -0.162782 0.003679
v -0.019155 -0.227991 -0.054291
v -0.038784 -0.250121 -0.045230
v -0.023503 -0.131541 -0.065936
v -0.021271 -0.158002 0.015129
v -0.012625 -0.163603 0.020295
v -0.048122 -0.200715 0.020309
v -0.017208 -0.164005 0.002155
v -0.018157 -0.163186 0.003176
v -0.016302 -0.160866 0.011496
v -0.020267 -0.155052 0.020457
v -0.006407 -0.186696 -0.062422
v -0.002151 -0.179269 -0.037724
v -0.019314 -0.171313 -0.002377
v -0.025752 -0.161738 -0.064108
v -0.013595 -0.160940 0.012757
v -0.014547 -0.159919 0.016369
v -0.013344 -0.158454 0.020293
v -0.008564 -0.237227 -0.033230
v -0.009152 -0.203860 -0.058808
v -0.004819 -0.152826 -0.065804
v -0.000821 -0.140141 -0.070279
v -0.003286 -0.245517 -0.030722
v 0.000121 -0.249744 -0.030035
v 0.001622 -0.125373 -0.080916
v 0.002981 -0.171722 -0.064190
v 0.016451 -0.183538 -0.061530
v 0.007579 -0.209296 -0.058486
v -0.013398 -0.156496 0.007784
v 0.014603 -0.227097 -0.056848
v 0.007926 -0.125035 -0.084133
v 0.013995 -0.137071 -0.040169
v 0.014966 -0.143059 -0.068001
v 0.023424 -0.148111 -0.065046
v 0.009942 -0.201029 -0.036596
v 0.017885 -0.137307 -0.077661
v 0.023198 -0.159843 -0.039861
v 0.019210 -0.138562 -0.015455
v 0.019642 -0.136353 -0.038337
v 0.015219 -0.215360 -0.036247
v 0.027714 -0.125561 -0.081065
v 0.013002 -0.249925 -0.053635
v 0.019240 -0.205488 -0.038542
v 0.023843 -0.200976 -0.035927
v 0.024960 -0.213025 -0.057187
v 0.027584 -0.139748 -0.075900
v 0.028126 -0.201666 -0.034701
v 0.028915 -0.164828 -0.063574
v 0.028614 -0.138816 -0.029243
v 0.027357 -0.248964 -0.050615
v 0.028375 -0.137453 -0.038493
v 0.029018 -0.138309 -0.038566
v 0.010881 -0.134706 0.020455
v 0.028790 -0.134045 -0.079523
v 0.027272 -0.194685 -0.035063
v 0.028603 -0.142820 -0.068584
v 0.028660 -0.177337 -0.060858
v 0.028771 -0.204751 -0.058004
v 0.029109 -0.190972 -0.035131
v 0.029054 -0.188206 -0.061444
v 0.028874 -0.218580 -0.056829
v 0.028615 -0.236638 -0.053127
v 0.029088 -0.243985 -0.051050
v 0.028705 -0.136675 -0.037607
v 0.029077 -0.190412 -0.035838
v -0.045783 -0.270067 -0.022963
v -0.039583 -0.277714 -0.027714
v -0.003551 -0.250265 -0.051055
v -0.024375 -0.288381 -0.040196
v -0.023256 -0.288571 -0.027049
v -0.013807 -0.282529 -0.045183
v -0.011280 -0.289782 -0.030691
v 0.018348 -0.314992 -0.025881
v 0.013995 -0.271582 -0.027609
v 0.011375 -0.266296 -0.029079
v 0.013264 -0.269110 -0.027804
v 0.026474 -0.256371 -0.028523
v 0.019061 -0.317075 -0.037738
v 0.017823 -0.270634 -0.028293
v 0.015689 -0.286808 -0.047296
v 0.027744 -0.254224 -0.027300
v 0.027079 -0.307670 -0.026824
v 0.028374 -0.253356 -0.050392
v 0.027945 -0.275192 -0.026925
v -0.031095 -0.250259 -0.033858
v 0.029031 -0.252490 -0.028734
v 0.028170 -0.253497 -0.027338
v 0.028625 -0.258038 -0.049683
v 0.028896 -0.304685 -0.026543
v 0.028758 -0.296936 -0.042929
v 0.029170 -0.252151 -0.027316
v -0.166747 -0.177003 0.072291
v -0.153244 -0.249794 0.116053
v -0.173032 -0.187619 0.051984
v -0.169530 -0.226209 0.064551
v -0.167563 -0.233823 0.115116
v -0.162146 -0.182066 0.068727
v -0.150693 -0.202965 0.020951
v -0.161904 -0.199465 0.022113
v -0.157148 -0.131466 0.052672
v -0.156319 -0.198208 0.038755
v -0.159871 -0.172900 0.082021
v -0.151782 -0.151659 0.078875
v -0.156794 -0.146114 0.021418
v -0.149908 -0.125004 0.043755
v -0.152418 -0.138197 0.053876
v -0.150372 -0.214608 0.117199
v -0.153901 -0.163609 0.088924
v -0.082944 -0.215571 0.020933
v -0.147631 -0.125080 0.064685
v -0.146761 -0.160082 0.101445
v -0.137708 -0.231226 0.031553
v -0.134234 -0.125108 0.076673
v -0.120646 -0.151349 0.111722
v -0.158078 -0.249638 0.043508
v -0.119772 -0.162264 0.101602
v -0.133649 -0.226234 0.125207
v -0.105421 -0.249565 0.097631
v -0.112552 -0.176441 0.118273
v -0.107410 -0.175305 0.123405
v -0.111034 -0.249975 0.050161
v -0.110043 -0.161221 0.125317
v -0.088962 -0.150081 0.106245
v -0.097638 -0.225831 0.113192
v -0.089277 -0.241165 0.086123
v -0.098257 -0.145200 0.117156
v -0.076070 -0.230390 0.054723
v -0.084155 -0.127263 0.110448
v -0.079373 -0.203688 0.101692
v -0.093335 -0.249545 0.077785
v -0.080499 -0.139757 0.103875
v -0.079784 -0.135581 0.100757
v -0.077561 -0.171846 0.108228
v -0.087921 -0.125138 0.106547
v -0.084992 -0.220177 0.021294
v -0.066206 -0.148892 0.101763
v -0.080566 -0.227808 0.081730
v -0.070273 -0.162479 0.103256
v -0.064687 -0.199424 0.083066
v -0.072387 -0.158486 0.104170
v -0.062113 -0.211053 0.024644
v -0.059425 -0.197514 0.072803
v -0.099963 -0.242537 0.098126
v -0.054611 -0.208086 0.036242
v -0.067316 -0.157808 0.101649
v -0.069591 -0.165905 0.099513
v -0.062773 -0.211579 0.022213
v -0.064094 -0.168433 0.098592
v -0.070604 -0.125027 0.094885
v -0.052898 -0.134823 0.092515
v -0.051849 -0.141147 0.091840
v -0.056107 -0.161198 0.095759
v -0.054415 -0.211042 0.028888
v -0.046840 -0.201157 0.020902
v -0.053296 -0.207893 0.037210
v -0.061614 -0.212199 0.021211
v -0.056043 -0.187411 0.074716
v -0.052087 -0.197699 0.058452
v -0.051760 -0.204776 0.044491
v -0.052031 -0.191639 0.069068
v -0.050554 -0.197359 0.059471
v -0.050009 -0.181241 0.079774
v -0.048347 -0.202271 0.050257
v -0.048204 -0.177896 0.082321
v -0.044508 -0.200557 0.028156
v -0.047613 -0.129228 0.080970
v -0.047845 -0.170934 0.081692
v -0.043496 -0.134325 0.086019
v -0.041696 -0.153005 0.078320
v -0.044238 -0.140668 0.078879
v -0.040899 -0.151408 0.077501
v -0.045867 -0.176081 0.075739
v -0.041963 -0.189731 0.053103
v -0.034380 -0.174006 0.060263
v -0.040449 -0.136114 0.089072
v -0.039793 -0.130083 0.090578
v -0.049889 -0.125110 0.083474
v -0.027531 -0.152671 0.093291
v -0.039164 -0.156834 0.073568
v -0.041735 -0.149585 0.078517
v -0.038672 -0.155643 0.075567
v -0.035334 -0.164901 0.090610
v -0.021209 -0.174543 0.020929
v -0.039380 -0.128718 0.089407
v -0.033907 -0.140472 0.089701
v -0.036456 -0.157386 0.078627
v -0.033150 -0.166672 0.060444
v -0.037393 -0.159212 0.070349
v -0.040867 -0.152133 0.089078
v -0.034826 -0.159828 0.069890
v -0.040145 -0.193614 0.043401
v -0.019133 -0.171012 0.032480
v -0.033332 -0.159365 0.068606
v -0.031970 -0.150105 0.091217
v -0.031154 -0.182751 0.090863
v -0.024161 -0.181155 0.070256
v -0.023461 -0.158750 0.095772
v -0.031925 -0.160611 0.069649
v -0.023508 -0.210602 0.083620
v -0.017771 -0.172822 0.094827
v -0.023410 -0.184759 0.094277
v -0.026916 -0.142343 0.069029
v -0.021111 -0.154578 0.056195
v -0.022373 -0.133742 0.053536
v -0.017138 -0.183886 0.091928
v -0.022272 -0.144921 0.035120
v -0.022047 -0.145117 0.035368
v -0.019333 -0.138554 0.052487
v -0.018702 -0.198983 0.089927
v -0.027918 -0.125069 0.091897
v -0.021885 -0.144408 0.035021
v -0.021540 -0.145091 0.036489
v -0.022036 -0.144000 0.036350
v -0.021885 -0.145314 0.035503
v -0.021278 -0.141855 0.042153
v -0.022092 -0.139596 0.042474
v -0.020366 -0.132879 0.055048
v -0.023117 -0.173528 0.031507
v -0.021912 -0.145240 0.034884
v -0.021820 -0.145170 0.034877
v -0.021955 -0.145183 0.034552
v -0.021511 -0.145322 0.035569
v -0.021685 -0.145498 0.035489
v -0.021778 -0.145239 0.035761
v -0.021654 -0.144773 0.035718
v -0.021452 -0.145333 0.035188
v -0.021698 -0.144054 0.036943
v -0.022151 -0.142649 0.038197
v -0.016822 -0.157613 0.094574
v -0.021532 -0.143872 0.037859
v -0.021469 -0.141979 0.040857
v -0.021312 -0.143850 0.039501
v -0.020449 -0.141697 0.043749
v -0.021149 -0.140845 0.045446
v -0.021613 -0.140024 0.044157
v -0.021561 -0.134051 0.050908
v -0.019635 -0.130961 0.060534
v -0.020812 -0.130326 0.069851
v -0.021706 -0.136366 0.070840
v -0.019895 -0.141195 0.045229
v -0.021055 -0.140419 0.046463
v -0.019175 -0.144870 0.071795
v -0.020077 -0.141048 0.045323
v -0.020147 -0.140528 0.046278
v -0.020354 -0.139706 0.046259
v -0.021459 -0.134940 0.051363
v -0.022020 -0.126271 0.063739
v -0.017616 -0.152413 0.072313
v -0.018841 -0.140844 0.047458
v -0.021379 -0.137234 0.047953
v -0.020699 -0.135376 0.051428
v -0.022346 -0.149450 0.061626
v -0.021281 -0.138941 0.045262
v -0.019459 -0.139923 0.050010
v -0.019661 -0.141110 0.045828
v -0.018522 -0.142117 0.047085
v -0.019950 -0.140839 0.046583
v -0.019875 -0.140998 0.046942
v -0.017612 -0.136705 0.055578
v -0.020218 -0.152248 0.025507
v -0.028954 -0.165236 0.051318
v -0.020977 -0.166047 0.040473
v -0.019152 -0.141793 0.045091
v -0.019819 -0.141000 0.046267
v -0.018338 -0.140868 0.047910
v -0.018942 -0.142401 0.045341
v -0.018017 -0.141116 0.048879
v -0.017747 -0.138653 0.052767
v -0.015909 -0.161667 0.072641
v -0.020615 -0.163425 0.071723
v -0.017928 -0.140983 0.049369
v -0.018066 -0.141432 0.049439
v -0.018017 -0.140694 0.049551
v -0.018061 -0.140679 0.049705
v -0.019868 -0.137152 0.051707
v -0.017595 -0.138557 0.053086
v -0.021122 -0.131066 0.069711
v -0.021629 -0.127056 0.068487
v -0.020212 -0.151469 0.026569
v -0.018199 -0.145516 0.039538
v -0.017006 -0.143002 0.045821
v -0.017769 -0.142600 0.047867
v -0.017878 -0.141033 0.050532
v -0.017653 -0.140377 0.050821
v -0.017776 -0.140149 0.050917
v -0.017587 -0.142904 0.047456
v -0.017805 -0.141983 0.047885
v -0.017791 -0.141853 0.048458
v -0.017489 -0.142779 0.048136
v -0.017599 -0.141905 0.049061
v -0.017350 -0.139655 0.052536
v -0.017679 -0.140487 0.051913
v -0.017320 -0.139411 0.053469
v -0.017415 -0.138577 0.053256
v -0.017339 -0.138994 0.053069
v -0.021514 -0.120524 0.067584
v -0.017232 -0.142375 0.049286
v -0.017778 -0.141422 0.049804
v -0.017245 -0.141659 0.050562
v -0.016979 -0.139689 0.052308
v -0.016776 -0.140858 0.052787
v -0.016763 -0.140090 0.053116
v -0.017186 -0.139988 0.053577
v -0.017297 -0.139667 0.053851
v -0.017020 -0.139226 0.053642
v -0.017116 -0.138808 0.053236
v -0.016952 -0.139272 0.053317
v -0.017628 -0.139658 0.053697
v -0.017043 -0.139182 0.053522
v -0.015660 -0.140354 0.051757
v -0.017983 -0.143424 0.045230
v -0.017743 -0.141561 0.049468
v -0.017011 -0.140648 0.051726
v -0.016803 -0.139064 0.052445
v -0.016681 -0.140185 0.054155
v -0.014419 -0.145918 0.050110
v -0.018505 -0.132905 0.065020
v -0.016395 -0.139078 0.059042
v -0.022413 -0.129600 0.095144
v -0.017768 -0.141113 0.050205
v -0.017286 -0.139982 0.053219
v -0.016413 -0.139580 0.059390
v -0.019990 -0.149463 0.030726
v -0.017499 -0.140322 0.051974
v -0.016728 -0.108683 0.068805
v -0.017813 -0.169640 0.028658
v -0.011862 -0.157403 0.032281
v -0.014092 -0.150746 0.040390
v -0.015950 -0.146038 0.045944
v -0.015434 -0.142779 0.047280
v -0.014952 -0.129943 0.057865
v -0.013633 -0.162373 0.073059
v -0.013195 -0.152220 0.033434
v -0.014900 -0.144418 0.045185
v -0.014818 -0.145392 0.045108
v -0.015525 -0.145648 0.041820
v -0.014914 -0.146583 0.044559
v -0.014877 -0.141894 0.055300
v -0.017634 -0.136856 0.055508
v -0.014434 -0.149506 0.036094
v -0.014638 -0.147095 0.047673
v -0.014767 -0.145672 0.045090
v -0.014708 -0.147075 0.044152
v -0.021988 -0.121195 0.068081
v -0.013885 -0.192115 0.071958
v -0.013701 -0.146593 0.042042
v -0.013341 -0.150367 0.044459
v -0.016617 -0.159060 0.043866
v -0.013201 -0.147828 0.047988
v -0.022998 -0.144327 0.093806
v -0.015026 -0.180012 0.093688
v 0.004889 -0.136816 0.021005
v -0.007690 -0.157618 0.098029
v -0.016629 -0.158852 0.020558
v -0.012510 -0.135828 0.097589
v -0.007475 -0.149283 0.098704
v -0.014284 -0.156553 0.025771
v -0.012541 -0.162531 0.026568
v -0.011804 -0.154103 0.039508
v -0.009652 -0.209263 0.089887
v -0.017792 -0.151625 0.028999
v -0.009018 -0.140825 0.097686
v -0.005477 -0.127550 0.046245
v -0.005065 -0.174883 0.096416
v -0.011555 -0.125030 0.096573
v -0.001147 -0.165962 0.098692
v 0.003819 -0.131567 0.099665
v 0.024423 -0.114520 0.070493
v -0.007106 -0.140269 0.039424
v 0.032739 -0.112055 0.073406
v -0.002354 -0.147251 0.099727
v -0.003076 -0.189273 0.096095
v 0.005811 -0.146103 0.100069
v 0.007297 -0.196580 0.096837
v 0.012023 -0.152288 0.100908
v -0.008417 -0.156315 0.073796
v 0.001026 -0.216291 0.089774
v 0.006225 -0.163564 0.098705
v 0.004780 -0.210452 0.092725
v 0.002269 -0.143142 0.098635
v -0.019177 -0.151894 0.094385
v 0.007292 -0.185288 0.096812
v 0.016095 -0.172751 0.099272
v 0.008542 -0.203801 0.093728
v 0.019175 -0.188484 0.097774
v 0.012152 -0.219198 0.090266
v 0.012199 -0.144899 0.099805
v 0.014526 -0.236901 0.087582
v 0.004713 -0.125246 0.100364
v 0.009217 -0.133735 0.100816
v 0.024134 -0.179391 0.099364
v 0.019511 -0.138760 0.102037
v 0.015695 -0.207138 0.095346
v 0.018773 -0.135423 0.100849
v 0.017825 -0.133733 0.029005
v 0.008425 -0.243689 0.075987
v 0.023166 -0.147761 0.100423
v 0.018683 -0.135828 0.099851
v 0.021157 -0.143920 0.102008
v 0.015557 -0.211521 0.093046
v 0.019345 -0.188011 0.096983
v 0.023169 -0.125452 0.100985
v 0.022340 -0.219566 0.071966
v 0.018388 -0.229365 0.090042
v 0.026635 -0.211587 0.092969
v 0.019290 -0.125233 0.099991
v 0.021685 -0.125097 0.102251
v 0.025827 -0.165555 0.099625
v 0.023423 -0.202343 0.094642
v 0.021337 -0.162313 0.101166
v 0.026803 -0.223087 0.089081
v 0.026186 -0.125185 0.100066
v 0.027332 -0.191603 0.097212
v 0.029083 -0.175719 0.098001
v 0.028922 -0.137790 0.035389
v 0.028868 -0.134506 0.044016
v 0.029975 -0.125621 0.058386
v 0.029301 -0.194801 0.095859
v 0.028881 -0.185538 0.097195
v 0.028563 -0.197619 0.096298
v 0.026798 -0.136790 0.100482
v 0.023402 -0.137072 0.100623
v 0.028963 -0.157386 0.100238
v 0.028935 -0.147448 0.102513
v 0.028417 -0.222987 0.089045
v 0.028666 -0.208229 0.093863
v 0.028830 -0.170664 0.100477
v 0.028860 -0.148393 0.100651
v 0.028771 -0.163502 0.099655
v 0.029220 -0.135509 0.100665
v 0.040191 -0.124567 0.074393
v -0.021996 -0.143891 0.035468
v 0.029083 -0.190333 -0.035407
v 0.029140 -0.252466 -0.028041
v 0.029226 -0.180919 -0.062064
v 0.029218 -0.139585 -0.071585
v 0.029445 -0.137224 -0.037795
v 0.041799 -0.282512 -0.029144
v 0.029217 -0.303499 -0.039861
v 0.034092 -0.206735 -0.056465
v 0.033262 -0.144607 -0.067434
v 0.046946 -0.149909 -0.017004
v 0.039139 -0.173564 -0.034544
v 0.048133 -0.143812 -0.035825
v 0.041181 -0.125195 -0.080756
v 0.045713 -0.229611 -0.027856
v 0.042845 -0.189371 -0.034183
v 0.042781 -0.179448 -0.060112
v 0.046162 -0.133917 -0.075332
v 0.044759 -0.164389 0.015113
v 0.041624 -0.161255 0.017089
v 0.042293 -0.166892 0.025917
v 0.044841 -0.163064 0.022801
v 0.046541 -0.162149 0.024958
v 0.048576 -0.294596 -0.034051
v 0.043139 -0.274634 -0.026050
v 0.056868 -0.167717 -0.003627
v 0.047262 -0.166012 0.009505
v 0.044194 -0.161971 0.025960
v 0.047649 -0.166031 0.007953
v 0.046782 -0.165090 0.007170
v 0.049005 -0.166408 0.012125
v 0.047330 -0.162649 0.022553
v 0.047080 -0.162270 0.023273
v 0.047564 -0.161079 0.024234
v 0.047736 -0.162023 0.022502
v 0.047682 -0.160710 0.023634
v 0.052870 -0.125009 -0.077040
v 0.048400 -0.162985 0.019184
v 0.048181 -0.160358 -0.033475
v 0.049844 -0.164592 0.014827
v 0.049782 -0.167265 0.007502
v 0.046731 -0.264217 -0.045193
v 0.051655 -0.165461 0.010712
v 0.062495 -0.166912 -0.009615
v 0.054897 -0.167113 0.003491
v 0.053124 -0.168006 0.001251
v 0.052630 -0.166879 0.006942
v 0.054306 -0.166317 0.005501
v 0.054891 -0.166756 0.003262
v 0.047541 -0.170671 0.010370
v 0.059660 -0.165904 -0.000193
v 0.054047 -0.166375 0.004755
v 0.054263 -0.166353 0.004724
v 0.054084 -0.165543 0.006056
v 0.054045 -0.165648 0.006167
v 0.054586 -0.166621 0.004511
v 0.054133 -0.165438 0.006468
v 0.054698 -0.166159 0.003677
v 0.054518 -0.166459 0.004655
v 0.054524 -0.166429 0.004775
v 0.054698 -0.168583 -0.001606
v 0.055228 -0.165637 0.004887
v 0.053665 -0.167218 0.002362
v 0.054217 -0.165824 0.005668
v 0.055715 -0.149866 -0.032576
v 0.053322 -0.129009 -0.076354
v 0.059279 -0.165484 -0.000241
v 0.043547 -0.155112 0.007348
v 0.054138 -0.138835 -0.061993
v 0.044406 -0.212910 -0.053651
v 0.058500 -0.146309 -0.031056
v 0.051858 -0.178023 0.002087
v 0.059037 -0.164355 0.002479
v 0.078520 -0.195847 -0.046510
v 0.068407 -0.184737 -0.004083
v 0.062379 -0.125257 -0.073174
v 0.066017 -0.134155 -0.061730
v 0.068488 -0.125148 -0.070881
v 0.074134 -0.166378 -0.019615
v 0.064631 -0.164600 -0.004880
v 0.068971 -0.165339 -0.016511
v 0.069302 -0.162766 -0.012180
v 0.069383 -0.147033 -0.027597
v 0.061113 -0.184708 0.008476
v 0.075265 -0.226736 -0.041758
v 0.067350 -0.269883 -0.023751
v 0.065184 -0.163936 -0.006279
v 0.071182 -0.271435 -0.020845
v 0.077474 -0.256578 -0.034257
v 0.055338 -0.170958 -0.057742
v 0.070562 -0.209009 -0.047582
v 0.069822 -0.197407 -0.022115
v 0.076578 -0.161837 -0.020719
v 0.072070 -0.128655 -0.062728
v 0.077630 -0.166159 -0.023512
v 0.083149 -0.125123 -0.052879
v 0.076645 -0.157656 -0.023894
v 0.084316 -0.198930 0.000864
v 0.086718 -0.177339 -0.018426
v 0.078224 -0.166032 -0.021811
v 0.096376 -0.226886 -0.032579
v 0.088312 -0.207744 0.008976
v 0.076801 -0.136674 -0.054447
v 0.085470 -0.179288 -0.016537
v 0.089917 -0.178623 -0.015486
v 0.069153 -0.156560 -0.055099
v 0.078147 -0.267561 -0.028700
v 0.056534 -0.182932 0.020518
v 0.088078 -0.216414 0.016918
v 0.102137 -0.222896 -0.011388
v 0.093533 -0.235547 -0.027846
v 0.099153 -0.204462 0.001608
v 0.088280 -0.239959 -0.015183
v 0.089796 -0.207934 -0.040240
v 0.090067 -0.153199 -0.049358
v 0.095368 -0.184181 -0.014131
v 0.105700 -0.195703 -0.006300
v 0.091623 -0.126816 -0.050067
v 0.097684 -0.237635 -0.028795
v 0.103010 -0.125044 -0.050993
v 0.109219 -0.210787 -0.030974
v 0.100296 -0.178340 -0.040926
v 0.100880 -0.189823 -0.009698
v 0.110221 -0.153132 -0.042041
v 0.109746 -0.198717 -0.003680
v 0.115609 -0.203263 -0.000978
v 0.090424 -0.216128 0.025741
v 0.112579 -0.153055 -0.040040
v 0.117115 -0.241090 -0.005252
v 0.116970 -0.219163 0.013215
v 0.109718 -0.139551 -0.047863
v 0.119254 -0.155262 -0.036427
v 0.120618 -0.242757 -0.014623
v 0.118938 -0.147709 -0.045125
v 0.123978 -0.207622 0.003991
v 0.120851 -0.241894 -0.020249
v 0.129799 -0.232253 -0.016616
v 0.109883 -0.168236 -0.037911
v 0.131907 -0.224279 -0.017749
v 0.122702 -0.233359 0.025759
v 0.133645 -0.205166 0.001554
v 0.143042 -0.199707 -0.013401
v 0.144918 -0.212450 0.013925
v 0.165532 -0.159591 -0.014222
v 0.138478 -0.148184 -0.031683
v 0.142463 -0.208147 -0.008259
v 0.142963 -0.203463 0.010387
v 0.138330 -0.207627 0.011131
v 0.146918 -0.205286 0.006735
v 0.173176 -0.153731 0.000004
v 0.150342 -0.212511 -0.009068
v 0.157101 -0.207498 0.015358
v 0.153836 -0.200062 -0.007024
v 0.160757 -0.211068 -0.000988
v 0.146402 -0.229105 0.026068
v 0.168194 -0.197570 0.008817
v 0.148051 -0.160477 -0.017486
v 0.172597 -0.197016 0.008407
v 0.171120 -0.214404 0.021351
v 0.167924 -0.205858 0.003246
v 0.184210 -0.149651 0.025622
v 0.169734 -0.187483 0.005496
v 0.178690 -0.214256 0.016106
v 0.172281 -0.163319 0.008484
v 0.178186 -0.150092 0.010770
v 0.186820 -0.208988 0.021892
v 0.186277 -0.152807 0.026067
v 0.178007 -0.217865 0.025595
v 0.187775 -0.199746 0.024970
v 0.188190 -0.156426 0.025427
v 0.188870 -0.209435 0.025603
v 0.181337 -0.163239 0.025811
v 0.000945 0.040816 -0.040720
v 0.000252 0.067342 -0.052884
v 0.000165 0.228191 -0.098394
v 0.000243 0.171276 -0.117452
v 0.000082 0.077046 -0.076112
v 0.003708 0.249964 -0.041195
v 0.000282 0.096261 -0.107420
v 0.003708 0.075481 -0.073048
v 0.012678 0.113946 -0.110259
v 0.006863 0.150827 -0.121004
v 0.000362 0.010681 -0.054851
v 0.008772 0.079026 -0.057721
v 0.013539 0.200898 -0.113575
v 0.002753 0.099295 -0.109714
v 0.019195 0.008094 -0.053245
v 0.013419 0.083951 -0.085816
v 0.004213 0.028754 -0.054712
v 0.008565 0.013050 -0.057922
v 0.025506 0.107300 -0.108093
v 0.010334 0.234753 -0.096328
v 0.026811 0.176065 -0.112723
v 0.021061 0.077007 -0.059401
v 0.006394 0.172358 -0.113481
v 0.019468 0.059808 -0.043173
v 0.028405 0.151079 -0.119157
v 0.014889 0.000842 -0.052627
v 0.031947 0.249710 -0.065083
v 0.022480 0.032442 -0.039527
v 0.031549 0.250113 -0.039939
v 0.011752 0.251517 -0.047071
v 0.017224 0.067225 -0.053411
v 0.024038 0.127459 -0.113358
v 0.020499 0.084915 -0.093207
v 0.031707 0.068167 -0.045394
v 0.033910 0.198543 -0.110575
v 0.038045 0.090024 -0.100473
v 0.028564 0.021932 -0.058265
v 0.026759 0.134776 -0.111583
v 0.049390 0.081543 -0.048549
v 0.043361 0.025662 -0.053905
v 0.033709 0.008306 -0.049779
v 0.044687 0.092132 -0.097983
v 0.036603 0.246606 -0.043555
v 0.025433 0.230254 -0.096177
v 0.054349 0.090793 -0.095767
v 0.039814 0.214943 -0.100858
v 0.051701 0.181221 -0.105761
v 0.045793 0.008737 -0.048493
v 0.045190 0.076974 -0.068100
v 0.045813 0.145410 -0.109721
v 0.066606 0.034076 -0.021848
v 0.053356 0.250007 -0.056113
v 0.056465 0.007505 -0.045470
v 0.049193 0.056578 -0.038586
v 0.049761 0.227726 -0.092098
v 0.051793 0.077137 -0.060373
v 0.049967 0.107256 -0.102567
v 0.064431 0.080356 -0.079720
v 0.059553 0.147830 -0.108779
v 0.060174 0.083060 -0.040856
v 0.066905 0.103360 -0.097927
v 0.053507 0.151372 -0.112294
v 0.071173 0.082804 -0.063367
v 0.059414 0.025965 -0.048271
v 0.062582 0.247882 -0.067502
v 0.064144 0.127305 -0.099806
v 0.063396 0.202446 -0.100810
v 0.065073 0.081543 -0.038702
v 0.080846 0.088411 -0.079250
v 0.073499 0.188775 -0.100725
v 0.066469 0.044654 -0.023590
v 0.071266 0.154120 -0.104413
v 0.073658 0.100681 -0.092375
v 0.069617 0.010764 -0.040105
v 0.084952 0.112198 -0.092842
v 0.073742 0.141618 -0.099620
v 0.084470 0.200180 -0.091102
v 0.094567 0.085699 -0.055257
v 0.094714 0.203940 -0.088333
v 0.080119 0.250305 -0.060493
v 0.085205 0.249523 -0.055606
v 0.081405 0.250124 -0.060001
v 0.082955 0.078580 -0.055052
v 0.093043 0.070614 -0.015098
v 0.080719 0.012907 -0.031463
v 0.087672 0.026312 -0.023149
v 0.080315 0.159223 -0.100730
v 0.078610 0.087326 -0.034655
v 0.085123 0.085612 -0.068316
v 0.081083 0.245909 -0.055047
v 0.090360 0.249832 -0.032300
v 0.073552 0.055499 -0.024350
v 0.087835 0.250291 -0.050816
v 0.111250 0.096314 -0.068078
v 0.091464 0.007160 -0.013591
v 0.086869 0.053314 -0.008900
v 0.088535 0.040285 -0.000398
v 0.083172 0.039172 -0.005229
v 0.088410 0.034157 0.005921
v 0.090654 0.052790 -0.001214
v 0.091602 0.045806 0.002770
v 0.102611 0.095626 -0.077926
v 0.094795 0.019762 -0.022113
v 0.094950 0.028402 0.005356
v 0.089551 0.005129 -0.021631
v 0.085712 0.127398 -0.094835
v 0.091217 0.040076 0.005299
v 0.090640 0.092945 -0.028212
v 0.093871 0.048829 0.005038
v 0.091485 0.044029 0.005657
v 0.093191 0.052537 0.005227
v 0.100419 0.096658 -0.080751
v 0.106939 0.086615 -0.051755
v 0.104431 0.182479 -0.084352
v 0.101150 0.076807 -0.008175
v 0.097998 0.137427 -0.088467
v 0.099828 0.156257 -0.091524
v 0.096977 0.225338 -0.073947
v 0.097177 0.058652 0.005857
v 0.099834 0.063495 0.005386
v 0.083404 0.238413 -0.069042
v 0.094812 0.095925 -0.026883
v 0.065023 -0.000015 -0.037572
v 0.097810 0.006659 -0.002349
v 0.108132 0.221376 -0.067567
v 0.100619 0.000750 0.005696
v 0.100807 0.003584 0.004850
v 0.100231 -0.000002 0.004072
v 0.100580 0.065754 0.005196
v 0.115765 0.242898 -0.042355
v 0.106265 0.020250 0.005624
v 0.094255 0.027619 -0.015862
v 0.104038 0.013247 -0.002966
v 0.106455 0.080697 -0.000744
v 0.112219 0.103301 -0.024683
v 0.098493 0.006474 0.005906
v 0.103550 0.025617 0.002445
v 0.104928 0.076144 0.005735
v 0.111666 0.089837 -0.051700
v 0.112616 0.099195 -0.027792
v 0.109829 0.107291 -0.019633
v 0.110847 0.135140 -0.082898
v 0.108170 0.081963 0.004703
v 0.101202 0.239421 -0.058640
v 0.113537 0.093472 0.003087
v 0.118246 0.096513 -0.039326
v 0.119458 0.243237 -0.035406
v 0.116873 0.201970 -0.076687
v 0.114897 0.230727 -0.054712
v 0.118507 0.177780 -0.076256
v 0.118659 0.139992 -0.078683
v 0.121840 0.249913 -0.011903
v 0.111647 0.090420 0.005365
v 0.120513 0.105038 -0.069214
v 0.117801 0.118819 -0.014043
v 0.121964 0.102203 -0.062805
v 0.118476 0.111249 -0.020833
v 0.126233 0.116967 -0.072098
v 0.123262 0.125480 -0.010380
v 0.125327 0.206451 -0.063906
v 0.126020 0.249840 0.011846
v 0.118235 0.107169 0.004193
v 0.126344 0.247314 -0.017216
v 0.128209 0.249318 0.010824
v 0.128810 0.109516 -0.027778
v 0.127526 0.227747 -0.043478
v 0.127258 0.169345 -0.074544
v 0.128308 0.111642 -0.061612
v 0.129065 0.119500 -0.069067
v 0.128865 0.109145 0.003334
v 0.129066 0.250029 0.012003
v 0.128939 0.103654 -0.047827
v 0.129052 0.117114 -0.019171
v 0.129253 0.124118 -0.012507
v 0.129124 0.109399 0.002627
v 0.126862 0.101012 0.002819
v 0.128529 0.105958 0.004275
v 0.128771 0.248540 0.004361
v 0.128640 0.131061 -0.071495
v 0.128926 0.158259 -0.074094
v 0.129378 0.103879 -0.045003
v 0.129240 0.104541 -0.034230
v 0.128887 0.100097 0.002580
v 0.129196 0.123021 -0.070599
v 0.129146 0.191248 -0.065549
v 0.129213 0.228674 -0.043050
v 0.128597 0.245638 -0.019874
v 0.129239 0.116961 -0.006617
v 0.128148 0.246351 -0.005831
v 0.129314 0.105178 0.001811
v 0.129320 0.149268 -0.078446
v 0.128242 0.115438 -0.066063
v 0.129002 0.103562 -0.053082
v 0.129263 0.239827 -0.030744
v 0.128697 0.240867 -0.026234
v 0.122155 0.104929 0.005572
v 0.000349 0.320010 -0.030257
v 0.000098 0.302032 -0.036126
v 0.000073 0.357547 -0.010414
v 0.017884 0.356657 -0.007886
v 0.002577 0.300111 -0.036098
v 0.000320 0.257073 -0.041502
v 0.009745 0.255535 -0.040759
v 0.007288 0.313007 -0.031390
v 0.011615 0.300805 -0.034931
v 0.011686 0.341667 -0.023330
v 0.013289 0.350520 -0.017042
v 0.025404 0.325336 -0.022247
v 0.015909 0.257663 -0.048762
v 0.019723 0.296146 -0.036123
v 0.029929 0.311042 -0.027523
v 0.028751 0.337694 -0.014338
v 0.037767 0.267075 -0.039552
v 0.037895 0.341644 -0.007581
v 0.043299 0.337124 -0.007697
v 0.040163 0.320416 -0.021716
v 0.053242 0.333883 -0.008005
v 0.043753 0.258633 -0.041261
v 0.046239 0.261361 -0.038056
v 0.047161 0.281184 -0.034963
v 0.045796 0.322667 -0.013853
v 0.048645 0.314793 -0.018975
v 0.031889 0.250120 -0.040156
v 0.039766 0.329798 -0.015237
v 0.055346 0.325135 -0.007783
v 0.055880 0.328030 -0.007557
v 0.041720 0.302288 -0.028047
v 0.056392 0.305235 -0.016951
v 0.054186 0.249993 -0.061269
v 0.060807 0.311575 -0.007659
v 0.041345 0.255837 -0.046271
v 0.068774 0.255826 -0.027039
v 0.061969 0.266343 -0.035816
v 0.088899 0.266299 -0.075034
v 0.133763 0.295432 -0.067129
v 0.071381 0.274615 -0.023982
v 0.074563 0.331094 -0.044513
v 0.083481 0.254588 -0.019071
v 0.076542 0.251061 -0.035683
v 0.082454 0.250081 -0.035962
v 0.084532 0.343923 -0.057817
v 0.092475 0.251868 -0.007541
v 0.090570 0.253461 -0.061138
v 0.087288 0.250007 -0.014010
v 0.096920 0.348540 -0.043404
v 0.094429 0.364148 -0.069801
v 0.139580 0.279313 -0.076060
v 0.104155 0.255138 -0.007753
v 0.105729 0.357211 -0.045031
v 0.108695 0.360628 -0.044871
v 0.083609 0.386847 -0.044176
v 0.137179 0.277735 -0.090989
v 0.124489 0.371788 -0.069573
v 0.091041 0.251681 -0.054287
v 0.107079 0.252323 -0.021154
v 0.117156 0.250451 -0.009050
v 0.117092 0.250187 -0.010181
v 0.119626 0.250062 -0.017767
v 0.102004 0.250301 -0.032399
v 0.120449 0.251211 -0.007361
v 0.124896 0.250389 -0.008651
v 0.106425 0.432788 -0.055063
v 0.119108 0.392666 -0.048160
v 0.123997 0.250690 -0.010162
v 0.124123 0.250425 -0.010395
v 0.124021 0.301869 -0.086674
v 0.135380 0.297339 -0.070851
v 0.130467 0.282963 -0.093858
v 0.131064 0.376220 -0.058122
v 0.070665 0.250181 -0.058960
v 0.127718 0.310185 -0.086520
v 0.137780 0.277812 -0.088252
v 0.136596 0.279189 -0.087434
v 0.127105 0.298173 -0.101086
v 0.140628 0.279362 -0.080620
v 0.137667 0.285037 -0.104326
v 0.148799 0.303586 -0.071019
v 0.130557 0.460103 -0.067267
v 0.140142 0.289502 -0.071042
v 0.149961 0.284515 -0.069606
v 0.144305 0.305821 -0.069927
v 0.151644 0.438268 -0.064559
v 0.153646 0.282888 -0.100273
v 0.140709 0.316977 -0.091026
v 0.153351 0.474460 -0.076996
v 0.149194 0.275235 -0.085482
v 0.145639 0.319468 -0.095461
v 0.132910 0.375928 -0.089234
v 0.160251 0.446200 -0.069369
v 0.146148 0.301449 -0.113333
v 0.151728 0.278901 -0.088034
v 0.141444 0.445641 -0.091577
v 0.140156 0.427315 -0.058148
v 0.097956 0.383070 -0.069007
v 0.148493 0.282851 -0.099865
v 0.146511 0.293659 -0.106744
v 0.154457 0.285217 -0.100472
v 0.148867 0.303332 -0.073845
v 0.155321 0.381910 -0.070822
v 0.164988 0.364274 -0.080380
v 0.153956 0.288687 -0.075046
v 0.156279 0.289477 -0.077027
v 0.172021 0.355997 -0.082738
v 0.155844 0.299011 -0.075368
v 0.142147 0.277495 -0.094794
v 0.143376 0.376349 -0.064347
v 0.158018 0.322145 -0.094936
v 0.157350 0.284299 -0.100102
v 0.159215 0.284884 -0.090311
v 0.166216 0.320278 -0.083690
v 0.167707 0.345266 -0.113081
v 0.169454 0.290754 -0.109331
v 0.177140 0.423606 -0.114479
v 0.163710 0.283830 -0.095969
v 0.158405 0.286705 -0.105265
v 0.164305 0.299191 -0.075051
v 0.157460 0.315489 -0.079412
v 0.159773 0.292931 -0.112822
v 0.167306 0.484691 -0.089424
v 0.153446 0.369683 -0.103957
v 0.158969 0.315003 -0.115354
v 0.164789 0.321080 -0.089922
v 0.175493 0.328160 -0.093137
v 0.162307 0.301836 -0.116228
v 0.168580 0.336304 -0.112097
v 0.167285 0.329818 -0.100867
v 0.168154 0.294842 -0.080439
v 0.166797 0.315658 -0.131095
v 0.168405 0.287939 -0.088752
v 0.168571 0.293309 -0.082203
v 0.167918 0.300705 -0.079773
v 0.171045 0.366344 -0.080162
v 0.167331 0.327216 -0.113883
v 0.171822 0.336478 -0.105299
v 0.175231 0.313566 -0.086992
v 0.171876 0.311681 -0.121015
v 0.169796 0.295053 -0.111007
v 0.175705 0.299618 -0.118182
v 0.169383 0.290990 -0.109014
v 0.172230 0.303955 -0.079808
v 0.177227 0.304668 -0.087453
v 0.172437 0.289104 -0.104760
v 0.177846 0.345143 -0.121277
v 0.177238 0.316446 -0.085592
v 0.179304 0.384326 -0.084803
v 0.176446 0.296560 -0.097301
v 0.177906 0.322805 -0.143055
v 0.175512 0.292419 -0.088710
v 0.177998 0.295743 -0.089391
v 0.179281 0.339177 -0.094918
v 0.178742 0.358504 -0.119823
v 0.181587 0.295088 -0.098723
v 0.182121 0.293418 -0.107072
v 0.178231 0.299925 -0.127417
v 0.170349 0.463039 -0.108427
v 0.184613 0.356649 -0.089676
v 0.182943 0.302236 -0.130525
v 0.184652 0.490058 -0.097534
v 0.184441 0.465381 -0.084591
v 0.184404 0.339207 -0.134725
v 0.184187 0.337066 -0.093219
v 0.172847 0.454847 -0.075942
v 0.184412 0.316612 -0.139206
v 0.185042 0.346463 -0.126212
v 0.184229 0.338108 -0.093439
v 0.170867 0.413979 -0.078218
v 0.184362 0.463977 -0.083934
v 0.184681 0.332569 -0.088803
v 0.184590 0.304131 -0.087707
v 0.184709 0.430102 -0.085892
v 0.184646 0.461446 -0.082611
v 0.184302 0.440971 -0.085490
v 0.184111 0.323044 -0.143077
v 0.184835 0.328259 -0.140883
v 0.184990 0.327646 -0.141235
v 0.184293 0.319510 -0.141240
v 0.184567 0.296216 -0.120682
v 0.184011 0.409271 -0.119436
v 0.184756 0.410946 -0.122233
v 0.184670 0.296356 -0.105124
v 0.179691 0.295469 -0.099843
v 0.185129 0.321495 -0.092184
v 0.184318 0.381243 -0.088162
v 0.187386 0.480585 -0.091679
v 0.184290 0.421684 -0.085927
v 0.184622 0.318283 -0.140220
v 0.183720 0.361465 -0.125708
v 0.184831 0.367379 -0.122102
v 0.184690 0.413123 -0.119478
v 0.184752 0.299440 -0.110246
v 0.184662 0.320430 -0.091969
v 0.184382 0.309868 -0.089497
v 0.184802 0.347338 -0.090092
v 0.184775 0.343473 -0.091137
v 0.183740 0.476960 -0.088796
v 0.184690 0.412240 -0.086586
v 0.000247 0.359748 0.094127
v 0.000023 0.268931 0.103645
v 0.008151 0.250168 0.116593
v 0.000063 0.316038 0.111049
v 0.000453 0.276932 0.111329
v 0.000470 0.331452 0.123715
v 0.011920 0.339404 0.120892
v 0.010479 0.357045 0.098010
v 0.010340 0.372540 0.039968
v 0.006370 0.322729 0.121389
v 0.004880 0.283122 0.112857
v 0.004811 0.311560 0.114421
v 0.005210 0.311524 0.116492
v 0.013741 0.326201 0.124149
v 0.011980 0.274494 0.112888
v 0.007837 0.369281 0.069251
v 0.003514 0.268497 0.107641
v 0.000157 0.373005 0.040963
v 0.012950 0.317714 0.115181
v 0.012272 0.313338 0.111529
v 0.014609 0.265243 0.100695
v 0.018551 0.360265 -0.003146
v 0.008208 0.307662 0.113187
v 0.017419 0.323040 0.119383
v 0.021323 0.318970 0.106346
v 0.026158 0.339967 0.105627
v 0.025206 0.282424 0.113524
v 0.021668 0.275283 0.104423
v 0.019502 0.330456 0.115546
v 0.020470 0.273009 0.100231
v 0.020786 0.344550 0.109664
v 0.014673 0.358915 -0.007082
v 0.032764 0.289261 0.110969
v 0.043369 0.274031 0.095275
v 0.019058 0.363489 0.083272
v 0.027597 0.269197 0.100828
v 0.028023 0.330952 0.099448
v 0.033593 0.316908 0.099708
v 0.032097 0.321837 0.106182
v 0.032226 0.336307 0.095931
v 0.026863 0.278888 0.107906
v 0.045711 0.250760 0.073567
v 0.039584 0.278551 0.106167
v 0.031746 0.339669 0.087598
v 0.030090 0.303966 0.108787
v 0.029439 0.364666 0.068147
v 0.027883 0.328340 0.105631
v 0.033447 0.359906 0.075537
v 0.034800 0.286208 0.107982
v 0.036478 0.275341 0.099680
v 0.037643 0.276082 0.098022
v 0.033949 0.332456 0.098935
v 0.041774 0.279723 0.105933
v 0.039551 0.342575 -0.006578
v 0.037828 0.301378 0.096736
v 0.034222 0.369973 0.055226
v 0.041290 0.360791 0.050661
v 0.041281 0.276570 0.092366
v 0.037020 0.346049 0.073905
v 0.042259 0.288611 0.098911
v 0.042916 0.330079 0.092301
v 0.037858 0.368383 0.028628
v 0.041918 0.351011 0.059098
v 0.025737 0.373311 0.016319
v 0.040892 0.321683 0.097012
v 0.038295 0.313604 0.099417
v 0.042875 0.326068 0.095377
v 0.037125 0.280145 0.102895
v 0.045093 0.353094 0.023137
v 0.044440 0.358374 0.034800
v 0.041664 0.336375 0.093117
v 0.047114 0.350301 0.010333
v 0.049153 0.291850 0.079438
v 0.042562 0.311901 0.093493
v 0.050916 0.317244 0.088607
v 0.057385 0.310806 0.075431
v 0.043979 0.259027 0.093264
v 0.049786 0.298995 0.082332
v 0.055721 0.336268 0.076266
v 0.055304 0.338358 0.061388
v 0.048949 0.332049 0.084521
v 0.053665 0.250194 0.029843
v 0.049611 0.321440 0.080585
v 0.047125 0.301781 0.086725
v 0.044531 0.327416 0.088041
v 0.051043 0.322564 0.086576
v 0.060658 0.257540 0.042638
v 0.054476 0.295613 0.074408
v 0.052731 0.259128 0.029168
v 0.056499 0.291709 0.065403
v 0.056225 0.286955 0.069308
v 0.054718 0.319440 0.078933
v 0.055582 0.271045 0.047103
v 0.054799 0.262433 0.054049
v 0.056836 0.280422 0.055238
v 0.055221 0.290237 0.069587
v 0.059458 0.336789 -0.000768
v 0.056966 0.278652 0.040779
v 0.056202 0.327410 0.071526
v 0.055067 0.305055 0.080168
v 0.058007 0.315475 0.068771
v 0.057759 0.291918 0.050406
v 0.060110 0.290090 0.039315
v 0.060925 0.293229 0.056317
v 0.057834 0.279276 0.030810
v 0.056032 0.348893 0.034834
v 0.058726 0.344727 0.051668
v 0.059141 0.287229 0.059977
v 0.057358 0.284337 0.064954
v 0.061966 0.320895 0.067775
v 0.057379 0.285924 0.063553
v 0.058336 0.348189 0.023261
v 0.057659 0.336036 0.053955
v 0.062647 0.292039 0.032972
v 0.076411 0.265835 0.030397
v 0.058334 0.282775 0.047703
v 0.061957 0.270416 0.042231
v 0.060079 0.258769 0.050995
v 0.060665 0.324780 0.062128
v 0.059906 0.298565 0.041122
v 0.060494 0.341817 0.045513
v 0.060680 0.305852 0.061971
v 0.058553 0.306357 0.065372
v 0.060497 0.329728 0.007758
v 0.061601 0.329657 0.066992
v 0.062975 0.330673 0.055660
v 0.064537 0.313333 0.067417
v 0.063182 0.308291 0.054894
v 0.063013 0.338718 0.013946
v 0.078575 0.252393 0.040919
v 0.055398 0.325289 -0.007373
v 0.064254 0.328005 0.032687
v 0.063827 0.316498 0.052438
v 0.062770 0.334043 0.002691
v 0.063434 0.267343 0.040482
v 0.060309 0.331357 0.049823
v 0.063976 0.326818 0.025613
v 0.067007 0.294513 0.045377
v 0.061123 0.337799 0.027390
v 0.068293 0.274454 0.036882
v 0.063965 0.274252 0.038501
v 0.060052 0.325173 -0.000756
v 0.064929 0.332307 0.030740
v 0.064999 0.299716 0.049287
v 0.059253 0.340954 0.035607
v 0.066553 0.302999 0.023390
v 0.064867 0.322043 0.057643
v 0.065259 0.315556 0.057294
v 0.063752 0.313519 -0.002624
v 0.064584 0.306662 0.038856
v 0.065199 0.324363 0.041795
v 0.070382 0.326585 0.022350
v 0.061880 0.314033 0.049177
v 0.069037 0.282915 0.032404
v 0.070025 0.249970 0.043266
v 0.068307 0.307375 0.038348
v 0.068681 0.300806 0.009985
v 0.067118 0.318948 0.025182
v 0.071114 0.293824 0.037028
v 0.069315 0.317327 0.013328
v 0.070492 0.318984 0.032154
v 0.070113 0.310177 0.035326
v 0.070041 0.310539 0.021259
v 0.070304 0.278165 0.019464
v 0.071418 0.309447 0.024881
v 0.071313 0.271359 0.025326
v 0.067106 0.303200 0.002043
v 0.070017 0.297341 0.010664
v 0.070283 0.313259 0.002105
v 0.073314 0.308969 0.019789
v 0.076324 0.272331 0.011023
v 0.064854 0.299220 -0.007266
v 0.078613 0.250068 0.046142
v 0.078923 0.257690 0.019035
v 0.080080 0.250391 0.012189
v 0.080224 0.256353 0.004619
v 0.098183 0.250312 0.032655
v 0.091433 0.252830 -0.007265
v 0.094278 0.252975 -0.002015
v 0.101431 0.255043 -0.007234
v 0.102910 0.256626 0.008733
v 0.126629 0.250096 0.043708
v 0.110998 0.255620 0.021461
v 0.119063 0.251560 -0.007182
v 0.117431 0.252864 -0.005741
v 0.133619 0.249979 0.032373
v 0.123479 0.254697 0.025825
v 0.125851 0.250035 0.006449
v 0.132906 0.250227 0.020982
v 0.133192 0.250037 0.023570
v 0.135419 0.250278 0.027333
v 0.135119 0.249995 0.024719
v 0.136370 0.250023 0.026934
v 0.029330 -0.010171 0.101799
v 0.028762 -0.081122 -0.080258
v 0.029177 -0.081200 -0.080200
v 0.029340 -0.080017 -0.080244
v 0.031155 -0.024336 -0.060376
v 0.029534 -0.058495 -0.078577
v 0.033277 -0.072281 0.094173
v 0.029412 -0.090837 0.096732
v 0.029187 -0.108445 -0.084330
v 0.028411 -0.040916 0.097078
v 0.028858 -0.084068 -0.078614
v 0.029219 -0.003992 -0.052768
v 0.029295 -0.014985 -0.056939
v 0.031934 -0.061018 0.105812
v 0.032471 -0.097559 0.098164
v 0.036581 -0.112960 0.101258
v 0.037972 -0.115110 -0.082475
v 0.032345 -0.015606 0.100096
v 0.034963 -0.090343 0.096086
v 0.035308 -0.124948 0.100609
v 0.033116 -0.018851 0.104444
v 0.040393 -0.079702 0.093285
v 0.034105 -0.092799 -0.081320
v 0.043335 -0.003829 0.096435
v 0.040788 -0.040708 0.097632
v 0.038351 -0.053669 0.103250
v 0.036935 -0.120562 0.101222
v 0.042246 -0.099619 -0.081075
v 0.038985 -0.067562 -0.073830
v 0.037317 -0.103603 0.098003
v 0.039016 -0.124978 0.101423
v 0.038292 -0.094891 0.098196
v 0.040331 -0.107354 0.099128
v 0.037297 -0.043313 -0.084174
v 0.047068 -0.053771 -0.085331
v 0.047390 -0.121665 0.100443
v 0.035211 -0.004738 0.098326
v 0.041236 -0.056834 0.099953
v 0.046896 -0.109952 0.098813
v 0.044098 -0.105156 0.097466
v 0.048734 -0.118654 -0.079111
v 0.044015 -0.088445 0.095931
v 0.047467 -0.062631 0.095577
v 0.061688 -0.038012 0.093797
v 0.029939 -0.038838 0.099942
v 0.034721 -0.000213 0.094168
v 0.047249 -0.093955 0.096943
v 0.052760 -0.112876 0.098435
v 0.037686 -0.124912 -0.080125
v 0.060642 -0.039412 0.092349
v 0.051202 -0.095071 0.094637
v 0.050820 -0.047517 -0.081860
v 0.051877 -0.068448 0.088803
v 0.056587 -0.067849 -0.071321
v 0.061159 -0.023999 -0.049749
v 0.046245 -0.027699 0.097092
v 0.068745 -0.058563 0.102955
v 0.062717 -0.000162 -0.042028
v 0.054482 -0.090416 0.095073
v 0.055178 -0.097218 -0.079024
v 0.054773 -0.011555 0.097059
v 0.056196 -0.050445 -0.079541
v 0.066939 -0.002178 0.083967
v 0.040151 -0.023608 -0.056668
v 0.060062 -0.096268 0.095081
v 0.066024 -0.124939 0.096270
v 0.064178 -0.099890 0.095646
v 0.058706 -0.023383 0.092573
v 0.059338 -0.108405 0.098457
v 0.068141 -0.117465 -0.074264
v 0.067815 -0.030912 0.086852
v 0.060499 -0.085497 -0.076947
v 0.063099 -0.065809 0.091809
v 0.062816 -0.114759 0.096839
v 0.077492 -0.051832 0.105026
v 0.058929 -0.085720 0.093972
v 0.054972 -0.123795 0.099447
v 0.081285 -0.027148 -0.039017
v 0.065047 -0.093053 -0.076310
v 0.083454 0.000045 -0.026265
v 0.073708 -0.113936 0.093310
v 0.057685 -0.013999 0.092813
v 0.068273 -0.042500 -0.075585
v 0.069801 -0.001807 -0.040624
v 0.071620 -0.097991 -0.074952
v 0.059238 -0.000072 0.091002
v 0.064777 -0.124771 -0.073652
v 0.070063 -0.065206 0.092234
v 0.080890 -0.048149 0.101335
v 0.081672 -0.099543 -0.071113
v 0.074208 -0.115260 0.091343
v 0.075755 -0.000971 0.077873
v 0.099751 -0.017150 -0.015491
v 0.084581 -0.118030 -0.052645
v 0.079898 -0.120030 -0.067712
v 0.079843 -0.022439 0.081124
v 0.073983 -0.101496 0.105069
v 0.086324 -0.007671 0.070408
v 0.075576 0.000002 0.080459
v 0.077774 -0.000150 0.076590
v 0.086294 -0.050219 -0.065514
v 0.079613 -0.125316 0.096695
v 0.074381 -0.078165 0.101667
v 0.072988 -0.066433 -0.067615
v 0.085768 -0.036258 -0.059466
v 0.080151 -0.124875 0.096211
v 0.087216 -0.125077 0.113459
v 0.080004 -0.000031 0.073791
v 0.090370 -0.000138 0.068753
v 0.082208 -0.000107 0.071758
v 0.081555 -0.034835 0.080976
v 0.086699 -0.013531 0.079897
v 0.076995 -0.037427 0.082725
v 0.079921 -0.003298 0.078897
v 0.095598 -0.109385 0.107661
v 0.088134 -0.015336 0.073562
v 0.097765 -0.110717 -0.064360
v 0.093325 -0.124893 0.112806
v 0.086666 -0.022827 0.071286
v 0.091759 -0.035182 0.069663
v 0.075764 -0.124960 -0.055169
v 0.089823 -0.049936 -0.059690
v 0.088303 -0.114050 0.107117
v 0.093154 -0.080736 0.096368
v 0.091014 -0.062157 0.086772
v 0.092004 -0.033273 -0.046211
v 0.086509 -0.094727 -0.070127
v 0.086357 -0.027403 0.071094
v 0.094617 -0.115628 -0.056540
v 0.096258 -0.051303 0.091806
v 0.095080 -0.026984 -0.027410
v 0.099135 -0.033641 0.061423
v 0.106949 -0.068010 0.091749
v 0.101672 -0.001503 0.039959
v 0.103714 -0.028325 -0.012381
v 0.100716 -0.000034 0.006778
v 0.104465 -0.015064 0.050302
v 0.097094 -0.061035 -0.057561
v 0.097921 -0.124997 -0.054783
v 0.094130 -0.000029 0.060502
v 0.098167 -0.114955 -0.051986
v 0.098065 -0.010695 0.051514
v 0.113512 -0.068596 0.082511
v 0.101481 -0.043181 0.084386
v 0.098157 -0.001893 -0.008723
v 0.102620 -0.010408 0.004881
v 0.105100 -0.023892 0.042711
v 0.101958 0.000046 0.034737
v 0.103765 -0.010091 -0.004664
v 0.098039 -0.073906 -0.057069
v 0.102580 -0.021895 0.045382
v 0.109073 -0.059616 -0.034129
v 0.108740 -0.058357 0.077864
v 0.106059 -0.031374 0.048498
v 0.103716 -0.016946 -0.001760
v 0.104237 -0.033113 0.052761
v 0.103294 -0.007604 0.039054
v 0.109024 -0.099738 -0.050932
v 0.109112 -0.036055 -0.046208
v 0.098719 -0.076230 0.090675
v 0.083421 -0.087185 0.104667
v 0.112572 -0.027779 0.004449
v 0.126042 -0.124882 0.115774
v 0.111770 -0.029712 0.015175
v 0.121762 -0.049687 0.068905
v 0.112326 -0.091114 -0.049514
v 0.108655 -0.113326 0.114963
v 0.114863 -0.042729 0.072124
v 0.114095 -0.090136 -0.044429
v 0.111223 -0.029865 0.040616
v 0.128617 -0.044803 0.047744
v 0.132492 -0.102188 -0.032572
v 0.123646 -0.113074 0.108042
v 0.124567 -0.048436 -0.027234
v 0.111486 -0.121160 0.118578
v 0.121827 -0.117969 0.111310
v 0.125626 -0.057547 -0.010645
v 0.125264 -0.080364 0.083178
v 0.153017 -0.077887 0.047188
v 0.121532 -0.040260 -0.024664
v 0.130388 -0.037806 0.024711
v 0.128152 -0.038207 -0.003092
v 0.126376 -0.058426 0.052564
v 0.127926 -0.051446 -0.009645
v 0.133327 -0.051136 0.010137
v 0.128912 -0.051687 0.051060
v 0.132272 -0.042448 0.001185
v 0.128985 -0.057615 0.005689
v 0.138102 -0.124775 0.108273
v 0.132608 -0.040256 0.014401
v 0.133027 -0.042723 0.009410
v 0.135155 -0.048572 0.027075
v 0.137735 -0.078433 0.077412
v 0.104000 -0.124871 -0.050422
v 0.147319 -0.115021 0.096635
v 0.158817 -0.124962 0.087774
v 0.129110 -0.057307 0.037498
v 0.139930 -0.125116 -0.027019
v 0.144777 -0.084741 0.066649
v 0.137199 -0.073585 0.069899
v 0.152016 -0.096781 -0.012802
v 0.152586 -0.084390 0.006630
v 0.160910 -0.093409 0.028816
v 0.164368 -0.090825 0.017199
v 0.158528 -0.081656 0.041409
v 0.145830 -0.088636 0.076114
v 0.163334 -0.100434 0.017937
v 0.163317 -0.092786 0.022960
v 0.150768 -0.084947 0.060593
v 0.176151 -0.124408 0.055483
v 0.172890 -0.116773 0.059274
v 0.173964 -0.125043 0.025498
v 0.129474 0.144821 0.094570
v 0.129657 0.206819 -0.060978
v 0.129434 0.238622 -0.032356
v 0.132287 0.249555 0.019279
v 0.129576 0.206685 0.072809
v 0.129696 0.215718 0.087113
v 0.129550 0.235654 0.071188
v 0.136120 0.192522 -0.063272
v 0.136600 0.141772 0.093863
v 0.130747 0.127503 0.086387
v 0.137470 0.241641 -0.009863
v 0.135225 0.183071 0.090740
v 0.129589 0.143710 -0.073369
v 0.140533 0.140695 -0.070189
v 0.137842 0.235404 -0.030987
v 0.137479 0.221539 0.082011
v 0.134013 0.230756 0.076098
v 0.133224 0.125185 -0.066104
v 0.136825 0.155250 0.096528
v 0.137212 0.128378 0.088664
v 0.151107 0.134095 -0.014559
v 0.139899 0.213509 0.077858
v 0.138076 0.212399 0.065009
v 0.132903 0.206567 0.077016
v 0.145592 0.219554 0.070319
v 0.140080 0.213509 0.068521
v 0.141440 0.223511 -0.044777
v 0.135525 0.244666 0.058674
v 0.153615 0.124951 0.085594
v 0.144152 0.151002 -0.069216
v 0.142062 0.212020 0.057303
v 0.146988 0.186195 -0.055738
v 0.150961 0.139086 0.084651
v 0.145212 0.162335 -0.063513
v 0.152080 0.135801 -0.050262
v 0.156626 0.240504 0.016349
v 0.144754 0.245395 0.017068
v 0.149618 0.224215 0.065109
v 0.148959 0.228461 0.061481
v 0.145724 0.229987 -0.025517
v 0.155264 0.224003 -0.021457
v 0.151978 0.219862 0.054442
v 0.147515 0.200015 -0.051652
v 0.161303 0.127602 -0.032401
v 0.154130 0.240191 0.042865
v 0.149659 0.240806 0.050302
v 0.155040 0.233006 0.046432
v 0.149717 0.125267 -0.043887
v 0.146561 0.239912 0.057111
v 0.160848 0.155525 0.093457
v 0.153133 0.235675 -0.006739
v 0.153777 0.152348 -0.056614
v 0.163024 0.204938 -0.035510
v 0.143188 0.134408 0.096796
v 0.154631 0.221324 0.053277
v 0.157845 0.236931 0.008551
v 0.155246 0.211022 -0.037547
v 0.156578 0.152330 -0.053012
v 0.156031 0.228578 -0.012063
v 0.133656 0.125095 -0.013791
v 0.155077 0.225215 0.056680
v 0.168721 0.125008 0.085945
v 0.156998 0.228161 0.044486
v 0.159987 0.165779 -0.051509
v 0.165488 0.168452 -0.049598
v 0.152795 0.187410 0.083136
v 0.148852 0.211720 0.047852
v 0.163333 0.218722 0.041869
v 0.161288 0.219905 0.044891
v 0.162876 0.135948 -0.040082
v 0.164753 0.203565 0.032943
v 0.161969 0.138668 -0.030956
v 0.169021 0.154292 0.090533
v 0.157580 0.155443 -0.010650
v 0.160398 0.237663 0.020520
v 0.160085 0.231996 0.034699
v 0.163749 0.151504 0.077893
v 0.167859 0.134131 0.082697
v 0.171192 0.207577 0.030339
v 0.174589 0.151093 -0.018816
v 0.166006 0.144706 -0.028705
v 0.169014 0.224212 0.018371
v 0.175219 0.165855 -0.037917
v 0.158697 0.237422 0.029051
v 0.167023 0.227512 0.022228
v 0.172747 0.164490 -0.017555
v 0.171419 0.159665 0.070249
v 0.165785 0.224548 0.012129
v 0.167476 0.189681 0.016697
v 0.165433 0.206200 -0.027529
v 0.169844 0.162261 -0.000303
v 0.168434 0.218235 0.023998
v 0.164198 0.191650 -0.039951
v 0.165724 0.199215 0.028282
v 0.171417 0.154216 -0.039350
v 0.161737 0.220513 -0.012004
v 0.168964 0.133921 -0.007453
v 0.171597 0.179365 -0.033721
v 0.184370 0.138360 0.074320
v 0.175514 0.158708 0.086215
v 0.175296 0.164757 -0.012264
v 0.177326 0.159112 -0.026023
v 0.175346 0.139838 -0.001387
v 0.174344 0.216530 0.004826
v 0.170788 0.213229 -0.018740
v 0.172293 0.171439 0.004203
v 0.168929 0.219887 0.012343
v 0.174842 0.213228 0.002535
v 0.166825 0.193032 0.067866
v 0.178906 0.175416 0.064702
v 0.163726 0.164333 0.088011
v 0.170198 0.217730 -0.001790
v 0.163235 0.142370 -0.018167
v 0.179137 0.163439 -0.033225
v 0.173424 0.202675 0.018785
v 0.173676 0.209963 -0.012320
v 0.174210 0.209611 0.018987
v 0.175471 0.205523 -0.009595
v 0.175364 0.207851 0.015964
v 0.177193 0.172476 0.071315
v 0.174711 0.180452 -0.021094
v 0.173625 0.195427 -0.028287
v 0.177040 0.160257 -0.021785
v 0.177160 0.172953 -0.018030
v 0.175135 0.188892 0.023890
v 0.174123 0.170123 0.007590
v 0.174564 0.198702 -0.018688
v 0.179991 0.179124 -0.001948
v 0.178507 0.169609 -0.014796
v 0.179437 0.198151 0.008019
v 0.179763 0.192546 -0.006026
v 0.179341 0.193588 0.001859
v 0.178423 0.176873 -0.003979
v 0.177022 0.203517 -0.008457
v 0.175515 0.206429 0.005009
v 0.172795 0.124979 0.072044
v 0.182043 0.135782 0.078837
v 0.180304 0.197731 0.003986
v 0.177200 0.170428 0.080109
v 0.181398 0.183792 -0.006715
v 0.182071 0.188695 -0.011972
v 0.174694 0.191661 0.011225
v 0.184931 0.154647 0.006142
v 0.184287 0.164980 0.002256
v 0.184837 0.129753 0.060317
v 0.186210 0.155490 0.022767
v 0.169776 0.125063 -0.003672
v 0.185714 0.161764 0.040011
v 0.189421 0.139862 0.070495
v 0.183341 0.176348 0.059956
v 0.177937 0.159300 0.065209
v 0.173722 0.125399 0.087208
v 0.185497 0.161633 0.009445
v 0.188327 0.174613 0.037987
v 0.189607 0.129725 0.000503
v 0.187897 0.164453 0.014434
v 0.183233 0.179419 0.038107
v 0.187154 0.165067 0.072023
v 0.192903 0.126636 0.009409
v 0.193064 0.160026 0.025454
v 0.191432 0.125178 0.057013
v 0.194738 0.166041 0.051638
v 0.192805 0.171940 0.056727
v 0.196572 0.124566 0.048460
v 0.194859 0.165103 0.033147
v 0.194240 0.141245 0.021021
v 0.197709 0.145434 0.045024
v 0.196558 0.132251 0.036985
v 0.188376 0.125061 0.004960
v 0.199328 0.134893 0.063199
v 0.200020 0.124919 0.035056
v 0.199623 0.125193 0.024561
v 0.202465 0.133999 0.022235
v 0.201412 0.125002 0.032052
v 0.204726 0.136462 0.030175
v 0.201347 0.142742 0.045502
v 0.129447 0.088693 0.033441
v 0.129671 0.104518 -0.045109
v 0.129341 0.112834 -0.006035
v 0.129958 0.096032 0.061310
v 0.129509 0.103503 0.068020
v 0.131009 0.121217 -0.068342
v 0.131525 0.091703 0.029405
v 0.146618 0.063182 0.049686
v 0.141414 0.111032 -0.039332
v 0.129558 0.118417 0.082327
v 0.129642 0.119936 0.083031
v 0.140717 0.102957 0.071789
v 0.135328 0.100439 0.067649
v 0.130368 0.125016 -0.013021
v 0.133956 0.092153 0.007630
v 0.134842 0.111593 0.082999
v 0.139554 0.118128 0.086296
v 0.136742 0.112210 -0.030956
v 0.142791 0.125064 -0.057249
v 0.140743 0.102455 0.067288
v 0.143924 0.114554 -0.010221
v 0.151445 0.099253 0.071879
v 0.136984 0.115855 -0.057907
v 0.145068 0.120169 -0.040203
v 0.159010 0.063559 0.029214
v 0.144090 0.094800 0.000901
v 0.148199 0.124893 -0.043306
v 0.153376 0.110763 0.079371
v 0.148187 0.079733 0.023655
v 0.132036 0.125088 0.083194
v 0.150801 0.108614 0.069366
v 0.162676 0.100785 0.080938
v 0.154641 0.100953 -0.008385
v 0.147407 0.117006 -0.026139
v 0.158120 0.125072 -0.008586
v 0.155694 0.076718 0.071483
v 0.157799 0.121532 0.088819
v 0.133898 0.124915 -0.013768
v 0.155209 0.125069 -0.037138
v 0.155822 0.124987 -0.035603
v 0.155774 0.124743 -0.034049
v 0.156734 0.124966 -0.032072
v 0.155927 0.124574 -0.030460
v 0.185964 0.058695 0.059380
v 0.149558 0.121849 -0.008256
v 0.165329 0.092242 0.074214
v 0.173670 0.050212 0.043207
v 0.150120 0.075544 0.066483
v 0.155690 0.081968 0.072064
v 0.155118 0.112127 0.087823
v 0.178668 0.120303 0.002069
v 0.173155 0.125109 -0.002208
v 0.167742 0.097527 0.074016
v 0.164810 0.121045 0.076018
v 0.173049 0.023720 0.039562
v 0.169457 0.054094 0.025805
v 0.172042 0.100316 0.078149
v 0.170885 0.011756 0.037928
v 0.160732 0.024609 0.053605
v 0.166194 0.117483 0.074988
v 0.166053 0.033724 0.066439
v 0.159448 0.124967 0.086762
v 0.170256 0.039505 0.082640
v 0.172099 0.109069 0.076494
v 0.179331 0.124933 0.081855
v 0.172698 0.008717 0.041029
v 0.173078 0.023092 0.075627
v 0.179784 0.027898 0.081905
v 0.175145 0.033933 0.051153
v 0.177105 0.037932 0.056574
v 0.173196 0.109118 0.076668
v 0.180023 0.052734 0.055373
v 0.177314 0.082629 0.072172
v 0.173950 0.045940 0.070114
v 0.176590 0.125021 0.085076
v 0.191408 0.033433 0.094744
v 0.178211 0.001329 0.029898
v 0.177715 0.013301 0.061325
v 0.181874 0.021190 0.072173
v 0.177834 0.005190 0.065153
v 0.179054 0.109378 0.072963
v 0.187500 0.000421 0.085426
v 0.183562 0.124902 0.002450
v 0.181204 0.077722 0.000173
v 0.179718 0.012915 0.072446
v 0.186614 0.000800 0.039989
v 0.195037 0.074107 0.064727
v 0.178898 0.051546 0.077923
v 0.182080 0.002460 0.052340
v 0.184539 0.023864 0.075998
v 0.173068 0.049423 0.019611
v 0.186041 0.048862 0.091355
v 0.180541 0.016652 0.023566
v 0.179954 -0.000002 0.057887
v 0.184436 0.004743 0.079731
v 0.192979 0.124930 0.011744
v 0.184377 0.004089 0.024924
v 0.189802 0.109942 0.068442
v 0.186939 0.113124 0.069099
v 0.190336 0.061909 0.063260
v 0.195370 0.085783 0.063094
v 0.189277 0.029862 0.085657
v 0.190910 0.000009 0.038358
v 0.192887 0.008797 0.013122
v 0.182984 0.023828 0.030070
v 0.185980 0.058504 0.059473
v 0.193542 0.117286 0.003497
v 0.183354 0.121976 0.066034
v 0.200548 0.000584 0.099150
v 0.194903 0.018921 0.092580
v 0.201214 0.057085 0.009249
v 0.204209 0.119477 0.037053
v 0.192641 0.058924 0.090041
v 0.198495 0.110802 0.060581
v 0.193222 0.013292 0.013113
v 0.192212 0.052987 0.073101
v 0.192759 0.104209 0.005045
v 0.198821 0.117929 0.057485
v 0.197233 0.056838 0.081027
v 0.194314 0.031036 0.086172
v 0.197049 0.053420 0.090768
v 0.202494 0.035123 0.090273
v 0.191975 0.000040 0.018797
v 0.198431 0.013981 0.096985
v 0.203486 0.121818 0.032755
v 0.192636 0.124865 0.056629
v 0.216364 0.061982 0.071462
v 0.203197 0.062648 0.091208
v 0.197405 0.039637 0.095929
v 0.202717 0.041985 0.101446
v 0.203349 0.113567 0.053218
v 0.197254 0.108221 0.056213
v 0.203357 0.023231 0.018325
v 0.207182 0.116721 0.037047
v 0.212071 0.017951 0.008936
v 0.213602 0.053808 0.096744
v 0.206269 0.112492 0.024997
v 0.205559 0.029842 0.094165
v 0.210194 0.023050 0.098413
v 0.210303 0.007454 0.102822
v 0.218649 -0.000348 0.026634
v 0.210630 0.028232 0.099349
v 0.212572 0.000777 0.107000
v 0.210565 0.018063 0.100016
v 0.211528 0.000550 0.105659
v 0.211687 0.019311 0.103892
v 0.217009 0.023776 0.104377
v 0.225176 0.064473 0.061846
v 0.214991 0.000172 0.112337
v 0.225833 0.072729 0.015778
v 0.218178 0.028093 0.100692
v 0.223623 0.015640 0.103694
v 0.208241 0.000042 0.019427
v 0.235486 -0.000021 0.099546
v 0.225233 0.012683 0.010151
v 0.222613 0.041271 0.095297
v 0.219441 0.065805 0.093616
v 0.223134 0.005986 0.108772
v 0.233755 0.040488 0.087183
v 0.225830 0.029524 0.098922
v 0.213198 0.040778 0.097180
v 0.220148 0.062606 0.073830
v 0.228705 0.054714 0.099686
v 0.225429 0.022049 0.105214
v 0.231000 0.008379 0.034992
v 0.217539 0.000191 0.031523
v 0.230631 0.001796 0.024984
v 0.239444 0.039276 0.089245
v 0.235781 0.035390 0.091438
v 0.233042 0.040603 0.019922
v 0.237871 0.035296 0.018500
v 0.240346 0.009841 0.028645
v 0.214687 0.086891 0.046254
v 0.237474 0.048269 0.037186
v 0.234963 0.069400 0.019650
v 0.235517 0.065701 0.087427
v 0.237885 0.058840 0.050531
v 0.245852 0.009680 0.055373
v 0.244167 0.048926 0.087152
v 0.237963 0.019944 0.093890
v 0.244223 0.019624 0.048049
v 0.235904 0.039588 0.088671
v 0.240419 0.035998 0.077196
v 0.244202 0.014412 0.027080
v 0.246301 0.029659 0.077985
v 0.248556 0.023287 0.032359
v 0.242343 0.034631 0.075244
v 0.246880 0.063246 0.074922
v 0.246795 0.001781 0.079307
v 0.247949 0.022575 0.054431
v 0.249408 0.047832 0.081267
v 0.247564 0.030195 0.075360
v 0.246197 0.015942 0.082156
v 0.248163 0.000073 0.072119
v 0.250537 0.035676 0.027625
v 0.250234 0.025174 0.063265
v 0.246978 0.000073 0.060744
v 0.248469 0.016331 0.055428
v 0.249976 0.021183 0.060480
v 0.249887 0.006907 0.067354
v 0.248477 0.001732 0.073824
v 0.248013 -0.000154 0.066772
v 0.251079 0.018979 0.051761
v 0.252120 0.023288 0.053033
v 0.248396 0.048281 0.036575
v 0.255683 0.040617 0.069558
v 0.255687 0.057527 0.062429
v 0.256531 0.042039 0.048097
v 0.257329 0.031101 0.059199
v 0.252998 0.052141 0.075471
v 0.255402 0.044108 0.072052
v 0.258499 0.050607 0.055727
v 0.256375 0.053070 0.065544
v 0.258605 0.036664 0.041892
v 0.118617 -0.255975 0.071900
v 0.117165 -0.250213 0.061237
v 0.161115 -0.262603 0.112899
v 0.124197 -0.250281 0.093533
v 0.131460 -0.328337 0.020209
v 0.129969 -0.318740 0.056012
v 0.152381 -0.247133 0.033425
v 0.128875 -0.299956 0.051575
v 0.129610 -0.299379 0.012172
v 0.139393 -0.343380 0.033994
v 0.138581 -0.337928 0.056482
v 0.135229 -0.325038 0.012082
v 0.146495 -0.332628 0.011983
v 0.138164 -0.290977 0.039756
v 0.132304 -0.265579 0.048146
v 0.138830 -0.292317 0.043941
v 0.136528 -0.277647 0.053980
v 0.142299 -0.328855 0.009143
v 0.140293 -0.277301 0.005776
v 0.139998 -0.336302 0.044099
v 0.138936 -0.292129 0.001785
v 0.137403 -0.323205 0.001914
v 0.145126 -0.278636 0.024900
v 0.159267 -0.321637 -0.001421
v 0.144260 -0.336802 0.072809
v 0.146397 -0.319776 0.080886
v 0.166188 -0.301593 0.079600
v 0.148417 -0.311453 -0.005557
v 0.148074 -0.347386 0.054610
v 0.150626 -0.340467 0.041272
v 0.141519 -0.296501 0.053849
v 0.159304 -0.303288 0.071974
v 0.160690 -0.340248 0.058068
v 0.156932 -0.302569 0.068615
v 0.146734 -0.307996 0.074027
v 0.158755 -0.273515 0.015519
v 0.154178 -0.333147 0.009944
v 0.175437 -0.262482 0.119468
v 0.165496 -0.282511 0.095139
v 0.159810 -0.318407 0.092622
v 0.156609 -0.347657 0.043716
v 0.158159 -0.313596 0.090863
v 0.171378 -0.359563 0.041467
v 0.192875 -0.298461 0.090769
v 0.154458 -0.343855 0.019115
v 0.165212 -0.345151 0.068973
v 0.164750 -0.340597 0.083260
v 0.172259 -0.345112 0.061788
v 0.168541 -0.334211 0.088297
v 0.180534 -0.367979 0.049441
v 0.163074 -0.310367 -0.024773
v 0.158988 -0.357571 0.018526
v 0.169111 -0.313186 0.094549
v 0.171098 -0.366834 0.015163
v 0.170359 -0.305468 -0.019494
v 0.157097 -0.270422 -0.009649
v 0.169153 -0.345956 0.074966
v 0.179865 -0.342144 0.088735
v 0.176572 -0.372773 0.027011
v 0.170544 -0.259263 -0.002487
v 0.169122 -0.358818 -0.000380
v 0.179582 -0.296869 -0.029223
v 0.166604 -0.345850 -0.007483
v 0.177328 -0.364242 -0.008383
v 0.192707 -0.357841 0.059922
v 0.198445 -0.306324 -0.015206
v 0.189033 -0.287340 0.097778
v 0.183792 -0.258585 0.011369
v 0.172632 -0.372008 0.016732
v 0.186385 -0.336864 0.091476
v 0.175453 -0.374700 0.003644
v 0.183034 -0.320887 0.103403
v 0.184630 -0.302378 0.092140
v 0.186629 -0.365968 -0.014127
v 0.184851 -0.334736 -0.020026
v 0.183729 -0.342079 0.079335
v 0.203657 -0.249374 0.033307
v 0.184139 -0.282579 -0.026128
v 0.186993 -0.286291 -0.027389
v 0.190778 -0.315522 0.101833
v 0.182519 -0.356921 0.055079
v 0.196263 -0.278138 0.094730
v 0.200614 -0.331764 0.094017
v 0.215492 -0.337479 0.070156
v 0.172962 -0.250408 0.113039
v 0.211017 -0.374835 0.055545
v 0.202588 -0.339306 0.083692
v 0.190145 -0.332528 -0.025108
v 0.214514 -0.353537 0.065868
v 0.197411 -0.307220 0.100995
v 0.213374 -0.275933 0.072015
v 0.205745 -0.336291 -0.023618
v 0.198511 -0.341546 0.087801
v 0.200307 -0.324143 0.097961
v 0.205695 -0.318054 -0.023429
v 0.210080 -0.367865 0.060914
v 0.209237 -0.285680 0.081846
v 0.223171 -0.364299 -0.027044
v 0.200829 -0.296803 -0.019333
v 0.186138 -0.345625 0.069219
v 0.211471 -0.260464 0.069733
v 0.220112 -0.336620 0.083380
v 0.209596 -0.271558 -0.022641
v 0.209907 -0.251438 0.024973
v 0.234344 -0.345639 -0.021611
v 0.215090 -0.364267 -0.021491
v 0.223565 -0.354546 0.062092
v 0.236479 -0.375010 0.049959
v 0.218625 -0.273139 0.063866
v 0.218946 -0.316689 0.089240
v 0.198811 -0.375087 -0.017821
v 0.223672 -0.266444 0.054461
v 0.210792 -0.307386 0.095537
v 0.202822 -0.249805 0.075219
v 0.219050 -0.290877 -0.015895
v 0.217579 -0.370938 0.055269
v 0.211122 -0.248352 0.017632
v 0.224459 -0.348715 -0.022324
v 0.208306 -0.320604 0.099821
v 0.238816 -0.268541 0.064801
v 0.226420 -0.292345 -0.016250
v 0.221043 -0.307353 0.093242
v 0.197808 -0.248934 -0.001665
v 0.223837 -0.270934 -0.010779
v 0.222234 -0.329654 0.080439
v 0.218784 -0.298508 0.093029
v 0.227529 -0.362784 0.056737
v 0.239987 -0.310361 0.070238
v 0.235804 -0.309590 0.084876
v 0.223166 -0.366024 0.059558
v 0.228904 -0.360239 0.058419
v 0.228834 -0.290294 -0.012696
v 0.225594 -0.249548 0.009231
v 0.230110 -0.255488 0.035822
v 0.229200 -0.358499 0.059182
v 0.228763 -0.359753 0.059071
v 0.228327 -0.292154 -0.009672
v 0.231081 -0.326634 0.075862
v 0.238658 -0.316485 0.076102
v 0.227983 -0.361100 0.058514
v 0.240972 -0.360264 -0.017913
v 0.230297 -0.343197 0.059094
v 0.230402 -0.323315 0.081410
v 0.233606 -0.335501 0.055990
v 0.232481 -0.341741 0.058676
v 0.233117 -0.344506 0.059747
v 0.233541 -0.342288 0.059174
v 0.237052 -0.282182 0.001371
v 0.226043 -0.307443 -0.009489
v 0.234107 -0.339517 0.057535
v 0.233982 -0.292552 0.081749
v 0.235684 -0.256093 0.022814
v 0.236698 -0.263104 0.008276
v 0.243593 -0.269102 0.032105
v 0.235006 -0.331984 0.055118
v 0.234250 -0.315728 0.060416
v 0.241841 -0.343082 0.051624
v 0.240617 -0.325238 0.047044
v 0.236500 -0.306258 0.083454
v 0.246285 -0.282004 0.018493
v 0.241379 -0.305191 0.032653
v 0.239888 -0.311338 0.077129
v 0.240263 -0.338444 -0.011428
v 0.233831 -0.354839 0.052111
v 0.247356 -0.293702 0.034638
v 0.243880 -0.340558 0.049817
v 0.228056 -0.299497 0.001481
v 0.246154 -0.355596 0.034423
v 0.242139 -0.272518 0.054269
v 0.247261 -0.333257 0.009400
v 0.240278 -0.305490 0.025341
v 0.245725 -0.290645 0.041493
v 0.247023 -0.290089 0.025996
v 0.251846 -0.305796 0.051571
v 0.244217 -0.331370 0.034184
v 0.228997 -0.282023 0.082077
v 0.246120 -0.279433 0.055226
v 0.249702 -0.374939 0.031252
v 0.237291 -0.320906 -0.005287
v 0.244308 -0.373955 0.041843
v 0.233207 -0.264754 0.051951
v 0.246238 -0.288273 0.067678
v 0.242654 -0.337506 0.040416
v 0.248183 -0.284465 0.049096
v 0.233725 -0.269744 0.054484
v 0.245740 -0.317888 0.036653
v 0.247486 -0.336418 0.018344
v 0.248436 -0.282414 0.025544
v 0.237473 -0.273859 0.068824
v 0.245561 -0.316715 0.015553
v 0.248501 -0.333765 0.022982
v 0.248267 -0.297524 0.037332
v 0.253147 -0.356197 0.022257
v 0.250488 -0.301009 0.055646
v 0.250899 -0.291572 0.046743
v 0.249347 -0.297813 0.053293
v 0.249231 -0.280112 0.045181
v 0.252569 -0.354815 0.019454
v 0.252162 -0.352947 0.017608
v 0.248634 -0.341515 -0.000548
v 0.248108 -0.362981 -0.010848
v 0.252492 -0.354677 -0.001459
v 0.252271 -0.370130 0.023647
v 0.241524 -0.374709 -0.017784
v 0.031896 -0.166276 0.100351
v 0.029169 -0.180343 0.098016
v 0.029260 -0.145682 0.101557
v 0.029082 -0.210558 0.088284
v 0.029497 -0.126218 0.101251
v 0.040451 -0.125996 0.074580
v 0.034092 -0.128598 0.102507
v 0.031668 -0.150529 0.102238
v 0.043805 -0.161717 0.026215
v 0.031048 -0.138850 0.051026
v 0.038112 -0.178364 0.098758
v 0.035605 -0.165010 0.100726
v 0.034810 -0.197135 0.097063
v 0.037405 -0.173637 0.100461
v 0.040672 -0.190918 0.097228
v 0.039523 -0.187736 0.096803
v 0.034959 -0.144061 0.102244
v 0.034815 -0.146371 0.100936
v 0.040719 -0.200625 0.094397
v 0.038649 -0.194841 0.078311
v 0.031574 -0.128689 0.055553
v 0.041662 -0.158690 0.033259
v 0.039893 -0.153330 0.050535
v 0.040991 -0.153352 0.045501
v 0.043423 -0.129232 0.073925
v 0.047292 -0.210775 0.092997
v 0.042140 -0.164465 0.028314
v 0.040358 -0.161640 0.036059
v 0.042279 -0.151540 0.049051
v 0.044545 -0.144322 0.076877
v 0.042029 -0.166440 0.026639
v 0.045065 -0.177958 0.100896
v 0.041569 -0.129600 0.101002
v 0.047870 -0.139323 0.100580
v 0.043644 -0.161100 0.027913
v 0.043543 -0.153365 0.044027
v 0.040263 -0.149317 0.056903
v 0.045382 -0.158437 0.032439
v 0.043546 -0.155392 0.039776
v 0.045165 -0.158207 0.031608
v 0.044113 -0.153892 0.042408
v 0.047886 -0.197179 0.079274
v 0.048387 -0.176288 0.099213
v 0.045186 -0.147540 0.100634
v 0.047837 -0.169433 0.048444
v 0.045304 -0.156662 0.035456
v 0.046386 -0.157371 0.033037
v 0.045923 -0.158938 0.028545
v 0.047281 -0.160297 0.026160
v 0.045619 -0.166534 0.100285
v 0.052013 -0.179808 0.026344
v 0.048440 -0.151496 0.099731
v 0.050314 -0.159437 0.098707
v 0.047703 -0.160282 0.062252
v 0.053049 -0.136047 0.101208
v 0.052450 -0.188740 0.096927
v 0.050059 -0.177065 0.033724
v 0.051420 -0.161004 0.099167
v 0.058060 -0.164806 0.076760
v 0.065128 -0.134051 0.095988
v 0.059164 -0.174038 0.097462
v 0.058054 -0.128857 0.097890
v 0.066252 -0.153469 0.095007
v 0.037632 -0.124987 0.101652
v 0.066069 -0.127603 0.097531
v 0.062364 -0.149719 0.099432
v 0.063911 -0.193914 0.026991
v 0.063093 -0.159787 0.087176
v 0.062441 -0.141157 0.098629
v 0.066271 -0.146108 0.090174
v 0.067882 -0.170143 0.090959
v 0.070298 -0.181878 0.087086
v 0.067478 -0.192412 0.070446
v 0.069498 -0.200610 0.047484
v 0.072778 -0.139432 0.095548
v 0.075643 -0.204696 0.026835
v 0.058008 -0.186720 0.046970
v 0.073564 -0.208146 0.037415
v 0.083271 -0.129184 0.098331
v 0.076350 -0.207908 0.026485
v 0.073069 -0.168191 0.095484
v 0.082403 -0.135084 0.102367
v 0.082560 -0.176716 0.104046
v 0.077460 -0.199286 0.075410
v 0.077406 -0.190110 0.090246
v 0.094801 -0.172201 0.108571
v 0.086426 -0.216822 0.026662
v 0.098587 -0.157198 0.108930
v 0.084134 -0.215264 0.035002
v 0.089727 -0.140071 0.103547
v 0.072431 -0.125223 0.097571
v 0.094577 -0.134172 0.118360
v 0.141949 -0.161339 0.119236
v 0.112198 -0.177571 0.111563
v 0.109734 -0.237891 0.094162
v 0.091356 -0.189498 0.105141
v 0.111660 -0.154053 0.121642
v 0.117514 -0.165788 0.128029
v 0.093513 -0.124967 0.112843
v 0.102697 -0.237471 0.062943
v 0.117702 -0.249493 0.076568
v 0.119428 -0.249382 0.088721
v 0.123903 -0.235641 0.112945
v 0.128440 -0.130612 0.110774
v 0.113105 -0.248900 0.060744
v 0.119064 -0.245519 0.039021
v 0.126437 -0.249602 0.099937
v 0.125269 -0.194081 0.115567
v 0.130959 -0.189279 0.126788
v 0.145294 -0.137701 0.106756
v 0.173129 -0.221361 0.026192
v 0.129209 -0.189998 0.114960
v 0.132614 -0.187697 0.134611
v 0.128965 -0.184808 0.135749
v 0.140038 -0.180204 0.129332
v 0.177104 -0.240030 0.115861
v 0.124796 -0.195539 0.122648
v 0.136535 -0.186284 0.122692
v 0.139409 -0.180859 0.110351
v 0.135898 -0.167517 0.123818
v 0.148955 -0.129021 0.105926
v 0.150434 -0.177481 0.125268
v 0.139179 -0.170201 0.124411
v 0.136557 -0.186728 0.113005
v 0.132761 -0.249639 0.038578
v 0.165285 -0.221264 0.110947
v 0.164631 -0.249576 0.116236
v 0.130293 -0.125121 0.112772
v 0.146510 -0.216480 0.115508
v 0.149941 -0.249217 0.038912
v 0.155792 -0.149980 0.106681
v 0.151509 -0.181580 0.119605
v 0.161008 -0.141162 0.102113
v 0.156065 -0.178346 0.121390
v 0.168098 -0.195598 0.109282
v 0.168863 -0.149288 0.089373
v 0.180190 -0.215969 0.105486
v 0.149052 -0.249646 0.038557
v 0.167011 -0.238737 0.029405
v 0.170340 -0.237790 0.029582
v 0.175309 -0.222524 0.105928
v 0.161249 -0.140719 0.104224
v 0.174337 -0.171290 0.102111
v 0.168433 -0.185973 0.106207
v 0.178819 -0.147944 0.086787
v 0.168537 -0.169153 0.105861
v 0.179260 -0.140354 0.073642
v 0.175243 -0.181771 0.110102
v 0.178463 -0.235495 0.030941
v 0.177732 -0.236488 0.030059
v 0.176046 -0.182618 0.109075
v 0.182112 -0.249753 0.114591
v 0.162821 -0.135337 0.097901
v 0.177315 -0.186465 0.102935
v 0.181820 -0.189151 0.098783
v 0.179034 -0.177597 0.101760
v 0.182215 -0.213237 0.031608
v 0.172267 -0.125367 0.072492
v 0.191543 -0.232508 0.089818
v 0.184034 -0.186274 0.101477
v 0.184803 -0.161990 0.026922
v 0.181139 -0.155820 0.072307
v 0.184465 -0.149936 0.076727
v 0.187892 -0.210245 0.026481
v 0.185384 -0.162253 0.037674
v 0.189053 -0.151459 0.038185
v 0.188464 -0.190600 0.029686
v 0.191289 -0.157416 0.057651
v 0.191096 -0.209617 0.029029
v 0.187204 -0.148944 0.061164
v 0.191439 -0.209871 0.033855
v 0.189812 -0.233429 0.037917
v 0.190600 -0.194034 0.084973
v 0.182998 -0.174398 0.093065
v 0.185434 -0.152185 0.026748
v 0.190110 -0.184160 0.085047
v 0.191405 -0.204869 0.034222
v 0.191522 -0.210494 0.045725
v 0.189461 -0.198126 0.082703
v 0.191565 -0.186758 0.081985
v 0.192706 -0.158105 0.040839
v 0.187425 -0.161921 0.041790
v 0.190451 -0.203399 0.070454
v 0.193067 -0.202868 0.069303
v 0.195684 -0.249751 0.088671
v 0.198073 -0.206222 0.042520
v 0.201323 -0.205015 0.052686
v 0.196752 -0.196681 0.076542
v 0.198055 -0.206309 0.042634
v 0.195093 -0.207669 0.052314
v 0.197645 -0.245493 0.081906
v 0.197376 -0.228820 0.060504
v 0.198868 -0.250464 0.082538
v 0.199886 -0.200419 0.066136
v 0.206457 -0.249569 0.068553
v 0.199999 -0.195978 0.065446
v 0.196234 -0.227665 0.068864
v 0.198010 -0.236715 0.053084
v 0.194763 -0.245931 0.032742
v 0.185202 0.357111 -0.128315
v 0.184692 0.379247 -0.121372
v 0.184915 0.484359 -0.101875
v 0.184748 0.321659 -0.142325
v 0.184816 0.412158 -0.120871
v 0.184999 0.299333 -0.110842
v 0.188706 0.339065 -0.093784
v 0.184672 0.322915 -0.092325
v 0.184872 0.334747 -0.090851
v 0.185090 0.298828 -0.098203
v 0.185857 0.299300 -0.127094
v 0.198168 0.382173 -0.096340
v 0.196965 0.363908 -0.133538
v 0.189255 0.310874 -0.092607
v 0.193074 0.359215 -0.096062
v 0.195516 0.295680 -0.103704
v 0.189235 0.302770 -0.100508
v 0.189009 0.301096 -0.101397
v 0.197404 0.301686 -0.090323
v 0.190344 0.312455 -0.092319
v 0.201907 0.469112 -0.092741
v 0.198910 0.496812 -0.105241
v 0.200185 0.413636 -0.095961
v 0.197261 0.277761 -0.137909
v 0.200550 0.290011 -0.112503
v 0.204832 0.471666 -0.095501
v 0.204068 0.296224 -0.107038
v 0.190756 0.345403 -0.094791
v 0.209339 0.250627 -0.115250
v 0.198646 0.314439 -0.081887
v 0.186951 0.318662 -0.142058
v 0.193514 0.381264 -0.131440
v 0.202417 0.444780 -0.096008
v 0.195267 0.472394 -0.122894
v 0.188278 0.296646 -0.127791
v 0.203700 0.393516 -0.132005
v 0.200672 0.396595 -0.095911
v 0.184738 0.409770 -0.121959
v 0.202148 0.299388 -0.100002
v 0.203614 0.377248 -0.097170
v 0.202192 0.369159 -0.100105
v 0.203099 0.345746 -0.098842
v 0.213227 0.382769 -0.099931
v 0.216954 0.322679 -0.096189
v 0.196119 0.250645 -0.137572
v 0.208653 0.272595 -0.114539
v 0.209516 0.380628 -0.139795
v 0.211494 0.401814 -0.102061
v 0.218035 0.329596 -0.096502
v 0.250030 0.325181 -0.128029
v 0.211199 0.365011 -0.139159
v 0.224187 0.373177 -0.109392
v 0.215759 0.419255 -0.105181
v 0.216611 0.393118 -0.104040
v 0.195727 0.295735 -0.103585
v 0.219096 0.375216 -0.106468
v 0.227508 0.476503 -0.142230
v 0.217581 0.385596 -0.103925
v 0.221032 0.308632 -0.112732
v 0.214811 0.354888 -0.104444
v 0.221598 0.293832 -0.116355
v 0.247246 0.353866 -0.112824
v 0.236130 0.376794 -0.153374
v 0.225889 0.383071 -0.109723
v 0.217995 0.500515 -0.118666
v 0.206774 0.299931 -0.143908
v 0.234437 0.419282 -0.148694
v 0.238469 0.384688 -0.121157
v 0.227960 0.382617 -0.116007
v 0.223902 0.312517 -0.109826
v 0.221407 0.316816 -0.148314
v 0.242758 0.379401 -0.120773
v 0.236587 0.460444 -0.115090
v 0.226283 0.320611 -0.103075
v 0.226311 0.306554 -0.156580
v 0.233611 0.354890 -0.172213
v 0.243179 0.250945 -0.133302
v 0.243462 0.335075 -0.164619
v 0.226148 0.298823 -0.114938
v 0.222275 0.294602 -0.154959
v 0.251677 0.309758 -0.128697
v 0.231960 0.474798 -0.111272
v 0.250223 0.397291 -0.126512
v 0.252115 0.461507 -0.124494
v 0.234615 0.292975 -0.123632
v 0.247646 0.455776 -0.154959
v 0.221606 0.283776 -0.118190
v 0.241164 0.308220 -0.164358
v 0.246044 0.265199 -0.167993
v 0.253396 0.270430 -0.138142
v 0.246593 0.369138 -0.169590
v 0.249840 0.385596 -0.153188
v 0.238374 0.428449 -0.145919
v 0.252812 0.321932 -0.168001
v 0.237770 0.314706 -0.127027
v 0.244684 0.294249 -0.125709
v 0.237496 0.364270 -0.119398
v 0.258864 0.351078 -0.119454
v 0.254156 0.497418 -0.143548
v 0.250003 0.428933 -0.124859
v 0.248223 0.416623 -0.124980
v 0.235194 0.500606 -0.125677
v 0.259057 0.379188 -0.132996
v 0.250958 0.376036 -0.130205
v 0.248089 0.371693 -0.174169
v 0.249468 0.325166 -0.128077
v 0.259793 0.452173 -0.129362
v 0.264479 0.459783 -0.131382
v 0.262150 0.340407 -0.124632
v 0.258048 0.271525 -0.137200
v 0.261870 0.260489 -0.144095
v 0.262178 0.346304 -0.122805
v 0.258078 0.303172 -0.135674
v 0.269004 0.378599 -0.148238
v 0.261298 0.296672 -0.137934
v 0.283660 0.469375 -0.148794
v 0.260491 0.345709 -0.122040
v 0.256289 0.327286 -0.131479
v 0.261679 0.306668 -0.141245
v 0.260303 0.364415 -0.172358
v 0.261647 0.266321 -0.141365
v 0.262646 0.273829 -0.143465
v 0.277366 0.357877 -0.130911
v 0.261311 0.296553 -0.138097
v 0.278425 0.250287 -0.154617
v 0.269677 0.333742 -0.143092
v 0.267848 0.339648 -0.169149
v 0.269279 0.317194 -0.145103
v 0.277155 0.363436 -0.173989
v 0.274106 0.372660 -0.132237
v 0.263533 0.341198 -0.172583
v 0.270421 0.380118 -0.170549
v 0.279446 0.392667 -0.159202
v 0.258825 0.467776 -0.162792
v 0.301078 0.300018 -0.199098
v 0.272877 0.467396 -0.135715
v 0.280753 0.468913 -0.143493
v 0.276471 0.340534 -0.147974
v 0.281244 0.325553 -0.157065
v 0.286503 0.380982 -0.148232
v 0.281581 0.348300 -0.142320
v 0.275422 0.351291 -0.157320
v 0.278517 0.361351 -0.146355
v 0.292733 0.362072 -0.151906
v 0.253249 0.250051 -0.172779
v 0.273034 0.375577 -0.182988
v 0.262961 0.290153 -0.142974
v 0.281985 0.355960 -0.142101
v 0.287699 0.359126 -0.175343
v 0.289269 0.312174 -0.156536
v 0.287002 0.359578 -0.159787
v 0.279592 0.309948 -0.186408
v 0.296315 0.473098 -0.160718
v 0.287568 0.392045 -0.153119
v 0.298983 0.473419 -0.165534
v 0.297788 0.477805 -0.171397
v 0.334157 0.401613 -0.192650
v 0.332843 0.250340 -0.203481
v 0.295376 0.364428 -0.152811
v 0.286877 0.489949 -0.160055
v 0.297751 0.358449 -0.170255
v 0.299617 0.373557 -0.152815
v 0.336615 0.269465 -0.188212
v 0.337284 0.310019 -0.218514
v 0.315909 0.378094 -0.183476
v 0.353390 0.294970 -0.223606
v 0.316453 0.297645 -0.173617
v 0.342957 0.298981 -0.189494
v 0.312211 0.300750 -0.174982
v 0.334507 0.401040 -0.189716
v 0.348770 0.258283 -0.214894
v 0.336869 0.402677 -0.192864
v 0.344387 0.271744 -0.194995
v 0.355318 0.268209 -0.213880
v 0.365162 0.298226 -0.217984
v 0.367438 0.325958 -0.213028
v 0.368056 0.332966 -0.223847
v 0.039602 -0.008522 0.223871
v 0.072523 -0.050089 0.204332
v 0.039611 -0.009655 0.231750
v 0.042742 -0.007846 0.220654
v 0.050119 -0.009217 0.222452
v 0.094227 -0.058471 0.197753
v 0.086986 -0.025057 0.185901
v 0.089803 -0.043376 0.180956
v 0.070796 -0.039388 0.213258
v 0.091766 -0.027544 0.195315
v 0.123235 -0.065866 0.179296
v 0.105545 -0.068016 0.184102
v 0.136581 -0.082282 0.162805
v 0.152708 -0.061428 0.134561
v 0.134318 -0.069094 0.147536
v 0.120001 -0.042270 0.176562
v 0.146742 -0.089313 0.151565
v 0.157105 -0.055686 0.138813
v 0.152883 -0.083411 0.155486
v 0.146861 -0.098757 0.143894
v 0.145493 -0.087018 0.142609
v 0.149105 -0.074747 0.125691
v 0.155343 -0.064882 0.152091
v 0.154036 -0.092050 0.137882
v 0.153775 -0.085655 0.130950
v 0.158492 -0.083643 0.129465
v 0.157538 -0.093882 0.155945
v 0.161053 -0.058576 0.130856
v 0.158849 -0.090414 0.119106
v 0.152844 -0.089398 0.153725
v 0.162485 -0.103802 0.118868
v 0.162926 -0.074717 0.123796
v 0.157211 -0.068385 0.125579
v 0.155693 -0.097119 0.147645
v 0.160284 -0.068402 0.150667
v 0.163510 -0.090737 0.145897
v 0.164359 -0.093705 0.100965
v 0.159866 -0.100523 0.107093
v 0.162511 -0.101943 0.109160
v 0.159565 -0.060679 0.125702
v 0.158954 -0.069176 0.150353
v 0.163777 -0.093394 0.158736
v 0.159515 -0.054304 0.136561
v 0.163210 -0.055653 0.144137
v 0.156141 -0.079312 0.110581
v 0.166009 -0.094243 0.136954
v 0.170048 -0.064613 0.131080
v 0.162362 -0.053491 0.132634
v 0.166592 -0.089637 0.125045
v 0.168772 -0.050105 0.135360
v 0.166816 -0.076751 0.120008
v 0.161602 -0.093227 0.147808
v 0.172569 -0.070859 0.098392
v 0.169468 -0.092903 0.121963
v 0.172182 -0.095995 0.121367
v 0.172110 -0.080521 0.143867
v 0.168074 -0.078348 0.156357
v 0.172067 -0.099860 0.114611
v 0.164828 -0.070718 0.117756
v 0.172082 -0.100127 0.126504
v 0.170840 -0.068797 0.140257
v 0.171810 -0.057067 0.139232
v 0.158300 -0.067689 0.109861
v 0.171427 -0.100162 0.115620
v 0.172109 -0.064877 0.142459
v 0.175096 -0.068641 0.127312
v 0.178807 -0.104828 0.110625
v 0.169086 -0.081859 0.146006
v 0.171173 -0.075031 0.144139
v 0.175521 -0.097013 0.133717
v 0.174922 -0.090248 0.140234
v 0.174667 -0.067759 0.125927
v 0.177995 -0.082669 0.141106
v 0.176673 -0.075998 0.139152
v 0.180718 -0.094743 0.136728
v 0.176905 -0.070420 0.132576
v 0.200833 -0.068310 0.138308
v 0.189176 -0.084703 0.104161
v 0.177115 -0.105967 0.140299
v 0.184681 -0.077318 0.133759
v 0.182118 -0.107900 0.119847
v 0.181266 -0.071615 0.130590
v 0.184537 -0.108883 0.104602
v 0.193239 -0.082087 0.144442
v 0.185439 -0.083254 0.104143
v 0.184399 -0.107211 0.121454
v 0.194657 -0.114543 0.124398
v 0.183461 -0.046605 0.099578
v 0.186625 -0.082304 0.135813
v 0.183362 -0.010493 0.067658
v 0.166281 -0.100553 0.110592
v 0.184075 -0.055718 0.097339
v 0.182577 -0.105071 0.102013
v 0.195260 -0.019264 0.054290
v 0.176853 -0.068373 0.129537
v 0.178682 -0.093591 0.112846
v 0.189751 -0.108726 0.130215
v 0.185551 -0.008559 0.078930
v 0.188105 -0.108214 0.101241
v 0.188338 -0.106675 0.100453
v 0.188561 -0.105896 0.100201
v 0.187912 -0.096110 0.104023
v 0.195689 -0.053245 0.126338
v 0.184463 -0.039850 0.113526
v 0.191575 -0.111650 0.108217
v 0.191388 -0.019609 0.064205
v 0.180060 -0.000017 0.058773
v 0.197886 -0.049409 0.132350
v 0.177735 -0.109679 0.120292
v 0.191738 -0.001105 0.022841
v 0.189952 -0.015545 0.062425
v 0.188475 -0.005656 0.044330
v 0.193966 -0.095870 0.100190
v 0.189631 -0.019439 0.089025
v 0.190764 -0.037535 0.104511
v 0.188116 -0.058412 0.086655
v 0.204915 -0.032001 0.128495
v 0.195573 -0.112495 0.114058
v 0.196282 -0.101879 0.137066
v 0.192249 -0.030285 0.074644
v 0.209411 -0.005819 0.107692
v 0.201065 -0.118061 0.125305
v 0.201291 -0.068798 0.091162
v 0.201356 -0.008734 0.106017
v 0.192236 -0.111166 0.110204
v 0.194564 -0.005309 0.026822
v 0.193952 -0.079252 0.094087
v 0.193162 -0.111721 0.096193
v 0.196274 -0.030435 0.068242
v 0.201929 -0.036921 0.066441
v 0.198492 -0.048904 0.080587
v 0.198604 -0.113569 0.116746
v 0.196380 -0.112839 0.114835
v 0.218474 -0.096608 0.131919
v 0.199779 -0.020183 0.051266
v 0.199260 -0.098204 0.135727
v 0.204748 -0.003059 0.034306
v 0.200384 -0.116286 0.117310
v 0.199806 -0.020008 0.050736
v 0.200271 -0.078547 0.097244
v 0.199724 -0.065517 0.086018
v 0.205157 -0.111312 0.090348
v 0.200647 -0.020310 0.051478
v 0.205717 -0.065927 0.141153
v 0.203924 -0.034580 0.068218
v 0.191759 -0.099377 0.100388
v 0.201733 -0.020957 0.054694
v 0.202184 -0.023417 0.055991
v 0.209077 -0.080828 0.143924
v 0.201956 -0.116448 0.102338
v 0.199673 -0.114419 0.118219
v 0.202491 -0.115969 0.124247
v 0.193884 -0.112312 0.133972
v 0.203711 -0.116007 0.103850
v 0.208493 -0.071843 0.146366
v 0.201028 -0.117023 0.094638
v 0.213584 -0.032450 0.122089
v 0.212839 -0.098618 0.138856
v 0.204938 -0.005325 0.036731
v 0.204618 -0.006428 0.037997
v 0.218214 -0.039246 0.070551
v 0.202186 -0.049094 0.077287
v 0.210628 -0.115135 0.089607
v 0.202457 -0.013523 0.044177
v 0.202830 -0.001091 0.022428
v 0.208480 -0.116795 0.118496
v 0.206180 -0.111671 0.124872
v 0.207072 -0.110462 0.125725
v 0.202463 -0.116765 0.093306
v 0.207314 -0.110800 0.125189
v 0.219453 -0.051714 0.133064
v 0.206742 -0.110916 0.125317
v 0.204910 -0.113421 0.125600
v 0.209362 -0.062572 0.138114
v 0.207417 -0.110248 0.125576
v 0.208252 -0.109929 0.125705
v 0.211104 -0.087694 0.095369
v 0.215899 -0.026746 0.057334
v 0.199798 -0.061395 0.075216
v 0.211145 -0.105834 0.127682
v 0.214482 -0.077805 0.144492
v 0.211262 -0.072529 0.140599
v 0.205922 -0.083922 0.095391
v 0.196748 -0.117509 0.124088
v 0.216271 -0.000293 0.024935
v 0.208009 -0.100653 0.088067
v 0.208051 -0.120650 0.100544
v 0.214647 -0.058833 0.075903
v 0.205348 -0.038777 0.138714
v 0.205084 -0.048658 0.134810
v 0.205001 -0.065491 0.141706
v 0.215378 -0.025237 0.124161
v 0.219493 -0.099599 0.133403
v 0.225721 -0.111589 0.076343
v 0.218954 -0.061046 0.139585
v 0.211180 -0.004444 0.029957
v 0.220428 -0.000184 0.035287
v 0.228399 -0.101807 0.074658
v 0.217600 -0.007481 0.116798
v 0.223118 -0.122597 0.113184
v 0.222884 -0.101279 0.132080
v 0.211649 -0.071772 0.082484
v 0.216865 0.000077 0.032254
v 0.223709 -0.090341 0.090687
v 0.222067 -0.120489 0.098523
v 0.226604 -0.032580 0.126632
v 0.212985 -0.072252 0.139860
v 0.214634 -0.102705 0.130938
v 0.211327 -0.114556 0.091421
v 0.226994 -0.072501 0.081790
v 0.225710 -0.106430 0.124257
v 0.222196 -0.084908 0.137921
v 0.223548 -0.079199 0.133642
v 0.224301 -0.010348 0.118093
v 0.215000 -0.000251 0.110694
v 0.220487 -0.079609 0.141483
v 0.223827 -0.042027 0.140205
v 0.221547 -0.124779 0.091000
v 0.221091 -0.110198 0.119138
v 0.220240 -0.117116 0.082954
v 0.224471 -0.081421 0.133852
v 0.232583 -0.128116 0.098939
v 0.227160 -0.113798 0.100338
v 0.225738 -0.002514 0.040099
v 0.228168 -0.124610 0.075770
v 0.242752 -0.063696 0.094436
v 0.230014 -0.100217 0.120990
v 0.225842 -0.081021 0.130733
v 0.236746 -0.012520 0.058985
v 0.225355 -0.099976 0.130781
v 0.229340 -0.068787 0.127420
v 0.213944 -0.078585 0.142928
v 0.228945 -0.138588 0.091166
v 0.227054 -0.125522 0.092922
v 0.223643 -0.123791 0.104921
v 0.230632 -0.055374 0.127903
v 0.227589 -0.085844 0.135111
v 0.223168 -0.024407 0.118941
v 0.227476 -0.093053 0.127298
v 0.231705 -0.033098 0.122567
v 0.231880 -0.018854 0.112706
v 0.229792 -0.084331 0.127617
v 0.235250 -0.055460 0.086696
v 0.231346 -0.102904 0.106706
v 0.235734 -0.102818 0.115310
v 0.245015 -0.000516 0.062378
v 0.231010 -0.046913 0.135603
v 0.236013 -0.095092 0.111411
v 0.236029 -0.027374 0.072629
v 0.232457 -0.090943 0.129232
v 0.235777 -0.035653 0.078713
v 0.229600 -0.097039 0.082833
v 0.229669 -0.035822 0.120622
v 0.236968 -0.094732 0.117371
v 0.233395 -0.059233 0.121849
v 0.237262 -0.084530 0.115256
v 0.233335 -0.057216 0.123715
v 0.236981 -0.063994 0.116633
v 0.233275 -0.058755 0.122158
v 0.232571 -0.058049 0.123184
v 0.235203 -0.047658 0.133566
v 0.238759 -0.106726 0.094696
v 0.233550 -0.036061 0.120900
v 0.228169 -0.099966 0.097709
v 0.223992 -0.101774 0.131153
v 0.236272 -0.056354 0.126163
v 0.237420 -0.106426 0.073531
v 0.235118 -0.107334 0.071900
v 0.236792 -0.104410 0.093443
v 0.231559 -0.104605 0.098443
v 0.237220 -0.088308 0.117315
v 0.234057 -0.105512 0.092828
v 0.239079 -0.033890 0.082165
v 0.234984 -0.032799 0.114343
v 0.233621 -0.057978 0.122642
v 0.237264 -0.046619 0.130130
v 0.238442 -0.098507 0.080947
v 0.239276 -0.016919 0.069978
v 0.240518 -0.102847 0.086037
v 0.239352 -0.074491 0.111417
v 0.232209 -0.000213 0.105829
v 0.236943 -0.034248 0.111785
v 0.240471 -0.051666 0.127257
v 0.234704 -0.134355 0.079885
v 0.237201 -0.038918 0.114752
v 0.243063 -0.102399 0.082365
v 0.239768 -0.084436 0.113223
v 0.243061 -0.124244 0.095121
v 0.241933 -0.012054 0.098033
v 0.238252 -0.071570 0.103105
v 0.238576 -0.025118 0.108791
v 0.232668 -0.108838 0.071187
v 0.241061 -0.039141 0.105223
v 0.243471 -0.067472 0.101097
v 0.241083 -0.048295 0.126845
v 0.233585 -0.137271 0.089587
v 0.240114 -0.052962 0.094163
v 0.238204 -0.103687 0.093383
v 0.240710 -0.127935 0.090931
v 0.242306 -0.044235 0.096328
v 0.241927 -0.048219 0.098133
v 0.236888 -0.114839 0.097732
v 0.243601 -0.032084 0.097078
v 0.242788 -0.060599 0.107897
v 0.243255 -0.103837 0.079143
v 0.245632 -0.112028 0.084964
v 0.243391 -0.052843 0.123687
v 0.243143 -0.038042 0.089558
v 0.243684 -0.002247 0.092395
v 0.244395 -0.015473 0.090820
v 0.245128 -0.060928 0.098266
v 0.239481 -0.042400 0.109930
v 0.246522 -0.055454 0.114191
v 0.241832 -0.137181 0.087646
v 0.245253 -0.002527 0.087813
v 0.245063 -0.104903 0.085843
v 0.244418 -0.026283 0.081178
v 0.243035 -0.000456 0.093044
v 0.237244 -0.038921 0.114374
v 0.246053 -0.053240 0.117562
v 0.246076 -0.000157 0.083185
v 0.247317 -0.027038 0.093579
v 0.246734 -0.011679 0.068082
v 0.247250 -0.002531 0.069000
v 0.246651 -0.005752 0.083309
v 0.248853 -0.000062 0.068468
v 0.247396 0.000129 0.073700
v 0.231624 -0.122240 0.073832
v 0.258713 -0.148955 0.074331
v 0.257557 -0.149263 0.062237
v 0.250685 -0.149550 0.068273
v 0.265600 -0.132348 0.071795
v 0.260705 -0.150361 0.072563
v 0.281701 -0.128890 0.048040
v 0.282478 -0.155682 0.034248
v 0.270497 -0.160677 0.052154
v 0.259619 -0.125172 0.074821
v 0.256581 -0.141570 0.074743
v 0.270568 -0.156290 0.064495
v 0.277828 -0.142066 0.059913
v 0.242926 -0.108928 0.068711
v 0.280723 -0.145964 0.057479
v 0.278792 -0.157792 0.041677
v 0.290124 -0.167880 0.047276
v 0.282404 -0.168166 0.042787
v 0.282789 -0.161415 0.038120
v 0.294068 -0.176386 0.036818
v 0.282383 -0.139136 0.055903
v 0.296199 -0.143364 0.022606
v 0.293743 -0.147937 0.024711
v 0.288940 -0.168826 0.049027
v 0.294251 -0.173863 0.044126
v 0.294257 -0.158943 0.045331
v 0.299531 -0.165338 0.021789
v 0.300717 -0.139756 0.032575
v 0.303371 -0.157122 0.016713
v 0.345887 -0.175749 -0.017112
v 0.318462 -0.162354 0.024520
v 0.304767 -0.162414 0.036126
v 0.304084 -0.143890 0.028125
v 0.324089 -0.165142 0.018506
v 0.335579 -0.182103 -0.002422
v 0.353678 -0.172548 -0.018250
v 0.348614 -0.169348 -0.008722
v 0.349025 -0.173478 -0.009279
v 0.176065 -0.375276 0.008462
v 0.179868 -0.383396 0.019415
v 0.191128 -0.386319 0.032687
v 0.220421 -0.375043 -0.025893
v 0.188308 -0.389292 0.032946
v 0.188840 -0.375000 0.046820
v 0.185577 -0.383343 -0.004448
v 0.190084 -0.389713 -0.005297
v 0.192760 -0.403594 -0.001993
v 0.194789 -0.384650 0.040999
v 0.194923 -0.397561 0.024269
v 0.197906 -0.375074 0.052410
v 0.210282 -0.410703 0.026323
v 0.197296 -0.413238 0.005112
v 0.221212 -0.395286 0.044782
v 0.211909 -0.428090 0.022521
v 0.210624 -0.433550 -0.000051
v 0.216798 -0.377967 0.050996
v 0.208044 -0.442466 -0.015292
v 0.214641 -0.444701 0.012240
v 0.213103 -0.430944 -0.023277
v 0.219337 -0.448775 -0.035880
v 0.213631 -0.460359 -0.009979
v 0.228346 -0.400273 0.046461
v 0.228460 -0.422801 0.037109
v 0.221316 -0.461309 0.021887
v 0.212991 -0.476928 -0.023382
v 0.204894 -0.399123 -0.019457
v 0.213567 -0.435705 -0.032264
v 0.217295 -0.499271 -0.032177
v 0.218585 -0.420513 -0.031463
v 0.225558 -0.449123 0.037846
v 0.227145 -0.491709 0.009149
v 0.221226 -0.412825 0.038365
v 0.222908 -0.437892 0.028416
v 0.205937 -0.379136 -0.026319
v 0.216715 -0.481920 -0.031718
v 0.227728 -0.428622 0.032778
v 0.229610 -0.409711 -0.033711
v 0.226855 -0.383215 0.053181
v 0.227967 -0.498624 0.009038
v 0.225649 -0.477639 0.013735
v 0.233265 -0.485721 0.033235
v 0.232822 -0.452823 0.040745
v 0.226717 -0.482929 0.005545
v 0.235946 -0.435088 -0.047911
v 0.214840 -0.388119 -0.027331
v 0.232745 -0.408424 0.042518
v 0.234029 -0.455715 0.036073
v 0.217508 -0.375249 0.053818
v 0.212832 -0.497399 -0.038152
v 0.228903 -0.483391 0.013210
v 0.236076 -0.486094 0.056650
v 0.232165 -0.492079 0.042254
v 0.239218 -0.424497 0.038172
v 0.235136 -0.487335 0.043629
v 0.237897 -0.498206 0.060354
v 0.240303 -0.427105 0.047442
v 0.236672 -0.384057 0.049126
v 0.236470 -0.482811 -0.051833
v 0.228997 -0.462689 0.042765
v 0.241029 -0.413307 0.039872
v 0.236231 -0.489601 0.054443
v 0.246517 -0.403886 -0.027963
v 0.239000 -0.471110 0.063317
v 0.244328 -0.401462 0.039514
v 0.239015 -0.469458 0.067630
v 0.253232 -0.378203 0.024531
v 0.234365 -0.496328 0.065016
v 0.241297 -0.446900 0.043614
v 0.272448 -0.502874 0.047070
v 0.240319 -0.493942 0.090366
v 0.262249 -0.410917 -0.020795
v 0.249489 -0.387839 0.032178
v 0.252575 -0.483795 0.107386
v 0.279137 -0.495060 -0.003413
v 0.256048 -0.457469 0.061948
v 0.255727 -0.497117 0.050453
v 0.244131 -0.443016 0.047155
v 0.247404 -0.391943 0.034866
v 0.262341 -0.423482 0.038073
v 0.253114 -0.375140 0.005166
v 0.248116 -0.427952 -0.042889
v 0.244946 -0.409531 0.035843
v 0.265366 -0.497362 0.112388
v 0.239072 -0.375112 0.047274
v 0.252336 -0.391106 0.027073
v 0.250156 -0.396853 0.024913
v 0.254751 -0.389107 0.015025
v 0.252137 -0.375116 0.025077
v 0.256515 -0.398936 -0.012173
v 0.256047 -0.395534 0.017356
v 0.259648 -0.493612 0.032795
v 0.255302 -0.446800 -0.041843
v 0.248849 -0.443021 0.044828
v 0.250989 -0.385882 -0.021128
v 0.258359 -0.385892 0.008565
v 0.257468 -0.398698 0.013377
v 0.259519 -0.403849 -0.008021
v 0.262389 -0.441378 0.040195
v 0.263554 -0.484040 -0.040755
v 0.256652 -0.411803 0.025365
v 0.265893 -0.439089 -0.036199
v 0.259909 -0.494589 -0.049196
v 0.271550 -0.498473 0.046530
v 0.259853 -0.490838 0.110967
v 0.270022 -0.440498 0.034805
v 0.272749 -0.457783 -0.016490
v 0.280668 -0.480703 -0.015729
v 0.282877 -0.493481 -0.010567
v 0.266842 -0.426306 -0.012068
v 0.272528 -0.435497 -0.022850
v 0.274431 -0.430328 0.020810
v 0.275739 -0.447031 -0.018650
v 0.271906 -0.443999 0.030166
v 0.296602 -0.490695 0.017324
v 0.274725 -0.435880 -0.012684
v 0.285500 -0.480379 0.000842
v 0.280239 -0.451748 0.015608
v 0.278027 -0.461913 0.064289
v 0.277658 -0.444856 -0.003748
v 0.280363 -0.497379 -0.005177
v 0.273067 -0.454285 0.053389
v 0.281028 -0.443280 0.008590
v 0.279589 -0.437941 0.018735
v 0.284277 -0.495137 -0.005505
v 0.290437 -0.496357 0.104183
v 0.267879 -0.488082 0.112657
v 0.285311 -0.460231 0.042628
v 0.290242 -0.488599 0.104144
v 0.289291 -0.493907 0.022133
v 0.284134 -0.459667 0.004775
v 0.286414 -0.461068 0.007204
v 0.284252 -0.470161 0.000511
v 0.305840 -0.497525 0.083865
v 0.288888 -0.483782 0.009883
v 0.299537 -0.498640 0.036863
v 0.287573 -0.461065 0.040100
v 0.297346 -0.482210 0.020601
v 0.278843 -0.446732 0.028533
v 0.300180 -0.493557 0.025079
v 0.296554 -0.493733 0.019044
v 0.287441 -0.477075 0.107472
v 0.294568 -0.467720 0.031057
v 0.303876 -0.493947 0.091598
v 0.300925 -0.489466 0.095389
v 0.304367 -0.476075 0.084393
v 0.308254 -0.493921 0.044694
v 0.310416 -0.496553 0.071223
v 0.308388 -0.497978 0.053056
v 0.308920 -0.484672 0.052292
v 0.309055 -0.481000 0.068973
v 0.308454 -0.489063 0.071763
v 0.139197 0.197998 -0.095130
v 0.155770 0.200233 -0.089513
v 0.165364 0.181260 -0.105461
v 0.192981 0.214581 -0.108484
v 0.180887 0.203827 -0.099069
v 0.185949 0.197377 -0.102883
v 0.187006 0.173526 -0.123247
v 0.182433 0.217311 -0.133071
v 0.189022 0.193017 -0.137208
v 0.209432 0.169652 -0.133510
v 0.195897 0.249042 -0.138851
v 0.208266 0.249542 -0.145583
v 0.205518 0.250018 -0.116075
v 0.244466 0.250297 -0.167512
v 0.206567 0.231612 -0.112027
v 0.234123 0.170458 -0.148292
v 0.247668 0.199465 -0.171952
v 0.258307 0.233652 -0.143430
v 0.249850 0.174847 -0.161332
v 0.212382 0.249680 -0.114185
v 0.262180 0.179334 -0.169019
v 0.270102 0.249385 -0.182993
v 0.265551 0.198304 -0.150528
v 0.312149 0.249584 -0.207680
v 0.294711 0.227251 -0.198538
v 0.270992 0.180747 -0.170990
v 0.265705 0.249406 -0.146942
v 0.312555 0.206359 -0.196672
v 0.305276 0.205494 -0.180313
v 0.283203 0.249292 -0.157582
v 0.343199 0.249530 -0.212440
v 0.317964 0.212681 -0.197551
v 0.318144 0.236145 -0.179532
v 0.327829 0.249198 -0.184623
v 0.340818 0.241256 -0.208783
v 0.327287 0.222163 -0.198523
v 0.345776 0.249565 -0.208321
v -0.018248 -0.165791 0.004203
v -0.018100 -0.165770 0.004266
v -0.018064 -0.165888 0.004398
v -0.014150 -0.149258 0.040520
v -0.014083 -0.149264 0.040508
v -0.014219 -0.149150 0.040745
vt 0.942991 0.842574
vt 0.941634 0.827421
vt 0.955102 0.822110
vt 0.928484 0.842626
vt 0.963934 0.857193
vt 0.950719 0.853019
vt 0.921079 0.843737
vt 0.924925 0.821791
vt 0.934574 0.859800
vt 0.959389 0.856009
vt 0.928637 0.860910
vt 0.938013 0.863679
vt 0.968623 0.817627
vt 0.955629 0.818166
vt 0.909405 0.839922
vt 0.977190 0.825434
vt 0.975060 0.857718
vt 0.943159 0.717655
vt 0.923181 0.864392
vt 0.942185 0.711722
vt 0.912084 0.707778
vt 0.935288 0.805477
vt 0.969349 0.868050
vt 0.956183 0.729188
vt 0.914941 0.867084
vt 0.915849 0.702889
vt 0.939966 0.878874
vt 0.928346 0.877859
vt 0.966114 0.731149
vt 0.919948 0.706634
vt 0.912949 0.866906
vt 0.934937 0.724440
vt 0.932417 0.715472
vt 0.922312 0.715052
vt 0.922256 0.712179
vt 0.947450 0.737482
vt 0.904188 0.727721
vt 0.929523 0.733505
vt 0.907148 0.725255
vt 0.938037 0.746766
vt 0.969412 0.742505
vt 0.921713 0.726212
vt 0.954236 0.747106
vt 0.451286 0.070791
vt 0.928665 0.740344
vt 0.961372 0.747420
vt 0.915051 0.734431
vt 0.447013 0.065432
vt 0.430042 0.041083
vt 0.907725 0.738675
vt 0.949442 0.752874
vt 0.452590 0.072762
vt 0.933731 0.749256
vt 0.444456 0.061614
vt 0.444807 0.060055
vt 0.910118 0.734801
vt 0.931571 0.746809
vt 0.412817 0.051665
vt 0.909098 0.737558
vt 0.917803 0.741189
vt 0.923841 0.745591
vt 0.436955 0.056921
vt 0.424027 0.040370
vt 0.429905 0.046088
vt 0.434546 0.074934
vt 0.442376 0.080493
vt 0.419735 0.049582
vt 0.429357 0.056100
vt 0.426414 0.051845
vt 0.440729 0.094193
vt 0.425273 0.076636
vt 0.430061 0.066548
vt 0.422613 0.061117
vt 0.417389 0.040286
vt 0.426887 0.102005
vt 0.454165 0.106909
vt 0.444002 0.112194
vt 0.416541 0.064571
vt 0.449473 0.102495
vt 0.416162 0.056646
vt 0.417481 0.066033
vt 0.422316 0.086903
vt 0.416541 0.064571
vt 0.449614 0.116315
vt 0.440558 0.107272
vt 0.429251 0.116601
vt 0.443268 0.137548
vt 0.445486 0.118459
vt 0.411385 0.087609
vt 0.449285 0.123736
vt 0.417268 0.101324
vt 0.187969 0.047086
vt 0.451658 0.126969
vt 0.438663 0.123205
vt 0.193005 0.052794
vt 0.407614 0.123734
vt 0.423484 0.120483
vt 0.414369 0.120097
vt 0.438269 0.131758
vt 0.428108 0.130414
vt 0.139258 0.074923
vt 0.056167 0.065024
vt 0.160015 0.078454
vt 0.175024 0.060818
vt 0.136611 0.074029
vt 0.039495 0.049480
vt 0.108978 0.068634
vt 0.051139 0.044515
vt 0.125719 0.065453
vt 0.165124 0.086172
vt 0.151489 0.067989
vt 0.428054 0.136918
vt 0.120522 0.062280
vt 0.127149 0.071469
vt 0.419977 0.126705
vt 0.123420 0.085752
vt 0.152196 0.058806
vt 0.178413 0.045077
vt 0.176166 0.069607
vt 0.107931 0.059799
vt 0.137617 0.053584
vt 0.180468 0.036002
vt 0.149364 0.055584
vt 0.175488 0.077045
vt 0.186320 0.037503
vt 0.423535 0.133988
vt 0.034328 0.081689
vt 0.121084 0.054611
vt 0.078677 0.057445
vt 0.144954 0.047526
vt 0.185842 0.071111
vt 0.198741 0.076224
vt 0.066854 0.058550
vt 0.070922 0.053091
vt 0.147948 0.077478
vt 0.173923 0.035576
vt 0.062044 0.080261
vt 0.414608 0.133319
vt 0.109191 0.093253
vt 0.176138 0.025515
vt 0.065952 0.083299
vt 0.180138 0.098535
vt 0.052528 0.072783
vt 0.418846 0.135220
vt 0.171879 0.020750
vt 0.054496 0.049913
vt 0.139172 0.045622
vt 0.408940 0.123692
vt 0.044914 0.093790
vt 0.068404 0.073108
vt 0.071720 0.048542
vt 0.171425 0.029309
vt 0.207741 0.067743
vt 0.030342 0.068143
vt 0.080336 0.096293
vt 0.132256 0.082688
vt 0.039978 0.087883
vt 0.074030 0.035920
vt 0.037413 0.063495
vt 0.123986 0.046209
vt 0.062285 0.033563
vt 0.110151 0.047039
vt 0.173017 0.017707
vt 0.064110 0.092005
vt 0.090822 0.046318
vt 0.108265 0.042548
vt 0.092247 0.041808
vt 0.090178 0.037183
vt 0.164423 0.023393
vt 0.159863 0.043298
vt 0.209877 0.063931
vt 0.163373 0.100147
vt 0.066563 0.095681
vt 0.142232 0.038597
vt 0.906619 0.740184
vt 0.200017 0.087419
vt 0.913175 0.744083
vt 0.217769 0.475068
vt 0.049940 0.103656
vt 0.044599 0.029423
vt 0.061280 0.023778
vt 0.074736 0.033886
vt 0.128138 0.097558
vt 0.141057 0.102973
vt 0.184560 0.567095
vt 0.145301 0.038716
vt 0.640595 0.198384
vt 0.024398 0.050937
vt 0.051295 0.025638
vt 0.094943 0.035653
vt 0.129836 0.039839
vt 0.190728 0.565259
vt 0.159291 0.111042
vt 0.174232 0.110789
vt 0.631818 0.204009
vt 0.037450 0.098128
vt 0.038663 0.033494
vt 0.652657 0.184776
vt 0.059468 0.023789
vt 0.075796 0.031965
vt 0.113282 0.038291
vt 0.138041 0.106810
vt 0.176858 0.567299
vt 0.168732 0.110762
vt 0.183470 0.107285
vt 0.214667 0.465786
vt 0.629140 0.207471
vt 0.648801 0.188582
vt 0.068416 0.098774
vt 0.040669 0.031543
vt 0.961492 0.760371
vt 0.087364 0.098957
vt 0.933349 0.751007
vt 0.175199 0.568643
vt 0.162124 0.032861
vt 0.202817 0.459180
vt 0.186117 0.453123
vt 0.209441 0.461606
vt 0.035203 0.096448
vt 0.621005 0.208505
vt 0.025737 0.047182
vt 0.657595 0.178101
vt 0.093365 0.035475
vt 0.121865 0.103685
vt 0.204701 0.561450
vt 0.200913 0.562272
vt 0.146374 0.038416
vt 0.156364 0.035008
vt 0.220508 0.488853
vt 0.161703 0.021476
vt 0.079201 0.099081
vt 0.202280 0.561634
vt 0.204930 0.461606
vt 0.160860 0.111310
vt 0.127273 0.039727
vt 0.223716 0.499955
vt 0.218824 0.568828
vt 0.201501 0.557654
vt 0.208893 0.471870
vt 0.220116 0.578591
vt 0.183113 0.457322
vt 0.215939 0.495324
vt 0.205731 0.472385
vt 0.669858 0.168612
vt 0.210174 0.477332
vt 0.170911 0.452090
vt 0.194058 0.555521
vt 0.203276 0.510982
vt 0.179400 0.561343
vt 0.225194 0.515434
vt 0.197833 0.477847
vt 0.231338 0.534414
vt 0.193236 0.472713
vt 0.199096 0.473847
vt 0.244673 0.561790
vt 0.208128 0.547683
vt 0.170267 0.463536
vt 0.205252 0.494345
vt 0.224864 0.558197
vt 0.194240 0.482701
vt 0.219479 0.525101
vt 0.168821 0.466876
vt 0.154575 0.472904
vt 0.216702 0.522721
vt 0.199904 0.494642
vt 0.156053 0.480388
vt 0.191992 0.547989
vt 0.180288 0.485276
vt 0.229739 0.536791
vt 0.185575 0.477239
vt 0.229461 0.543949
vt 0.232156 0.546861
vt 0.899059 0.770385
vt 0.227751 0.541191
vt 0.209269 0.533463
vt 0.198464 0.493849
vt 0.206352 0.538873
vt 0.157719 0.485061
vt 0.195611 0.489626
vt 0.172337 0.504185
vt 0.898255 0.780952
vt 0.898467 0.779023
vt 0.151389 0.549098
vt 0.899254 0.781574
vt 0.247932 0.553325
vt 0.187505 0.492363
vt 0.196436 0.532417
vt 0.172361 0.488266
vt 0.263950 0.561138
vt 0.166975 0.490608
vt 0.183522 0.507580
vt 0.184003 0.493080
vt 0.172470 0.517697
vt 0.157755 0.554124
vt 0.161035 0.519899
vt 0.165153 0.547221
vt 0.181681 0.496037
vt 0.157803 0.499279
vt 0.683369 0.193383
vt 0.710913 0.206311
vt 0.153962 0.500180
vt 0.093057 0.587337
vt 0.167187 0.533177
vt 0.141126 0.544318
vt 0.151557 0.508713
vt 0.134682 0.492425
vt 0.726873 0.211119
vt 0.097695 0.589492
vt 0.112551 0.573808
vt 0.102398 0.582249
vt 0.124270 0.534187
vt 0.300932 0.587146
vt 0.130177 0.540996
vt 0.240771 0.567526
vt 0.137727 0.545497
vt 0.123630 0.553746
vt 0.130557 0.548599
vt 0.076587 0.578710
vt 0.294621 0.589411
vt 0.082481 0.567849
vt 0.131949 0.558806
vt 0.127993 0.557978
vt 0.088377 0.546987
vt 0.110161 0.551216
vt 0.098910 0.546133
vt 0.119545 0.551389
vt 0.104724 0.529932
vt 0.112602 0.512428
vt 0.114832 0.537322
vt 0.299968 0.573642
vt 0.090577 0.533511
vt 0.076954 0.550877
vt 0.074424 0.558577
vt 0.081455 0.528651
vt 0.106928 0.511750
vt 0.088044 0.517326
vt 0.303566 0.570385
vt 0.074874 0.534519
vt 0.295835 0.591642
vt 0.684850 0.690137
vt 0.064755 0.560957
vt 0.073697 0.553758
vt 0.079374 0.513431
vt 0.060089 0.566074
vt 0.071972 0.548369
vt 0.078192 0.546302
vt 0.684252 0.715889
vt 0.049248 0.530815
vt 0.068352 0.542099
vt 0.052101 0.569164
vt 0.060036 0.546917
vt 0.067743 0.546208
vt 0.045581 0.563340
vt 0.064646 0.534879
vt 0.045567 0.558722
vt 0.855659 0.953921
vt 0.035889 0.504504
vt 0.096111 0.501382
vt 0.068021 0.511622
vt 0.015626 0.471471
vt 0.101709 0.498966
vt 0.070675 0.499816
vt 0.095370 0.490071
vt 0.087621 0.476026
vt 0.073537 0.493114
vt 0.069976 0.495061
vt 0.094152 0.472962
vt 0.080202 0.483569
vt 0.073995 0.481199
vt 0.056389 0.477425
vt 0.106490 0.464542
vt 0.035792 0.477633
vt 0.043517 0.478315
vt 0.700677 0.723936
vt 0.046152 0.469302
vt 0.069008 0.465275
vt 0.065803 0.465778
vt 0.044616 0.466200
vt 0.018378 0.472799
vt 0.056989 0.469180
vt 0.031928 0.469056
vt 0.083997 0.462837
vt 0.890851 0.677453
vt 0.112539 0.464145
vt 0.058577 0.456938
vt 0.049332 0.457639
vt 0.098643 0.449743
vt 0.932553 0.228988
vt 0.080898 0.453418
vt 0.069143 0.454508
vt 0.960532 0.264374
vt 0.962993 0.267532
vt 0.048395 0.458625
vt 0.893200 0.683361
vt 0.094520 0.451620
vt 0.091123 0.452184
vt 0.065499 0.455739
vt 0.039091 0.459761
vt 0.907358 0.694490
vt 0.036504 0.460344
vt 0.032709 0.463051
vt 0.824741 0.419851
vt 0.822642 0.421381
vt 0.807998 0.414807
vt 0.831971 0.431320
vt 0.811784 0.419079
vt 0.829840 0.437496
vt 0.843926 0.416500
vt 0.810006 0.409643
vt 0.842650 0.434911
vt 0.841921 0.440592
vt 0.796322 0.397941
vt 0.845207 0.443992
vt 0.854618 0.419727
vt 0.850969 0.447068
vt 0.827078 0.389869
vt 0.801579 0.413451
vt 0.807640 0.443900
vt 0.856873 0.410908
vt 0.852394 0.410189
vt 0.858926 0.443042
vt 0.838141 0.451755
vt 0.842204 0.454366
vt 0.867425 0.427729
vt 0.826090 0.387331
vt 0.804430 0.379052
vt 0.791553 0.416225
vt 0.834755 0.456148
vt 0.795161 0.427578
vt 0.798289 0.422648
vt 0.855717 0.452363
vt 0.834374 0.378798
vt 0.810516 0.385049
vt 0.799921 0.419008
vt 0.868481 0.444171
vt 0.879185 0.405743
vt 0.842923 0.465341
vt 0.785623 0.415905
vt 0.775736 0.377604
vt 0.835030 0.360919
vt 0.808118 0.365661
vt 0.794472 0.442625
vt 0.790973 0.429138
vt 0.757207 0.376418
vt 0.826715 0.458626
vt 0.843973 0.357930
vt 0.780598 0.383364
vt 0.862485 0.472326
vt 0.802678 0.461409
vt 0.427069 0.560952
vt 0.787830 0.440147
vt 0.777923 0.396957
vt 0.835608 0.482459
vt 0.787659 0.393571
vt 0.780422 0.429076
vt 0.793142 0.440823
vt 0.870700 0.425404
vt 0.884202 0.465573
vt 0.895423 0.456373
vt 0.862455 0.465060
vt 0.772076 0.415839
vt 0.779132 0.415375
vt 0.743356 0.407745
vt 0.787359 0.442123
vt 0.790129 0.440827
vt 0.856552 0.488071
vt 0.801323 0.465603
vt 0.790243 0.449361
vt 0.872291 0.514331
vt 0.420395 0.584937
vt 0.751257 0.439154
vt 0.769453 0.412886
vt 0.869648 0.493157
vt 0.764295 0.428695
vt 0.796730 0.461200
vt 0.788947 0.451214
vt 0.763035 0.408900
vt 0.833286 0.473297
vt 0.725579 0.447579
vt 0.846463 0.491265
vt 0.791181 0.465348
vt 0.765347 0.436106
vt 0.819333 0.482970
vt 0.797821 0.464851
vt 0.766673 0.447627
vt 0.758524 0.440480
vt 0.741365 0.435711
vt 0.806453 0.477342
vt 0.775014 0.470687
vt 0.733598 0.396077
vt 0.770778 0.479847
vt 0.774891 0.462038
vt 0.763640 0.459386
vt 0.733464 0.449455
vt 0.797068 0.477957
vt 0.787881 0.482615
vt 0.797209 0.493407
vt 0.779463 0.478487
vt 0.818568 0.527180
vt 0.817194 0.489172
vt 0.805839 0.490144
vt 0.802847 0.481281
vt 0.787486 0.494133
vt 0.732060 0.481441
vt 0.825455 0.508109
vt 0.418161 0.610665
vt 0.771240 0.501855
vt 0.808454 0.505038
vt 0.829405 0.517656
vt 0.739362 0.471086
vt 0.769981 0.514107
vt 0.779938 0.481554
vt 0.800811 0.508787
vt 0.790705 0.501757
vt 0.747356 0.458175
vt 0.735397 0.475689
vt 0.784479 0.530101
vt 0.727793 0.486458
vt 0.412816 0.627703
vt 0.718023 0.450651
vt 0.522990 0.523371
vt 0.505792 0.527777
vt 0.504954 0.520669
vt 0.494586 0.544251
vt 0.503738 0.538674
vt 0.507991 0.547780
vt 0.528359 0.542253
vt 0.497527 0.553055
vt 0.515084 0.555108
vt 0.496693 0.526857
vt 0.487725 0.536955
vt 0.474847 0.535029
vt 0.473261 0.520715
vt 0.452530 0.533627
vt 0.461073 0.507407
vt 0.476935 0.525549
vt 0.796200 0.353007
vt 0.531032 0.520239
vt 0.486750 0.561235
vt 0.490249 0.512386
vt 0.440049 0.559604
vt 0.479919 0.552999
vt 0.468797 0.506461
vt 0.453289 0.506815
vt 0.488673 0.523656
vt 0.502708 0.509700
vt 0.460649 0.549074
vt 0.507630 0.566704
vt 0.517206 0.504287
vt 0.454461 0.508901
vt 0.497115 0.576350
vt 0.539375 0.545980
vt 0.010285 0.320344
vt 0.471971 0.565652
vt 0.537719 0.506404
vt 0.499673 0.487680
vt 0.730900 0.398678
vt 0.005577 0.281646
vt 0.488819 0.496797
vt 0.476362 0.583790
vt 0.504031 0.490786
vt 0.892907 0.403232
vt 0.519205 0.586389
vt 0.557461 0.498840
vt 0.427728 0.582850
vt 0.495516 0.584233
vt 0.441777 0.578679
vt 0.537406 0.512879
vt 0.525582 0.492447
vt 0.459256 0.572293
vt 0.536137 0.493844
vt 0.723496 0.409035
vt 0.719675 0.420611
vt 0.449064 0.579114
vt 0.460243 0.490746
vt 0.881325 0.513423
vt 0.486937 0.595075
vt 0.399959 0.653449
vt 0.513625 0.485092
vt 0.391721 0.660264
vt 0.509425 0.599891
vt 0.494792 0.602373
vt 0.510196 0.466635
vt 0.738081 0.498619
vt 0.467058 0.591349
vt 0.488115 0.438760
vt 0.487431 0.478194
vt 0.498433 0.468318
vt 0.517657 0.470964
vt 0.453917 0.606806
vt 0.435157 0.655502
vt 0.480465 0.600473
vt 0.541962 0.469196
vt 0.504804 0.618691
vt 0.440077 0.611017
vt 0.395440 0.660620
vt 0.420632 0.590685
vt 0.525160 0.606556
vt 0.557246 0.441057
vt 0.489983 0.450771
vt 0.778063 0.533683
vt 0.485624 0.617535
vt 0.528058 0.474509
vt 0.424386 0.617540
vt 0.509750 0.455416
vt 0.472541 0.614233
vt 0.420622 0.624795
vt 0.416378 0.643701
vt 0.519488 0.455801
vt 0.500696 0.446055
vt 0.437300 0.630844
vt 0.512932 0.444942
vt 0.456182 0.636792
vt 0.439734 0.670624
vt 0.498252 0.635605
vt 0.525274 0.449114
vt 0.530286 0.462774
vt 0.480345 0.624879
vt 0.577725 0.442542
vt 0.569290 0.490628
vt 0.435187 0.674069
vt 0.569679 0.448313
vt 0.546403 0.446304
vt 0.471779 0.628826
vt 0.002879 0.196804
vt 0.577331 0.446097
vt 0.499804 0.444834
vt 0.529871 0.443599
vt 0.565382 0.435174
vt 0.576756 0.453468
vt 0.482245 0.686143
vt 0.533922 0.441049
vt 0.441637 0.676228
vt 0.473551 0.687368
vt 0.515931 0.432509
vt 0.489826 0.647989
vt 0.541197 0.440233
vt 0.505246 0.433091
vt 0.474258 0.637464
vt 0.442345 0.662997
vt 0.484156 0.660703
vt 0.455540 0.653442
vt 0.489184 0.668358
vt 0.476616 0.683593
vt 0.468273 0.648908
vt 0.476425 0.671907
vt 0.462150 0.671047
vt 0.451360 0.657872
vt 0.950736 0.757136
vt 0.903190 0.751666
vt 0.926549 0.759623
vt 0.944555 0.771787
vt 0.914589 0.767632
vt 0.951830 0.772640
vt 0.961049 0.778894
vt 0.954640 0.766498
vt 0.896835 0.749787
vt 0.907386 0.777077
vt 0.901638 0.757557
vt 0.936075 0.776747
vt 0.952776 0.778972
vt 0.922707 0.766515
vt 0.929100 0.787818
vt 0.942898 0.783458
vt 0.923537 0.785727
vt 0.936755 0.801602
vt 0.902413 0.781012
vt 0.904493 0.792642
vt 0.898823 0.785686
vt 0.937070 0.792947
vt 0.907890 0.806035
vt 0.941667 0.797479
vt 0.907287 0.797442
vt 0.924347 0.795341
vt 0.918685 0.794790
vt 0.928771 0.800727
vt 0.579210 0.285136
vt 0.912936 0.797724
vt 0.903209 0.818305
vt 0.900994 0.799982
vt 0.641994 0.698789
vt 0.647192 0.686857
vt 0.685346 0.686930
vt 0.642091 0.673847
vt 0.652753 0.680749
vt 0.774767 0.556271
vt 0.650144 0.703356
vt 0.659295 0.690387
vt 0.655800 0.709992
vt 0.115097 0.502642
vt 0.618311 0.819934
vt 0.643052 0.744170
vt 0.655352 0.722355
vt 0.659972 0.798287
vt 0.627633 0.833210
vt 0.772963 0.592015
vt 0.686908 0.727479
vt 0.661860 0.711915
vt 0.613512 0.777957
vt 0.640179 0.769369
vt 0.649745 0.767491
vt 0.677000 0.738723
vt 0.594395 0.846634
vt 0.608587 0.810462
vt 0.629231 0.771878
vt 0.642844 0.773832
vt 0.614470 0.771058
vt 0.616248 0.785900
vt 0.618168 0.792160
vt 0.627224 0.785686
vt 0.651554 0.773878
vt 0.602929 0.799803
vt 0.632195 0.801794
vt 0.639718 0.760553
vt 0.606783 0.797065
vt 0.591431 0.789729
vt 0.616567 0.798711
vt 0.611829 0.761865
vt 0.620352 0.763472
vt 0.597668 0.802875
vt 0.605344 0.811750
vt 0.622190 0.812956
vt 0.604516 0.770469
vt 0.597719 0.786662
vt 0.607812 0.787163
vt 0.612053 0.798997
vt 0.613790 0.784006
vt 0.598768 0.776757
vt 0.611570 0.785054
vt 0.655355 0.788411
vt 0.667356 0.811844
vt 0.622798 0.754496
vt 0.598692 0.790249
vt 0.598292 0.831636
vt 0.642029 0.800331
vt 0.645896 0.809279
vt 0.642353 0.735120
vt 0.610196 0.843725
vt 0.639987 0.827770
vt 0.604800 0.757954
vt 0.589304 0.801705
vt 0.655797 0.807870
vt 0.586345 0.780744
vt 0.665248 0.787535
vt 0.640203 0.752698
vt 0.591430 0.768967
vt 0.586604 0.793608
vt 0.715715 0.727802
vt 0.664226 0.771751
vt 0.781902 0.677520
vt 0.676064 0.800434
vt 0.615431 0.752400
vt 0.578719 0.776953
vt 0.573067 0.792666
vt 0.559174 0.824915
vt 0.655741 0.812242
vt 0.561005 0.800442
vt 0.769512 0.630023
vt 0.572225 0.786386
vt 0.677659 0.743027
vt 0.667249 0.799079
vt 0.638280 0.743331
vt 0.648287 0.747386
vt 0.591398 0.829092
vt 0.667666 0.826838
vt 0.656639 0.813914
vt 0.647701 0.835156
vt 0.679954 0.805400
vt 0.616962 0.832158
vt 0.682432 0.788752
vt 0.682402 0.749458
vt 0.596254 0.873885
vt 0.641305 0.857593
vt 0.685996 0.752444
vt 0.672621 0.782698
vt 0.694442 0.747154
vt 0.670553 0.768358
vt 0.616719 0.872837
vt 0.695631 0.787756
vt 0.697558 0.751107
vt 0.681158 0.778722
vt 0.702926 0.755720
vt 0.697956 0.806457
vt 0.710616 0.768451
vt 0.693485 0.825870
vt 0.666062 0.842360
vt 0.689842 0.781534
vt 0.623768 0.867748
vt 0.573346 0.839535
vt 0.710798 0.788808
vt 0.681205 0.770163
vt 0.681716 0.846063
vt 0.709465 0.744969
vt 0.700974 0.782972
vt 0.638204 0.875305
vt 0.695726 0.819482
vt 0.780160 0.706609
vt 0.684784 0.760636
vt 0.546214 0.814205
vt 0.693488 0.829715
vt 0.693554 0.833776
vt 0.710262 0.749867
vt 0.713038 0.792034
vt 0.721207 0.832860
vt 0.680186 0.768102
vt 0.680801 0.767593
vt 0.680229 0.767845
vt 0.728444 0.817883
vt 0.694561 0.848006
vt 0.695631 0.842965
vt 0.718156 0.777121
vt 0.724506 0.791315
vt 0.720064 0.753920
vt 0.657993 0.872625
vt 0.720700 0.751527
vt 0.702123 0.830971
vt 0.718674 0.778076
vt 0.720051 0.760827
vt 0.693784 0.853691
vt 0.542619 0.839538
vt 0.702318 0.838966
vt 0.725046 0.777219
vt 0.725146 0.742174
vt 0.706260 0.840182
vt 0.584324 0.863669
vt 0.708992 0.842924
vt 0.731757 0.774541
vt 0.700250 0.855412
vt 0.645188 0.877334
vt 0.101090 0.449704
vt 0.639677 0.878354
vt 0.672691 0.876543
vt 0.560439 0.856821
vt 0.911561 0.208727
vt 0.742789 0.807180
vt 0.734279 0.822285
vt 0.673572 0.880301
vt 0.745022 0.800348
vt 0.841158 0.679265
vt 0.834243 0.678293
vt 0.765815 0.740072
vt 0.915399 0.209494
vt 0.590254 0.881461
vt 0.763744 0.747270
vt 0.766030 0.741668
vt 0.904900 0.195671
vt 0.687668 0.871970
vt 0.671365 0.873482
vt 0.877574 0.176454
vt 0.886152 0.691671
vt 0.882515 0.692883
vt 0.862690 0.689077
vt 0.748252 0.758873
vt 0.900357 0.191141
vt 0.888784 0.181982
vt 0.791214 0.703680
vt 0.728675 0.832650
vt 0.858996 0.688874
vt 0.878317 0.691211
vt 0.864834 0.690033
vt 0.725632 0.843917
vt 0.729911 0.844198
vt 0.846773 0.681216
vt 0.527845 0.825778
vt 0.760389 0.754801
vt 0.542408 0.851994
vt 0.559019 0.867716
vt 0.730812 0.837579
vt 0.861834 0.169449
vt 0.609557 0.885550
vt 0.817447 0.682917
vt 0.630264 0.886389
vt 0.833369 0.679413
vt 0.697560 0.862180
vt 0.057094 0.102225
vt 0.663254 0.172720
vt 0.029543 0.060584
vt 0.568165 0.242481
vt 0.638260 0.210513
vt 0.648810 0.207833
vt 0.660917 0.188477
vt 0.599684 0.229542
vt 0.655341 0.202154
vt 0.588952 0.253502
vt 0.254587 0.563244
vt 0.561373 0.237732
vt 0.627742 0.223595
vt 0.683480 0.194495
vt 0.730455 0.227105
vt 0.697479 0.218050
vt 0.700817 0.230388
vt 0.671998 0.215884
vt 0.681484 0.220273
vt 0.641106 0.246888
vt 0.721971 0.214879
vt 0.688770 0.241096
vt 0.716482 0.219966
vt 0.110857 0.589977
vt 0.686393 0.240980
vt 0.669541 0.247640
vt 0.704787 0.246658
vt 0.662761 0.254701
vt 0.574896 0.245235
vt 0.115442 0.585308
vt 0.269192 0.582874
vt 0.704406 0.206756
vt 0.713939 0.210733
vt 0.572133 0.265285
vt 0.711941 0.208108
vt 0.688131 0.259954
vt 0.921939 0.804716
vt 0.707607 0.202040
vt 0.748176 0.228874
vt 0.727369 0.531105
vt 0.735152 0.255985
vt 0.719519 0.247865
vt 0.718332 0.262882
vt 0.691336 0.267570
vt 0.680860 0.256185
vt 0.606057 0.279954
vt 0.762117 0.224996
vt 0.758316 0.232082
vt 0.711990 0.197090
vt 0.683175 0.279774
vt 0.709385 0.204151
vt 0.688335 0.547088
vt 0.703081 0.271309
vt 0.733812 0.281603
vt 0.685830 0.271848
vt 0.715448 0.286946
vt 0.674309 0.269882
vt 0.720413 0.287434
vt 0.584701 0.292048
vt 0.728171 0.279574
vt 0.735721 0.274621
vt 0.657044 0.282873
vt 0.699450 0.281846
vt 0.668228 0.281633
vt 0.745999 0.310477
vt 0.608357 0.312679
vt 0.678392 0.287067
vt 0.615287 0.310082
vt 0.719363 0.300440
vt 0.686944 0.287832
vt 0.737836 0.302130
vt 0.598070 0.313344
vt 0.710877 0.306633
vt 0.670321 0.306987
vt 0.739073 0.315441
vt 0.700072 0.298799
vt 0.631744 0.284038
vt 0.661111 0.311327
vt 0.642577 0.306145
vt 0.622544 0.314478
vt 0.684959 0.319381
vt 0.638774 0.303350
vt 0.577787 0.363114
vt 0.747013 0.320908
vt 0.620498 0.327041
vt 0.721657 0.318469
vt 0.608959 0.334692
vt 0.633053 0.324576
vt 0.655521 0.592858
vt 0.575110 0.379056
vt 0.556028 0.378154
vt 0.563128 0.384958
vt 0.632010 0.337507
vt 0.600081 0.361096
vt 0.718282 0.329806
vt 0.703495 0.331180
vt 0.047406 0.569967
vt 0.660764 0.332595
vt 0.731933 0.336122
vt 0.577550 0.398188
vt 0.613964 0.355422
vt 0.670083 0.340484
vt 0.652463 0.326523
vt 0.648556 0.339389
vt 0.715185 0.349982
vt 0.582626 0.407164
vt 0.739902 0.357373
vt 0.694098 0.348463
vt 0.588112 0.388064
vt 0.616583 0.366434
vt 0.600325 0.386084
vt 0.648361 0.610134
vt 0.689904 0.357908
vt 0.614563 0.383099
vt 0.594982 0.397485
vt 0.648130 0.361689
vt 0.750870 0.363336
vt 0.665152 0.352154
vt 0.722087 0.366405
vt 0.743059 0.370145
vt 0.669902 0.372254
vt 0.751574 0.373430
vt 0.633384 0.370577
vt 0.681704 0.367785
vt 0.609787 0.405203
vt 0.573251 0.406009
vt 0.597952 0.413388
vt 0.618274 0.400336
vt 0.646824 0.367846
vt 0.479671 0.353080
vt 0.632312 0.386903
vt 0.707991 0.371202
vt 0.643834 0.378461
vt 0.474014 0.343749
vt 0.471098 0.340286
vt 0.492900 0.392131
vt 0.645025 0.377373
vt 0.618315 0.401713
vt 0.399945 0.268252
vt 0.674897 0.376502
vt 0.711264 0.377332
vt 0.658658 0.376028
vt 0.645913 0.371906
vt 0.486094 0.373897
vt 0.422153 0.297166
vt 0.701760 0.377243
vt 0.430317 0.307881
vt 0.469043 0.339342
vt 0.609012 0.416465
vt 0.480143 0.351168
vt 0.361977 0.373455
vt 0.338003 0.373953
vt 0.346608 0.404848
vt 0.323876 0.403907
vt 0.336019 0.320875
vt 0.335109 0.329889
vt 0.353398 0.390427
vt 0.349044 0.312617
vt 0.099298 0.196892
vt 0.326580 0.340929
vt 0.344993 0.292452
vt 0.312026 0.405830
vt 0.312401 0.365813
vt 0.300982 0.375913
vt 0.336306 0.409053
vt 0.290613 0.326676
vt 0.284425 0.351676
vt 0.299723 0.349030
vt 0.294318 0.310692
vt 0.302323 0.321980
vt 0.303454 0.315238
vt 0.306726 0.305216
vt 0.292900 0.298907
vt 0.290274 0.377237
vt 0.266060 0.379227
vt 0.292955 0.285982
vt 0.303607 0.413475
vt 0.270961 0.316982
vt 0.313242 0.421570
vt 0.339115 0.271650
vt 0.315297 0.417433
vt 0.266655 0.346680
vt 0.270611 0.296437
vt 0.256708 0.324587
vt 0.271720 0.291772
vt 0.334148 0.272452
vt 0.250459 0.323384
vt 0.101541 0.183632
vt 0.309602 0.430719
vt 0.285852 0.384880
vt 0.302014 0.265716
vt 0.274762 0.398982
vt 0.248472 0.349136
vt 0.305471 0.441684
vt 0.261095 0.360546
vt 0.308275 0.271949
vt 0.304858 0.427319
vt 0.247459 0.362194
vt 0.363620 0.291070
vt 0.326925 0.262071
vt 0.282193 0.390150
vt 0.271890 0.409615
vt 0.272243 0.284253
vt 0.861844 0.859503
vt 0.298498 0.444687
vt 0.295022 0.445361
vt 0.285364 0.422699
vt 0.249592 0.284341
vt 0.287972 0.433144
vt 0.340831 0.239756
vt 0.252277 0.375184
vt 0.268103 0.268040
vt 0.580817 0.413192
vt 0.289112 0.265702
vt 0.257129 0.276475
vt 0.317020 0.256607
vt 0.275435 0.390671
vt 0.260223 0.410838
vt 0.255438 0.284454
vt 0.286186 0.439992
vt 0.225499 0.370271
vt 0.278954 0.430998
vt 0.283763 0.453297
vt 0.335961 0.243266
vt 0.246023 0.375988
vt 0.274561 0.431492
vt 0.272516 0.442852
vt 0.282563 0.451000
vt 0.267997 0.260046
vt 0.317147 0.241979
vt 0.329646 0.233126
vt 0.897977 0.872223
vt 0.236312 0.384325
vt 0.265579 0.433781
vt 0.263817 0.428023
vt 0.228779 0.378919
vt 0.345617 0.230853
vt 0.914455 0.879738
vt 0.759927 0.905207
vt 0.274886 0.452816
vt 0.252039 0.398536
vt 0.267985 0.446380
vt 0.304537 0.242863
vt 0.317522 0.222444
vt 0.239855 0.393292
vt 0.253790 0.421768
vt 0.262788 0.242598
vt 0.332549 0.217714
vt 0.245116 0.409655
vt 0.269786 0.453638
vt 0.217993 0.391777
vt 0.209296 0.376347
vt 0.237684 0.406105
vt 0.234873 0.404395
vt 0.284861 0.239366
vt 0.347407 0.229435
vt 0.261104 0.445781
vt 0.263586 0.461057
vt 0.227167 0.405562
vt 0.252573 0.445736
vt 0.250357 0.431446
vt 0.258324 0.453746
vt 0.294779 0.222219
vt 0.234194 0.232187
vt 0.251076 0.252329
vt 0.771724 0.896910
vt 0.216053 0.371757
vt 0.229658 0.416681
vt 0.244186 0.438377
vt 0.245501 0.448895
vt 0.204680 0.376373
vt 0.333184 0.206977
vt 0.251468 0.464692
vt 0.234353 0.432942
vt 0.256286 0.470266
vt 0.216830 0.411342
vt 0.205364 0.398992
vt 0.320191 0.211618
vt 0.235138 0.453666
vt 0.277653 0.224940
vt 0.240921 0.436492
vt 0.274330 0.209809
vt 0.315107 0.207081
vt 0.208959 0.385950
vt 0.240941 0.460438
vt 0.226814 0.426954
vt 0.303305 0.207556
vt 0.242219 0.466834
vt 0.294065 0.205419
vt 0.194312 0.395077
vt 0.198353 0.408251
vt 0.327785 0.196394
vt 0.246914 0.473775
vt 0.786148 0.886699
vt 0.217671 0.430132
vt 0.188781 0.397745
vt 0.227452 0.447628
vt 0.205877 0.417669
vt 0.232917 0.461701
vt 0.250110 0.225016
vt 0.240453 0.475157
vt 0.310498 0.195319
vt 0.242515 0.476133
vt 0.235538 0.468240
vt 0.285718 0.198321
vt 0.288945 0.196673
vt 0.806946 0.659720
vt 0.204965 0.424106
vt 0.326365 0.187110
vt 0.238599 0.220430
vt 0.596070 0.665055
vt 0.616348 0.672054
vt 0.620442 0.672702
vt 0.237485 0.470248
vt 0.179990 0.397274
vt 0.214116 0.434131
vt 0.210058 0.426721
vt 0.387724 0.780938
vt 0.300240 0.193369
vt 0.266968 0.206893
vt 0.248936 0.215240
vt 0.615421 0.671523
vt 0.230139 0.458510
vt 0.183285 0.399855
vt 0.568188 0.641613
vt 0.387944 0.790911
vt 0.863270 0.018404
vt 0.309931 0.190561
vt 0.402466 0.704202
vt 0.223817 0.452012
vt 0.572285 0.646840
vt 0.235901 0.221962
vt 0.178551 0.398004
vt 0.759236 0.555038
vt 0.740726 0.559618
vt 0.770534 0.549714
vt 0.716719 0.543038
vt 0.772944 0.532488
vt 0.721629 0.565808
vt 0.711086 0.561871
vt 0.734905 0.528219
vt 0.635746 0.689317
vt 0.764896 0.562753
vt 0.729280 0.538821
vt 0.752850 0.569424
vt 0.686285 0.563767
vt 0.713268 0.535035
vt 0.743157 0.278329
vt 0.720993 0.535124
vt 0.743056 0.267688
vt 0.744423 0.541237
vt 0.774168 0.540561
vt 0.773384 0.577778
vt 0.755712 0.539065
vt 0.704845 0.573694
vt 0.702707 0.550916
vt 0.745827 0.583579
vt 0.776754 0.542523
vt 0.769893 0.533955
vt 0.772466 0.590194
vt 0.767910 0.592191
vt 0.703785 0.579385
vt 0.693021 0.544912
vt 0.639238 0.738170
vt 0.725164 0.590415
vt 0.734052 0.602904
vt 0.725877 0.626053
vt 0.675088 0.580836
vt 0.698797 0.602726
vt 0.690530 0.589082
vt 0.781872 0.670895
vt 0.773737 0.660488
vt 0.760046 0.618739
vt 0.571725 0.782136
vt 0.688846 0.608697
vt 0.775864 0.670838
vt 0.607327 0.756948
vt 0.769332 0.663175
vt 0.760505 0.629827
vt 0.775458 0.688123
vt 0.771182 0.679108
vt 0.756106 0.672304
vt 0.766351 0.658025
vt 0.765608 0.679241
vt 0.771534 0.700366
vt 0.750542 0.636756
vt 0.765284 0.691499
vt 0.663041 0.598474
vt 0.773120 0.726978
vt 0.763693 0.687914
vt 0.773748 0.717909
vt 0.737162 0.642555
vt 0.743727 0.691468
vt 0.764622 0.708906
vt 0.761980 0.739381
vt 0.740759 0.676842
vt 0.663509 0.613702
vt 0.750339 0.681531
vt 0.726920 0.647071
vt 0.757588 0.730479
vt 0.655883 0.625863
vt 0.740773 0.702522
vt 0.705386 0.640602
vt 0.759216 0.743549
vt 0.756315 0.746206
vt 0.682404 0.632339
vt 0.747302 0.735617
vt 0.654983 0.595881
vt 0.735314 0.693137
vt 0.720993 0.654150
vt 0.745371 0.739441
vt 0.366851 0.183984
vt 0.680468 0.638498
vt 0.728585 0.690103
vt 0.729173 0.692149
vt 0.755571 0.742303
vt 0.158443 0.444427
vt 0.159698 0.443128
vt 0.728832 0.691013
vt 0.730076 0.696012
vt 0.646813 0.630755
vt 0.693079 0.648882
vt 0.365976 0.177440
vt 0.716035 0.656811
vt 0.663929 0.637711
vt 0.718541 0.656127
vt 0.149796 0.452938
vt 0.146266 0.457704
vt 0.141245 0.463521
vt 0.832473 0.667608
vt 0.807098 0.667833
vt 0.921191 0.954279
vt 0.854630 0.663618
vt 0.904737 0.686436
vt 0.862616 0.666452
vt 0.020719 0.464393
vt 0.811010 0.663786
vt 0.038429 0.459707
vt 0.836994 0.658990
vt 0.901978 0.684776
vt 0.823903 0.663000
vt 0.904257 0.678920
vt 0.887679 0.659682
vt 0.922577 0.943637
vt 0.870341 0.651150
vt 0.803777 0.655678
vt 0.831244 0.654259
vt 0.869632 0.662428
vt 0.808689 0.653874
vt 0.889446 0.668467
vt 0.913094 0.675403
vt 0.912782 0.653906
vt 0.830321 0.643156
vt 0.854671 0.653588
vt 0.958919 0.284595
vt 0.915556 0.674132
vt 0.814157 0.649925
vt 0.818027 0.638283
vt 0.853335 0.630893
vt 0.907751 0.649828
vt 0.548762 0.636983
vt 0.810947 0.646500
vt 0.865771 0.640800
vt 0.859363 0.642057
vt 0.811212 0.643681
vt 0.893181 0.628446
vt 0.900198 0.656200
vt 0.864251 0.631235
vt 0.869512 0.621258
vt 0.845092 0.616839
vt 0.956954 0.298611
vt 0.922021 0.636966
vt 0.904107 0.633079
vt 0.833705 0.614260
vt 0.841756 0.610500
vt 0.909338 0.632558
vt 0.818145 0.622141
vt 0.855209 0.618215
vt 0.914295 0.629074
vt 0.950652 0.319128
vt 0.848889 0.604983
vt 0.918732 0.611897
vt 0.911961 0.631779
vt 0.905876 0.614734
vt 0.909130 0.621605
vt 0.861632 0.614732
vt 0.924183 0.625567
vt 0.811614 0.629155
vt 0.811214 0.612537
vt 0.829602 0.600925
vt 0.864630 0.608756
vt 0.840012 0.595582
vt 0.906199 0.586815
vt 0.857541 0.603175
vt 0.799803 0.600369
vt 0.887758 0.610284
vt 0.871029 0.592338
vt 0.826241 0.596437
vt 0.520416 0.667260
vt 0.847432 0.590311
vt 0.797605 0.592640
vt 0.814325 0.600913
vt 0.897755 0.589550
vt 0.845252 0.578401
vt 0.825212 0.574784
vt 0.831267 0.576674
vt 0.910689 0.590604
vt 0.810127 0.598242
vt 0.837368 0.558192
vt 0.858126 0.572497
vt 0.887531 0.581030
vt 0.902338 0.578498
vt 0.846473 0.570354
vt 0.846442 0.552059
vt 0.843304 0.557154
vt 0.892698 0.581789
vt 0.812508 0.589985
vt 0.865688 0.570613
vt 0.799279 0.581284
vt 0.806569 0.572715
vt 0.905771 0.568571
vt 0.894842 0.578617
vt 0.852251 0.551172
vt 0.798737 0.574186
vt 0.862628 0.563820
vt 0.880142 0.581734
vt 0.884043 0.574948
vt 0.799585 0.564215
vt 0.558633 0.292047
vt 0.799002 0.554079
vt 0.817903 0.583312
vt 0.876703 0.561007
vt 0.807386 0.567853
vt 0.890238 0.562880
vt 0.874614 0.557836
vt 0.886196 0.554105
vt 0.554857 0.327296
vt 0.817063 0.554627
vt 0.885150 0.565665
vt 0.901269 0.555562
vt 0.916039 0.557853
vt 0.879977 0.545670
vt 0.874398 0.551379
vt 0.866177 0.532154
vt 0.893795 0.544279
vt 0.910042 0.547268
vt 0.874790 0.526055
vt 0.918384 0.557231
vt 0.874927 0.539984
vt 0.907992 0.544787
vt 0.927246 0.560949
vt 0.569970 0.276665
vt 0.878283 0.530336
vt 0.918374 0.553631
vt 0.891356 0.539848
vt 0.884039 0.530537
vt 0.914200 0.548780
vt 0.927462 0.556301
vt 0.754398 0.210922
vt 0.900233 0.537653
vt 0.902286 0.539271
vt 0.880311 0.529149
vt 0.892963 0.538507
vt 0.907359 0.542539
vt 0.913678 0.548344
vt 0.708720 0.053472
vt 0.914920 0.373074
vt 0.748733 0.202354
vt 0.720068 0.046641
vt 0.698607 0.058625
vt 0.846131 0.877146
vt 0.859813 0.877843
vt 0.881393 0.881684
vt 0.819856 0.934488
vt 0.817633 0.925365
vt 0.860808 0.862267
vt 0.863777 0.941259
vt 0.847599 0.860296
vt 0.592713 0.350696
vt 0.864707 0.865116
vt 0.871161 0.862210
vt 0.875093 0.866474
vt 0.840364 0.856459
vt 0.854085 0.912488
vt 0.852380 0.923140
vt 0.821408 0.925439
vt 0.832401 0.907972
vt 0.868595 0.908149
vt 0.842124 0.892294
vt 0.887682 0.867132
vt 0.879818 0.890123
vt 0.831684 0.893288
vt 0.836304 0.875308
vt 0.833075 0.889786
vt 0.832053 0.890029
vt 0.883935 0.869943
vt 0.231747 0.358724
vt 0.880738 0.908192
vt 0.878333 0.934238
vt 0.892561 0.872035
vt 0.888374 0.895226
vt 0.890313 0.944445
vt 0.892852 0.915146
vt 0.902241 0.873953
vt 0.900645 0.954983
vt 0.863435 0.956809
vt 0.225177 0.363003
vt 0.907200 0.886939
vt 0.921068 0.885138
vt 0.898022 0.948499
vt 0.892556 0.925758
vt 0.893409 0.918714
vt 0.910144 0.926634
vt 0.914788 0.889199
vt 0.916126 0.884336
vt 0.912342 0.939414
vt 0.916432 0.896031
vt 0.906189 0.965047
vt 0.925604 0.891450
vt 0.913216 0.929264
vt 0.914038 0.946500
vt 0.910444 0.962573
vt 0.917591 0.936848
vt 0.831048 0.667137
vt 0.920609 0.957855
vt 0.828443 0.667872
vt 0.852312 0.666567
vt 0.861274 0.665982
vt 0.847181 0.665638
vt 0.818058 0.668892
vt 0.877917 0.671613
vt 0.204680 0.376373
vt 0.935162 0.888290
vt 0.935292 0.888786
vt 0.922566 0.914727
vt 0.853325 0.666794
vt 0.855685 0.666797
vt 0.923998 0.910585
vt 0.857214 0.666120
vt 0.808942 0.669896
vt 0.935087 0.892068
vt 0.817174 0.668949
vt 0.932609 0.899550
vt 0.829745 0.668138
vt 0.011959 0.466931
vt 0.845151 0.665450
vt 0.922404 0.944217
vt 0.922155 0.942744
vt 0.868946 0.667997
vt 0.874517 0.670668
vt 0.881044 0.672502
vt 0.952452 0.263858
vt 0.906207 0.204905
vt 0.855208 0.173950
vt 0.054842 0.458159
vt 0.926460 0.234702
vt 0.730317 0.836792
vt 0.864281 0.177018
vt 0.958223 0.270260
vt 0.963109 0.280906
vt 0.876646 0.182469
vt 0.880469 0.189416
vt 0.902039 0.222538
vt 0.877408 0.186197
vt 0.956957 0.277259
vt 0.860584 0.184437
vt 0.923844 0.245495
vt 0.893048 0.193209
vt 0.951979 0.279013
vt 0.914408 0.673204
vt 0.871204 0.197819
vt 0.937340 0.278386
vt 0.882062 0.213067
vt 0.948904 0.318448
vt 0.882624 0.247022
vt 0.948120 0.290714
vt 0.942958 0.288423
vt 0.902063 0.703476
vt 0.921356 0.274434
vt 0.867080 0.248260
vt 0.857369 0.206307
vt 0.908747 0.262256
vt 0.933955 0.294002
vt 0.941325 0.306043
vt 0.906290 0.290056
vt 0.933135 0.311332
vt 0.923396 0.296596
vt 0.914311 0.305865
vt 0.874153 0.277457
vt 0.893609 0.299294
vt 0.894460 0.759129
vt 0.902730 0.271701
vt 0.887440 0.248143
vt 0.888474 0.248582
vt 0.921035 0.308897
vt 0.885877 0.298101
vt 0.892625 0.274999
vt 0.897177 0.251418
vt 0.899574 0.306429
vt 0.907871 0.302383
vt 0.927844 0.317876
vt 0.933017 0.328355
vt 0.914204 0.329299
vt 0.853848 0.260455
vt 0.928207 0.623824
vt 0.936051 0.330525
vt 0.905675 0.318067
vt 0.930655 0.346601
vt 0.935316 0.315910
vt 0.877911 0.284021
vt 0.875351 0.291554
vt 0.906543 0.320967
vt 0.851537 0.262801
vt 0.864331 0.264428
vt 0.881626 0.298411
vt 0.868981 0.296420
vt 0.930703 0.337736
vt 0.883706 0.312240
vt 0.899676 0.336459
vt 0.871349 0.293429
vt 0.859630 0.281919
vt 0.845469 0.264650
vt 0.850273 0.285685
vt 0.909709 0.347008
vt 0.917464 0.347117
vt 0.855814 0.272734
vt 0.906463 0.354941
vt 0.857737 0.287956
vt 0.827340 0.256988
vt 0.892254 0.797761
vt 0.867168 0.314270
vt 0.894958 0.349258
vt 0.924759 0.358793
vt 0.891621 0.328827
vt 0.823826 0.250663
vt 0.862544 0.322143
vt 0.891350 0.375053
vt 0.876488 0.325467
vt 0.910535 0.578642
vt 0.916622 0.364094
vt 0.921833 0.355679
vt 0.839570 0.279354
vt 0.820508 0.262710
vt 0.903828 0.370635
vt 0.882592 0.339132
vt 0.881939 0.348338
vt 0.843460 0.309579
vt 0.882193 0.364760
vt 0.868392 0.329469
vt 0.865092 0.344004
vt 0.886243 0.836050
vt 0.819187 0.275928
vt 0.896287 0.838805
vt 0.904660 0.379559
vt 0.868235 0.332387
vt 0.846462 0.338243
vt 0.865137 0.334496
vt 0.859433 0.332055
vt 0.851549 0.322282
vt 0.908547 0.367668
vt 0.843527 0.329561
vt 0.895147 0.382476
vt 0.840805 0.318873
vt 0.867077 0.366666
vt 0.828821 0.298470
vt 0.840665 0.341276
vt 0.877654 0.376750
vt 0.205414 0.876867
vt 0.208656 0.892266
vt 0.867365 0.369818
vt 0.901550 0.851845
vt 0.813451 0.299368
vt 0.837443 0.341251
vt 0.171915 0.830144
vt 0.880453 0.372793
vt 0.818036 0.304404
vt 0.819610 0.306382
vt 0.838725 0.342096
vt 0.840983 0.343190
vt 0.153010 0.806845
vt 0.828967 0.316741
vt 0.172758 0.821133
vt 0.183793 0.845866
vt 0.884828 0.381063
vt 0.872628 0.372827
vt 0.882489 0.380629
vt 0.820254 0.307309
vt 0.836761 0.340069
vt 0.168814 0.832404
vt 0.890198 0.383701
vt 0.209188 0.899450
vt 0.161427 0.811301
vt 0.890832 0.384852
vt 0.830815 0.321301
vt 0.632186 0.620760
vt 0.062740 0.318009
vt 0.635501 0.625852
vt 0.101400 0.307779
vt 0.601229 0.637993
vt 0.549863 0.622040
vt 0.595511 0.638889
vt 0.618207 0.609032
vt 0.610963 0.609756
vt 0.618946 0.577679
vt 0.574595 0.599264
vt 0.575163 0.611950
vt 0.605088 0.584935
vt 0.622761 0.574685
vt 0.597548 0.580784
vt 0.622142 0.557172
vt 0.582338 0.551812
vt 0.547721 0.598568
vt 0.593699 0.562050
vt 0.634534 0.567969
vt 0.630139 0.545315
vt 0.542149 0.596909
vt 0.609680 0.537304
vt 0.651862 0.563057
vt 0.887276 0.084571
vt 0.883150 0.086624
vt 0.890809 0.082986
vt 0.639497 0.526129
vt 0.639691 0.556352
vt 0.573829 0.533811
vt 0.552557 0.582315
vt 0.588246 0.536496
vt 0.635419 0.596081
vt 0.649550 0.557181
vt 0.915411 0.077185
vt 0.883944 0.077821
vt 0.584824 0.523725
vt 0.586821 0.532167
vt 0.925781 0.075020
vt 0.562910 0.563774
vt 0.543573 0.592274
vt 0.922798 0.067928
vt 0.652122 0.513470
vt 0.561496 0.549934
vt 0.573859 0.528955
vt 0.946416 0.063254
vt 0.585912 0.505923
vt 0.352315 0.242948
vt 0.657015 0.517443
vt 0.624933 0.513996
vt 0.609624 0.502564
vt 0.563329 0.548219
vt 0.876656 0.064577
vt 0.669682 0.515022
vt 0.865599 0.056102
vt 0.677901 0.517399
vt 0.347734 0.224246
vt 0.900673 0.062138
vt 0.666385 0.520738
vt 0.661463 0.535942
vt 0.675138 0.508329
vt 0.924725 0.048449
vt 0.684723 0.510808
vt 0.674981 0.543140
vt 0.674517 0.504926
vt 0.663012 0.509372
vt 0.686115 0.512709
vt 0.694893 0.525281
vt 0.694514 0.528715
vt 0.687166 0.520206
vt 0.681902 0.533963
vt 0.681549 0.507402
vt 0.690675 0.525450
vt 0.697259 0.527147
vt 0.698689 0.525709
vt 0.698615 0.524909
vt 0.653954 0.490713
vt 0.697480 0.527960
vt 0.696082 0.527404
vt 0.687227 0.511272
vt 0.695596 0.527807
vt 0.686659 0.515257
vt 0.700815 0.528225
vt 0.694948 0.523882
vt 0.689835 0.511334
vt 0.654607 0.496207
vt 0.689140 0.526389
vt 0.689070 0.510759
vt 0.694859 0.526794
vt 0.694948 0.523882
vt 0.689583 0.519801
vt 0.690052 0.519487
vt 0.686604 0.507716
vt 0.692388 0.525581
vt 0.691888 0.524458
vt 0.690337 0.510821
vt 0.683850 0.507879
vt 0.690615 0.511202
vt 0.690946 0.511300
vt 0.690738 0.511337
vt 0.689555 0.527055
vt 0.684373 0.518364
vt 0.683934 0.493808
vt 0.700842 0.523223
vt 0.689161 0.518565
vt 0.944960 0.045902
vt 0.960258 0.062666
vt 0.872453 0.044874
vt 0.692199 0.529758
vt 0.908809 0.395811
vt 0.663711 0.562252
vt 0.690374 0.514679
vt 0.690582 0.515742
vt 0.696375 0.517377
vt 0.702209 0.523208
vt 0.915217 0.033999
vt 0.632276 0.479742
vt 0.677285 0.531847
vt 0.895845 0.047740
vt 0.697461 0.515583
vt 0.699976 0.517344
vt 0.921946 0.401748
vt 0.592074 0.489376
vt 0.927003 0.037404
vt 0.889076 0.031578
vt 0.876453 0.026110
vt 0.585256 0.486319
vt 0.070399 0.929128
vt 0.340661 0.204131
vt 0.903416 0.026681
vt 0.913855 0.017670
vt 0.932165 0.025037
vt 0.691448 0.496065
vt 0.946171 0.021629
vt 0.862510 0.018646
vt 0.660997 0.465669
vt 0.882287 0.015618
vt 0.887623 0.010084
vt 0.616051 0.472586
vt 0.873632 0.012577
vt 0.644401 0.460194
vt 0.679039 0.464135
vt 0.662111 0.462071
vt 0.605639 0.470631
vt 0.865988 0.003860
vt 0.037432 0.996553
vt 0.611781 0.466150
vt 0.615022 0.462391
vt 0.936364 0.012596
vt 0.877031 0.004688
vt 0.648071 0.139753
vt 0.521942 0.198055
vt 0.669685 0.456995
vt 0.027383 0.999969
vt 0.679900 0.104789
vt 0.679259 0.105155
vt 0.942174 0.416735
vt 0.872236 0.003312
vt 0.618651 0.458873
vt 0.882330 0.005199
vt 0.909543 0.007699
vt 0.549443 0.196729
vt 0.652561 0.133718
vt 0.538092 0.197277
vt 0.940829 0.010156
vt 0.954349 0.012180
vt 0.959850 0.011846
vt 0.662974 0.455644
vt 0.653193 0.133438
vt 0.087014 0.961840
vt 0.079318 0.965375
vt 0.961583 0.036675
vt 0.060484 0.966148
vt 0.063199 0.959496
vt 0.048565 0.967741
vt 0.048741 0.953596
vt 0.024939 0.943972
vt 0.052837 0.931182
vt 0.056228 0.929506
vt 0.054361 0.930740
vt 0.055931 0.914675
vt 0.020683 0.950615
vt 0.050260 0.924994
vt 0.026365 0.971376
vt 0.633637 0.167246
vt 0.020552 0.937855
vt 0.025591 0.997183
vt 0.629174 0.182651
vt 0.083775 0.943261
vt 0.057435 0.911559
vt 0.056149 0.911867
vt 0.024503 0.994437
vt 0.627696 0.202574
vt 0.014181 0.965339
vt 0.633070 0.165568
vt 0.062785 0.278973
vt 0.000283 0.246722
vt 0.061555 0.295605
vt 0.023734 0.289629
vt 0.012374 0.255868
vt 0.056946 0.280178
vt 0.050044 0.319332
vt 0.057363 0.316451
vt 0.102156 0.281775
vt 0.048403 0.306785
vt 0.063656 0.268430
vt 0.080809 0.267404
vt 0.101400 0.307779
vt 0.112720 0.287077
vt 0.098820 0.281796
vt 0.025752 0.246644
vt 0.070666 0.262417
vt 0.643514 0.576098
vt 0.361222 0.381362
vt 0.072590 0.253351
vt 0.027054 0.326530
vt 0.102900 0.258420
vt 0.079545 0.235119
vt 0.011796 0.309489
vt 0.068662 0.236907
vt 0.019162 0.235005
vt 0.004430 0.204488
vt 0.061810 0.222183
vt 0.064284 0.219641
vt 0.012740 0.351586
vt 0.072261 0.220524
vt 0.080105 0.202011
vt 0.024846 0.207434
vt 0.007057 0.382678
vt 0.083927 0.215394
vt 0.031156 0.376101
vt 0.097336 0.204912
vt 0.040373 0.192971
vt 0.577754 0.449934
vt 0.088706 0.196735
vt 0.092055 0.195791
vt 0.063229 0.194858
vt 0.100948 0.210569
vt 0.050140 0.358628
vt 0.082405 0.186012
vt 0.015801 0.388434
vt 0.071817 0.188034
vt 0.043008 0.175929
vt 0.074884 0.190426
vt 0.059124 0.374969
vt 0.042958 0.167017
vt 0.009116 0.202129
vt 0.056579 0.384571
vt 0.075821 0.185945
vt 0.068516 0.186672
vt 0.060147 0.373727
vt 0.068031 0.181857
vt 0.101084 0.188214
vt 0.094759 0.174913
vt 0.090124 0.173449
vt 0.074740 0.176753
vt 0.030360 0.134210
vt 0.664367 0.562273
vt 0.033627 0.139377
vt 0.061184 0.373558
vt 0.051955 0.165831
vt 0.048680 0.400540
vt 0.054563 0.390748
vt 0.045768 0.408823
vt 0.045669 0.152526
vt 0.059755 0.164732
vt 0.042210 0.146278
vt 0.063550 0.166036
vt 0.039848 0.130672
vt 0.100716 0.166316
vt 0.067877 0.165412
vt 0.098730 0.157999
vt 0.082572 0.160052
vt 0.092301 0.162437
vt 0.725667 0.905416
vt 0.064241 0.161079
vt 0.052597 0.145786
vt 0.066365 0.146466
vt 0.739642 0.909401
vt 0.103307 0.155507
vt 0.298904 0.444679
vt 0.255986 0.964856
vt 0.079749 0.155799
vt 0.085633 0.160619
vt 0.722294 0.903669
vt 0.245916 0.957320
vt 0.063223 0.116172
vt 0.104252 0.155764
vt 0.741624 0.903525
vt 0.233323 0.960567
vt 0.072239 0.146497
vt 0.719386 0.906385
vt 0.732224 0.899967
vt 0.717785 0.907547
vt 0.049456 0.138807
vt 0.721199 0.938019
vt 0.716856 0.908712
vt 0.737921 0.896959
vt 0.247495 0.944910
vt 0.231002 0.938033
vt 0.258475 0.959345
vt 0.225917 0.953829
vt 0.245514 0.930348
vt 0.260300 0.948037
vt 0.253753 0.941160
vt 0.703897 0.909992
vt 0.709441 0.921371
vt 0.689912 0.978019
vt 0.259133 0.939759
vt 0.331635 0.001198
vt 0.332192 0.000697
vt 0.705581 0.983644
vt 0.251583 0.929332
vt 0.752754 0.909695
vt 0.331086 0.000918
vt 0.329949 0.001255
vt 0.327905 0.001091
vt 0.332177 0.000494
vt 0.695881 0.966641
vt 0.693962 0.968932
vt 0.692359 0.976073
vt 0.064622 0.124612
vt 0.332661 0.000768
vt 0.332661 0.000768
vt 0.335173 0.001147
vt 0.329857 0.001882
vt 0.332343 0.000301
vt 0.329671 0.001826
vt 0.327903 0.001959
vt 0.332730 0.001428
vt 0.327338 0.000542
vt 0.701940 0.969665
vt 0.264360 0.958333
vt 0.703216 0.970968
vt 0.694202 0.967090
vt 0.701140 0.968407
vt 0.696071 0.968047
vt 0.707195 0.978426
vt 0.695274 0.969229
vt 0.688949 0.976010
vt 0.696601 0.977347
vt 0.696241 0.988423
vt 0.697667 0.908085
vt 0.705448 0.977497
vt 0.706657 0.979062
vt 0.702345 0.903912
vt 0.696813 0.969526
vt 0.706126 0.978440
vt 0.711685 0.978730
vt 0.710778 0.983752
vt 0.697751 0.982365
vt 0.707168 0.901104
vt 0.713183 0.978741
vt 0.710840 0.981013
vt 0.711240 0.983671
vt 0.706119 0.917097
vt 0.710510 0.978612
vt 0.705278 0.981630
vt 0.706100 0.977622
vt 0.704155 0.979222
vt 0.705447 0.979110
vt 0.705447 0.979110
vt 0.911179 0.430600
vt 0.914612 0.404795
vt 0.719782 0.922972
vt 0.718468 0.931470
vt 0.712749 0.977038
vt 0.705412 0.978660
vt 0.713893 0.978971
vt 0.703726 0.977743
vt 0.703559 0.980707
vt 0.691246 0.971241
vt 0.712327 0.896208
vt 0.714952 0.898751
vt 0.703567 0.980956
vt 0.703878 0.980710
vt 0.703474 0.981219
vt 0.703474 0.981219
vt 0.713027 0.982899
vt 0.691441 0.971595
vt 0.693878 0.909329
vt 0.698441 0.986466
vt 0.702982 0.945527
vt 0.698971 0.935770
vt 0.912075 0.421358
vt 0.909798 0.421711
vt 0.703915 0.981886
vt 0.703484 0.982328
vt 0.703291 0.982451
vt 0.698351 0.929385
vt 0.911026 0.422038
vt 0.910454 0.422478
vt 0.909615 0.422704
vt 0.910701 0.423271
vt 0.715563 0.982035
vt 0.703837 0.983120
vt 0.909224 0.427597
vt 0.691560 0.971380
vt 0.715586 0.982542
vt 0.702909 0.985024
vt 0.909335 0.423394
vt 0.910069 0.423998
vt 0.910343 0.424850
vt 0.910479 0.428186
vt 0.909040 0.426538
vt 0.910522 0.427225
vt 0.909803 0.427873
vt 0.909772 0.428431
vt 0.908939 0.427885
vt 0.910998 0.428376
vt 0.910779 0.427623
vt 0.684896 0.980842
vt 0.908939 0.427885
vt 0.911510 0.426177
vt 0.698171 0.931213
vt 0.910144 0.423861
vt 0.910860 0.426065
vt 0.910765 0.427914
vt 0.908431 0.427580
vt 0.908482 0.416296
vt 0.692982 0.986180
vt 0.907537 0.430961
vt 0.755311 0.904026
vt 0.910289 0.424710
vt 0.909429 0.427025
vt 0.906914 0.431109
vt 0.701735 0.942280
vt 0.703682 0.983133
vt 0.914180 0.450147
vt 0.068967 0.120285
vt 0.709878 0.939772
vt 0.704645 0.934610
vt 0.906252 0.420666
vt 0.913217 0.422568
vt 0.699464 0.974586
vt 0.903266 0.485628
vt 0.918062 0.411342
vt 0.914329 0.420224
vt 0.913351 0.419040
vt 0.696716 0.934926
vt 0.912305 0.418302
vt 0.906350 0.427651
vt 0.911179 0.430600
vt 0.696429 0.939880
vt 0.910876 0.416859
vt 0.913005 0.419081
vt 0.701895 0.931398
vt 0.906287 0.453125
vt 0.233669 0.925385
vt 0.915909 0.418276
vt 0.913736 0.414643
vt 0.711942 0.931686
vt 0.910684 0.415550
vt 0.747366 0.895558
vt 0.261076 0.941479
vt 0.703141 0.478088
vt 0.273030 0.955639
vt 0.702765 0.527528
vt 0.758423 0.896345
vt 0.275415 0.961487
vt 0.910286 0.402298
vt 0.906258 0.399242
vt 0.707330 0.934746
vt 0.255863 0.920441
vt 0.700306 0.944370
vt 0.759029 0.890712
vt 0.924311 0.432123
vt 0.270185 0.942026
vt 0.269640 0.461635
vt 0.275644 0.947447
vt 0.771786 0.890948
vt 0.939522 0.457331
vt 0.921930 0.420955
vt 0.943954 0.460307
vt 0.280424 0.960157
vt 0.267877 0.931321
vt 0.766348 0.880433
vt 0.272962 0.922472
vt 0.290257 0.952535
vt 0.907961 0.481772
vt 0.261512 0.912902
vt 0.282079 0.946272
vt 0.266623 0.913907
vt 0.765128 0.884219
vt 0.264494 0.963681
vt 0.276707 0.930369
vt 0.286756 0.936331
vt 0.271874 0.915783
vt 0.283926 0.923850
vt 0.267102 0.904272
vt 0.771816 0.878142
vt 0.259030 0.897278
vt 0.774737 0.894405
vt 0.773943 0.886496
vt 0.290826 0.928446
vt 0.778802 0.879127
vt 0.276128 0.910355
vt 0.780143 0.881350
vt 0.945693 0.424121
vt 0.252749 0.898494
vt 0.299912 0.951181
vt 0.779690 0.881388
vt 0.300102 0.955191
vt 0.272815 0.906247
vt 0.284362 0.923233
vt 0.786655 0.886239
vt 0.243436 0.887572
vt 0.262739 0.895534
vt 0.278705 0.899628
vt 0.784356 0.888147
vt 0.786567 0.887991
vt 0.295816 0.937904
vt 0.282230 0.910028
vt 0.293551 0.941963
vt 0.264901 0.886165
vt 0.788880 0.885350
vt 0.288236 0.917358
vt 0.289452 0.701440
vt 0.380120 0.719547
vt 0.374821 0.716513
vt 0.947939 0.447631
vt 0.288887 0.913683
vt 0.291773 0.921637
vt 0.287557 0.911795
vt 0.306660 0.957638
vt 0.304308 0.957978
vt 0.280549 0.709453
vt 0.304685 0.949296
vt 0.264996 0.884263
vt 0.282407 0.902007
vt 0.296468 0.933150
vt 0.303459 0.948609
vt 0.298375 0.938343
vt 0.265571 0.718042
vt 0.952145 0.464312
vt 0.331255 0.000442
vt 0.652911 0.133373
vt 0.633791 0.165587
vt 0.533454 0.197121
vt 0.502536 0.201706
vt 0.662616 0.455158
vt 0.616267 0.188080
vt 0.619295 0.208396
vt 0.550734 0.192791
vt 0.504892 0.196905
vt 0.665000 0.085994
vt 0.656110 0.120750
vt 0.665898 0.101608
vt 0.396321 0.798132
vt 0.628075 0.146382
vt 0.645906 0.125336
vt 0.531572 0.187178
vt 0.493597 0.190508
vt 0.649396 0.052785
vt 0.659910 0.054846
vt 0.373459 0.747085
vt 0.649192 0.046845
vt 0.646406 0.043566
vt 0.608241 0.185038
vt 0.618775 0.178726
vt 0.650660 0.072721
vt 0.648961 0.056570
vt 0.380052 0.741253
vt 0.650896 0.058295
vt 0.651907 0.058656
vt 0.646942 0.055370
vt 0.646964 0.045443
vt 0.646862 0.044876
vt 0.648603 0.042920
vt 0.646807 0.045701
vt 0.648525 0.043723
vt 0.407234 0.798360
vt 0.645840 0.049483
vt 0.657814 0.110346
vt 0.645660 0.052599
vt 0.648198 0.058918
vt 0.591401 0.188969
vt 0.645630 0.057389
vt 0.648130 0.079952
vt 0.646082 0.064425
vt 0.650633 0.067981
vt 0.646888 0.060647
vt 0.647553 0.065319
vt 0.646322 0.064303
vt 0.638147 0.062337
vt 0.647291 0.072901
vt 0.646512 0.065309
vt 0.646323 0.065255
vt 0.648272 0.065221
vt 0.648521 0.065447
vt 0.646033 0.065135
vt 0.648512 0.065088
vt 0.646152 0.064671
vt 0.648288 0.067753
vt 0.648288 0.067753
vt 0.650828 0.070360
vt 0.647582 0.067396
vt 0.646896 0.064384
vt 0.647924 0.065089
vt 0.658699 0.101683
vt 0.489229 0.186343
vt 0.646978 0.072077
vt 0.666566 0.068801
vt 0.501825 0.181518
vt 0.555339 0.185411
vt 0.658992 0.098648
vt 0.633918 0.068460
vt 0.643954 0.071268
vt 0.545132 0.159112
vt 0.625085 0.079319
vt 0.415485 0.799107
vt 0.495448 0.173857
vt 0.420203 0.799081
vt 0.638007 0.090890
vt 0.642427 0.077978
vt 0.645466 0.085922
vt 0.643033 0.084158
vt 0.652140 0.096011
vt 0.624919 0.068469
vt 0.568076 0.161744
vt 0.600458 0.163658
vt 0.643215 0.079160
vt 0.600391 0.161670
vt 0.588867 0.161446
vt 0.525772 0.178710
vt 0.554019 0.164632
vt 0.624233 0.117453
vt 0.641727 0.092495
vt 0.491663 0.169773
vt 0.637931 0.095819
vt 0.438486 0.805757
vt 0.644339 0.094612
vt 0.608046 0.082116
vt 0.625935 0.097785
vt 0.637870 0.094876
vt 0.571756 0.143446
vt 0.601115 0.077629
vt 0.501410 0.163853
vt 0.622734 0.097330
vt 0.619443 0.097459
vt 0.515425 0.168188
vt 0.594421 0.161426
vt 0.624429 0.059050
vt 0.596619 0.072059
vt 0.585760 0.120272
vt 0.580264 0.144717
vt 0.598379 0.087296
vt 0.592339 0.140620
vt 0.555256 0.149256
vt 0.513373 0.152455
vt 0.613774 0.098292
vt 0.600423 0.098503
vt 0.494220 0.153278
vt 0.579877 0.141087
vt 0.453534 0.801340
vt 0.558093 0.132842
vt 0.531721 0.142195
vt 0.606679 0.098098
vt 0.512419 0.137100
vt 0.595933 0.096694
vt 0.587140 0.094835
vt 0.593861 0.066786
vt 0.512357 0.134794
vt 0.575488 0.112480
vt 0.579632 0.078175
vt 0.499975 0.138833
vt 0.513399 0.129578
vt 0.571642 0.114725
vt 0.505347 0.132201
vt 0.574970 0.090917
vt 0.570267 0.116035
vt 0.565469 0.112497
vt 0.524737 0.134942
vt 0.561381 0.110764
vt 0.576423 0.064502
vt 0.562973 0.091430
vt 0.545151 0.098744
vt 0.558731 0.074629
vt 0.506368 0.092739
vt 0.502795 0.115639
vt 0.551997 0.093907
vt 0.556891 0.080634
vt 0.561307 0.081174
vt 0.553723 0.081046
vt 0.500227 0.084100
vt 0.548743 0.090979
vt 0.548347 0.070185
vt 0.540891 0.089224
vt 0.543370 0.079748
vt 0.563970 0.061726
vt 0.535361 0.071380
vt 0.513813 0.103291
vt 0.533076 0.068567
vt 0.544974 0.056977
vt 0.539415 0.076301
vt 0.190862 0.850274
vt 0.527449 0.075648
vt 0.538861 0.055987
vt 0.509588 0.077673
vt 0.495209 0.077257
vt 0.532852 0.051319
vt 0.493615 0.064048
vt 0.409487 0.839243
vt 0.526075 0.053020
vt 0.195089 0.854375
vt 0.531976 0.048772
vt 0.506068 0.063497
vt 0.483755 0.358479
vt 0.640461 0.381484
vt 0.672581 0.641495
vt 0.738035 0.374137
vt 0.660560 0.376778
vt 0.188224 0.417935
vt 0.683765 0.377816
vt 0.455750 0.326086
vt 0.431411 0.292471
vt 0.408199 0.273622
vt 0.491546 0.388926
vt 0.466449 0.332021
vt 0.394396 0.236053
vt 0.431154 0.306561
vt 0.504977 0.386028
vt 0.453259 0.313672
vt 0.489508 0.374005
vt 0.496462 0.384632
vt 0.441660 0.290264
vt 0.381938 0.210733
vt 0.413123 0.247282
vt 0.473627 0.323543
vt 0.400633 0.258669
vt 0.489623 0.338722
vt 0.421438 0.262637
vt 0.505337 0.393432
vt 0.390928 0.183271
vt 0.500075 0.358400
vt 0.386489 0.163789
vt 0.374500 0.173913
vt 0.479797 0.332281
vt 0.430970 0.279106
vt 0.454412 0.306297
vt 0.492875 0.327066
vt 0.409908 0.230359
vt 0.457113 0.293943
vt 0.507459 0.373840
vt 0.430289 0.273477
vt 0.496272 0.310536
vt 0.516214 0.368014
vt 0.516432 0.382774
vt 0.461389 0.290123
vt 0.390601 0.167193
vt 0.394014 0.210034
vt 0.468271 0.286052
vt 0.409002 0.215732
vt 0.428589 0.233990
vt 0.524453 0.378779
vt 0.480356 0.305432
vt 0.437658 0.258630
vt 0.531983 0.341963
vt 0.171586 0.389197
vt 0.533369 0.377224
vt 0.508584 0.329843
vt 0.411704 0.203302
vt 0.489538 0.304055
vt 0.457581 0.278450
vt 0.482720 0.289279
vt 0.445821 0.251347
vt 0.506522 0.306551
vt 0.469422 0.273923
vt 0.441043 0.251395
vt 0.495210 0.291313
vt 0.526001 0.362877
vt 0.414517 0.178354
vt 0.458555 0.260668
vt 0.428954 0.215906
vt 0.511122 0.305903
vt 0.489445 0.277817
vt 0.440460 0.219610
vt 0.527886 0.335043
vt 0.451569 0.242583
vt 0.476314 0.272384
vt 0.540544 0.367994
vt 0.478804 0.261109
vt 0.459463 0.248239
vt 0.444940 0.206812
vt 0.509484 0.278538
vt 0.450347 0.200711
vt 0.421952 0.163886
vt 0.128061 0.357575
vt 0.183264 0.376902
vt 0.504856 0.287073
vt 0.538882 0.304915
vt 0.547813 0.362639
vt 0.548827 0.349892
vt 0.456600 0.235037
vt 0.519012 0.296280
vt 0.497941 0.279429
vt 0.426418 0.165939
vt 0.433495 0.148230
vt 0.528250 0.323211
vt 0.429511 0.160256
vt 0.508398 0.260483
vt 0.563995 0.358677
vt 0.542136 0.320156
vt 0.550785 0.327922
vt 0.547339 0.331726
vt 0.556273 0.329592
vt 0.548016 0.318533
vt 0.552263 0.322933
vt 0.497261 0.264664
vt 0.555249 0.352437
vt 0.824382 0.551569
vt 0.559927 0.363682
vt 0.474622 0.250835
vt 0.555005 0.326293
vt 0.528749 0.288613
vt 0.553608 0.320541
vt 0.836585 0.551688
vt 0.841743 0.550179
vt 0.495423 0.264215
vt 0.516426 0.271680
vt 0.465004 0.207712
vt 0.545810 0.298983
vt 0.478742 0.239968
vt 0.472907 0.227407
vt 0.444972 0.182822
vt 0.846149 0.549234
vt 0.554106 0.310133
vt 0.431073 0.178254
vt 0.531958 0.285815
vt 0.542689 0.378103
vt 0.571863 0.353144
vt 0.453382 0.178655
vt 0.580016 0.355580
vt 0.578855 0.353796
vt 0.579457 0.356695
vt 0.850398 0.547108
vt 0.452536 0.153968
vt 0.571727 0.339559
vt 0.554431 0.345542
vt 0.569858 0.347202
vt 0.552347 0.297239
vt 0.539484 0.271834
vt 0.800312 0.552234
vt 0.566378 0.338020
vt 0.856176 0.544703
vt 0.517649 0.267731
vt 0.535233 0.271495
vt 0.543829 0.274556
vt 0.489082 0.235927
vt 0.555923 0.296392
vt 0.443573 0.167684
vt 0.558329 0.287900
vt 0.529687 0.264967
vt 0.456159 0.148861
vt 0.466055 0.190532
vt 0.455677 0.166368
vt 0.477460 0.204953
vt 0.493526 0.229536
vt 0.100751 0.352014
vt 0.558487 0.290914
vt 0.509440 0.252161
vt 0.553753 0.266935
vt 0.514841 0.254078
vt 0.545894 0.266979
vt 0.508133 0.241894
vt 0.557476 0.263546
vt 0.471537 0.180302
vt 0.874810 0.858200
vt 0.563206 0.278676
vt 0.460114 0.134602
vt 0.460920 0.113922
vt 0.697448 0.178130
vt 0.466646 0.158701
vt 0.486962 0.206072
vt 0.516628 0.245971
vt 0.510888 0.239937
vt 0.569190 0.273675
vt 0.875851 0.860516
vt 0.680288 0.175800
vt 0.704980 0.177544
vt 0.558331 0.259298
vt 0.724145 0.185818
vt 0.574107 0.277185
vt 0.570526 0.275365
vt 0.462146 0.118820
vt 0.026058 0.897139
vt 0.029100 0.875399
vt 0.529291 0.254715
vt 0.536741 0.257448
vt 0.575506 0.276837
vt 0.509151 0.237068
vt 0.479892 0.188404
vt 0.467272 0.157557
vt 0.075762 0.807587
vt 0.564932 0.264606
vt 0.086766 0.804302
vt 0.572336 0.273845
vt 0.025807 0.882043
vt 0.512978 0.242886
vt 0.523824 0.251982
vt 0.066469 0.813429
vt 0.069777 0.811401
vt 0.867524 0.528739
vt 0.147755 0.454536
vt 0.729173 0.692149
vt 0.125777 0.476933
vt 0.116021 0.467421
vt 0.158129 0.441809
vt 0.187254 0.423682
vt 0.182759 0.416859
vt 0.148348 0.446611
vt 0.152746 0.437794
vt 0.130814 0.460997
vt 0.124213 0.464836
vt 0.129329 0.445037
vt 0.174802 0.414878
vt 0.150337 0.430115
vt 0.136229 0.433096
vt 0.119785 0.450831
vt 0.157912 0.405821
vt 0.787485 0.791738
vt 0.109930 0.443463
vt 0.124710 0.434819
vt 0.802223 0.796983
vt 0.159537 0.396326
vt 0.156592 0.396076
vt 0.144778 0.406819
vt 0.116937 0.432845
vt 0.123278 0.425673
vt 0.169660 0.400742
vt 0.117309 0.439971
vt 0.109739 0.429942
vt 0.108032 0.430966
vt 0.136321 0.420830
vt 0.123037 0.415345
vt 0.407005 0.175358
vt 0.113866 0.416515
vt 0.163778 0.395630
vt 0.134394 0.378679
vt 0.147366 0.385060
vt 0.178651 0.360421
vt 0.161932 0.321066
vt 0.129215 0.390152
vt 0.165348 0.208639
vt 0.122865 0.375247
vt 0.135318 0.370497
vt 0.427944 0.152104
vt 0.169995 0.210440
vt 0.856263 0.835647
vt 0.129873 0.352163
vt 0.117740 0.372247
vt 0.158698 0.211564
vt 0.178368 0.208175
vt 0.147554 0.316105
vt 0.106399 0.364732
vt 0.155353 0.213079
vt 0.153528 0.212542
vt 0.164002 0.192319
vt 0.202649 0.333267
vt 0.166564 0.228066
vt 0.132496 0.355325
vt 0.113422 0.358528
vt 0.101808 0.355766
vt 0.452459 0.129855
vt 0.106652 0.351223
vt 0.441887 0.146727
vt 0.860135 0.854625
vt 0.098008 0.351011
vt 0.162643 0.170697
vt 0.144113 0.194802
vt 0.099342 0.351532
vt 0.099377 0.350904
vt 0.180901 0.322680
vt 0.163970 0.318202
vt 0.196217 0.331168
vt 0.145803 0.219481
vt 0.418996 0.169003
vt 0.179604 0.318126
vt 0.138524 0.311581
vt 0.201515 0.335997
vt 0.191235 0.320237
vt 0.145072 0.312617
vt 0.200777 0.322418
vt 0.165483 0.307364
vt 0.163360 0.152875
vt 0.156635 0.316222
vt 0.154050 0.309498
vt 0.167651 0.309596
vt 0.137213 0.160515
vt 0.212183 0.319086
vt 0.184224 0.302224
vt 0.163791 0.137631
vt 0.143712 0.305692
vt 0.186611 0.300052
vt 0.189802 0.223246
vt 0.137097 0.151735
vt 0.201338 0.305700
vt 0.143745 0.301449
vt 0.189679 0.155156
vt 0.139110 0.170218
vt 0.181163 0.196710
vt 0.209002 0.321068
vt 0.202835 0.313001
vt 0.212631 0.317543
vt 0.166824 0.305048
vt 0.135741 0.226887
vt 0.158334 0.246032
vt 0.155342 0.303437
vt 0.155397 0.300871
vt 0.165194 0.252936
vt 0.162075 0.300325
vt 0.135475 0.305306
vt 0.145288 0.226682
vt 0.185485 0.290065
vt 0.140022 0.290793
vt 0.147133 0.294482
vt 0.176527 0.287478
vt 0.199015 0.255296
vt 0.141311 0.277595
vt 0.226762 0.169190
vt 0.144968 0.289052
vt 0.137540 0.286968
vt 0.162028 0.294419
vt 0.173928 0.295728
vt 0.211132 0.305924
vt 0.171731 0.125599
vt 0.198916 0.231811
vt 0.204009 0.287698
vt 0.180293 0.286165
vt 0.182773 0.275880
vt 0.209401 0.298435
vt 0.198955 0.266086
vt 0.190310 0.277119
vt 0.158422 0.291284
vt 0.216321 0.277217
vt 0.151473 0.289214
vt 0.157363 0.290635
vt 0.162425 0.290635
vt 0.152615 0.247716
vt 0.201222 0.274122
vt 0.192537 0.265375
vt 0.171541 0.280211
vt 0.214122 0.285120
vt 0.218197 0.300750
vt 0.220423 0.293230
vt 0.141311 0.277595
vt 0.164570 0.286719
vt 0.164213 0.279857
vt 0.145098 0.278959
vt 0.209581 0.254437
vt 0.173277 0.278517
vt 0.121991 0.235318
vt 0.153930 0.276795
vt 0.225198 0.268114
vt 0.155384 0.284074
vt 0.157216 0.281369
vt 0.181577 0.263078
vt 0.214130 0.244456
vt 0.229093 0.306096
vt 0.227762 0.300847
vt 0.225925 0.285523
vt 0.198957 0.133385
vt 0.159704 0.261050
vt 0.228335 0.283868
vt 0.280481 0.620594
vt 0.286524 0.662810
vt 0.111488 0.624043
vt 0.235385 0.757905
vt 0.136910 0.139361
vt 0.094053 0.629112
vt 0.118364 0.618619
vt 0.179322 0.264908
vt 0.112850 0.187246
vt 0.286330 0.663837
vt 0.177372 0.266953
vt 0.164142 0.273855
vt 0.270011 0.696471
vt 0.139060 0.126035
vt 0.115090 0.149573
vt 0.229160 0.266176
vt 0.225562 0.261820
vt 0.102179 0.628443
vt 0.230057 0.269811
vt 0.080138 0.625001
vt 0.235129 0.188960
vt 0.164098 0.603253
vt 0.229608 0.301305
vt 0.227645 0.305903
vt 0.176181 0.272239
vt 0.122346 0.240849
vt 0.163026 0.112724
vt 0.104160 0.175728
vt 0.230151 0.271081
vt 0.220245 0.246182
vt 0.133364 0.612824
vt 0.235783 0.183995
vt 0.228825 0.296406
vt 0.175734 0.272485
vt 0.167699 0.273036
vt 0.238873 0.751773
vt 0.175508 0.264551
vt 0.287330 0.646849
vt 0.260447 0.708950
vt 0.586842 0.880652
vt 0.886152 0.691671
vt 0.852773 0.173875
vt 0.856282 0.682983
vt 0.702260 0.857774
vt 0.633261 0.886430
vt 0.825137 0.689515
vt 0.805410 0.701501
vt 0.774446 0.741510
vt 0.841909 0.685263
vt 0.873141 0.694222
vt 0.851825 0.688957
vt 0.851158 0.687738
vt 0.835674 0.689142
vt 0.878082 0.700883
vt 0.785369 0.721366
vt 0.886946 0.695725
vt 0.767886 0.738548
vt 0.844237 0.692819
vt 0.847857 0.694399
vt 0.890532 0.707671
vt 0.769301 0.777397
vt 0.853503 0.693060
vt 0.837502 0.692874
vt 0.841596 0.703084
vt 0.822748 0.705143
vt 0.870754 0.708141
vt 0.880557 0.709723
vt 0.831257 0.696701
vt 0.884484 0.711257
vt 0.819591 0.700760
vt 0.116711 0.470622
vt 0.864906 0.712963
vt 0.877972 0.727366
vt 0.799492 0.715749
vt 0.887018 0.716806
vt 0.828477 0.710903
vt 0.843105 0.715189
vt 0.838159 0.711918
vt 0.826152 0.716024
vt 0.875603 0.712340
vt 0.895434 0.747343
vt 0.876312 0.720220
vt 0.819214 0.720159
vt 0.853936 0.709999
vt 0.798046 0.731259
vt 0.833243 0.709365
vt 0.803921 0.727854
vt 0.867183 0.715759
vt 0.882044 0.722382
vt 0.880862 0.722045
vt 0.829479 0.715870
vt 0.873964 0.721129
vt 0.788658 0.790627
vt 0.854218 0.721841
vt 0.794167 0.740512
vt 0.800026 0.746017
vt 0.877724 0.729253
vt 0.813266 0.731416
vt 0.863767 0.723500
vt 0.831236 0.724039
vt 0.788578 0.758480
vt 0.807950 0.742431
vt 0.777806 0.762495
vt 0.838887 0.720825
vt 0.845056 0.719282
vt 0.835448 0.721887
vt 0.870085 0.720326
vt 0.797608 0.768030
vt 0.797664 0.757623
vt 0.827140 0.722718
vt 0.796126 0.778527
vt 0.863274 0.738419
vt 0.847527 0.724868
vt 0.841875 0.730043
vt 0.846683 0.742039
vt 0.890453 0.732290
vt 0.856947 0.736348
vt 0.826322 0.738468
vt 0.821927 0.747323
vt 0.829413 0.730742
vt 0.854324 0.240698
vt 0.837178 0.734675
vt 0.854757 0.732294
vt 0.833381 0.726912
vt 0.838107 0.730860
vt 0.884228 0.774081
vt 0.859136 0.744332
vt 0.886276 0.787648
vt 0.860954 0.751068
vt 0.865793 0.749498
vt 0.839610 0.737890
vt 0.877065 0.764811
vt 0.884941 0.763243
vt 0.870473 0.758328
vt 0.863023 0.748094
vt 0.806294 0.791427
vt 0.872009 0.767719
vt 0.831836 0.741662
vt 0.850912 0.739428
vt 0.841739 0.745787
vt 0.859450 0.762664
vt 0.864667 0.770027
vt 0.857415 0.758126
vt 0.869782 0.787343
vt 0.808980 0.763937
vt 0.816695 0.753842
vt 0.864794 0.755275
vt 0.868324 0.751940
vt 0.837167 0.746574
vt 0.866366 0.752959
vt 0.806913 0.771773
vt 0.822866 0.753496
vt 0.855878 0.782841
vt 0.875777 0.804401
vt 0.868756 0.765055
vt 0.876452 0.771148
vt 0.885152 0.768604
vt 0.834019 0.750589
vt 0.852019 0.772097
vt 0.817753 0.758465
vt 0.849668 0.753289
vt 0.849993 0.750165
vt 0.814705 0.789105
vt 0.830385 0.746583
vt 0.828555 0.754233
vt 0.843401 0.749680
vt 0.845012 0.757965
vt 0.811324 0.781010
vt 0.887845 0.810078
vt 0.109739 0.429942
vt 0.825114 0.772032
vt 0.839082 0.759001
vt 0.809576 0.790013
vt 0.877637 0.773297
vt 0.825751 0.758094
vt 0.824289 0.777330
vt 0.859199 0.770113
vt 0.815535 0.771988
vt 0.872220 0.777376
vt 0.873225 0.773584
vt 0.815942 0.797263
vt 0.821395 0.771101
vt 0.852039 0.763855
vt 0.814871 0.765157
vt 0.845309 0.786502
vt 0.835201 0.754815
vt 0.840234 0.755835
vt 0.826404 0.801530
vt 0.844757 0.772095
vt 0.831394 0.766451
vt 0.824615 0.781557
vt 0.840973 0.761631
vt 0.866013 0.779672
vt 0.890476 0.805334
vt 0.843141 0.774393
vt 0.842222 0.797135
vt 0.831025 0.780255
vt 0.860181 0.775979
vt 0.827624 0.788611
vt 0.833343 0.774443
vt 0.840617 0.775722
vt 0.837173 0.785694
vt 0.862843 0.799435
vt 0.839191 0.782789
vt 0.869799 0.800241
vt 0.836697 0.801777
vt 0.845764 0.797976
vt 0.830321 0.797015
vt 0.837776 0.788317
vt 0.860393 0.809092
vt 0.834610 0.808342
vt 0.891278 0.811249
vt 0.871531 0.814507
vt 0.822778 0.249513
vt 0.864396 0.823455
vt 0.887297 0.834751
vt 0.855943 0.834893
vt 0.860507 0.835387
vt 0.107385 0.367218
vt 0.870452 0.840431
vt 0.898573 0.855518
vt 0.880275 0.845505
vt 0.860135 0.854625
vt 0.861425 0.852504
vt 0.120405 0.801731
vt 0.885342 0.854273
vt 0.459815 0.117297
vt 0.882847 0.863175
vt 0.885366 0.863049
vt 0.888150 0.864307
vt 0.886810 0.864049
vt 0.115510 0.802963
vt 0.559500 0.639632
vt 0.388792 0.764382
vt 0.389103 0.764406
vt 0.300240 0.193369
vt 0.403309 0.706981
vt 0.392322 0.743830
vt 0.597297 0.670822
vt 0.229550 0.457506
vt 0.321025 0.185997
vt 0.206814 0.425174
vt 0.389119 0.766630
vt 0.232351 0.223950
vt 0.404793 0.699598
vt 0.589214 0.662838
vt 0.615412 0.674499
vt 0.626713 0.680316
vt 0.394726 0.790940
vt 0.561202 0.643885
vt 0.610234 0.675439
vt 0.263454 0.727264
vt 0.564939 0.643278
vt 0.601103 0.677206
vt 0.392894 0.773832
vt 0.548612 0.643741
vt 0.571146 0.661767
vt 0.583732 0.666332
vt 0.633976 0.681010
vt 0.398550 0.778910
vt 0.398083 0.753752
vt 0.619921 0.678871
vt 0.636035 0.683711
vt 0.613178 0.678935
vt 0.621938 0.681465
vt 0.398241 0.731434
vt 0.404879 0.740239
vt 0.631378 0.689380
vt 0.553036 0.639341
vt 0.583935 0.669876
vt 0.622275 0.687120
vt 0.619592 0.684187
vt 0.403899 0.793691
vt 0.606733 0.682061
vt 0.586282 0.677407
vt 0.558227 0.671867
vt 0.574214 0.654548
vt 0.549298 0.635547
vt 0.610395 0.685173
vt 0.623226 0.691940
vt 0.395528 0.798070
vt 0.559703 0.672877
vt 0.609473 0.688962
vt 0.407128 0.736372
vt 0.590939 0.683209
vt 0.411850 0.756019
vt 0.427383 0.710979
vt 0.560792 0.658687
vt 0.574128 0.687896
vt 0.432156 0.692169
vt 0.605191 0.690862
vt 0.408805 0.777910
vt 0.549366 0.654843
vt 0.412186 0.738220
vt 0.533001 0.655757
vt 0.410563 0.707931
vt 0.608634 0.695500
vt 0.277725 0.743072
vt 0.611095 0.698472
vt 0.551470 0.662532
vt 0.618364 0.696976
vt 0.419208 0.793518
vt 0.549957 0.672509
vt 0.413524 0.769082
vt 0.585082 0.689389
vt 0.622513 0.700521
vt 0.565863 0.689771
vt 0.600516 0.694245
vt 0.631315 0.695796
vt 0.444219 0.715320
vt 0.416887 0.775313
vt 0.451968 0.694018
vt 0.617916 0.709294
vt 0.546911 0.657452
vt 0.419328 0.733796
vt 0.437665 0.695067
vt 0.421305 0.779066
vt 0.536227 0.648813
vt 0.416775 0.798340
vt 0.579555 0.695330
vt 0.562491 0.690038
vt 0.430497 0.780044
vt 0.619233 0.709089
vt 0.526726 0.660316
vt 0.466915 0.705698
vt 0.438656 0.800520
vt 0.429358 0.795543
vt 0.537893 0.674925
vt 0.604771 0.710546
vt 0.524306 0.672325
vt 0.801857 0.611953
vt 0.800630 0.608723
vt 0.434594 0.741561
vt 0.277407 0.747833
vt 0.588783 0.703211
vt 0.424998 0.752861
vt 0.437863 0.731270
vt 0.623712 0.716367
vt 0.617055 0.727961
vt 0.522925 0.662608
vt 0.518957 0.669563
vt 0.800052 0.603926
vt 0.544441 0.683240
vt 0.531587 0.673546
vt 0.548729 0.682379
vt 0.528183 0.664120
vt 0.601879 0.727307
vt 0.529445 0.676261
vt 0.443884 0.787708
vt 0.613182 0.732328
vt 0.531986 0.681075
vt 0.536355 0.691511
vt 0.432160 0.805003
vt 0.439407 0.741975
vt 0.607481 0.724122
vt 0.579458 0.716037
vt 0.563544 0.706714
vt 0.446646 0.725797
vt 0.433856 0.777137
vt 0.534916 0.683838
vt 0.445825 0.794423
vt 0.556355 0.700483
vt 0.458433 0.715250
vt 0.528645 0.695161
vt 0.564832 0.719304
vt 0.502022 0.682683
vt 0.471853 0.714897
vt 0.480870 0.689818
vt 0.512358 0.689025
vt 0.445316 0.750092
vt 0.448735 0.801299
vt 0.514179 0.673631
vt 0.450213 0.794214
vt 0.513579 0.683519
vt 0.557275 0.722160
vt 0.547713 0.700735
vt 0.468960 0.694533
vt 0.481999 0.697903
vt 0.511898 0.697381
vt 0.498319 0.683676
vt 0.474229 0.699374
vt 0.446273 0.762448
vt 0.512720 0.694664
vt 0.464921 0.749889
vt 0.550815 0.714378
vt 0.518864 0.700275
vt 0.478341 0.702919
vt 0.521776 0.699330
vt 0.503797 0.687513
vt 0.456909 0.781655
vt 0.455666 0.733468
vt 0.572991 0.717423
vt 0.590968 0.712332
vt 0.485843 0.711039
vt 0.599645 0.752900
vt 0.494940 0.711324
vt 0.538174 0.716515
vt 0.458849 0.774818
vt 0.598254 0.738637
vt 0.538621 0.709073
vt 0.462747 0.774002
vt 0.512295 0.702822
vt 0.522516 0.720696
vt 0.478650 0.783888
vt 0.590116 0.747465
vt 0.473894 0.738836
vt 0.602193 0.742924
vt 0.595013 0.748130
vt 0.485198 0.743976
vt 0.562782 0.735476
vt 0.534634 0.753726
vt 0.472774 0.732727
vt 0.505869 0.722580
vt 0.487575 0.728286
vt 0.531936 0.728746
vt 0.486107 0.739118
vt 0.499822 0.735040
vt 0.527404 0.724648
vt 0.492445 0.731354
vt 0.497638 0.741604
vt 0.592557 0.761229
vt 0.499755 0.727162
vt 0.497571 0.729932
vt 0.510725 0.730103
vt 0.554685 0.741001
vt 0.489863 0.143754
vt 0.578926 0.762880
vt 0.576313 0.774173
vt 0.520771 0.733043
vt 0.486107 0.801643
vt 0.551416 0.751013
vt 0.548023 0.739590
vt 0.497815 0.778780
vt 0.508382 0.765733
vt 0.527186 0.770958
vt 0.519272 0.771106
vt 0.531284 0.758919
vt 0.557498 0.751775
vt 0.522705 0.779937
vt 0.522558 0.771489
vt 0.545163 0.754156
vt 0.196584 0.822489
vt 0.554281 0.781922
vt 0.179674 0.835259
vt 0.204308 0.875401
vt 0.474220 0.177455
vt 0.065722 0.814119
vt 0.881814 0.863357
vt 0.836968 0.340696
vt 0.171850 0.819594
vt 0.154478 0.807863
vt 0.043549 0.853042
vt 0.200583 0.880321
vt 0.888986 0.384477
vt 0.086926 0.813092
vt 0.183850 0.850802
vt 0.028319 0.887380
vt 0.033813 0.890388
vt 0.071095 0.819456
vt 0.164152 0.819425
vt 0.157827 0.812719
vt 0.670391 0.156849
vt 0.197144 0.869273
vt 0.202620 0.893608
vt 0.078776 0.915633
vt 0.163988 0.825597
vt 0.158232 0.832932
vt 0.168163 0.829661
vt 0.154311 0.824701
vt 0.158611 0.829530
vt 0.061643 0.830685
vt 0.141186 0.806100
vt 0.193569 0.905622
vt 0.038853 0.883917
vt 0.152064 0.835951
vt 0.053287 0.858935
vt 0.189433 0.896004
vt 0.043897 0.876070
vt 0.050489 0.898433
vt 0.110669 0.821029
vt 0.108893 0.811138
vt 0.148743 0.823933
vt 0.144866 0.821456
vt 0.076448 0.825370
vt 0.082843 0.832708
vt 0.143427 0.831044
vt 0.058050 0.849132
vt 0.063164 0.907744
vt 0.129000 0.818323
vt 0.134423 0.815381
vt 0.133092 0.823403
vt 0.691075 0.155838
vt 0.139169 0.814356
vt 0.181095 0.879688
vt 0.093529 0.823867
vt 0.050125 0.885315
vt 0.074806 0.850469
vt 0.197771 0.887574
vt 0.141017 0.830784
vt 0.105868 0.823869
vt 0.071948 0.843473
vt 0.054331 0.885945
vt 0.089848 0.829502
vt 0.071258 0.927875
vt 0.141580 0.826387
vt 0.707033 0.086263
vt 0.132211 0.826800
vt 0.058504 0.877468
vt 0.062783 0.875832
vt 0.171026 0.856073
vt 0.144433 0.839160
vt 0.132317 0.836559
vt 0.133828 0.834399
vt 0.061620 0.900887
vt 0.129948 0.850577
vt 0.069594 0.901327
vt 0.176505 0.883676
vt 0.091671 0.895776
vt 0.114180 0.823689
vt 0.124262 0.826468
vt 0.174611 0.894706
vt 0.180791 0.906615
vt 0.125247 0.847312
vt 0.081790 0.891833
vt 0.073470 0.897860
vt 0.114667 0.835752
vt 0.072757 0.879923
vt 0.119747 0.822149
vt 0.116897 0.833109
vt 0.087519 0.884663
vt 0.165466 0.892891
vt 0.109887 0.834607
vt 0.118530 0.862943
vt 0.081052 0.849785
vt 0.099695 0.890498
vt 0.119351 0.839470
vt 0.071468 0.859822
vt 0.127508 0.855329
vt 0.068939 0.886785
vt 0.091284 0.837160
vt 0.093090 0.915305
vt 0.076318 0.870028
vt 0.166806 0.912104
vt 0.171373 0.883155
vt 0.092922 0.883222
vt 0.079418 0.885934
vt 0.103507 0.907918
vt 0.105540 0.842692
vt 0.089158 0.846867
vt 0.111166 0.876739
vt 0.110270 0.838604
vt 0.104453 0.844705
vt 0.155892 0.858496
vt 0.155109 0.873681
vt 0.175335 0.875372
vt 0.100621 0.841499
vt 0.084803 0.904870
vt 0.076361 0.881181
vt 0.116965 0.852314
vt 0.093578 0.848834
vt 0.116080 0.847649
vt 0.096197 0.851995
vt 0.114349 0.848961
vt 0.159882 0.874207
vt 0.087292 0.872015
vt 0.082498 0.860021
vt 0.082242 0.885866
vt 0.089658 0.877577
vt 0.125750 0.866056
vt 0.113106 0.877585
vt 0.089282 0.858330
vt 0.102800 0.873071
vt 0.091968 0.879674
vt 0.108163 0.857091
vt 0.099416 0.862898
vt 0.104618 0.860403
vt 0.101725 0.875832
vt 0.096853 0.853481
vt 0.106495 0.850815
vt 0.720609 0.090348
vt 0.170963 0.912983
vt 0.105825 0.857673
vt 0.164563 0.877316
vt 0.098933 0.869652
vt 0.095219 0.865776
vt 0.112264 0.861667
vt 0.112618 0.895319
vt 0.108496 0.885458
vt 0.158689 0.928108
vt 0.125496 0.897722
vt 0.728987 0.152289
vt 0.139643 0.895272
vt 0.162322 0.912371
vt 0.150473 0.875029
vt 0.159597 0.895425
vt 0.181262 0.916842
vt 0.114816 0.888896
vt 0.135784 0.880377
vt 0.109530 0.917841
vt 0.119086 0.888647
vt 0.136125 0.874181
vt 0.159054 0.883976
vt 0.115642 0.922531
vt 0.128217 0.891427
vt 0.153427 0.932478
vt 0.145134 0.886701
vt 0.147925 0.881942
vt 0.735879 0.109324
vt 0.133398 0.888562
vt 0.124855 0.911104
vt 0.142794 0.909612
vt 0.137745 0.925687
vt 0.110507 0.922306
vt 0.155034 0.918262
vt 0.134648 0.930837
vt 0.738015 0.123687
vt 0.127238 0.919033
vt 0.131711 0.930400
vt 0.133020 0.918355
vt 0.142294 0.913526
vt 0.749885 0.203179
vt 0.529291 0.254715
vt 0.719761 0.181224
vt 0.726167 0.044531
vt 0.913678 0.548344
vt 0.667902 0.159741
vt 0.748758 0.199397
vt 0.772239 0.205115
vt 0.690810 0.168368
vt 0.926425 0.557929
vt 0.930470 0.558492
vt 0.721598 0.056037
vt 0.723202 0.050768
vt 0.712581 0.175956
vt 0.739738 0.187979
vt 0.708429 0.059695
vt 0.702704 0.065826
vt 0.696457 0.171857
vt 0.039961 0.904034
vt 0.725060 0.054848
vt 0.727042 0.171474
vt 0.730301 0.061697
vt 0.676748 0.163839
vt 0.692173 0.160750
vt 0.774884 0.187672
vt 0.741702 0.179110
vt 0.691085 0.157028
vt 0.719918 0.070693
vt 0.759707 0.189289
vt 0.696376 0.061143
vt 0.724717 0.062732
vt 0.729977 0.072897
vt 0.738805 0.169833
vt 0.702538 0.163678
vt 0.724398 0.159544
vt 0.745547 0.058107
vt 0.705902 0.078361
vt 0.071258 0.927875
vt 0.697403 0.154203
vt 0.698627 0.154224
vt 0.699700 0.154663
vt 0.701311 0.154521
vt 0.063258 0.911730
vt 0.768456 0.065937
vt 0.722781 0.166520
vt 0.739592 0.069195
vt 0.792120 0.194769
vt 0.774120 0.219101
vt 0.742716 0.059823
vt 0.711479 0.073550
vt 0.735630 0.147759
vt 0.097864 0.922197
vt 0.736604 0.073648
vt 0.719236 0.083101
vt 0.814819 0.187508
vt 0.785240 0.182344
vt 0.734128 0.077164
vt 0.824131 0.185501
vt 0.818455 0.198183
vt 0.722306 0.082668
vt 0.814941 0.208534
vt 0.704274 0.080554
vt 0.814971 0.219790
vt 0.729438 0.081588
vt 0.712953 0.093100
vt 0.827517 0.187290
vt 0.824671 0.212974
vt 0.824711 0.219998
vt 0.807464 0.197529
vt 0.805283 0.203209
vt 0.730082 0.081814
vt 0.795464 0.205937
vt 0.750196 0.073553
vt 0.808220 0.215358
vt 0.179025 0.918027
vt 0.822588 0.234268
vt 0.830055 0.178457
vt 0.832338 0.201824
vt 0.831061 0.213638
vt 0.839610 0.203510
vt 0.732590 0.086321
vt 0.849573 0.217689
vt 0.106117 0.922232
vt 0.765621 0.160073
vt 0.837367 0.211202
vt 0.837967 0.182409
vt 0.765406 0.079863
vt 0.806542 0.222846
vt 0.838328 0.192624
vt 0.830386 0.218058
vt 0.787356 0.176536
vt 0.810132 0.232133
vt 0.819382 0.175038
vt 0.819158 0.877139
vt 0.844153 0.214303
vt 0.735580 0.132701
vt 0.829654 0.173534
vt 0.737652 0.092335
vt 0.734768 0.092183
vt 0.769035 0.070187
vt 0.759356 0.086267
vt 0.827148 0.227664
vt 0.818775 0.893689
vt 0.825713 0.164292
vt 0.811497 0.176766
vt 0.768456 0.065937
vt 0.741432 0.138111
vt 0.728257 0.096165
vt 0.854177 0.229806
vt 0.839389 0.229702
vt 0.787004 0.152401
vt 0.743055 0.115665
vt 0.802065 0.236317
vt 0.742666 0.098765
vt 0.822801 0.164227
vt 0.796810 0.223331
vt 0.752909 0.142597
vt 0.739395 0.102421
vt 0.795620 0.231609
vt 0.828703 0.231226
vt 0.803619 0.239871
vt 0.814460 0.046532
vt 0.832469 0.167434
vt 0.844617 0.232279
vt 0.741394 0.118465
vt 0.152782 0.932857
vt 0.784223 0.081996
vt 0.790553 0.061103
vt 0.820828 0.240204
vt 0.805979 0.051129
vt 0.744815 0.104519
vt 0.747631 0.098776
vt 0.814995 0.157142
vt 0.746526 0.115391
vt 0.822139 0.150236
vt 0.802652 0.061594
vt 0.749331 0.123714
vt 0.820172 0.046871
vt 0.840877 0.241896
vt 0.851900 0.239124
vt 0.953106 0.206269
vt 0.825816 0.050817
vt 0.811167 0.837217
vt 0.844761 0.241256
vt 0.810952 0.838438
vt 0.832881 0.048995
vt 0.832669 0.054628
vt 0.785891 0.092852
vt 0.848939 0.046630
vt 0.782176 0.129953
vt 0.828930 0.057172
vt 0.839273 0.058321
vt 0.963374 0.208655
vt 0.822693 0.817794
vt 0.827001 0.143913
vt 0.820557 0.064115
vt 0.798867 0.070598
vt 0.847157 0.054825
vt 0.822266 0.074519
vt 0.830593 0.062888
vt 0.818364 0.056848
vt 0.788148 0.080483
vt 0.808279 0.069928
vt 0.836187 0.059626
vt 0.841974 0.129894
vt 0.951768 0.202817
vt 0.837918 0.137572
vt 0.827183 0.075673
vt 0.828712 0.072773
vt 0.808997 0.131237
vt 0.813139 0.130375
vt 0.834006 0.128933
vt 0.768533 0.105838
vt 0.802282 0.116854
vt 0.786915 0.124825
vt 0.803744 0.078629
vt 0.796911 0.104231
vt 0.846491 0.108358
vt 0.815443 0.080927
vt 0.840874 0.071560
vt 0.837337 0.112546
vt 0.825665 0.074839
vt 0.827200 0.084541
vt 0.830082 0.127759
vt 0.834295 0.085009
vt 0.826424 0.121334
vt 0.828680 0.086569
vt 0.805001 0.088180
vt 0.907207 0.197642
vt 0.834667 0.104805
vt 0.816732 0.085687
vt 0.833962 0.086959
vt 0.844330 0.083434
vt 0.855284 0.092758
vt 0.816809 0.120444
vt 0.836515 0.097107
vt 0.853647 0.104331
vt 0.841241 0.103973
vt 0.838533 0.099795
vt 0.850223 0.096302
vt 0.854292 0.091200
vt 0.917176 0.198892
vt 0.838178 0.106591
vt 0.831973 0.106596
vt 0.809571 0.114706
vt 0.820772 0.094205
vt 0.809055 0.097000
vt 0.816365 0.107158
vt 0.826033 0.102471
vt 0.813311 0.090020
vt 0.819034 0.092942
vt 0.812334 0.101533
vt 0.812320 0.095918
vt 0.820019 0.111274
vt 0.460721 0.461967
vt 0.458930 0.470438
vt 0.471304 0.420836
vt 0.472991 0.451774
vt 0.387362 0.449527
vt 0.405692 0.437953
vt 0.382259 0.837639
vt 0.414756 0.448014
vt 0.398206 0.466213
vt 0.382792 0.435988
vt 0.394764 0.427642
vt 0.384644 0.452843
vt 0.373471 0.450460
vt 0.420106 0.460284
vt 0.440915 0.470064
vt 0.421936 0.456116
vt 0.435606 0.459644
vt 0.377799 0.453194
vt 0.401913 0.481350
vt 0.389556 0.432987
vt 0.394020 0.474947
vt 0.380739 0.458165
vt 0.417350 0.478619
vt 0.367289 0.463828
vt 0.401479 0.420088
vt 0.413890 0.421429
vt 0.435111 0.418789
vt 0.378534 0.467655
vt 0.387926 0.422525
vt 0.380670 0.427912
vt 0.422904 0.446299
vt 0.430620 0.426502
vt 0.387119 0.413983
vt 0.430069 0.430000
vt 0.420845 0.428173
vt 0.411375 0.493370
vt 0.367792 0.450937
vt 0.473519 0.410845
vt 0.452074 0.418590
vt 0.419141 0.411678
vt 0.377921 0.422416
vt 0.421300 0.413853
vt 0.367389 0.412297
vt 0.439810 0.393663
vt 0.367353 0.439656
vt 0.392947 0.408102
vt 0.402650 0.405616
vt 0.385960 0.405276
vt 0.408570 0.403615
vt 0.362262 0.402176
vt 0.370758 0.479291
vt 0.357902 0.433477
vt 0.424555 0.407068
vt 0.347060 0.430083
vt 0.368397 0.482661
vt 0.393414 0.495413
vt 0.396335 0.404072
vt 0.404981 0.396436
vt 0.349372 0.416639
vt 0.397241 0.506780
vt 0.343634 0.445768
vt 0.368398 0.493063
vt 0.349871 0.455457
vt 0.335201 0.450954
vt 0.376981 0.389909
vt 0.352146 0.498205
vt 0.451319 0.398626
vt 0.404607 0.518032
vt 0.344911 0.426454
vt 0.408609 0.393060
vt 0.334454 0.437289
vt 0.421825 0.395925
vt 0.436053 0.399344
vt 0.327124 0.455610
vt 0.343494 0.473775
vt 0.398799 0.394069
vt 0.395494 0.867659
vt 0.372730 0.503007
vt 0.370114 0.502760
vt 0.425729 0.391621
vt 0.374922 0.398595
vt 0.457791 0.391345
vt 0.412840 0.383971
vt 0.396991 0.368398
vt 0.303081 0.860826
vt 0.364546 0.374286
vt 0.403579 0.381520
vt 0.340888 0.478729
vt 0.383909 0.371820
vt 0.431820 0.387570
vt 0.458550 0.367210
vt 0.329182 0.484896
vt 0.405722 0.384792
vt 0.419304 0.385189
vt 0.340688 0.494362
vt 0.370919 0.375247
vt 0.449936 0.375479
vt 0.304650 0.478663
vt 0.357531 0.504504
vt 0.389755 0.393598
vt 0.470192 0.368377
vt 0.407864 0.371388
vt 0.369464 0.519169
vt 0.391459 0.548091
vt 0.311645 0.494466
vt 0.310526 0.474378
vt 0.381208 0.364437
vt 0.212806 0.068911
vt 0.461458 0.359380
vt 0.422132 0.370520
vt 0.378069 0.036333
vt 0.376855 0.575308
vt 0.431230 0.377870
vt 0.420657 0.886268
vt 0.354854 0.518943
vt 0.267614 0.555343
vt 0.390783 0.543397
vt 0.314520 0.488392
vt 0.421951 0.380943
vt 0.454521 0.345723
vt 0.351892 0.522402
vt 0.429864 0.371063
vt 0.389991 0.526151
vt 0.364029 0.529649
vt 0.410800 0.367351
vt 0.436171 0.371520
vt 0.275760 0.552322
vt 0.422977 0.350152
vt 0.426837 0.359619
vt 0.371989 0.365678
vt 0.278195 0.553816
vt 0.351439 0.525018
vt 0.377898 0.543428
vt 0.374193 0.560290
vt 0.279126 0.554484
vt 0.376381 0.360445
vt 0.349543 0.525185
vt 0.412024 0.360321
vt 0.420159 0.354959
vt 0.374927 0.361219
vt 0.299388 0.492577
vt 0.389982 0.356394
vt 0.415538 0.362049
vt 0.296597 0.557885
vt 0.292191 0.558310
vt 0.289333 0.557023
vt 0.389196 0.354003
vt 0.351306 0.537620
vt 0.337255 0.514767
vt 0.293659 0.557024
vt 0.438276 0.357579
vt 0.370463 0.552934
vt 0.364770 0.544633
vt 0.358913 0.560320
vt 0.400465 0.346965
vt 0.414478 0.345945
vt 0.293634 0.549639
vt 0.306521 0.552341
vt 0.428484 0.358732
vt 0.347562 0.550365
vt 0.421458 0.321674
vt 0.423726 0.354489
vt 0.311738 0.504641
vt 0.283042 0.549420
vt 0.336737 0.560153
vt 0.295859 0.548178
vt 0.340832 0.527207
vt 0.287413 0.533579
vt 0.454722 0.337481
vt 0.308979 0.521285
vt 0.327277 0.543623
vt 0.435859 0.325321
vt 0.341111 0.554187
vt 0.425699 0.336303
vt 0.305326 0.539687
vt 0.445729 0.360518
vt 0.447678 0.336658
vt 0.274653 0.524303
vt 0.323234 0.514400
vt 0.272850 0.533206
vt 0.368711 0.574348
vt 0.439992 0.345230
vt 0.299180 0.542589
vt 0.443403 0.331584
vt 0.366584 0.576567
vt 0.314586 0.546056
vt 0.305279 0.527014
vt 0.346662 0.555514
vt 0.451011 0.348962
vt 0.319965 0.532342
vt 0.306236 0.530618
vt 0.429428 0.324180
vt 0.290227 0.524215
vt 0.429247 0.337240
vt 0.436091 0.329805
vt 0.432199 0.335244
vt 0.349456 0.571076
vt 0.291570 0.522387
vt 0.293317 0.521352
vt 0.305420 0.512480
vt 0.294120 0.498290
vt 0.295848 0.507382
vt 0.279729 0.520553
vt 0.289258 0.488376
vt 0.286175 0.707727
vt 0.293389 0.926303
vt 0.272125 0.713642
vt 0.280261 0.898538
vt 0.791040 0.883717
vt 0.354200 0.707787
vt 0.265187 0.724761
vt 0.277793 0.713957
vt 0.380317 0.741113
vt 0.369173 0.717929
vt 0.295257 0.705896
vt 0.287197 0.710710
vt 0.303961 0.693791
vt 0.292005 0.708022
vt 0.302605 0.700626
vt 0.300418 0.701367
vt 0.273362 0.717676
vt 0.275909 0.717207
vt 0.310224 0.695258
vt 0.325088 0.700646
vt 0.368326 0.711895
vt 0.376538 0.736632
vt 0.362792 0.730997
vt 0.368674 0.730842
vt 0.353700 0.710230
vt 0.312771 0.700316
vt 0.641337 0.042977
vt 0.369258 0.740509
vt 0.365341 0.730344
vt 0.347029 0.719308
vt 0.640583 0.044501
vt 0.297920 0.711539
vt 0.269481 0.728701
vt 0.278779 0.728305
vt 0.378980 0.740230
vt 0.367843 0.733194
vt 0.359576 0.727519
vt 0.374175 0.739490
vt 0.370858 0.734647
vt 0.375005 0.739286
vt 0.368896 0.734015
vt 0.318813 0.706969
vt 0.299171 0.713346
vt 0.282391 0.723440
vt 0.356028 0.743537
vt 0.372625 0.737427
vt 0.373682 0.738791
vt 0.376638 0.741147
vt 0.377644 0.743121
vt 0.294120 0.716297
vt 0.626776 0.053710
vt 0.286331 0.723837
vt 0.292904 0.722584
vt 0.349096 0.735326
vt 0.278614 0.732468
vt 0.307103 0.710469
vt 0.364492 0.751729
vt 0.294544 0.723070
vt 0.327927 0.735944
vt 0.284969 0.741666
vt 0.305279 0.722811
vt 0.277206 0.737994
vt 0.297711 0.736919
vt 0.264466 0.728407
vt 0.279555 0.742463
vt 0.292456 0.734188
vt 0.614424 0.058268
vt 0.309287 0.740282
vt 0.287055 0.736513
vt 0.294448 0.742316
vt 0.314065 0.751959
vt 0.321126 0.761784
vt 0.335308 0.765049
vt 0.352030 0.771032
vt 0.288584 0.747247
vt 0.367788 0.774194
vt 0.351844 0.757858
vt 0.359561 0.776161
vt 0.278367 0.751201
vt 0.368007 0.776413
vt 0.309387 0.756091
vt 0.281894 0.753329
vt 0.307471 0.769981
vt 0.332159 0.774431
vt 0.320637 0.770937
vt 0.298853 0.774360
vt 0.595653 0.065113
vt 0.288863 0.770417
vt 0.362947 0.785073
vt 0.281574 0.759209
vt 0.626859 0.711497
vt 0.268276 0.763654
vt 0.258405 0.804127
vt 0.293358 0.787093
vt 0.327863 0.816813
vt 0.309788 0.782650
vt 0.268609 0.781485
vt 0.274619 0.788731
vt 0.263178 0.758595
vt 0.349132 0.808660
vt 0.466062 0.462451
vt 0.334735 0.827551
vt 0.314731 0.825519
vt 0.245549 0.781601
vt 0.460998 0.471840
vt 0.367821 0.817553
vt 0.475775 0.448185
vt 0.291680 0.805213
vt 0.283609 0.804093
vt 0.240000 0.795586
vt 0.548770 0.052230
vt 0.288676 0.809957
vt 0.281119 0.800376
vt 0.280373 0.798587
vt 0.275947 0.804430
vt 0.296039 0.859202
vt 0.289410 0.803147
vt 0.280548 0.807100
vt 0.275585 0.815011
vt 0.266746 0.802478
vt 0.231348 0.793748
vt 0.264553 0.813890
vt 0.265734 0.806555
vt 0.281748 0.813755
vt 0.443738 0.483323
vt 0.287861 0.845860
vt 0.481474 0.420041
vt 0.597261 0.755680
vt 0.293718 0.831045
vt 0.436484 0.491220
vt 0.243408 0.807796
vt 0.265519 0.817448
vt 0.232761 0.806877
vt 0.261860 0.818805
vt 0.271013 0.836311
vt 0.232075 0.819742
vt 0.277395 0.852199
vt 0.437116 0.490693
vt 0.394201 0.842135
vt 0.395758 0.843319
vt 0.282957 0.852186
vt 0.232779 0.805532
vt 0.247889 0.829874
vt 0.264198 0.832217
vt 0.225563 0.822381
vt 0.249176 0.824039
vt 0.214866 0.823277
vt 0.258451 0.830869
vt 0.400844 0.847846
vt 0.400034 0.847518
vt 0.258523 0.831596
vt 0.298654 0.866001
vt 0.227767 0.806276
vt 0.258617 0.836112
vt 0.256014 0.841674
vt 0.250048 0.835719
vt 0.415560 0.840522
vt 0.207420 0.813626
vt 0.276705 0.869883
vt 0.253873 0.840683
vt 0.200203 0.860011
vt 0.224281 0.834904
vt 0.221073 0.829416
vt 0.417792 0.834013
vt 0.207418 0.856695
vt 0.200637 0.846378
vt 0.431481 0.828579
vt 0.213883 0.841894
vt 0.420679 0.835174
vt 0.212180 0.835889
vt 0.421907 0.838069
vt 0.408139 0.855972
vt 0.250137 0.852904
vt 0.244024 0.837038
vt 0.493615 0.064048
vt 0.244533 0.847861
vt 0.425250 0.837960
vt 0.427157 0.847434
vt 0.254007 0.856486
vt 0.244513 0.850825
vt 0.205127 0.849796
vt 0.208707 0.853048
vt 0.440614 0.858367
vt 0.440629 0.855868
vt 0.478091 0.384480
vt 0.231382 0.879444
vt 0.236612 0.874002
vt 0.246207 0.859391
vt 0.431697 0.844020
vt 0.239188 0.877913
vt 0.427816 0.886006
vt 0.422402 0.866012
vt 0.427039 0.889160
vt 0.242256 0.866281
vt 0.477871 0.370010
vt 0.239768 0.863777
vt 0.427330 0.870306
vt 0.413743 0.867053
vt 0.398526 0.861033
vt 0.126442 0.617554
vt 0.141233 0.610495
vt 0.183018 0.114739
vt 0.230647 0.267365
vt 0.165303 0.602098
vt 0.228825 0.296406
vt 0.232713 0.755433
vt 0.234225 0.771978
vt 0.178908 0.265983
vt 0.226674 0.789410
vt 0.079930 0.628608
vt 0.239501 0.723256
vt 0.132897 0.625552
vt 0.227396 0.779225
vt 0.234929 0.740101
vt 0.076957 0.613747
vt 0.222512 0.787817
vt 0.221908 0.789001
vt 0.217538 0.780032
vt 0.226837 0.777947
vt 0.274583 0.655314
vt 0.267985 0.619450
vt 0.250004 0.702008
vt 0.064268 0.639215
vt 0.068347 0.617560
vt 0.273287 0.651977
vt 0.071053 0.611014
vt 0.232257 0.750502
vt 0.434726 0.915081
vt 0.221804 0.771647
vt 0.096362 0.631267
vt 0.145450 0.619708
vt 0.264425 0.679171
vt 0.233300 0.592975
vt 0.078053 0.629535
vt 0.156987 0.624372
vt 0.242701 0.713884
vt 0.237152 0.188626
vt 0.211388 0.782957
vt 0.233468 0.724947
vt 0.231752 0.730775
vt 0.223508 0.746778
vt 0.228221 0.718741
vt 0.208841 0.761922
vt 0.045085 0.642687
vt 0.054848 0.619978
vt 0.149053 0.633330
vt 0.235919 0.705390
vt 0.209487 0.756533
vt 0.168966 0.756170
vt 0.135544 0.636470
vt 0.215428 0.720854
vt 0.239469 0.693219
vt 0.228307 0.710055
vt 0.076957 0.613747
vt 0.219610 0.721317
vt 0.222517 0.612952
vt 0.225644 0.714994
vt 0.070467 0.594403
vt 0.216961 0.738039
vt 0.060238 0.600821
vt 0.191762 0.733495
vt 0.150583 0.654965
vt 0.217422 0.713390
vt 0.254659 0.621388
vt 0.081545 0.648236
vt 0.183163 0.646655
vt 0.205502 0.705324
vt 0.213369 0.710849
vt 0.196526 0.768411
vt 0.095354 0.656732
vt 0.202190 0.709502
vt 0.245813 0.661771
vt 0.200343 0.761628
vt 0.087950 0.664701
vt 0.124786 0.664297
vt 0.481918 0.961219
vt 0.108816 0.676009
vt 0.062288 0.595265
vt 0.079206 0.662548
vt 0.054529 0.575232
vt 0.254869 0.650233
vt 0.198128 0.689017
vt 0.235575 0.660677
vt 0.053312 0.592677
vt 0.202493 0.637039
vt 0.054577 0.606049
vt 0.089929 0.678916
vt 0.059587 0.681824
vt 0.030177 0.590249
vt 0.138338 0.666439
vt 0.169802 0.669146
vt 0.190252 0.649479
vt 0.100149 0.689429
vt 0.064149 0.580335
vt 0.049860 0.585845
vt 0.201339 0.723927
vt 0.181563 0.734667
vt 0.235939 0.629617
vt 0.211672 0.672934
vt 0.205830 0.677882
vt 0.247356 0.627345
vt 0.188642 0.701750
vt 0.193577 0.707791
vt 0.138525 0.668799
vt 0.169416 0.756356
vt 0.221226 0.662363
vt 0.223743 0.659219
vt 0.171691 0.742070
vt 0.029131 0.587343
vt 0.019934 0.588852
vt 0.175766 0.737922
vt 0.144253 0.762268
vt 0.177696 0.693062
vt 0.141695 0.763975
vt 0.221497 0.649251
vt 0.176766 0.738898
vt 0.162230 0.752599
vt 0.141841 0.757401
vt 0.133100 0.678518
vt 0.023734 0.586270
vt 0.138162 0.776172
vt 0.170433 0.727135
vt 0.141695 0.763975
vt 0.525783 0.967055
vt 0.147009 0.741572
vt 0.114895 0.707306
vt 0.139021 0.749414
vt 0.129841 0.694542
vt 0.179478 0.714700
vt 0.113080 0.699870
vt 0.150240 0.678680
vt 0.167015 0.689121
vt 0.210886 0.633334
vt 0.075165 0.732309
vt 0.226725 0.653990
vt 0.223834 0.651023
vt 0.140251 0.733919
vt 0.121996 0.733680
vt 0.170736 0.705919
vt 0.153716 0.731948
vt 0.132312 0.721392
vt 0.160112 0.724852
vt 0.152555 0.720122
vt 0.049436 0.687528
vt 0.140723 0.684139
vt 0.137781 0.766798
vt 0.160582 0.728166
vt 0.132956 0.705208
vt 0.117436 0.745029
vt 0.141681 0.720207
vt 0.090451 0.719069
vt 0.221715 0.643633
vt 0.168885 0.697473
vt 0.221298 0.642395
vt 0.221173 0.640737
vt 0.151549 0.699333
vt 0.595485 0.926052
vt 0.153991 0.718716
vt 0.226042 0.638199
vt 0.139940 0.712559
vt 0.159203 0.714111
vt 0.074461 0.792048
vt 0.061205 0.750798
vt 0.145528 0.703740
vt 0.047491 0.764129
vt 0.094267 0.758789
vt 0.078303 0.769461
vt 0.094503 0.753683
vt 0.152103 0.700084
vt 0.034515 0.779096
vt 0.151740 0.699580
vt 0.065134 0.790278
vt 0.042354 0.780281
vt 0.052737 0.771469
vt 0.062911 0.765049
vt 0.060419 0.762756
vt 0.649407 0.954033
vt 0.648220 0.941774
vt 0.649683 0.953858
vt 0.649322 0.954157
vt 0.650342 0.954609
vt 0.654957 0.936453
vt 0.645144 0.966033
vt 0.632972 0.952893
vt 0.652931 0.945141
vt 0.657694 0.963194
vt 0.669947 0.935709
vt 0.649521 0.930409
vt 0.651486 0.918118
vt 0.615185 0.978540
vt 0.614850 0.951170
vt 0.666120 0.969045
vt 0.636502 0.913037
vt 0.636496 0.993241
vt 0.664137 0.913373
vt 0.620222 0.912476
vt 0.615362 0.923441
vt 0.600729 0.955839
vt 0.684326 0.972569
vt 0.539758 0.043704
vt 0.537228 0.039787
vt 0.536617 0.036212
vt 0.640957 0.903406
vt 0.524714 0.050529
vt 0.534432 0.020904
vt 0.646863 0.908397
vt 0.541518 0.015395
vt 0.529000 0.034546
vt 0.601419 0.970428
vt 0.484967 0.028663
vt 0.691185 0.968114
vt 0.548035 0.045303
vt 0.728477 0.864934
vt 0.536209 0.007631
vt 0.540168 0.007845
vt 0.608198 0.983291
vt 0.691347 0.963399
vt 0.488263 0.037374
vt 0.628759 0.993392
vt 0.646934 0.999401
vt 0.732790 0.851993
vt 0.548421 0.037002
vt 0.518225 0.039698
vt 0.624644 0.994743
vt 0.540942 0.028748
vt 0.517612 0.051897
vt 0.528101 0.030793
vt 0.489974 0.029570
vt 0.747448 0.861371
vt 0.542510 0.025116
vt 0.545462 0.023527
vt 0.503570 0.034899
vt 0.496559 0.043037
vt 0.724718 0.875107
vt 0.523749 0.029772
vt 0.549635 0.023521
vt 0.510511 0.041413
vt 0.514009 0.049120
vt 0.740482 0.851038
vt 0.546983 0.014683
vt 0.510109 0.044622
vt 0.517872 0.034818
vt 0.724230 0.881849
vt 0.501073 0.035568
vt 0.505901 0.038229
vt 0.554097 0.030282
vt 0.555829 0.038119
vt 0.518431 0.034203
vt 0.559818 0.043613
vt 0.508996 0.033907
vt 0.560120 0.033372
vt 0.514211 0.035160
vt 0.583132 0.046098
vt 0.742759 0.878942
vt 0.560238 0.025139
vt 0.567904 0.045465
vt 0.555694 0.012184
vt 0.568015 0.051175
vt 0.726113 0.888701
vt 0.574530 0.037667
vt 0.743594 0.874614
vt 0.715511 0.882356
vt 0.567424 0.006990
vt 0.770970 0.853257
vt 0.567315 0.041495
vt 0.809804 0.872380
vt 0.722982 0.870127
vt 0.764076 0.858553
vt 0.728562 0.886812
vt 0.802978 0.884314
vt 0.565483 0.054611
vt 0.732029 0.876750
vt 0.566094 0.015397
vt 0.808687 0.864254
vt 0.954327 0.105715
vt 0.729595 0.890991
vt 0.730140 0.890834
vt 0.737251 0.884605
vt 0.761950 0.832099
vt 0.773089 0.843997
vt 0.721669 0.892271
vt 0.801404 0.876590
vt 0.841680 0.197398
vt 0.766377 0.827903
vt 0.554091 0.014768
vt 0.824748 0.903213
vt 0.804537 0.876903
vt 0.814362 0.888295
vt 0.946570 0.114089
vt 0.795855 0.857657
vt 0.779678 0.849010
vt 0.766531 0.866503
vt 0.781215 0.827738
vt 0.961968 0.094631
vt 0.572074 0.022510
vt 0.791687 0.869631
vt 0.805561 0.838047
vt 0.707153 0.894067
vt 0.761171 0.877316
vt 0.801767 0.842984
vt 0.720231 0.892373
vt 0.820544 0.902112
vt 0.752464 0.876944
vt 0.949500 0.101869
vt 0.791971 0.875318
vt 0.786847 0.877756
vt 0.777458 0.870711
vt 0.962740 0.091751
vt 0.962135 0.093685
vt 0.690502 0.907002
vt 0.800952 0.887895
vt 0.575472 0.022546
vt 0.958956 0.195810
vt 0.370302 0.833396
vt 0.954671 0.178778
vt 0.940581 0.125231
vt 0.943191 0.136182
vt 0.940486 0.100028
vt 0.953931 0.178757
vt 0.753551 0.816819
vt 0.944591 0.164474
vt 0.948753 0.112721
vt 0.798254 0.885840
vt 0.796337 0.884936
vt 0.587867 0.036319
vt 0.951214 0.092412
vt 0.963375 0.090513
vt 0.368450 0.828378
vt 0.570233 0.013523
vt 0.951683 0.090904
vt 0.590087 0.041146
vt 0.374880 0.847479
vt 0.787905 0.825355
vt 0.585657 0.020864
vt 0.957637 0.193819
vt 0.809361 0.899507
vt 0.933413 0.164707
vt 0.777976 0.873243
vt 0.373134 0.855048
vt 0.805074 0.894359
vt 0.965106 0.201631
vt 0.364306 0.833769
vt 0.883889 0.089137
vt 0.883788 0.090334
vt 0.374961 0.849126
vt 0.884175 0.090313
vt 0.767750 0.809830
vt 0.883848 0.089988
vt 0.704747 0.897726
vt 0.757490 0.814636
vt 0.883972 0.090603
vt 0.884351 0.091189
vt 0.932308 0.119434
vt 0.941478 0.176473
vt 0.942065 0.144232
vt 0.884281 0.094987
vt 0.673126 0.907113
vt 0.750098 0.809381
vt 0.935032 0.123244
vt 0.569986 0.006144
vt 0.954977 0.207387
vt 0.934402 0.107985
vt 0.367889 0.847641
vt 0.931420 0.147344
vt 0.774396 0.823191
vt 0.767536 0.821437
vt 0.754088 0.818324
vt 0.793609 0.823469
vt 0.885668 0.103136
vt 0.388974 0.903835
vt 0.759892 0.808110
vt 0.956753 0.201505
vt 0.949122 0.201659
vt 0.919310 0.098340
vt 0.806361 0.828248
vt 0.354691 0.841534
vt 0.888660 0.103969
vt 0.932880 0.136259
vt 0.951884 0.202297
vt 0.920546 0.120522
vt 0.355527 0.852895
vt 0.787438 0.812591
vt 0.751821 0.808509
vt 0.695341 0.903974
vt 0.936129 0.097618
vt 0.921406 0.138042
vt 0.350798 0.828220
vt 0.681540 0.910871
vt 0.751811 0.797959
vt 0.806655 0.823275
vt 0.848251 0.045394
vt 0.676020 0.911624
vt 0.777494 0.811940
vt 0.365801 0.861854
vt 0.353762 0.832335
vt 0.380349 0.872391
vt 0.750036 0.796605
vt 0.344519 0.858479
vt 0.342771 0.848446
vt 0.943759 0.199838
vt 0.381361 0.893543
vt 0.907130 0.145484
vt 0.895762 0.110182
vt 0.881131 0.122631
vt 0.929047 0.190583
vt 0.889859 0.105561
vt 0.761750 0.796265
vt 0.590061 0.034140
vt 0.357809 0.866338
vt 0.356763 0.858863
vt 0.354086 0.846541
vt 0.772430 0.800522
vt 0.881206 0.115282
vt 0.798425 0.818510
vt 0.889131 0.111106
vt 0.793970 0.810680
vt 0.805916 0.814648
vt 0.885415 0.122036
vt 0.915093 0.150743
vt 0.338288 0.839213
vt 0.341116 0.832714
vt 0.922866 0.198526
vt 0.777627 0.805561
vt 0.900806 0.117608
vt 0.923078 0.175957
vt 0.887663 0.115748
vt 0.920088 0.169441
vt 0.916293 0.102751
vt 0.791807 0.809530
vt 0.896731 0.117921
vt 0.769774 0.795164
vt 0.894597 0.125380
vt 0.882784 0.140925
vt 0.890057 0.138901
vt 0.884124 0.140234
vt 0.883109 0.140383
vt 0.779099 0.802810
vt 0.313174 0.858783
vt 0.794063 0.808046
vt 0.912999 0.114045
vt 0.889834 0.104359
vt 0.774187 0.796263
vt 0.341185 0.951395
vt 0.363031 0.945562
vt 0.908196 0.108396
vt 0.330952 0.845365
vt 0.894352 0.122164
vt 0.910579 0.109196
vt 0.916282 0.170608
vt 0.799282 0.807491
vt 0.883725 0.140754
vt 0.781328 0.801067
vt 0.911387 0.099406
vt 0.921717 0.184590
vt 0.294227 0.879070
vt 0.896571 0.132653
vt 0.819288 0.821178
vt 0.891753 0.166645
vt 0.779283 0.796493
vt 0.370339 0.880734
vt 0.795532 0.803589
vt 0.290248 0.894766
vt 0.897416 0.125642
vt 0.327426 0.861293
vt 0.897105 0.183811
vt 0.902793 0.135399
vt 0.806532 0.807316
vt 0.374167 0.936754
vt 0.898063 0.163642
vt 0.903517 0.141444
vt 0.882543 0.152126
vt 0.354326 0.866038
vt 0.908288 0.154439
vt 0.907553 0.107478
vt 0.331486 0.863198
vt 0.904958 0.161307
vt 0.904150 0.157817
vt 0.326869 0.855592
vt 0.902640 0.171024
vt 0.897783 0.145308
vt 0.908194 0.095981
vt 0.296535 0.889465
vt 0.885653 0.149143
vt 0.908471 0.167628
vt 0.826407 0.810372
vt 0.903446 0.183484
vt 0.904530 0.146850
vt 0.894377 0.161174
vt 0.892947 0.149159
vt 0.344452 0.866695
vt 0.829134 0.808225
vt 0.295083 0.883400
vt 0.912156 0.177834
vt 0.855360 0.074163
vt 0.891226 0.162493
vt 0.890648 0.149980
vt 0.905419 0.195083
vt 0.904301 0.174834
vt 0.918437 0.190241
vt 0.915824 0.196716
vt 0.906587 0.191811
vt 0.855186 0.096537
vt 0.912372 0.197485
vt 0.381549 0.907637
vt 0.344419 0.875225
vt 0.363710 0.891635
vt 0.360895 0.883530
vt 0.309290 0.890642
vt 0.343277 0.875955
vt 0.316693 0.923402
vt 0.356557 0.911693
vt 0.356304 0.891173
vt 0.304708 0.892856
vt 0.331343 0.873032
vt 0.343055 0.880114
vt 0.315892 0.892210
vt 0.331085 0.947547
vt 0.319371 0.889805
vt 0.358867 0.902905
vt 0.338984 0.887937
vt 0.352694 0.894402
vt 0.356874 0.902018
vt 0.346560 0.894117
vt 0.312503 0.900333
vt 0.335398 0.925199
vt 0.342889 0.923495
vt 0.341943 0.887789
vt 0.341899 0.890244
vt 0.328051 0.890276
vt 0.350860 0.907898
vt 0.322234 0.918981
vt 0.345728 0.917987
vt 0.337101 0.909502
vt 0.327414 0.901753
vt 0.327657 0.895366
vt 0.323597 0.917839
vt 0.329310 0.902848
vt 0.338702 0.906181
vt 0.336226 0.909571
vt 0.334553 0.909580
vt 0.335453 0.908270
vt 0.323929 0.003564
vt 0.309029 0.006493
vt 0.283206 0.012841
vt 0.299051 0.472441
vt 0.286044 0.014065
vt 0.268233 0.004700
vt 0.345351 0.017909
vt 0.347332 0.024423
vt 0.340642 0.031693
vt 0.270353 0.013867
vt 0.296262 0.020896
vt 0.255390 0.011145
vt 0.281915 0.033068
vt 0.325922 0.032299
vt 0.240905 0.046983
vt 0.293897 0.039596
vt 0.331542 0.046801
vt 0.234996 0.033297
vt 0.348622 0.061616
vt 0.314640 0.048370
vt 0.361929 0.069029
vt 0.361491 0.083388
vt 0.336941 0.062948
vt 0.234589 0.060093
vt 0.252061 0.057702
vt 0.304258 0.055063
vt 0.343185 0.076298
vt 0.372773 0.055692
vt 0.364804 0.078200
vt 0.339295 0.086536
vt 0.375819 0.084278
vt 0.277019 0.054757
vt 0.319656 0.076416
vt 0.254506 0.047706
vt 0.280226 0.047685
vt 0.391688 0.059613
vt 0.345282 0.082426
vt 0.261876 0.052209
vt 0.381592 0.106076
vt 0.226812 0.053173
vt 0.321568 0.080011
vt 0.313859 0.065943
vt 0.303328 0.069687
vt 0.269439 0.061024
vt 0.320781 0.070529
vt 0.366996 0.108118
vt 0.392549 0.080747
vt 0.236081 0.067661
vt 0.278559 0.058483
vt 0.264222 0.553764
vt 0.340733 0.087874
vt 0.315585 0.069846
vt 0.287666 0.070745
vt 0.301144 0.074415
vt 0.240731 0.077054
vt 0.297075 0.070353
vt 0.293577 0.078338
vt 0.243324 0.079574
vt 0.219405 0.072354
vt 0.347704 0.099660
vt 0.282230 0.060982
vt 0.232776 0.089344
vt 0.290994 0.071910
vt 0.367388 0.141568
vt 0.271958 0.072382
vt 0.225918 0.096899
vt 0.269935 0.073905
vt 0.227934 0.145525
vt 0.290252 0.076844
vt 0.254408 0.073911
vt 0.300913 0.097430
vt 0.280489 0.082185
vt 0.340576 0.156545
vt 0.223037 0.123001
vt 0.273412 0.088970
vt 0.319046 0.112177
vt 0.252982 0.092983
vt 0.300546 0.087867
vt 0.248000 0.081777
vt 0.222353 0.112081
vt 0.246327 0.127105
vt 0.276417 0.182789
vt 0.364291 0.123736
vt 0.230276 0.101320
vt 0.277882 0.093496
vt 0.210884 0.076501
vt 0.230693 0.135078
vt 0.235686 0.138229
vt 0.255843 0.163868
vt 0.225366 0.145668
vt 0.328870 0.167733
vt 0.255996 0.159393
vt 0.307208 0.092049
vt 0.353917 0.124015
vt 0.246137 0.090738
vt 0.356805 0.162560
vt 0.273006 0.174060
vt 0.264319 0.161867
vt 0.318755 0.167460
vt 0.250713 0.119650
vt 0.339207 0.114325
vt 0.247418 0.140977
vt 0.346587 0.135363
vt 0.339711 0.107546
vt 0.301666 0.097304
vt 0.275744 0.092050
vt 0.259598 0.132986
vt 0.327492 0.135812
vt 0.323757 0.124321
vt 0.321806 0.116311
vt 0.325539 0.154549
vt 0.335247 0.144375
vt 0.275894 0.148545
vt 0.328536 0.141698
vt 0.266349 0.135954
vt 0.307080 0.120035
vt 0.324129 0.148680
vt 0.315107 0.126085
vt 0.293846 0.143477
vt 0.262478 0.115617
vt 0.314323 0.146689
vt 0.320037 0.112053
vt 0.258336 0.119421
vt 0.297366 0.148098
vt 0.283629 0.147303
vt 0.319777 0.114685
vt 0.279619 0.101854
vt 0.275414 0.094688
vt 0.274336 0.130615
vt 0.276746 0.102792
vt 0.307770 0.113720
vt 0.308295 0.139443
vt 0.305317 0.138205
vt 0.313845 0.133010
vt 0.284244 0.108972
vt 0.310281 0.125259
vt 0.300307 0.114459
vt 0.277484 0.132155
vt 0.303125 0.127063
vt 0.276529 0.140008
vt 0.303724 0.119535
vt 0.306965 0.118801
vt 0.272208 0.102282
vt 0.290025 0.133279
vt 0.281662 0.107247
vt 0.279079 0.107142
vt 0.276285 0.112770
vt 0.294729 0.118423
vt 0.287082 0.112245
vt 0.292787 0.115361
vt 0.288005 0.121217
vt 0.281157 0.117382
vt 0.284144 0.114715
vt 0.467856 0.890599
vt 0.465366 0.894868
vt 0.476456 0.895460
vt 0.452093 0.903501
vt 0.461089 0.903381
vt 0.466966 0.907766
vt 0.487699 0.896862
vt 0.467876 0.869192
vt 0.490636 0.879902
vt 0.497683 0.901545
vt 0.044526 0.643433
vt 0.046518 0.653097
vt 0.040739 0.628519
vt 0.049020 0.680652
vt 0.447225 0.914291
vt 0.509993 0.906945
vt 0.530738 0.891399
vt 0.503192 0.955166
vt 0.520871 0.908228
vt 0.038372 0.624705
vt 0.528711 0.910804
vt 0.046233 0.697321
vt 0.520079 0.931280
vt 0.591212 0.911451
vt 0.569118 0.904876
vt 0.532668 0.914263
vt 0.135999 0.793337
vt 0.563598 0.923996
vt 0.553206 0.928947
vt 0.531528 0.966201
vt 0.598198 0.936009
vt 0.568331 0.926924
vt 0.565641 0.948535
vt 0.083233 0.804006
vt 0.591384 0.935361
vt 0.574629 0.931681
vt 0.036665 0.791390
vt 0.341329 0.000015
vt 0.340382 0.001103
vt 0.341221 0.000020
vt 0.339978 0.000717
vt 0.340704 0.000144
vt 0.341493 0.000823
usemtl material_0
f 2/2 1/1 4/4
f 6/6 4/4 1/1
f 1/1 2/2 3/3
f 1/1 3/3 6/6
f 14/14 3/3 8/8
f 8/8 3/3 7/7
f 2/2 4/4 7/7
f 14/14 5/5 3/3
f 2/2 7/7 3/3
f 10/10 3/3 5/5
f 3/3 10/10 6/6
f 6/6 9/9 4/4
f 6/6 10/10 12/12
f 6/6 12/12 9/9
f 9/9 12/12 4/4
f 4/4 11/11 7/7
f 4/4 12/12 11/11
f 14/14 13/13 17/17
f 5/5 11/11 10/10
f 10/10 11/11 12/12
f 8/8 15/15 14/14
f 11/11 19/19 7/7
f 8/8 7/7 15/15
f 5/5 14/14 17/17
f 22/22 13/13 14/14
f 14/14 15/15 22/22
f 19/19 15/15 7/7
f 21/21 24/24 18/18
f 11/11 5/5 19/19
f 16/16 13/13 22/22
f 17/17 27/27 5/5
f 20/20 13/13 16/16
f 27/27 19/19 5/5
f 13/13 20/20 17/17
f 21/21 30/30 29/29
f 22/22 15/15 26/26
f 20/20 23/23 17/17
f 25/25 15/15 19/19
f 17/17 23/23 27/27
f 15/15 31/31 26/26
f 27/27 25/25 19/19
f 27/27 23/23 28/28
f 36/36 32/32 24/24
f 25/25 31/31 15/15
f 21/21 18/18 30/30
f 25/25 27/27 28/28
f 18/18 24/24 32/32
f 18/18 33/33 30/30
f 29/29 30/30 41/41
f 25/25 28/28 31/31
f 18/18 32/32 33/33
f 30/30 34/34 39/39
f 30/30 39/39 41/41
f 43/43 36/36 24/24
f 30/30 35/35 34/34
f 32/32 34/34 33/33
f 33/33 35/35 30/30
f 33/33 34/34 35/35
f 21/21 37/37 24/24
f 32/32 36/36 38/38
f 45/45 36/36 40/40
f 36/36 45/45 38/38
f 43/43 24/24 37/37
f 32/32 38/38 42/42
f 46/46 41/41 39/39
f 34/34 42/42 39/39
f 32/32 42/42 34/34
f 36/36 43/43 51/51
f 36/36 51/51 44/44
f 44/44 40/40 36/36
f 48/48 52/52 66/66
f 46/46 39/39 50/50
f 57/57 40/40 44/44
f 50/50 39/39 59/59
f 74/74 49/49 63/63
f 57/57 44/44 50/50
f 43/43 37/37 51/51
f 53/53 52/52 48/48
f 38/38 45/45 42/42
f 42/42 47/47 39/39
f 54/54 48/48 66/66
f 39/39 56/56 59/59
f 47/47 56/56 39/39
f 45/45 47/47 42/42
f 55/55 53/53 48/48
f 55/55 48/48 54/54
f 40/40 57/57 45/45
f 55/55 54/54 61/61
f 66/66 52/52 58/58
f 61/61 54/54 62/62
f 57/57 50/50 45/45
f 74/74 63/63 67/67
f 59/59 56/56 47/47
f 45/45 60/60 47/47
f 45/45 50/50 59/59
f 45/45 59/59 60/60
f 54/54 66/66 62/62
f 47/47 60/60 59/59
f 61/61 62/62 49/49
f 49/49 62/62 63/63
f 62/62 64/64 63/63
f 66/66 58/58 70/70
f 66/66 65/65 62/62
f 62/62 65/65 72/72
f 65/65 66/66 82/82
f 68/68 64/64 62/62
f 66/66 70/70 82/82
f 71/71 65/65 82/82
f 74/74 67/67 80/80
f 62/62 72/72 68/68
f 64/64 68/68 63/63
f 69/69 63/63 68/68
f 63/63 69/69 67/67
f 68/68 67/67 69/69
f 71/71 72/72 65/65
f 68/68 73/73 67/67
f 85/85 70/70 79/79
f 72/72 73/73 68/68
f 72/72 71/71 73/73
f 67/67 73/73 80/80
f 79/79 70/70 58/58
f 73/73 71/71 80/80
f 83/83 74/74 80/80
f 82/82 70/70 75/75
f 76/76 79/79 58/58
f 79/79 76/76 78/78
f 81/81 83/83 80/80
f 71/71 81/81 80/80
f 71/71 82/82 81/81
f 78/78 84/84 79/79
f 82/82 93/93 81/81
f 79/79 84/84 77/77
f 77/77 85/85 79/79
f 85/85 75/75 70/70
f 81/81 93/93 83/83
f 82/82 75/75 91/91
f 78/78 90/90 84/84
f 82/82 91/91 89/89
f 91/91 75/75 86/86
f 78/78 87/87 90/90
f 84/84 88/88 77/77
f 84/84 90/90 88/88
f 89/89 91/91 148/148
f 82/82 89/89 93/93
f 91/91 98/98 148/148
f 75/75 85/85 86/86
f 90/90 94/94 88/88
f 94/94 77/77 88/88
f 87/87 99/99 90/90
f 89/89 148/148 93/93
f 77/77 86/86 85/85
f 92/92 95/95 104/104
f 86/86 97/97 91/91
f 91/91 97/97 98/98
f 94/94 86/86 77/77
f 90/90 99/99 94/94
f 96/96 104/104 95/95
f 92/92 125/125 95/95
f 94/94 99/99 86/86
f 100/100 97/97 86/86
f 92/92 104/104 118/118
f 99/99 100/100 86/86
f 156/156 101/101 135/135
f 121/121 105/105 109/109
f 101/101 103/103 135/135
f 101/101 111/111 103/103
f 143/143 146/146 102/102
f 102/102 146/146 133/133
f 101/101 156/156 105/105
f 101/101 105/105 111/111
f 146/146 106/106 108/108
f 131/131 119/119 104/104
f 111/111 117/117 124/124
f 99/99 87/87 112/112
f 112/112 100/100 99/99
f 115/115 98/98 97/97
f 103/103 110/110 172/172
f 109/109 114/114 116/116
f 109/109 105/105 114/114
f 111/111 124/124 103/103
f 159/159 146/146 143/143
f 105/105 116/116 114/114
f 105/105 117/117 111/111
f 121/121 117/117 105/105
f 97/97 100/100 115/115
f 133/133 146/146 134/134
f 104/104 119/119 117/117
f 119/119 124/124 117/117
f 102/102 150/150 143/143
f 107/107 113/113 109/109
f 105/105 156/156 116/116
f 103/103 172/172 135/135
f 118/118 122/122 92/92
f 104/104 96/96 131/131
f 107/107 109/109 139/139
f 92/92 122/122 125/125
f 102/102 133/133 150/150
f 116/116 139/139 109/109
f 119/119 131/131 124/124
f 120/120 113/113 107/107
f 110/110 103/103 124/124
f 150/150 129/129 107/107
f 125/125 122/122 144/144
f 143/143 137/137 141/141
f 113/113 120/120 128/128
f 123/123 104/104 117/117
f 112/112 126/126 100/100
f 100/100 126/126 115/115
f 120/120 107/107 129/129
f 110/110 124/124 172/172
f 124/124 131/131 132/132
f 121/121 123/123 117/117
f 113/113 128/128 109/109
f 139/139 150/150 107/107
f 130/130 123/123 121/121
f 124/124 142/142 172/172
f 134/134 129/129 150/150
f 148/148 98/98 138/138
f 141/141 149/149 143/143
f 143/143 149/149 157/157
f 176/176 124/124 132/132
f 133/133 134/134 150/150
f 104/104 170/170 118/118
f 127/127 143/143 157/157
f 112/112 140/140 126/126
f 142/142 124/124 176/176
f 137/137 143/143 150/150
f 108/108 161/161 146/146
f 129/129 165/165 120/120
f 156/156 135/135 183/183
f 163/163 144/144 145/145
f 138/138 98/98 115/115
f 134/134 151/151 129/129
f 120/120 165/165 167/167
f 120/120 162/162 128/128
f 147/147 130/130 121/121
f 126/126 140/140 138/138
f 126/126 138/138 115/115
f 131/131 153/153 132/132
f 136/136 145/145 122/122
f 134/134 146/146 151/151
f 151/151 165/165 129/129
f 118/118 136/136 122/122
f 148/148 138/138 140/140
f 122/122 145/145 144/144
f 155/155 150/150 139/139
f 120/120 167/167 162/162
f 123/123 130/130 104/104
f 155/155 141/141 150/150
f 150/150 141/141 137/137
f 128/128 160/160 109/109
f 131/131 96/96 153/153
f 183/183 135/135 184/184
f 170/170 136/136 118/118
f 136/136 152/152 145/145
f 127/127 154/154 143/143
f 151/151 158/158 165/165
f 121/121 109/109 160/160
f 104/104 130/130 170/170
f 143/143 154/154 159/159
f 184/184 135/135 172/172
f 146/146 161/161 151/151
f 173/173 141/141 155/155
f 156/156 183/183 116/116
f 149/149 141/141 173/173
f 170/170 152/152 136/136
f 159/159 154/154 146/146
f 154/154 106/106 146/146
f 141/141 164/164 173/173
f 141/141 173/173 164/164
f 128/128 162/162 160/160
f 167/167 166/166 162/162
f 145/145 230/230 163/163
f 169/169 230/230 145/145
f 162/162 166/166 160/160
f 151/151 161/161 158/158
f 158/158 168/168 165/165
f 165/165 168/168 167/167
f 145/145 152/152 169/169
f 96/96 171/171 153/153
f 157/157 149/149 127/127
f 183/183 139/139 116/116
f 184/184 172/172 192/192
f 147/147 121/121 191/191
f 106/106 197/197 108/108
f 158/158 182/182 168/168
f 106/106 154/154 188/188
f 161/161 200/200 158/158
f 160/160 191/191 121/121
f 172/172 142/142 194/194
f 152/152 170/170 215/215
f 152/152 178/178 169/169
f 154/154 127/127 220/220
f 158/158 200/200 182/182
f 224/224 139/139 183/183
f 147/147 174/174 130/130
f 132/132 218/218 176/176
f 196/196 149/149 187/187
f 221/221 197/197 106/106
f 182/182 200/200 168/168
f 213/213 167/167 168/168
f 167/167 223/223 190/190
f 167/167 190/190 177/177
f 167/167 177/177 166/166
f 172/172 203/203 193/193
f 130/130 174/174 186/186
f 130/130 228/228 170/170
f 142/142 217/217 205/205
f 142/142 176/176 217/217
f 149/149 219/219 195/195
f 207/207 149/149 195/195
f 149/149 179/179 187/187
f 220/220 188/188 154/154
f 179/179 149/149 208/208
f 149/149 173/173 208/208
f 208/208 173/173 209/209
f 173/173 198/198 209/209
f 180/180 108/108 210/210
f 155/155 139/139 212/212
f 189/189 199/199 161/161
f 161/161 199/199 181/181
f 212/212 139/139 224/224
f 211/211 200/200 161/161
f 166/166 177/177 160/160
f 160/160 177/177 201/201
f 160/160 201/201 175/175
f 193/193 185/185 172/172
f 172/172 214/214 204/204
f 147/147 191/191 174/174
f 194/194 142/142 205/205
f 153/153 218/218 132/132
f 196/196 219/219 149/149
f 127/127 207/207 220/220
f 127/127 149/149 207/207
f 198/198 173/173 231/231
f 210/210 108/108 197/197
f 173/173 155/155 231/231
f 155/155 212/212 222/222
f 108/108 180/180 189/189
f 108/108 189/189 161/161
f 181/181 211/211 161/161
f 200/200 213/213 168/168
f 167/167 213/213 223/223
f 183/183 184/184 226/226
f 183/183 226/226 225/225
f 184/184 202/202 226/226
f 192/192 172/172 185/185
f 160/160 175/175 191/191
f 203/203 172/172 204/204
f 172/172 194/194 214/214
f 130/130 186/186 227/227
f 227/227 228/228 130/130
f 170/170 228/228 229/229
f 215/215 178/178 152/152
f 178/178 230/230 169/169
f 216/216 176/176 218/218
f 153/153 171/171 206/206
f 176/176 216/216 217/217
f 206/206 218/218 153/153
f 106/106 188/188 221/221
f 155/155 222/222 231/231
f 224/224 183/183 225/225
f 202/202 184/184 192/192
f 170/170 229/229 215/215
f 246/246 233/233 241/241
f 240/240 232/232 237/237
f 237/237 232/232 238/238
f 236/236 245/245 233/233
f 235/235 250/250 236/236
f 246/246 241/241 257/257
f 233/233 245/245 239/239
f 233/233 239/239 241/241
f 232/232 234/234 238/238
f 238/238 234/234 249/249
f 236/236 258/258 245/245
f 236/236 250/250 242/242
f 236/236 242/242 258/258
f 240/240 237/237 244/244
f 238/238 249/249 247/247
f 244/244 237/237 314/314
f 255/255 314/314 237/237
f 245/245 243/243 239/239
f 239/239 254/254 241/241
f 239/239 243/243 254/254
f 247/247 249/249 267/267
f 256/256 238/238 247/247
f 294/294 246/246 257/257
f 250/250 248/248 242/242
f 259/259 237/237 238/238
f 253/253 270/270 241/241
f 255/255 237/237 259/259
f 235/235 252/252 250/250
f 257/257 278/278 294/294
f 252/252 269/269 250/250
f 250/250 269/269 261/261
f 241/241 254/254 251/251
f 270/270 257/257 241/241
f 245/245 254/254 243/243
f 238/238 256/256 259/259
f 251/251 253/253 241/241
f 242/242 248/248 258/258
f 267/267 249/249 296/296
f 254/254 245/245 260/260
f 247/247 267/267 277/277
f 265/265 260/260 245/245
f 256/256 247/247 277/277
f 278/278 257/257 262/262
f 260/260 251/251 254/254
f 263/263 249/249 234/234
f 258/258 265/265 245/245
f 259/259 256/256 272/272
f 269/269 256/256 261/261
f 264/264 250/250 261/261
f 259/259 272/272 255/255
f 269/269 274/274 256/256
f 256/256 277/277 261/261
f 249/249 263/263 266/266
f 287/287 277/277 267/267
f 250/250 264/264 287/287
f 253/253 251/251 270/270
f 296/296 249/249 266/266
f 272/272 269/269 252/252
f 272/272 256/256 271/271
f 267/267 296/296 303/303
f 265/265 279/279 260/260
f 257/257 270/270 262/262
f 261/261 277/277 275/275
f 261/261 287/287 264/264
f 248/248 250/250 287/287
f 251/251 260/260 270/270
f 252/252 273/273 272/272
f 261/261 275/275 287/287
f 287/287 267/267 303/303
f 274/274 271/271 256/256
f 272/272 271/271 274/274
f 272/272 274/274 269/269
f 277/277 287/287 275/275
f 276/276 279/279 265/265
f 255/255 272/272 273/273
f 276/276 265/265 279/279
f 260/260 279/279 286/286
f 288/288 262/262 268/268
f 262/262 270/270 268/268
f 258/258 248/248 265/265
f 288/288 278/278 262/262
f 248/248 286/286 265/265
f 260/260 268/268 270/270
f 290/290 280/280 278/278
f 265/265 286/286 279/279
f 281/281 255/255 282/282
f 273/273 282/282 255/255
f 296/296 266/266 283/283
f 281/281 284/284 255/255
f 290/290 278/278 288/288
f 255/255 299/299 314/314
f 255/255 284/284 285/285
f 289/289 299/299 255/255
f 255/255 285/285 289/289
f 268/268 260/260 286/286
f 287/287 293/293 248/248
f 290/290 288/288 280/280
f 248/248 293/293 291/291
f 303/303 293/293 287/287
f 280/280 298/298 278/278
f 248/248 291/291 286/286
f 303/303 295/295 293/293
f 286/286 292/292 268/268
f 314/314 299/299 319/319
f 298/298 301/301 278/278
f 280/280 288/288 268/268
f 292/292 297/297 268/268
f 291/291 293/293 286/286
f 292/292 286/286 297/297
f 286/286 280/280 297/297
f 293/293 301/301 280/280
f 297/297 280/280 268/268
f 293/293 280/280 286/286
f 301/301 298/298 280/280
f 300/300 308/308 307/307
f 306/306 294/294 278/278
f 303/303 296/296 304/304
f 293/293 295/295 301/301
f 308/308 309/309 307/307
f 289/289 319/319 299/299
f 308/308 302/302 325/325
f 308/308 310/310 309/309
f 304/304 296/296 283/283
f 308/308 325/325 310/310
f 278/278 340/340 306/306
f 295/295 305/305 301/301
f 307/307 309/309 321/321
f 321/321 309/309 322/322
f 300/300 312/312 308/308
f 308/308 320/320 302/302
f 278/278 301/301 340/340
f 309/309 324/324 322/322
f 310/310 325/325 309/309
f 313/313 303/303 304/304
f 309/309 325/325 324/324
f 317/317 313/313 315/315
f 319/319 318/318 314/314
f 303/303 313/313 317/317
f 317/317 311/311 303/303
f 301/301 305/305 340/340
f 312/312 333/333 308/308
f 317/317 315/315 316/316
f 311/311 295/295 303/303
f 318/318 319/319 339/339
f 311/311 317/317 329/329
f 322/322 316/316 315/315
f 308/308 333/333 320/320
f 321/321 322/322 315/315
f 317/317 316/316 329/329
f 302/302 320/320 325/325
f 324/324 325/325 329/329
f 295/295 328/328 305/305
f 289/289 330/330 319/319
f 324/324 326/326 322/322
f 311/311 328/328 295/295
f 329/329 316/316 326/326
f 322/322 326/326 316/316
f 323/323 338/338 325/325
f 327/327 335/335 329/329
f 324/324 329/329 326/326
f 329/329 331/331 327/327
f 311/311 329/329 328/328
f 331/331 329/329 338/338
f 325/325 338/338 329/329
f 335/335 331/331 358/358
f 331/331 336/336 358/358
f 320/320 332/332 325/325
f 331/331 335/335 327/327
f 329/329 335/335 328/328
f 332/332 320/320 333/333
f 328/328 340/340 305/305
f 334/334 331/331 338/338
f 334/334 343/343 331/331
f 331/331 343/343 336/336
f 325/325 332/332 346/346
f 346/346 323/323 325/325
f 346/346 338/338 323/323
f 330/330 289/289 337/337
f 330/330 341/341 319/319
f 339/339 319/319 342/342
f 328/328 347/347 340/340
f 333/333 345/345 332/332
f 332/332 345/345 346/346
f 344/344 341/341 330/330
f 319/319 341/341 342/342
f 312/312 345/345 333/333
f 338/338 343/343 334/334
f 330/330 337/337 344/344
f 351/351 345/345 312/312
f 338/338 346/346 345/345
f 328/328 374/374 347/347
f 338/338 349/349 354/354
f 312/312 350/350 351/351
f 345/345 352/352 338/338
f 352/352 349/349 338/338
f 354/354 348/348 357/357
f 353/353 355/355 351/351
f 348/348 354/354 351/351
f 351/351 354/354 352/352
f 345/345 351/351 352/352
f 355/355 348/348 351/351
f 353/353 351/351 350/350
f 348/348 355/355 356/356
f 352/352 354/354 349/349
f 354/354 359/359 338/338
f 353/353 356/356 355/355
f 356/356 357/357 348/348
f 338/338 359/359 343/343
f 336/336 343/343 358/358
f 361/361 328/328 335/335
f 374/374 328/328 361/361
f 354/354 357/357 359/359
f 358/358 361/361 335/335
f 356/356 360/360 357/357
f 358/358 343/343 366/366
f 343/343 359/359 366/366
f 362/362 366/366 359/359
f 359/359 357/357 362/362
f 357/357 366/366 362/362
f 361/361 363/363 374/374
f 358/358 363/363 361/361
f 364/364 363/363 366/366
f 366/366 365/365 368/368
f 365/365 366/366 368/368
f 358/358 366/366 363/363
f 366/366 368/368 364/364
f 364/364 367/367 363/363
f 363/363 367/367 374/374
f 366/366 357/357 372/372
f 368/368 366/366 369/369
f 370/370 369/369 366/366
f 373/373 370/370 366/366
f 369/369 364/364 368/368
f 366/366 372/372 373/373
f 371/371 374/374 367/367
f 370/370 380/380 369/369
f 376/376 367/367 364/364
f 371/371 384/384 374/374
f 373/373 375/375 370/370
f 380/380 377/377 369/369
f 360/360 379/379 357/357
f 367/367 376/376 382/382
f 369/369 377/377 376/376
f 370/370 375/375 380/380
f 369/369 376/376 364/364
f 373/373 372/372 381/381
f 379/379 372/372 357/357
f 373/373 381/381 375/375
f 381/381 378/378 375/375
f 367/367 382/382 371/371
f 375/375 378/378 380/380
f 380/380 376/376 377/377
f 379/379 381/381 372/372
f 382/382 376/376 397/397
f 380/380 378/378 393/393
f 376/376 380/380 397/397
f 379/379 394/394 381/381
f 371/371 395/395 388/388
f 371/371 388/388 387/387
f 371/371 387/387 384/384
f 380/380 392/392 391/391
f 380/380 393/393 386/386
f 378/378 399/399 393/393
f 381/381 401/401 378/378
f 394/394 379/379 383/383
f 371/371 396/396 395/395
f 371/371 382/382 396/396
f 382/382 389/389 396/396
f 382/382 390/390 389/389
f 382/382 397/397 390/390
f 380/380 385/385 397/397
f 385/385 380/380 391/391
f 386/386 392/392 380/380
f 378/378 398/398 399/399
f 400/400 378/378 401/401
f 381/381 394/394 401/401
f 379/379 360/360 383/383
f 400/400 398/398 378/378
f 403/403 406/406 402/402
f 402/402 405/405 403/403
f 402/402 406/406 404/404
f 409/409 402/402 404/404
f 403/403 429/429 406/406
f 402/402 409/409 408/408
f 408/408 410/410 402/402
f 405/405 407/407 403/403
f 405/405 402/402 410/410
f 407/407 405/405 422/422
f 408/408 409/409 412/412
f 406/406 434/434 404/404
f 405/405 410/410 422/422
f 418/418 403/403 407/407
f 404/404 434/434 417/417
f 422/422 410/410 411/411
f 408/408 416/416 414/414
f 406/406 429/429 430/430
f 409/409 404/404 417/417
f 414/414 410/410 408/408
f 408/408 412/412 416/416
f 411/411 410/410 422/422
f 422/422 410/410 413/413
f 413/413 410/410 415/415
f 430/430 434/434 406/406
f 422/422 418/418 407/407
f 410/410 414/414 415/415
f 415/415 422/422 413/413
f 403/403 418/418 429/429
f 423/423 422/422 415/415
f 422/422 449/449 418/418
f 421/421 414/414 419/419
f 421/421 415/415 414/414
f 420/420 416/416 419/419
f 420/420 414/414 416/416
f 419/419 414/414 420/420
f 427/427 409/409 417/417
f 421/421 419/419 435/435
f 419/419 416/416 426/426
f 422/422 428/428 449/449
f 422/422 423/423 428/428
f 435/435 419/419 424/424
f 419/419 457/457 424/424
f 434/434 427/427 417/417
f 425/425 433/433 416/416
f 412/412 409/409 427/427
f 431/431 415/415 421/421
f 416/416 433/433 426/426
f 412/412 427/427 438/438
f 416/416 433/433 425/425
f 412/412 462/462 416/416
f 419/419 426/426 432/432
f 433/433 416/416 454/454
f 424/424 457/457 435/435
f 432/432 457/457 419/419
f 416/416 462/462 454/454
f 434/434 430/430 429/429
f 478/478 428/428 423/423
f 426/426 433/433 454/454
f 421/421 435/435 460/460
f 418/418 449/449 475/475
f 415/415 431/431 423/423
f 429/429 427/427 434/434
f 431/431 421/421 460/460
f 423/423 453/453 437/437
f 429/429 443/443 427/427
f 459/459 458/458 440/440
f 418/418 442/442 429/429
f 441/441 439/439 440/440
f 441/441 436/436 432/432
f 432/432 426/426 447/447
f 423/423 437/437 478/478
f 428/428 478/478 445/445
f 440/440 458/458 441/441
f 446/446 440/440 444/444
f 458/458 436/436 441/441
f 445/445 467/467 428/428
f 423/423 431/431 460/460
f 446/446 444/444 490/490
f 436/436 457/457 432/432
f 454/454 452/452 426/426
f 438/438 455/455 412/412
f 457/457 466/466 435/435
f 440/440 446/446 450/450
f 448/448 460/460 435/435
f 432/432 447/447 441/441
f 426/426 452/452 447/447
f 427/427 443/443 438/438
f 436/436 458/458 457/457
f 475/475 442/442 418/418
f 448/448 435/435 466/466
f 451/451 438/438 443/443
f 453/453 478/478 437/437
f 412/412 455/455 462/462
f 428/428 467/467 449/449
f 429/429 465/465 443/443
f 440/440 439/439 463/463
f 440/440 463/463 444/444
f 454/454 461/461 452/452
f 442/442 456/456 429/429
f 448/448 466/466 460/460
f 423/423 460/460 453/453
f 451/451 455/455 438/438
f 458/458 459/459 469/469
f 459/459 440/440 450/450
f 456/456 465/465 429/429
f 462/462 461/461 454/454
f 465/465 451/451 443/443
f 464/464 455/455 451/451
f 445/445 478/478 467/467
f 442/442 465/465 456/456
f 451/451 465/465 464/464
f 473/473 466/466 457/457
f 475/475 468/468 442/442
f 442/442 468/468 465/465
f 458/458 473/473 457/457
f 477/477 486/486 447/447
f 472/472 447/447 452/452
f 468/468 476/476 462/462
f 461/461 472/472 452/452
f 465/465 468/468 464/464
f 468/468 462/462 455/455
f 464/464 468/468 455/455
f 459/459 450/450 470/470
f 449/449 467/467 475/475
f 474/474 477/477 447/447
f 474/474 447/447 472/472
f 471/471 441/441 447/447
f 453/453 460/460 466/466
f 475/475 476/476 468/468
f 473/473 458/458 469/469
f 485/485 461/461 462/462
f 461/461 485/485 472/472
f 476/476 485/485 462/462
f 485/485 482/482 472/472
f 466/466 480/480 453/453
f 475/475 484/484 476/476
f 471/471 515/515 441/441
f 444/444 479/479 490/490
f 466/466 473/473 509/509
f 486/486 471/471 447/447
f 439/439 441/441 515/515
f 485/485 476/476 481/481
f 467/467 484/484 475/475
f 482/482 474/474 472/472
f 459/459 470/470 469/469
f 453/453 483/483 478/478
f 478/478 488/488 467/467
f 480/480 466/466 505/505
f 473/473 469/469 499/499
f 453/453 480/480 505/505
f 486/486 477/477 474/474
f 481/481 476/476 484/484
f 482/482 486/486 474/474
f 467/467 488/488 484/484
f 495/495 481/481 484/484
f 485/485 486/486 482/482
f 509/509 505/505 466/466
f 483/483 488/488 478/478
f 485/485 493/493 486/486
f 485/485 481/481 492/492
f 473/473 499/499 509/509
f 483/483 453/453 500/500
f 439/439 515/515 463/463
f 481/481 489/489 492/492
f 463/463 494/494 444/444
f 515/515 487/487 463/463
f 471/471 486/486 493/493
f 479/479 520/520 490/490
f 493/493 485/485 492/492
f 492/492 489/489 493/493
f 488/488 502/502 484/484
f 489/489 481/481 496/496
f 487/487 494/494 463/463
f 493/493 491/491 471/471
f 469/469 470/470 517/517
f 453/453 505/505 500/500
f 491/491 493/493 489/489
f 512/512 491/491 489/489
f 479/479 504/504 520/520
f 484/484 502/502 495/495
f 444/444 494/494 479/479
f 495/495 496/496 481/481
f 495/495 497/497 496/496
f 513/513 505/505 509/509
f 471/471 491/491 515/515
f 514/514 513/513 491/491
f 496/496 498/498 489/489
f 498/498 512/512 489/489
f 500/500 505/505 508/508
f 498/498 496/496 512/512
f 500/500 501/501 495/495
f 491/491 507/507 515/515
f 496/496 497/497 503/503
f 500/500 508/508 501/501
f 483/483 502/502 488/488
f 501/501 497/497 495/495
f 508/508 505/505 513/513
f 483/483 500/500 495/495
f 483/483 495/495 502/502
f 469/469 517/517 499/499
f 509/509 499/499 507/507
f 517/517 470/470 506/506
f 497/497 501/501 508/508
f 513/513 497/497 508/508
f 513/513 509/509 491/491
f 496/496 503/503 512/512
f 514/514 491/491 503/503
f 515/515 494/494 487/487
f 491/491 509/509 507/507
f 494/494 510/510 479/479
f 512/512 503/503 491/491
f 497/497 513/513 514/514
f 503/503 497/497 514/514
f 515/515 510/510 494/494
f 499/499 511/511 507/507
f 516/516 479/479 510/510
f 517/517 479/479 516/516
f 507/507 510/510 515/515
f 507/507 511/511 510/510
f 511/511 499/499 517/517
f 511/511 517/517 510/510
f 517/517 504/504 479/479
f 510/510 517/517 516/516
f 517/517 506/506 504/504
f 504/504 519/519 518/518
f 504/504 506/506 519/519
f 504/504 518/518 520/520
f 525/525 521/521 527/527
f 525/525 527/527 526/526
f 525/525 522/522 521/521
f 528/528 525/525 526/526
f 522/522 523/523 521/521
f 530/530 523/523 522/522
f 522/522 525/525 530/530
f 526/526 527/527 529/529
f 524/524 525/525 528/528
f 525/525 524/524 530/530
f 526/526 539/539 528/528
f 548/548 526/526 529/529
f 540/540 546/546 523/523
f 521/521 538/538 527/527
f 524/524 531/531 530/530
f 529/529 527/527 548/548
f 530/530 545/545 523/523
f 546/546 549/549 523/523
f 549/549 521/521 523/523
f 530/530 531/531 545/545
f 545/545 540/540 523/523
f 542/542 532/532 531/531
f 554/554 532/532 542/542
f 531/531 524/524 542/542
f 532/532 536/536 531/531
f 539/539 542/542 524/524
f 547/547 532/532 554/554
f 524/524 528/528 539/539
f 532/532 533/533 536/536
f 531/531 536/536 543/543
f 532/532 547/547 535/535
f 548/548 527/527 563/563
f 541/541 562/562 534/534
f 562/562 537/537 534/534
f 534/534 535/535 547/547
f 539/539 526/526 548/548
f 534/534 547/547 541/541
f 532/532 535/535 533/533
f 563/563 566/566 548/548
f 543/543 545/545 531/531
f 548/548 551/551 539/539
f 533/533 543/543 536/536
f 566/566 551/551 548/548
f 535/535 543/543 533/533
f 546/546 556/556 549/549
f 521/521 549/549 538/538
f 527/527 538/538 568/568
f 554/554 570/570 547/547
f 552/552 563/563 527/527
f 534/534 550/550 535/535
f 534/534 537/537 544/544
f 534/534 544/544 550/550
f 527/527 568/568 552/552
f 543/543 540/540 545/545
f 539/539 554/554 542/542
f 540/540 559/559 546/546
f 550/550 544/544 535/535
f 547/547 570/570 574/574
f 553/553 552/552 558/558
f 535/535 575/575 543/543
f 546/546 559/559 556/556
f 556/556 561/561 549/549
f 544/544 557/557 535/535
f 568/568 538/538 555/555
f 544/544 537/537 557/557
f 551/551 560/560 539/539
f 543/543 559/559 540/540
f 541/541 547/547 574/574
f 558/558 552/552 620/620
f 598/598 563/563 552/552
f 598/598 552/552 553/553
f 538/538 549/549 555/555
f 568/568 564/564 552/552
f 576/576 562/562 541/541
f 567/567 541/541 574/574
f 576/576 541/541 565/565
f 549/549 571/571 555/555
f 549/549 561/561 579/579
f 554/554 539/539 585/585
f 587/587 559/559 543/543
f 585/585 539/539 560/560
f 552/552 564/564 620/620
f 566/566 560/560 551/551
f 568/568 555/555 571/571
f 549/549 579/579 569/569
f 571/571 549/549 569/569
f 577/577 566/566 563/563
f 543/543 575/575 587/587
f 577/577 563/563 581/581
f 568/568 571/571 564/564
f 559/559 587/587 556/556
f 535/535 557/557 575/575
f 567/567 565/565 541/541
f 556/556 579/579 561/561
f 571/571 569/569 579/579
f 566/566 577/577 560/560
f 557/557 572/572 575/575
f 590/590 554/554 585/585
f 575/575 572/572 573/573
f 579/579 603/603 571/571
f 576/576 565/565 597/597
f 563/563 598/598 581/581
f 574/574 570/570 554/554
f 577/577 582/582 592/592
f 574/574 554/554 595/595
f 571/571 593/593 564/564
f 577/577 581/581 582/582
f 575/575 580/580 587/587
f 560/560 577/577 585/585
f 575/575 573/573 580/580
f 579/579 556/556 583/583
f 554/554 590/590 595/595
f 577/577 592/592 585/585
f 596/596 584/584 578/578
f 594/594 582/582 581/581
f 583/583 589/589 579/579
f 587/587 583/583 556/556
f 580/580 586/586 587/587
f 589/589 603/603 579/579
f 592/592 582/582 594/594
f 587/587 588/588 583/583
f 596/596 578/578 591/591
f 584/584 608/608 578/578
f 567/567 574/574 595/595
f 571/571 603/603 617/617
f 581/581 598/598 594/594
f 564/564 593/593 620/620
f 567/567 595/595 565/565
f 585/585 592/592 606/606
f 592/592 602/602 606/606
f 571/571 617/617 593/593
f 587/587 586/586 600/600
f 597/597 565/565 601/601
f 605/605 583/583 588/588
f 598/598 553/553 599/599
f 587/587 600/600 588/588
f 601/601 565/565 584/584
f 591/591 638/638 596/596
f 592/592 594/594 602/602
f 565/565 595/595 604/604
f 585/585 606/606 590/590
f 589/589 617/617 603/603
f 565/565 604/604 584/584
f 643/643 598/598 599/599
f 583/583 617/617 589/589
f 590/590 606/606 613/613
f 600/600 627/627 588/588
f 605/605 609/609 583/583
f 584/584 604/604 607/607
f 605/605 588/588 627/627
f 604/604 595/595 607/607
f 607/607 608/608 584/584
f 583/583 609/609 617/617
f 623/623 593/593 617/617
f 598/598 643/643 594/594
f 594/594 615/615 602/602
f 607/607 595/595 608/608
f 611/611 590/590 613/613
f 578/578 608/608 591/591
f 606/606 624/624 613/613
f 606/606 602/602 618/618
f 595/595 611/611 608/608
f 595/595 590/590 611/611
f 617/617 609/609 616/616
f 606/606 618/618 624/624
f 610/610 612/612 605/605
f 602/602 615/615 618/618
f 594/594 643/643 615/615
f 627/627 610/610 605/605
f 593/593 623/623 622/622
f 609/609 612/612 616/616
f 612/612 609/609 605/605
f 608/608 611/611 591/591
f 638/638 591/591 614/614
f 600/600 586/586 627/627
f 611/611 613/613 591/591
f 622/622 629/629 619/619
f 617/617 632/632 623/623
f 613/613 639/639 645/645
f 586/586 621/621 627/627
f 628/628 617/617 616/616
f 593/593 625/625 620/620
f 618/618 615/615 624/624
f 648/648 640/640 591/591
f 591/591 640/640 614/614
f 629/629 622/622 623/623
f 628/628 616/616 612/612
f 624/624 615/615 639/639
f 627/627 612/612 610/610
f 624/624 639/639 613/613
f 593/593 630/630 625/625
f 628/628 612/612 627/627
f 593/593 622/622 630/630
f 622/622 619/619 626/626
f 622/622 626/626 630/630
f 644/644 643/643 599/599
f 623/623 631/631 629/629
f 631/631 623/623 637/637
f 639/639 615/615 636/636
f 615/615 643/643 636/636
f 637/637 623/623 632/632
f 617/617 628/628 632/632
f 621/621 633/633 627/627
f 634/634 644/644 599/599
f 632/632 628/628 627/627
f 627/627 633/633 635/635
f 635/635 632/632 627/627
f 613/613 642/642 591/591
f 633/633 637/637 635/635
f 638/638 644/644 634/634
f 614/614 644/644 638/638
f 637/637 632/632 635/635
f 639/639 636/636 643/643
f 639/639 643/643 641/641
f 640/640 644/644 614/614
f 591/591 642/642 648/648
f 646/646 643/643 644/644
f 642/642 613/613 645/645
f 645/645 641/641 643/643
f 645/645 639/639 641/641
f 642/642 645/645 643/643
f 640/640 647/647 644/644
f 644/644 647/647 648/648
f 648/648 642/642 643/643
f 648/648 647/647 640/640
f 643/643 646/646 648/648
f 648/648 646/646 644/644
f 649/649 656/656 652/652
f 649/649 650/650 657/657
f 651/651 650/650 649/649
f 649/649 652/652 662/662
f 649/649 662/662 651/651
f 649/649 655/655 656/656
f 651/651 653/653 650/650
f 656/656 654/654 652/652
f 653/653 659/659 650/650
f 654/654 656/656 661/661
f 651/651 662/662 653/653
f 650/650 659/659 657/657
f 659/659 669/669 657/657
f 661/661 652/652 654/654
f 655/655 661/661 656/656
f 659/659 658/658 669/669
f 662/662 652/652 660/660
f 662/662 663/663 665/665
f 660/660 663/663 662/662
f 659/659 653/653 658/658
f 661/661 664/664 652/652
f 662/662 658/658 653/653
f 655/655 672/672 661/661
f 660/660 652/652 663/663
f 672/672 664/664 661/661
f 658/658 667/667 669/669
f 652/652 664/664 663/663
f 665/665 658/658 662/662
f 655/655 666/666 672/672
f 667/667 668/668 669/669
f 665/665 668/668 658/658
f 658/658 668/668 667/667
f 670/670 663/663 664/664
f 672/672 670/670 664/664
f 669/669 668/668 680/680
f 665/665 675/675 668/668
f 668/668 671/671 680/680
f 670/670 676/676 663/663
f 670/670 672/672 676/676
f 668/668 678/678 673/673
f 676/676 665/665 663/663
f 675/675 678/678 668/668
f 668/668 673/673 671/671
f 665/665 676/676 674/674
f 665/665 674/674 675/675
f 674/674 676/676 675/675
f 666/666 676/676 672/672
f 666/666 677/677 676/676
f 676/676 677/677 675/675
f 678/678 677/677 673/673
f 678/678 675/675 677/677
f 677/677 671/671 673/673
f 666/666 679/679 677/677
f 677/677 679/679 671/671
f 680/680 671/671 679/679
f 688/688 683/683 698/698
f 686/686 682/682 681/681
f 688/688 698/698 682/682
f 683/683 702/702 698/698
f 685/685 688/688 682/682
f 683/683 688/688 685/685
f 686/686 684/684 682/682
f 681/681 682/682 687/687
f 682/682 684/684 685/685
f 682/682 689/689 687/687
f 686/686 681/681 696/696
f 682/682 698/698 689/689
f 696/696 681/681 689/689
f 681/681 687/687 689/689
f 693/693 689/689 698/698
f 683/683 690/690 702/702
f 689/689 693/693 696/696
f 690/690 697/697 702/702
f 698/698 702/702 692/692
f 691/691 695/695 769/769
f 691/691 769/769 722/722
f 691/691 722/722 695/695
f 696/696 693/693 737/737
f 714/714 705/705 699/699
f 699/699 705/705 708/708
f 714/714 700/700 705/705
f 700/700 701/701 706/706
f 701/701 711/711 706/706
f 705/705 700/700 708/708
f 710/710 708/708 700/700
f 706/706 711/711 713/713
f 725/725 708/708 717/717
f 717/717 708/708 709/709
f 700/700 706/706 713/713
f 714/714 699/699 719/719
f 700/700 771/771 701/701
f 717/717 712/712 715/715
f 717/717 710/710 713/713
f 752/752 718/718 740/740
f 693/693 698/698 692/692
f 745/745 714/714 719/719
f 719/719 699/699 707/707
f 710/710 709/709 708/708
f 709/709 710/710 717/717
f 700/700 713/713 710/710
f 704/704 717/717 713/713
f 732/732 719/719 718/718
f 719/719 732/732 745/745
f 723/723 719/719 707/707
f 707/707 699/699 723/723
f 708/708 727/727 699/699
f 715/715 712/712 733/733
f 711/711 749/749 730/730
f 719/719 723/723 718/718
f 729/729 708/708 725/725
f 704/704 720/720 712/712
f 712/712 717/717 726/726
f 717/717 704/704 726/726
f 730/730 735/735 711/711
f 711/711 735/735 713/713
f 713/713 722/722 704/704
f 718/718 752/752 732/732
f 743/743 728/728 724/724
f 728/728 723/723 699/699
f 716/716 743/743 724/724
f 700/700 714/714 760/760
f 771/771 700/700 760/760
f 715/715 733/733 717/717
f 712/712 726/726 704/704
f 704/704 734/734 741/741
f 694/694 730/730 761/761
f 694/694 761/761 731/731
f 699/699 725/725 728/728
f 728/728 725/725 733/733
f 704/704 722/722 738/738
f 740/740 718/718 728/728
f 725/725 699/699 729/729
f 727/727 708/708 729/729
f 735/735 739/739 713/713
f 728/728 718/718 723/723
f 716/716 724/724 733/733
f 717/717 733/733 725/725
f 729/729 699/699 727/727
f 720/720 704/704 741/741
f 721/721 704/704 734/734
f 735/735 736/736 739/739
f 728/728 743/743 746/746
f 716/716 733/733 712/712
f 712/712 720/720 716/716
f 721/721 734/734 704/704
f 720/720 741/741 716/716
f 730/730 749/749 761/761
f 737/737 693/693 758/758
f 702/702 697/697 793/793
f 728/728 733/733 724/724
f 694/694 742/742 730/730
f 746/746 740/740 728/728
f 760/760 714/714 745/745
f 704/704 738/738 734/734
f 735/735 742/742 736/736
f 730/730 742/742 735/735
f 716/716 747/747 743/743
f 713/713 739/739 722/722
f 722/722 739/739 695/695
f 742/742 739/739 736/736
f 722/722 769/769 738/738
f 743/743 747/747 754/754
f 716/716 741/741 747/747
f 749/749 744/744 761/761
f 750/750 746/746 743/743
f 759/759 743/743 754/754
f 732/732 763/763 745/745
f 690/690 748/748 697/697
f 750/750 743/743 753/753
f 739/739 788/788 695/695
f 754/754 747/747 741/741
f 741/741 789/789 755/755
f 771/771 711/711 701/701
f 758/758 693/693 692/692
f 753/753 743/743 759/759
f 740/740 762/762 752/752
f 762/762 732/732 752/752
f 793/793 697/697 748/748
f 771/771 749/749 711/711
f 731/731 742/742 694/694
f 788/788 739/739 773/773
f 753/753 759/759 797/797
f 764/764 734/734 703/703
f 761/761 744/744 751/751
f 742/742 756/756 766/766
f 797/797 759/759 757/757
f 741/741 734/734 764/764
f 777/777 744/744 749/749
f 759/759 754/754 757/757
f 758/758 762/762 740/740
f 742/742 731/731 766/766
f 742/742 766/766 739/739
f 760/760 745/745 702/702
f 777/777 751/751 744/744
f 741/741 764/764 789/789
f 756/756 742/742 766/766
f 695/695 788/788 769/769
f 762/762 692/692 732/732
f 763/763 702/702 745/745
f 692/692 763/763 732/732
f 758/758 692/692 762/762
f 692/692 702/702 763/763
f 766/766 767/767 739/739
f 741/741 755/755 754/754
f 751/751 768/768 761/761
f 751/751 777/777 775/775
f 739/739 767/767 773/773
f 734/734 738/738 703/703
f 766/766 731/731 765/765
f 770/770 768/768 751/751
f 751/751 775/775 770/770
f 766/766 765/765 773/773
f 774/774 777/777 749/749
f 766/766 773/773 767/767
f 702/702 776/776 760/760
f 771/771 774/774 749/749
f 797/797 757/757 799/799
f 731/731 761/761 785/785
f 776/776 771/771 760/760
f 755/755 757/757 754/754
f 806/806 777/777 774/774
f 761/761 768/768 785/785
f 703/703 738/738 772/772
f 770/770 785/785 768/768
f 764/764 703/703 789/789
f 770/770 775/775 781/781
f 776/776 702/702 793/793
f 771/771 782/782 784/784
f 776/776 780/780 771/771
f 780/780 782/782 771/771
f 776/776 782/782 780/780
f 794/794 779/779 787/787
f 775/775 777/777 781/781
f 776/776 793/793 802/802
f 770/770 779/779 783/783
f 779/779 770/770 787/787
f 770/770 783/783 796/796
f 731/731 785/785 801/801
f 788/788 773/773 795/795
f 781/781 787/787 770/770
f 792/792 765/765 731/731
f 771/771 784/784 774/774
f 777/777 806/806 791/791
f 770/770 796/796 785/785
f 769/769 788/788 738/738
f 765/765 786/786 773/773
f 776/776 802/802 782/782
f 774/774 784/784 790/790
f 779/779 794/794 783/783
f 703/703 772/772 825/825
f 791/791 781/781 777/777
f 803/803 794/794 774/774
f 774/774 790/790 803/803
f 783/783 803/803 796/796
f 806/806 774/774 798/798
f 772/772 738/738 778/778
f 748/748 823/823 793/793
f 798/798 774/774 787/787
f 774/774 794/794 787/787
f 782/782 811/811 784/784
f 783/783 794/794 803/803
f 807/807 791/791 806/806
f 765/765 792/792 786/786
f 757/757 755/755 799/799
f 784/784 803/803 790/790
f 816/816 801/801 800/800
f 816/816 800/800 785/785
f 800/800 801/801 785/785
f 787/787 781/781 791/791
f 738/738 788/788 778/778
f 806/806 798/798 787/787
f 797/797 799/799 864/864
f 805/805 791/791 807/807
f 786/786 795/795 773/773
f 755/755 789/789 833/833
f 796/796 804/804 785/785
f 804/804 816/816 785/785
f 731/731 801/801 792/792
f 793/793 818/818 802/802
f 812/812 808/808 803/803
f 796/796 803/803 808/808
f 801/801 810/810 809/809
f 806/806 787/787 791/791
f 805/805 807/807 791/791
f 811/811 803/803 784/784
f 806/806 791/791 807/807
f 789/789 703/703 833/833
f 801/801 809/809 792/792
f 792/792 848/848 786/786
f 817/817 803/803 811/811
f 802/802 818/818 782/782
f 786/786 814/814 795/795
f 815/815 813/813 793/793
f 817/817 811/811 803/803
f 786/786 848/848 814/814
f 818/818 811/811 782/782
f 818/818 793/793 813/813
f 811/811 812/812 803/803
f 808/808 804/804 796/796
f 816/816 810/810 801/801
f 793/793 823/823 815/815
f 799/799 755/755 820/820
f 822/822 811/811 818/818
f 812/812 811/811 822/822
f 792/792 819/819 848/848
f 818/818 813/813 822/822
f 821/821 810/810 816/816
f 815/815 822/822 813/813
f 812/812 822/822 835/835
f 703/703 825/825 833/833
f 755/755 833/833 820/820
f 815/815 823/823 822/822
f 812/812 835/835 808/808
f 795/795 814/814 829/829
f 810/810 821/821 824/824
f 821/821 816/816 824/824
f 809/809 828/828 792/792
f 822/822 827/827 835/835
f 809/809 810/810 828/828
f 819/819 828/828 848/848
f 823/823 827/827 822/822
f 804/804 826/826 816/816
f 792/792 828/828 819/819
f 824/824 826/826 810/810
f 748/748 830/830 823/823
f 810/810 826/826 828/828
f 816/816 826/826 824/824
f 830/830 827/827 823/823
f 808/808 835/835 855/855
f 855/855 836/836 808/808
f 848/848 828/828 874/874
f 829/829 839/839 795/795
f 842/842 834/834 827/827
f 848/848 837/837 832/832
f 827/827 834/834 835/835
f 804/804 808/808 857/857
f 808/808 836/836 857/857
f 778/778 788/788 871/871
f 831/831 840/840 795/795
f 853/853 842/842 827/827
f 833/833 825/825 867/867
f 795/795 839/839 831/831
f 788/788 795/795 872/872
f 831/831 839/839 840/840
f 826/826 861/861 850/850
f 826/826 804/804 861/861
f 826/826 851/851 828/828
f 829/829 814/814 863/863
f 838/838 846/846 835/835
f 846/846 854/854 835/835
f 854/854 855/855 835/835
f 772/772 856/856 825/825
f 836/836 855/855 849/849
f 836/836 849/849 857/857
f 778/778 870/870 772/772
f 837/837 848/848 858/858
f 832/832 837/837 848/848
f 848/848 860/860 852/852
f 874/874 860/860 848/848
f 848/848 852/852 847/847
f 804/804 862/862 861/861
f 814/814 848/848 837/837
f 804/804 869/869 862/862
f 799/799 820/820 864/864
f 864/864 820/820 865/865
f 820/820 844/844 865/865
f 844/844 820/820 845/845
f 820/820 841/841 845/845
f 827/827 830/830 853/853
f 841/841 820/820 866/866
f 820/820 833/833 867/867
f 838/838 835/835 834/834
f 825/825 856/856 867/867
f 772/772 843/843 856/856
f 843/843 772/772 870/870
f 804/804 857/857 868/868
f 850/850 851/851 826/826
f 868/868 869/869 804/804
f 828/828 851/851 859/859
f 848/848 847/847 858/858
f 870/870 778/778 871/871
f 814/814 837/837 863/863
f 829/829 863/863 839/839
f 872/872 871/871 788/788
f 873/873 872/872 795/795
f 840/840 873/873 795/795
f 866/866 820/820 867/867
f 859/859 874/874 828/828
f 875/875 876/876 881/881
f 887/887 877/877 879/879
f 877/877 878/878 886/886
f 880/880 875/875 881/881
f 877/877 875/875 879/879
f 879/879 875/875 880/880
f 877/877 882/882 878/878
f 882/882 877/877 887/887
f 882/882 903/903 878/878
f 880/880 881/881 883/883
f 881/881 892/892 883/883
f 879/879 880/880 887/887
f 880/880 883/883 892/892
f 892/892 881/881 888/888
f 888/888 881/881 876/876
f 882/882 884/884 903/903
f 888/888 876/876 885/885
f 880/880 892/892 887/887
f 882/882 887/887 894/894
f 878/878 908/908 886/886
f 892/892 888/888 893/893
f 894/894 887/887 892/892
f 916/916 895/895 889/889
f 892/892 902/902 894/894
f 892/892 893/893 900/900
f 910/910 896/896 891/891
f 916/916 897/897 895/895
f 890/890 907/907 891/891
f 916/916 889/889 913/913
f 878/878 903/903 908/908
f 902/902 892/892 900/900
f 890/890 891/891 893/893
f 910/910 891/891 901/901
f 893/893 888/888 890/890
f 895/895 898/898 889/889
f 900/900 893/893 899/899
f 897/897 901/901 891/891
f 894/894 951/951 882/882
f 895/895 909/909 898/898
f 891/891 896/896 893/893
f 899/899 893/893 896/896
f 901/901 897/897 916/916
f 891/891 907/907 897/897
f 916/916 927/927 901/901
f 897/897 907/907 895/895
f 889/889 904/904 913/913
f 889/889 898/898 904/904
f 885/885 905/905 888/888
f 927/927 916/916 917/917
f 890/890 906/906 907/907
f 916/916 913/913 915/915
f 890/890 888/888 906/906
f 903/903 911/911 908/908
f 907/907 909/909 895/895
f 896/896 900/900 899/899
f 907/907 912/912 925/925
f 907/907 925/925 909/909
f 919/919 900/900 896/896
f 903/903 884/884 911/911
f 907/907 906/906 912/912
f 884/884 933/933 911/911
f 918/918 901/901 927/927
f 906/906 888/888 912/912
f 918/918 910/910 901/901
f 888/888 905/905 912/912
f 900/900 919/919 931/931
f 915/915 913/913 914/914
f 913/913 922/922 914/914
f 882/882 951/951 884/884
f 938/938 900/900 931/931
f 917/917 916/916 928/928
f 951/951 920/920 884/884
f 928/928 916/916 915/915
f 896/896 910/910 919/919
f 900/900 938/938 902/902
f 927/927 929/929 918/918
f 927/927 917/917 934/934
f 894/894 902/902 951/951
f 927/927 924/924 929/929
f 918/918 929/929 910/910
f 915/915 914/914 928/928
f 913/913 904/904 921/921
f 913/913 921/921 922/922
f 912/912 923/923 925/925
f 912/912 905/905 923/923
f 884/884 920/920 940/940
f 902/902 938/938 936/936
f 951/951 902/902 936/936
f 927/927 934/934 930/930
f 919/919 910/910 931/931
f 926/926 928/928 914/914
f 910/910 929/929 924/924
f 928/928 926/926 945/945
f 924/924 931/931 910/910
f 927/927 930/930 937/937
f 928/928 932/932 934/934
f 928/928 934/934 935/935
f 927/927 937/937 924/924
f 928/928 945/945 932/932
f 933/933 884/884 946/946
f 917/917 928/928 934/934
f 928/928 935/935 934/934
f 930/930 934/934 932/932
f 938/938 931/931 924/924
f 939/939 945/945 926/926
f 938/938 924/924 941/941
f 884/884 940/940 946/946
f 944/944 941/941 924/924
f 932/932 945/945 930/930
f 943/943 930/930 945/945
f 937/937 930/930 924/924
f 944/944 924/924 930/930
f 943/943 947/947 930/930
f 951/951 940/940 920/920
f 944/944 930/930 950/950
f 930/930 947/947 950/950
f 951/951 936/936 953/953
f 941/941 948/948 938/938
f 946/946 940/940 971/971
f 943/943 945/945 947/947
f 947/947 945/945 949/949
f 951/951 942/942 940/940
f 947/947 949/949 960/960
f 949/949 945/945 939/939
f 938/938 953/953 936/936
f 942/942 959/959 940/940
f 947/947 948/948 950/950
f 941/941 944/944 950/950
f 938/938 952/952 953/953
f 947/947 955/955 948/948
f 955/955 947/947 960/960
f 948/948 941/941 950/950
f 959/959 942/942 954/954
f 938/938 948/948 952/952
f 953/953 956/956 951/951
f 940/940 959/959 971/971
f 951/951 956/956 942/942
f 956/956 953/953 942/942
f 953/953 954/954 942/942
f 939/939 958/958 949/949
f 964/964 965/965 957/957
f 960/960 970/970 955/955
f 962/962 959/959 954/954
f 960/960 949/949 969/969
f 959/959 961/961 971/971
f 954/954 953/953 962/962
f 949/949 958/958 963/963
f 955/955 952/952 948/948
f 969/969 970/970 960/960
f 967/967 959/959 962/962
f 965/965 964/964 966/966
f 949/949 963/963 973/973
f 953/953 952/952 962/962
f 967/967 961/961 959/959
f 949/949 973/973 969/969
f 971/971 961/961 968/968
f 964/964 957/957 983/983
f 1000/1000 965/965 966/966
f 980/980 1000/1000 966/966
f 980/980 966/966 974/974
f 975/975 968/968 967/967
f 967/967 968/968 961/961
f 952/952 977/977 962/962
f 968/968 957/957 971/971
f 972/972 952/952 955/955
f 970/970 969/969 973/973
f 975/975 984/984 968/968
f 957/957 968/968 983/983
f 970/970 982/982 955/955
f 955/955 976/976 972/972
f 974/974 966/966 964/964
f 964/964 983/983 974/974
f 952/952 972/972 977/977
f 977/977 972/972 967/967
f 967/967 962/962 977/977
f 976/976 955/955 982/982
f 979/979 973/973 981/981
f 985/985 983/983 968/968
f 982/982 970/970 979/979
f 997/997 975/975 967/967
f 967/967 972/972 978/978
f 970/970 973/973 979/979
f 972/972 976/976 978/978
f 976/976 982/982 987/987
f 983/983 985/985 980/980
f 992/992 976/976 987/987
f 983/983 980/980 974/974
f 975/975 997/997 984/984
f 973/973 963/963 986/986
f 973/973 986/986 981/981
f 980/980 985/985 989/989
f 985/985 968/968 988/988
f 978/978 976/976 990/990
f 976/976 992/992 990/990
f 984/984 988/988 968/968
f 967/967 978/978 990/990
f 987/987 982/982 979/979
f 993/993 979/979 981/981
f 997/997 967/967 1003/1003
f 989/989 985/985 999/999
f 999/999 985/985 988/988
f 981/981 986/986 991/991
f 992/992 998/998 990/990
f 967/967 990/990 1003/1003
f 992/992 987/987 998/998
f 1001/1001 989/989 999/999
f 987/987 979/979 1006/1006
f 980/980 989/989 1001/1001
f 1006/1006 979/979 993/993
f 987/987 1006/1006 998/998
f 998/998 995/995 990/990
f 990/990 995/995 1003/1003
f 994/994 981/981 996/996
f 996/996 981/981 991/991
f 984/984 1005/1005 988/988
f 999/999 988/988 1002/1002
f 997/997 1003/1003 1017/1017
f 1001/1001 999/999 1023/1023
f 1009/1009 1008/1008 997/997
f 998/998 1006/1006 995/995
f 993/993 981/981 1013/1013
f 1015/1015 993/993 1013/1013
f 1003/1003 995/995 1016/1016
f 997/997 1011/1011 1007/1007
f 1001/1001 1023/1023 1010/1010
f 984/984 997/997 1008/1008
f 984/984 1008/1008 1005/1005
f 980/980 1001/1001 1000/1000
f 1011/1011 997/997 1017/1017
f 1006/1006 993/993 1015/1015
f 981/981 994/994 1013/1013
f 1006/1006 1015/1015 1020/1020
f 994/994 996/996 1013/1013
f 1021/1021 1006/1006 1019/1019
f 995/995 1006/1006 1021/1021
f 995/995 1021/1021 1014/1014
f 995/995 1014/1014 1016/1016
f 997/997 1007/1007 1022/1022
f 997/997 1022/1022 1009/1009
f 999/999 1018/1018 1023/1023
f 1003/1003 1016/1016 1017/1017
f 1000/1000 1001/1001 1010/1010
f 1018/1018 999/999 1012/1012
f 1005/1005 1024/1024 988/988
f 988/988 1024/1024 1004/1004
f 1002/1002 988/988 1004/1004
f 1006/1006 1020/1020 1019/1019
f 1012/1012 999/999 1002/1002
f 1025/1025 1031/1031 1030/1030
f 1030/1030 1031/1031 1026/1026
f 1073/1073 1025/1025 1030/1030
f 1025/1025 1027/1027 1031/1031
f 1031/1031 1027/1027 1039/1039
f 1031/1031 1028/1028 1026/1026
f 1030/1030 1034/1034 1029/1029
f 1034/1034 1030/1030 1026/1026
f 1034/1034 1042/1042 1044/1044
f 1029/1029 1035/1035 1030/1030
f 1028/1028 1037/1037 1026/1026
f 1032/1032 1073/1073 1030/1030
f 1032/1032 1030/1030 1035/1035
f 1034/1034 1026/1026 1037/1037
f 1027/1027 1033/1033 1039/1039
f 1060/1060 1035/1035 1029/1029
f 1034/1034 1044/1044 1029/1029
f 1037/1037 1038/1038 1034/1034
f 1034/1034 1038/1038 1048/1048
f 1038/1038 1037/1037 1028/1028
f 1032/1032 1035/1035 1073/1073
f 1042/1042 1034/1034 1048/1048
f 1044/1044 1042/1042 1040/1040
f 1039/1039 1028/1028 1031/1031
f 1040/1040 1043/1043 1046/1046
f 1042/1042 1041/1041 1040/1040
f 1040/1040 1046/1046 1045/1045
f 1044/1044 1040/1040 1045/1045
f 1046/1046 1029/1029 1044/1044
f 1046/1046 1044/1044 1045/1045
f 1043/1043 1040/1040 1052/1052
f 1048/1048 1041/1041 1042/1042
f 1033/1033 1053/1053 1039/1039
f 1028/1028 1039/1039 1055/1055
f 1047/1047 1046/1046 1043/1043
f 1060/1060 1054/1054 1035/1035
f 1035/1035 1084/1084 1073/1073
f 1060/1060 1029/1029 1046/1046
f 1028/1028 1055/1055 1051/1051
f 1043/1043 1052/1052 1047/1047
f 1039/1039 1053/1053 1055/1055
f 1028/1028 1051/1051 1036/1036
f 1046/1046 1047/1047 1070/1070
f 1070/1070 1047/1047 1050/1050
f 1052/1052 1040/1040 1041/1041
f 1053/1053 1051/1051 1055/1055
f 1048/1048 1049/1049 1041/1041
f 1047/1047 1052/1052 1059/1059
f 1033/1033 1063/1063 1053/1053
f 1050/1050 1047/1047 1059/1059
f 1091/1091 1048/1048 1075/1075
f 1056/1056 1072/1072 1052/1052
f 1052/1052 1041/1041 1056/1056
f 1048/1048 1064/1064 1075/1075
f 1028/1028 1036/1036 1066/1066
f 1051/1051 1076/1076 1066/1066
f 1048/1048 1038/1038 1064/1064
f 1052/1052 1072/1072 1058/1058
f 1057/1057 1052/1052 1058/1058
f 1060/1060 1046/1046 1070/1070
f 1057/1057 1059/1059 1052/1052
f 1050/1050 1065/1065 1070/1070
f 1028/1028 1064/1064 1038/1038
f 1049/1049 1069/1069 1041/1041
f 1028/1028 1066/1066 1075/1075
f 1084/1084 1035/1035 1054/1054
f 1058/1058 1061/1061 1057/1057
f 1061/1061 1058/1058 1067/1067
f 1061/1061 1067/1067 1078/1078
f 1072/1072 1067/1067 1058/1058
f 1041/1041 1069/1069 1056/1056
f 1057/1057 1061/1061 1078/1078
f 1033/1033 1062/1062 1063/1063
f 1051/1051 1053/1053 1071/1071
f 1064/1064 1028/1028 1075/1075
f 1088/1088 1050/1050 1059/1059
f 1051/1051 1071/1071 1076/1076
f 1063/1063 1071/1071 1053/1053
f 1056/1056 1069/1069 1072/1072
f 1091/1091 1049/1049 1048/1048
f 1066/1066 1036/1036 1051/1051
f 1065/1065 1050/1050 1088/1088
f 1062/1062 1068/1068 1063/1063
f 1093/1093 1057/1057 1078/1078
f 1088/1088 1059/1059 1077/1077
f 1074/1074 1060/1060 1070/1070
f 1070/1070 1065/1065 1090/1090
f 1060/1060 1084/1084 1054/1054
f 1098/1098 1074/1074 1070/1070
f 1098/1098 1060/1060 1074/1074
f 1068/1068 1071/1071 1063/1063
f 1060/1060 1098/1098 1084/1084
f 1073/1073 1084/1084 1130/1130
f 1067/1067 1106/1106 1078/1078
f 1098/1098 1070/1070 1090/1090
f 1091/1091 1115/1115 1049/1049
f 1075/1075 1066/1066 1091/1091
f 1071/1071 1083/1083 1081/1081
f 1085/1085 1099/1099 1072/1072
f 1071/1071 1079/1079 1080/1080
f 1072/1072 1069/1069 1085/1085
f 1068/1068 1079/1079 1071/1071
f 1086/1086 1077/1077 1059/1059
f 1069/1069 1049/1049 1085/1085
f 1117/1117 1065/1065 1088/1088
f 1088/1088 1077/1077 1086/1086
f 1082/1082 1093/1093 1078/1078
f 1067/1067 1072/1072 1095/1095
f 1080/1080 1083/1083 1071/1071
f 1081/1081 1076/1076 1071/1071
f 1067/1067 1095/1095 1106/1106
f 1093/1093 1082/1082 1087/1087
f 1093/1093 1089/1089 1057/1057
f 1083/1083 1076/1076 1081/1081
f 1080/1080 1079/1079 1083/1083
f 1079/1079 1094/1094 1083/1083
f 1057/1057 1089/1089 1086/1086
f 1099/1099 1095/1095 1072/1072
f 1092/1092 1091/1091 1066/1066
f 1087/1087 1089/1089 1093/1093
f 1066/1066 1076/1076 1092/1092
f 1090/1090 1065/1065 1104/1104
f 1086/1086 1103/1103 1088/1088
f 1059/1059 1057/1057 1086/1086
f 1083/1083 1096/1096 1076/1076
f 1096/1096 1100/1100 1076/1076
f 1049/1049 1099/1099 1085/1085
f 1098/1098 1090/1090 1104/1104
f 1089/1089 1087/1087 1086/1086
f 1100/1100 1108/1108 1076/1076
f 1094/1094 1079/1079 1097/1097
f 1117/1117 1088/1088 1129/1129
f 1096/1096 1083/1083 1100/1100
f 1083/1083 1094/1094 1101/1101
f 1098/1098 1104/1104 1084/1084
f 1104/1104 1065/1065 1117/1117
f 1102/1102 1101/1101 1094/1094
f 1094/1094 1097/1097 1102/1102
f 1088/1088 1103/1103 1129/1129
f 1130/1130 1084/1084 1111/1111
f 1107/1107 1095/1095 1099/1099
f 1083/1083 1101/1101 1100/1100
f 1049/1049 1119/1119 1099/1099
f 1099/1099 1119/1119 1107/1107
f 1049/1049 1115/1115 1119/1119
f 1084/1084 1105/1105 1111/1111
f 1108/1108 1109/1109 1076/1076
f 1106/1106 1095/1095 1112/1112
f 1084/1084 1104/1104 1105/1105
f 1086/1086 1121/1121 1103/1103
f 1101/1101 1102/1102 1114/1114
f 1076/1076 1109/1109 1092/1092
f 1105/1105 1104/1104 1117/1117
f 1095/1095 1110/1110 1158/1158
f 1095/1095 1107/1107 1110/1110
f 1112/1112 1095/1095 1141/1141
f 1097/1097 1113/1113 1102/1102
f 1101/1101 1108/1108 1100/1100
f 1105/1105 1122/1122 1111/1111
f 1113/1113 1114/1114 1102/1102
f 1086/1086 1087/1087 1139/1139
f 1092/1092 1120/1120 1123/1123
f 1115/1115 1091/1091 1092/1092
f 1105/1105 1117/1117 1118/1118
f 1114/1114 1116/1116 1101/1101
f 1110/1110 1107/1107 1158/1158
f 1121/1121 1086/1086 1174/1174
f 1122/1122 1130/1130 1111/1111
f 1122/1122 1105/1105 1118/1118
f 1092/1092 1109/1109 1120/1120
f 1114/1114 1124/1124 1116/1116
f 1117/1117 1129/1129 1137/1137
f 1108/1108 1101/1101 1116/1116
f 1092/1092 1123/1123 1115/1115
f 1108/1108 1120/1120 1109/1109
f 1095/1095 1158/1158 1126/1126
f 1117/1117 1137/1137 1118/1118
f 1116/1116 1131/1131 1108/1108
f 1114/1114 1113/1113 1124/1124
f 1129/1129 1103/1103 1121/1121
f 1119/1119 1125/1125 1107/1107
f 1127/1127 1119/1119 1115/1115
f 1123/1123 1127/1127 1115/1115
f 1108/1108 1135/1135 1120/1120
f 1128/1128 1119/1119 1127/1127
f 1174/1174 1086/1086 1139/1139
f 1108/1108 1134/1134 1135/1135
f 1129/1129 1121/1121 1154/1154
f 1131/1131 1134/1134 1108/1108
f 1124/1124 1132/1132 1116/1116
f 1122/1122 1201/1201 1130/1130
f 1095/1095 1126/1126 1141/1141
f 1107/1107 1125/1125 1158/1158
f 1148/1148 1120/1120 1135/1135
f 1113/1113 1132/1132 1124/1124
f 1116/1116 1132/1132 1136/1136
f 1120/1120 1148/1148 1123/1123
f 1116/1116 1136/1136 1131/1131
f 1133/1133 1125/1125 1119/1119
f 1139/1139 1087/1087 1138/1138
f 1128/1128 1133/1133 1119/1119
f 1113/1113 1140/1140 1132/1132
f 1148/1148 1127/1127 1123/1123
f 1125/1125 1133/1133 1150/1150
f 1129/1129 1154/1154 1137/1137
f 1174/1174 1139/1139 1138/1138
f 1152/1152 1118/1118 1137/1137
f 1128/1128 1127/1127 1142/1142
f 1135/1135 1155/1155 1148/1148
f 1152/1152 1137/1137 1161/1161
f 1127/1127 1148/1148 1142/1142
f 1125/1125 1151/1151 1158/1158
f 1126/1126 1145/1145 1141/1141
f 1136/1136 1134/1134 1131/1131
f 1148/1148 1160/1160 1142/1142
f 1118/1118 1152/1152 1122/1122
f 1136/1136 1132/1132 1147/1147
f 1146/1146 1122/1122 1152/1152
f 1158/1158 1181/1181 1145/1145
f 1126/1126 1158/1158 1145/1145
f 1134/1134 1143/1143 1135/1135
f 1128/1128 1142/1142 1133/1133
f 1132/1132 1140/1140 1149/1149
f 1122/1122 1146/1146 1201/1201
f 1143/1143 1155/1155 1135/1135
f 1134/1134 1147/1147 1144/1144
f 1201/1201 1146/1146 1152/1152
f 1136/1136 1147/1147 1134/1134
f 1132/1132 1149/1149 1147/1147
f 1155/1155 1153/1153 1148/1148
f 1134/1134 1155/1155 1143/1143
f 1201/1201 1152/1152 1166/1166
f 1144/1144 1155/1155 1134/1134
f 1137/1137 1154/1154 1156/1156
f 1166/1166 1152/1152 1157/1157
f 1142/1142 1150/1150 1133/1133
f 1125/1125 1150/1150 1151/1151
f 1150/1150 1165/1165 1151/1151
f 1153/1153 1155/1155 1144/1144
f 1121/1121 1174/1174 1154/1154
f 1152/1152 1161/1161 1157/1157
f 1147/1147 1159/1159 1144/1144
f 1166/1166 1157/1157 1161/1161
f 1161/1161 1137/1137 1163/1163
f 1148/1148 1153/1153 1171/1171
f 1144/1144 1159/1159 1153/1153
f 1160/1160 1169/1169 1142/1142
f 1176/1176 1166/1166 1161/1161
f 1158/1158 1170/1170 1164/1164
f 1163/1163 1137/1137 1156/1156
f 1162/1162 1147/1147 1167/1167
f 1158/1158 1151/1151 1165/1165
f 1158/1158 1164/1164 1170/1170
f 1148/1148 1169/1169 1160/1160
f 1147/1147 1162/1162 1159/1159
f 1149/1149 1168/1168 1147/1147
f 1168/1168 1167/1167 1147/1147
f 1165/1165 1170/1170 1158/1158
f 1170/1170 1181/1181 1158/1158
f 1142/1142 1169/1169 1150/1150
f 1189/1189 1181/1181 1170/1170
f 1154/1154 1174/1174 1156/1156
f 1161/1161 1163/1163 1176/1176
f 1148/1148 1171/1171 1169/1169
f 1168/1168 1177/1177 1167/1167
f 1166/1166 1183/1183 1201/1201
f 1159/1159 1162/1162 1153/1153
f 1153/1153 1162/1162 1173/1173
f 1165/1165 1150/1150 1172/1172
f 1176/1176 1183/1183 1166/1166
f 1165/1165 1172/1172 1170/1170
f 1150/1150 1169/1169 1191/1191
f 1150/1150 1191/1191 1172/1172
f 1168/1168 1175/1175 1177/1177
f 1167/1167 1177/1177 1162/1162
f 1156/1156 1174/1174 1194/1194
f 1207/1207 1181/1181 1189/1189
f 1153/1153 1197/1197 1171/1171
f 1163/1163 1194/1194 1179/1179
f 1163/1163 1179/1179 1180/1180
f 1193/1193 1176/1176 1163/1163
f 1186/1186 1153/1153 1173/1173
f 1177/1177 1175/1175 1162/1162
f 1171/1171 1185/1185 1169/1169
f 1163/1163 1156/1156 1194/1194
f 1183/1183 1176/1176 1192/1192
f 1180/1180 1193/1193 1163/1163
f 1174/1174 1203/1203 1195/1195
f 1172/1172 1191/1191 1182/1182
f 1153/1153 1196/1196 1197/1197
f 1162/1162 1187/1187 1173/1173
f 1198/1198 1189/1189 1170/1170
f 1169/1169 1185/1185 1190/1190
f 1172/1172 1205/1205 1199/1199
f 1176/1176 1202/1202 1192/1192
f 1183/1183 1192/1192 1200/1200
f 1183/1183 1200/1200 1201/1201
f 1174/1174 1195/1195 1194/1194
f 1184/1184 1174/1174 1206/1206
f 1171/1171 1204/1204 1185/1185
f 1171/1171 1197/1197 1204/1204
f 1153/1153 1186/1186 1196/1196
f 1187/1187 1186/1186 1173/1173
f 1162/1162 1175/1175 1188/1188
f 1172/1172 1182/1182 1205/1205
f 1162/1162 1188/1188 1178/1178
f 1169/1169 1190/1190 1191/1191
f 1199/1199 1198/1198 1170/1170
f 1172/1172 1199/1199 1170/1170
f 1176/1176 1193/1193 1202/1202
f 1174/1174 1184/1184 1203/1203
f 1174/1174 1138/1138 1206/1206
f 1189/1189 1198/1198 1207/1207
f 1162/1162 1178/1178 1187/1187
f 1208/1208 1219/1219 1209/1209
f 1230/1230 1211/1211 1209/1209
f 1209/1209 1211/1211 1225/1225
f 1210/1210 1226/1226 1216/1216
f 1215/1215 1212/1212 1225/1225
f 1210/1210 1216/1216 1217/1217
f 1230/1230 1209/1209 1214/1214
f 1214/1214 1209/1209 1213/1213
f 1215/1215 1225/1225 1223/1223
f 1211/1211 1218/1218 1225/1225
f 1208/1208 1217/1217 1219/1219
f 1232/1232 1216/1216 1226/1226
f 1224/1224 1215/1215 1223/1223
f 1209/1209 1219/1219 1213/1213
f 1225/1225 1228/1228 1209/1209
f 1220/1220 1237/1237 1230/1230
f 1209/1209 1228/1228 1208/1208
f 1230/1230 1237/1237 1222/1222
f 1230/1230 1222/1222 1211/1211
f 1222/1222 1221/1221 1211/1211
f 1223/1223 1218/1218 1211/1211
f 1211/1211 1224/1224 1223/1223
f 1223/1223 1225/1225 1218/1218
f 1211/1211 1221/1221 1224/1224
f 1217/1217 1216/1216 1227/1227
f 1208/1208 1210/1210 1217/1217
f 1212/1212 1233/1233 1225/1225
f 1229/1229 1230/1230 1214/1214
f 1213/1213 1219/1219 1239/1239
f 1208/1208 1228/1228 1210/1210
f 1214/1214 1213/1213 1229/1229
f 1230/1230 1229/1229 1220/1220
f 1213/1213 1239/1239 1229/1229
f 1235/1235 1231/1231 1219/1219
f 1239/1239 1219/1219 1231/1231
f 1225/1225 1233/1233 1228/1228
f 1212/1212 1232/1232 1226/1226
f 1219/1219 1217/1217 1235/1235
f 1228/1228 1233/1233 1210/1210
f 1226/1226 1210/1210 1233/1233
f 1233/1233 1212/1212 1226/1226
f 1217/1217 1227/1227 1234/1234
f 1235/1235 1217/1217 1234/1234
f 1229/1229 1239/1239 1236/1236
f 1242/1242 1220/1220 1229/1229
f 1229/1229 1236/1236 1242/1242
f 1231/1231 1235/1235 1240/1240
f 1240/1240 1239/1239 1231/1231
f 1237/1237 1220/1220 1282/1282
f 1239/1239 1244/1244 1236/1236
f 1244/1244 1242/1242 1236/1236
f 1234/1234 1238/1238 1235/1235
f 1247/1247 1235/1235 1238/1238
f 1220/1220 1242/1242 1282/1282
f 1243/1243 1244/1244 1239/1239
f 1235/1235 1241/1241 1240/1240
f 1239/1239 1240/1240 1243/1243
f 1241/1241 1235/1235 1247/1247
f 1242/1242 1244/1244 1249/1249
f 1282/1282 1242/1242 1262/1262
f 1240/1240 1241/1241 1243/1243
f 1244/1244 1243/1243 1249/1249
f 1246/1246 1251/1251 1250/1250
f 1245/1245 1250/1250 1251/1251
f 1250/1250 1248/1248 1254/1254
f 1247/1247 1238/1238 1253/1253
f 1262/1262 1242/1242 1249/1249
f 1248/1248 1250/1250 1245/1245
f 1246/1246 1250/1250 1252/1252
f 1241/1241 1247/1247 1253/1253
f 1246/1246 1238/1238 1251/1251
f 1258/1258 1250/1250 1255/1255
f 1252/1252 1257/1257 1246/1246
f 1255/1255 1250/1250 1254/1254
f 1253/1253 1260/1260 1241/1241
f 1253/1253 1238/1238 1257/1257
f 1254/1254 1248/1248 1259/1259
f 1257/1257 1238/1238 1246/1246
f 1255/1255 1254/1254 1258/1258
f 1256/1256 1252/1252 1250/1250
f 1256/1256 1250/1250 1258/1258
f 1254/1254 1259/1259 1264/1264
f 1257/1257 1252/1252 1256/1256
f 1271/1271 1262/1262 1249/1249
f 1264/1264 1258/1258 1254/1254
f 1265/1265 1259/1259 1248/1248
f 1264/1264 1256/1256 1258/1258
f 1264/1264 1259/1259 1261/1261
f 1268/1268 1259/1259 1265/1265
f 1261/1261 1259/1259 1264/1264
f 1249/1249 1243/1243 1277/1277
f 1282/1282 1262/1262 1271/1271
f 1277/1277 1243/1243 1241/1241
f 1265/1265 1248/1248 1263/1263
f 1241/1241 1260/1260 1266/1266
f 1260/1260 1257/1257 1256/1256
f 1253/1253 1257/1257 1260/1260
f 1264/1264 1259/1259 1267/1267
f 1265/1265 1263/1263 1269/1269
f 1271/1271 1249/1249 1280/1280
f 1270/1270 1256/1256 1272/1272
f 1266/1266 1256/1256 1270/1270
f 1249/1249 1277/1277 1280/1280
f 1256/1256 1264/1264 1272/1272
f 1256/1256 1266/1266 1260/1260
f 1269/1269 1274/1274 1265/1265
f 1277/1277 1241/1241 1273/1273
f 1274/1274 1268/1268 1265/1265
f 1276/1276 1268/1268 1274/1274
f 1282/1282 1271/1271 1275/1275
f 1241/1241 1266/1266 1273/1273
f 1264/1264 1267/1267 1272/1272
f 1267/1267 1259/1259 1268/1268
f 1273/1273 1266/1266 1270/1270
f 1272/1272 1267/1267 1270/1270
f 1268/1268 1276/1276 1267/1267
f 1271/1271 1287/1287 1275/1275
f 1271/1271 1280/1280 1287/1287
f 1270/1270 1267/1267 1283/1283
f 1283/1283 1267/1267 1276/1276
f 1273/1273 1270/1270 1284/1284
f 1287/1287 1280/1280 1277/1277
f 1269/1269 1278/1278 1274/1274
f 1274/1274 1279/1279 1290/1290
f 1274/1274 1278/1278 1279/1279
f 1277/1277 1273/1273 1284/1284
f 1270/1270 1283/1283 1284/1284
f 1295/1295 1282/1282 1275/1275
f 1277/1277 1284/1284 1298/1298
f 1274/1274 1285/1285 1281/1281
f 1274/1274 1290/1290 1285/1285
f 1283/1283 1291/1291 1288/1288
f 1289/1289 1283/1283 1294/1294
f 1283/1283 1288/1288 1292/1292
f 1291/1291 1283/1283 1293/1293
f 1287/1287 1299/1299 1275/1275
f 1287/1287 1277/1277 1296/1296
f 1296/1296 1277/1277 1286/1286
f 1286/1286 1277/1277 1297/1297
f 1277/1277 1298/1298 1297/1297
f 1284/1284 1283/1283 1292/1292
f 1303/1303 1274/1274 1281/1281
f 1287/1287 1296/1296 1299/1299
f 1300/1300 1284/1284 1292/1292
f 1283/1283 1289/1289 1293/1293
f 1294/1294 1283/1283 1301/1301
f 1283/1283 1276/1276 1302/1302
f 1283/1283 1302/1302 1301/1301
f 1276/1276 1274/1274 1302/1302
f 1302/1302 1274/1274 1303/1303
f 1295/1295 1275/1275 1299/1299
f 1284/1284 1300/1300 1298/1298
f 1303/1303 1281/1281 1285/1285
f 1285/1285 1290/1290 1279/1279
f 1305/1305 1315/1315 1304/1304
f 1306/1306 1324/1324 1310/1310
f 1304/1304 1307/1307 1309/1309
f 1314/1314 1312/1312 1310/1310
f 1309/1309 1328/1328 1318/1318
f 1309/1309 1318/1318 1324/1324
f 1304/1304 1313/1313 1307/1307
f 1308/1308 1312/1312 1314/1314
f 1309/1309 1307/1307 1328/1328
f 1313/1313 1304/1304 1315/1315
f 1329/1329 1312/1312 1308/1308
f 1305/1305 1311/1311 1315/1315
f 1309/1309 1324/1324 1306/1306
f 1314/1314 1310/1310 1324/1324
f 1316/1316 1314/1314 1324/1324
f 1322/1322 1317/1317 1318/1318
f 1314/1314 1316/1316 1325/1325
f 1324/1324 1318/1318 1317/1317
f 1319/1319 1317/1317 1322/1322
f 1313/1313 1328/1328 1307/1307
f 1314/1314 1325/1325 1308/1308
f 1315/1315 1321/1321 1313/1313
f 1315/1315 1311/1311 1331/1331
f 1331/1331 1332/1332 1315/1315
f 1311/1311 1305/1305 1320/1320
f 1328/1328 1338/1338 1318/1318
f 1311/1311 1320/1320 1323/1323
f 1338/1338 1322/1322 1318/1318
f 1325/1325 1316/1316 1324/1324
f 1321/1321 1315/1315 1332/1332
f 1325/1325 1324/1324 1345/1345
f 1328/1328 1333/1333 1338/1338
f 1311/1311 1323/1323 1336/1336
f 1325/1325 1329/1329 1308/1308
f 1324/1324 1326/1326 1345/1345
f 1325/1325 1345/1345 1330/1330
f 1317/1317 1334/1334 1324/1324
f 1329/1329 1325/1325 1330/1330
f 1311/1311 1336/1336 1331/1331
f 1324/1324 1334/1334 1341/1341
f 1322/1322 1338/1338 1319/1319
f 1321/1321 1328/1328 1313/1313
f 1341/1341 1326/1326 1324/1324
f 1339/1339 1331/1331 1336/1336
f 1323/1323 1335/1335 1336/1336
f 1327/1327 1321/1321 1332/1332
f 1339/1339 1332/1332 1331/1331
f 1339/1339 1336/1336 1335/1335
f 1337/1337 1319/1319 1338/1338
f 1333/1333 1328/1328 1344/1344
f 1337/1337 1338/1338 1342/1342
f 1328/1328 1321/1321 1327/1327
f 1337/1337 1342/1342 1319/1319
f 1317/1317 1340/1340 1334/1334
f 1339/1339 1335/1335 1362/1362
f 1339/1339 1362/1362 1332/1332
f 1342/1342 1343/1343 1319/1319
f 1341/1341 1334/1334 1326/1326
f 1327/1327 1344/1344 1328/1328
f 1340/1340 1317/1317 1319/1319
f 1343/1343 1340/1340 1319/1319
f 1334/1334 1357/1357 1326/1326
f 1338/1338 1333/1333 1342/1342
f 1326/1326 1354/1354 1345/1345
f 1326/1326 1346/1346 1354/1354
f 1334/1334 1347/1347 1357/1357
f 1326/1326 1357/1357 1346/1346
f 1334/1334 1340/1340 1347/1347
f 1327/1327 1332/1332 1348/1348
f 1332/1332 1362/1362 1351/1351
f 1347/1347 1350/1350 1357/1357
f 1333/1333 1352/1352 1342/1342
f 1327/1327 1349/1349 1344/1344
f 1365/1365 1343/1343 1342/1342
f 1361/1361 1354/1354 1346/1346
f 1364/1364 1332/1332 1351/1351
f 1353/1353 1346/1346 1357/1357
f 1342/1342 1352/1352 1360/1360
f 1342/1342 1360/1360 1365/1365
f 1340/1340 1358/1358 1347/1347
f 1333/1333 1344/1344 1352/1352
f 1348/1348 1349/1349 1327/1327
f 1368/1368 1360/1360 1352/1352
f 1354/1354 1356/1356 1381/1381
f 1358/1358 1359/1359 1347/1347
f 1359/1359 1356/1356 1347/1347
f 1350/1350 1347/1347 1357/1357
f 1347/1347 1356/1356 1357/1357
f 1352/1352 1344/1344 1355/1355
f 1356/1356 1353/1353 1357/1357
f 1358/1358 1340/1340 1367/1367
f 1356/1356 1354/1354 1361/1361
f 1353/1353 1356/1356 1361/1361
f 1361/1361 1346/1346 1353/1353
f 1332/1332 1364/1364 1348/1348
f 1340/1340 1343/1343 1370/1370
f 1359/1359 1358/1358 1356/1356
f 1362/1362 1363/1363 1351/1351
f 1358/1358 1381/1381 1356/1356
f 1358/1358 1367/1367 1381/1381
f 1370/1370 1367/1367 1340/1340
f 1348/1348 1364/1364 1349/1349
f 1363/1363 1364/1364 1351/1351
f 1352/1352 1355/1355 1368/1368
f 1335/1335 1369/1369 1362/1362
f 1360/1360 1368/1368 1365/1365
f 1349/1349 1355/1355 1344/1344
f 1349/1349 1364/1364 1355/1355
f 1365/1365 1371/1371 1343/1343
f 1374/1374 1368/1368 1355/1355
f 1371/1371 1365/1365 1368/1368
f 1343/1343 1371/1371 1370/1370
f 1370/1370 1377/1377 1367/1367
f 1364/1364 1366/1366 1355/1355
f 1364/1364 1380/1380 1366/1366
f 1368/1368 1384/1384 1371/1371
f 1369/1369 1363/1363 1362/1362
f 1363/1363 1376/1376 1364/1364
f 1369/1369 1335/1335 1373/1373
f 1369/1369 1373/1373 1375/1375
f 1380/1380 1355/1355 1366/1366
f 1369/1369 1376/1376 1363/1363
f 1372/1372 1380/1380 1364/1364
f 1369/1369 1375/1375 1393/1393
f 1355/1355 1380/1380 1374/1374
f 1382/1382 1376/1376 1369/1369
f 1374/1374 1378/1378 1368/1368
f 1400/1400 1370/1370 1371/1371
f 1379/1379 1411/1411 1383/1383
f 1380/1380 1378/1378 1374/1374
f 1393/1393 1391/1391 1369/1369
f 1378/1378 1384/1384 1368/1368
f 1390/1390 1367/1367 1377/1377
f 1376/1376 1391/1391 1364/1364
f 1411/1411 1379/1379 1412/1412
f 1367/1367 1441/1441 1381/1381
f 1380/1380 1387/1387 1378/1378
f 1386/1386 1441/1441 1367/1367
f 1379/1379 1383/1383 1380/1380
f 1385/1385 1377/1377 1370/1370
f 1383/1383 1411/1411 1388/1388
f 1387/1387 1384/1384 1378/1378
f 1376/1376 1382/1382 1391/1391
f 1390/1390 1377/1377 1385/1385
f 1383/1383 1387/1387 1380/1380
f 1383/1383 1389/1389 1387/1387
f 1380/1380 1405/1405 1379/1379
f 1364/1364 1391/1391 1372/1372
f 1371/1371 1406/1406 1400/1400
f 1383/1383 1388/1388 1389/1389
f 1391/1391 1382/1382 1369/1369
f 1386/1386 1395/1395 1441/1441
f 1380/1380 1372/1372 1405/1405
f 1386/1386 1367/1367 1390/1390
f 1392/1392 1371/1371 1384/1384
f 1385/1385 1401/1401 1390/1390
f 1387/1387 1399/1399 1384/1384
f 1392/1392 1406/1406 1371/1371
f 1370/1370 1401/1401 1385/1385
f 1396/1396 1386/1386 1390/1390
f 1411/1411 1397/1397 1388/1388
f 1389/1389 1399/1399 1387/1387
f 1393/1393 1394/1394 1391/1391
f 1375/1375 1398/1398 1393/1393
f 1400/1400 1401/1401 1370/1370
f 1384/1384 1406/1406 1392/1392
f 1397/1397 1389/1389 1388/1388
f 1399/1399 1389/1389 1397/1397
f 1393/1393 1402/1402 1394/1394
f 1393/1393 1398/1398 1402/1402
f 1405/1405 1372/1372 1391/1391
f 1408/1408 1386/1386 1413/1413
f 1408/1408 1395/1395 1386/1386
f 1411/1411 1403/1403 1397/1397
f 1375/1375 1404/1404 1398/1398
f 1402/1402 1398/1398 1404/1404
f 1413/1413 1386/1386 1396/1396
f 1406/1406 1401/1401 1400/1400
f 1384/1384 1399/1399 1406/1406
f 1390/1390 1413/1413 1396/1396
f 1394/1394 1402/1402 1407/1407
f 1401/1401 1406/1406 1413/1413
f 1413/1413 1390/1390 1401/1401
f 1397/1397 1403/1403 1417/1417
f 1417/1417 1399/1399 1397/1397
f 1406/1406 1399/1399 1409/1409
f 1391/1391 1394/1394 1405/1405
f 1408/1408 1410/1410 1395/1395
f 1404/1404 1412/1412 1402/1402
f 1404/1404 1411/1411 1412/1412
f 1402/1402 1412/1412 1379/1379
f 1407/1407 1379/1379 1405/1405
f 1394/1394 1407/1407 1405/1405
f 1413/1413 1410/1410 1408/1408
f 1379/1379 1407/1407 1402/1402
f 1399/1399 1417/1417 1409/1409
f 1406/1406 1409/1409 1413/1413
f 1395/1395 1410/1410 1414/1414
f 1417/1417 1416/1416 1409/1409
f 1416/1416 1413/1413 1409/1409
f 1413/1413 1416/1416 1410/1410
f 1395/1395 1415/1415 1441/1441
f 1414/1414 1415/1415 1395/1395
f 1418/1418 1423/1423 1417/1417
f 1416/1416 1417/1417 1423/1423
f 1403/1403 1418/1418 1417/1417
f 1419/1419 1410/1410 1416/1416
f 1423/1423 1427/1427 1416/1416
f 1410/1410 1419/1419 1420/1420
f 1441/1441 1415/1415 1425/1425
f 1420/1420 1414/1414 1410/1410
f 1427/1427 1419/1419 1416/1416
f 1419/1419 1424/1424 1420/1420
f 1421/1421 1427/1427 1423/1423
f 1426/1426 1423/1423 1418/1418
f 1426/1426 1421/1421 1423/1423
f 1419/1419 1435/1435 1424/1424
f 1419/1419 1429/1429 1437/1437
f 1415/1415 1428/1428 1422/1422
f 1427/1427 1436/1436 1419/1419
f 1430/1430 1419/1419 1436/1436
f 1434/1434 1435/1435 1419/1419
f 1415/1415 1414/1414 1443/1443
f 1428/1428 1415/1415 1431/1431
f 1419/1419 1437/1437 1433/1433
f 1419/1419 1433/1433 1434/1434
f 1415/1415 1439/1439 1431/1431
f 1422/1422 1440/1440 1415/1415
f 1425/1425 1415/1415 1440/1440
f 1425/1425 1444/1444 1441/1441
f 1421/1421 1436/1436 1427/1427
f 1419/1419 1430/1430 1442/1442
f 1442/1442 1429/1429 1419/1419
f 1429/1429 1442/1442 1437/1437
f 1424/1424 1435/1435 1438/1438
f 1424/1424 1438/1438 1443/1443
f 1420/1420 1443/1443 1414/1414
f 1443/1443 1439/1439 1415/1415
f 1420/1420 1424/1424 1443/1443
f 1422/1422 1428/1428 1440/1440
f 1440/1440 1432/1432 1425/1425
f 1432/1432 1444/1444 1425/1425
f 1445/1445 1454/1454 1446/1446
f 1480/1480 1448/1448 1460/1460
f 1460/1460 1451/1451 1480/1480
f 1446/1446 1447/1447 1465/1465
f 1460/1460 1448/1448 1449/1449
f 1452/1452 1450/1450 1454/1454
f 1445/1445 1452/1452 1454/1454
f 1453/1453 1460/1460 1449/1449
f 1452/1452 1455/1455 1450/1450
f 1461/1461 1460/1460 1453/1453
f 1450/1450 1456/1456 1454/1454
f 1467/1467 1452/1452 1445/1445
f 1457/1457 1455/1455 1452/1452
f 1455/1455 1456/1456 1450/1450
f 1460/1460 1458/1458 1459/1459
f 1467/1467 1457/1457 1452/1452
f 1454/1454 1456/1456 1446/1446
f 1460/1460 1459/1459 1451/1451
f 1463/1463 1445/1445 1446/1446
f 1456/1456 1470/1470 1446/1446
f 1458/1458 1460/1460 1461/1461
f 1458/1458 1453/1453 1463/1463
f 1462/1462 1458/1458 1463/1463
f 1455/1455 1470/1470 1456/1456
f 1453/1453 1458/1458 1461/1461
f 1463/1463 1446/1446 1465/1465
f 1446/1446 1470/1470 1447/1447
f 1459/1459 1458/1458 1451/1451
f 1455/1455 1464/1464 1470/1470
f 1465/1465 1462/1462 1463/1463
f 1467/1467 1445/1445 1463/1463
f 1466/1466 1463/1463 1453/1453
f 1451/1451 1458/1458 1473/1473
f 1470/1470 1474/1474 1447/1447
f 1465/1465 1475/1475 1462/1462
f 1458/1458 1462/1462 1473/1473
f 1467/1467 1463/1463 1468/1468
f 1469/1469 1463/1463 1466/1466
f 1468/1468 1463/1463 1469/1469
f 1451/1451 1476/1476 1479/1479
f 1464/1464 1471/1471 1470/1470
f 1447/1447 1475/1475 1465/1465
f 1471/1471 1474/1474 1470/1470
f 1473/1473 1462/1462 1476/1476
f 1447/1447 1482/1482 1475/1475
f 1451/1451 1479/1479 1480/1480
f 1475/1475 1472/1472 1462/1462
f 1451/1451 1473/1473 1476/1476
f 1462/1462 1477/1477 1486/1486
f 1471/1471 1478/1478 1474/1474
f 1474/1474 1478/1478 1447/1447
f 1462/1462 1472/1472 1477/1477
f 1462/1462 1485/1485 1476/1476
f 1482/1482 1447/1447 1478/1478
f 1462/1462 1486/1486 1485/1485
f 1479/1479 1492/1492 1480/1480
f 1478/1478 1471/1471 1481/1481
f 1482/1482 1478/1478 1489/1489
f 1478/1478 1481/1481 1489/1489
f 1489/1489 1481/1481 1483/1483
f 1485/1485 1484/1484 1476/1476
f 1486/1486 1487/1487 1485/1485
f 1475/1475 1491/1491 1472/1472
f 1485/1485 1479/1479 1484/1484
f 1491/1491 1475/1475 1482/1482
f 1484/1484 1479/1479 1476/1476
f 1482/1482 1488/1488 1491/1491
f 1486/1486 1477/1477 1487/1487
f 1477/1477 1472/1472 1491/1491
f 1482/1482 1489/1489 1488/1488
f 1485/1485 1487/1487 1490/1490
f 1489/1489 1491/1491 1488/1488
f 1491/1491 1487/1487 1477/1477
f 1489/1489 1483/1483 1493/1493
f 1493/1493 1491/1491 1489/1489
f 1490/1490 1495/1495 1485/1485
f 1485/1485 1495/1495 1479/1479
f 1492/1492 1479/1479 1496/1496
f 1487/1487 1494/1494 1490/1490
f 1494/1494 1497/1497 1490/1490
f 1496/1496 1479/1479 1519/1519
f 1483/1483 1508/1508 1493/1493
f 1490/1490 1497/1497 1502/1502
f 1487/1487 1511/1511 1494/1494
f 1495/1495 1524/1524 1479/1479
f 1508/1508 1506/1506 1507/1507
f 1491/1491 1512/1512 1487/1487
f 1501/1501 1487/1487 1503/1503
f 1507/1507 1506/1506 1514/1514
f 1508/1508 1507/1507 1514/1514
f 1493/1493 1504/1504 1517/1517
f 1491/1491 1517/1517 1500/1500
f 1493/1493 1517/1517 1491/1491
f 1491/1491 1500/1500 1518/1518
f 1493/1493 1516/1516 1504/1504
f 1479/1479 1505/1505 1499/1499
f 1525/1525 1519/1519 1479/1479
f 1487/1487 1520/1520 1503/1503
f 1487/1487 1501/1501 1510/1510
f 1487/1487 1510/1510 1511/1511
f 1509/1509 1520/1520 1487/1487
f 1494/1494 1511/1511 1497/1497
f 1497/1497 1511/1511 1513/1513
f 1512/1512 1491/1491 1498/1498
f 1490/1490 1522/1522 1521/1521
f 1493/1493 1508/1508 1515/1515
f 1490/1490 1502/1502 1522/1522
f 1497/1497 1513/1513 1502/1502
f 1498/1498 1491/1491 1518/1518
f 1515/1515 1516/1516 1493/1493
f 1490/1490 1521/1521 1523/1523
f 1490/1490 1523/1523 1495/1495
f 1479/1479 1499/1499 1525/1525
f 1487/1487 1512/1512 1509/1509
f 1495/1495 1523/1523 1524/1524
f 1479/1479 1524/1524 1505/1505
f 1527/1527 1535/1535 1531/1531
f 1529/1529 1530/1530 1527/1527
f 1526/1526 1529/1529 1533/1533
f 1527/1527 1542/1542 1535/1535
f 1532/1532 1528/1528 1531/1531
f 1527/1527 1530/1530 1537/1537
f 1528/1528 1552/1552 1531/1531
f 1529/1529 1526/1526 1541/1541
f 1537/1537 1542/1542 1527/1527
f 1529/1529 1534/1534 1533/1533
f 1532/1532 1531/1531 1535/1535
f 1530/1530 1529/1529 1541/1541
f 1533/1533 1534/1534 1539/1539
f 1532/1532 1540/1540 1528/1528
f 1535/1535 1536/1536 1538/1538
f 1535/1535 1542/1542 1536/1536
f 1541/1541 1537/1537 1530/1530
f 1532/1532 1535/1535 1540/1540
f 1528/1528 1540/1540 1552/1552
f 1534/1534 1543/1543 1539/1539
f 1538/1538 1545/1545 1535/1535
f 1539/1539 1543/1543 1533/1533
f 1534/1534 1544/1544 1543/1543
f 1544/1544 1550/1550 1543/1543
f 1535/1535 1545/1545 1540/1540
f 1543/1543 1546/1546 1533/1533
f 1542/1542 1547/1547 1536/1536
f 1541/1541 1526/1526 1533/1533
f 1536/1536 1547/1547 1545/1545
f 1536/1536 1545/1545 1538/1538
f 1550/1550 1544/1544 1548/1548
f 1546/1546 1553/1553 1533/1533
f 1551/1551 1546/1546 1543/1543
f 1551/1551 1543/1543 1550/1550
f 1551/1551 1550/1550 1557/1557
f 1540/1540 1555/1555 1552/1552
f 1554/1554 1547/1547 1542/1542
f 1533/1533 1556/1556 1541/1541
f 1545/1545 1555/1555 1540/1540
f 1554/1554 1545/1545 1547/1547
f 1557/1557 1550/1550 1558/1558
f 1541/1541 1549/1549 1537/1537
f 1533/1533 1553/1553 1556/1556
f 1549/1549 1554/1554 1537/1537
f 1548/1548 1558/1558 1550/1550
f 1537/1537 1554/1554 1542/1542
f 1541/1541 1572/1572 1549/1549
f 1554/1554 1565/1565 1545/1545
f 1572/1572 1541/1541 1556/1556
f 1545/1545 1565/1565 1555/1555
f 1571/1571 1561/1561 1559/1559
f 1546/1546 1551/1551 1553/1553
f 1553/1553 1551/1551 1557/1557
f 1558/1558 1560/1560 1557/1557
f 1553/1553 1557/1557 1561/1561
f 1548/1548 1583/1583 1558/1558
f 1559/1559 1561/1561 1562/1562
f 1560/1560 1561/1561 1557/1557
f 1556/1556 1553/1553 1561/1561
f 1559/1559 1562/1562 1574/1574
f 1561/1561 1571/1571 1566/1566
f 1583/1583 1560/1560 1558/1558
f 1559/1559 1564/1564 1571/1571
f 1571/1571 1563/1563 1549/1549
f 1604/1604 1565/1565 1554/1554
f 1561/1561 1566/1566 1556/1556
f 1560/1560 1569/1569 1561/1561
f 1563/1563 1571/1571 1584/1584
f 1549/1549 1567/1567 1568/1568
f 1561/1561 1569/1569 1562/1562
f 1568/1568 1571/1571 1549/1549
f 1556/1556 1566/1566 1571/1571
f 1554/1554 1549/1549 1588/1588
f 1549/1549 1568/1568 1567/1567
f 1549/1549 1563/1563 1588/1588
f 1549/1549 1572/1572 1568/1568
f 1571/1571 1564/1564 1570/1570
f 1570/1570 1584/1584 1571/1571
f 1559/1559 1574/1574 1564/1564
f 1556/1556 1568/1568 1572/1572
f 1568/1568 1556/1556 1571/1571
f 1574/1574 1573/1573 1564/1564
f 1574/1574 1562/1562 1573/1573
f 1569/1569 1560/1560 1575/1575
f 1554/1554 1578/1578 1604/1604
f 1576/1576 1575/1575 1560/1560
f 1576/1576 1560/1560 1583/1583
f 1575/1575 1562/1562 1569/1569
f 1577/1577 1575/1575 1576/1576
f 1583/1583 1548/1548 1579/1579
f 1577/1577 1586/1586 1575/1575
f 1588/1588 1578/1578 1554/1554
f 1580/1580 1576/1576 1579/1579
f 1586/1586 1581/1581 1575/1575
f 1586/1586 1577/1577 1576/1576
f 1581/1581 1562/1562 1575/1575
f 1579/1579 1576/1576 1583/1583
f 1563/1563 1595/1595 1588/1588
f 1581/1581 1573/1573 1562/1562
f 1580/1580 1582/1582 1576/1576
f 1582/1582 1591/1591 1576/1576
f 1576/1576 1598/1598 1586/1586
f 1595/1595 1600/1600 1588/1588
f 1581/1581 1586/1586 1573/1573
f 1578/1578 1588/1588 1587/1587
f 1586/1586 1564/1564 1573/1573
f 1584/1584 1570/1570 1585/1585
f 1586/1586 1608/1608 1592/1592
f 1604/1604 1578/1578 1596/1596
f 1592/1592 1570/1570 1564/1564
f 1592/1592 1564/1564 1586/1586
f 1585/1585 1594/1594 1584/1584
f 1563/1563 1584/1584 1594/1594
f 1586/1586 1593/1593 1608/1608
f 1576/1576 1591/1591 1599/1599
f 1585/1585 1570/1570 1594/1594
f 1589/1589 1594/1594 1570/1570
f 1586/1586 1598/1598 1606/1606
f 1595/1595 1563/1563 1602/1602
f 1598/1598 1576/1576 1599/1599
f 1590/1590 1589/1589 1570/1570
f 1586/1586 1606/1606 1593/1593
f 1597/1597 1600/1600 1595/1595
f 1563/1563 1594/1594 1602/1602
f 1589/1589 1590/1590 1594/1594
f 1599/1599 1591/1591 1582/1582
f 1587/1587 1596/1596 1578/1578
f 1594/1594 1590/1590 1602/1602
f 1596/1596 1587/1587 1588/1588
f 1590/1590 1570/1570 1592/1592
f 1599/1599 1601/1601 1598/1598
f 1602/1602 1590/1590 1597/1597
f 1596/1596 1588/1588 1600/1600
f 1592/1592 1612/1612 1590/1590
f 1602/1602 1597/1597 1595/1595
f 1593/1593 1606/1606 1608/1608
f 1597/1597 1596/1596 1600/1600
f 1603/1603 1609/1609 1596/1596
f 1603/1603 1596/1596 1616/1616
f 1616/1616 1596/1596 1597/1597
f 1596/1596 1609/1609 1604/1604
f 1599/1599 1615/1615 1601/1601
f 1590/1590 1612/1612 1605/1605
f 1590/1590 1605/1605 1597/1597
f 1592/1592 1608/1608 1612/1612
f 1599/1599 1582/1582 1607/1607
f 1599/1599 1607/1607 1615/1615
f 1606/1606 1619/1619 1608/1608
f 1603/1603 1617/1617 1609/1609
f 1616/1616 1597/1597 1639/1639
f 1606/1606 1598/1598 1611/1611
f 1634/1634 1601/1601 1614/1614
f 1613/1613 1614/1614 1607/1607
f 1614/1614 1601/1601 1607/1607
f 1607/1607 1601/1601 1615/1615
f 1597/1597 1605/1605 1633/1633
f 1621/1621 1597/1597 1633/1633
f 1601/1601 1611/1611 1598/1598
f 1617/1617 1603/1603 1625/1625
f 1603/1603 1616/1616 1625/1625
f 1606/1606 1620/1620 1619/1619
f 1605/1605 1612/1612 1610/1610
f 1633/1633 1605/1605 1610/1610
f 1619/1619 1612/1612 1608/1608
f 1597/1597 1621/1621 1639/1639
f 1611/1611 1622/1622 1606/1606
f 1612/1612 1623/1623 1610/1610
f 1619/1619 1620/1620 1624/1624
f 1619/1619 1631/1631 1612/1612
f 1620/1620 1622/1622 1624/1624
f 1606/1606 1622/1622 1620/1620
f 1612/1612 1629/1629 1623/1623
f 1612/1612 1631/1631 1629/1629
f 1616/1616 1627/1627 1626/1626
f 1613/1613 1634/1634 1614/1614
f 1616/1616 1626/1626 1625/1625
f 1634/1634 1618/1618 1601/1601
f 1624/1624 1631/1631 1619/1619
f 1627/1627 1616/1616 1645/1645
f 1613/1613 1628/1628 1634/1634
f 1629/1629 1610/1610 1623/1623
f 1629/1629 1631/1631 1610/1610
f 1618/1618 1611/1611 1601/1601
f 1632/1632 1610/1610 1631/1631
f 1631/1631 1624/1624 1632/1632
f 1610/1610 1632/1632 1633/1633
f 1618/1618 1634/1634 1628/1628
f 1624/1624 1633/1633 1632/1632
f 1635/1635 1621/1621 1633/1633
f 1624/1624 1635/1635 1633/1633
f 1624/1624 1630/1630 1635/1635
f 1621/1621 1635/1635 1637/1637
f 1616/1616 1639/1639 1645/1645
f 1618/1618 1628/1628 1611/1611
f 1628/1628 1636/1636 1611/1611
f 1622/1622 1611/1611 1649/1649
f 1624/1624 1622/1622 1638/1638
f 1630/1630 1624/1624 1644/1644
f 1641/1641 1642/1642 1622/1622
f 1611/1611 1660/1660 1641/1641
f 1622/1622 1644/1644 1638/1638
f 1664/1664 1643/1643 1611/1611
f 1639/1639 1621/1621 1654/1654
f 1630/1630 1640/1640 1652/1652
f 1630/1630 1648/1648 1635/1635
f 1630/1630 1653/1653 1640/1640
f 1630/1630 1657/1657 1653/1653
f 1621/1621 1637/1637 1666/1666
f 1642/1642 1659/1659 1622/1622
f 1624/1624 1638/1638 1644/1644
f 1646/1646 1639/1639 1650/1650
f 1650/1650 1639/1639 1651/1651
f 1647/1647 1630/1630 1652/1652
f 1630/1630 1663/1663 1648/1648
f 1621/1621 1666/1666 1654/1654
f 1648/1648 1656/1656 1635/1635
f 1637/1637 1668/1668 1655/1655
f 1665/1665 1611/1611 1636/1636
f 1637/1637 1656/1656 1668/1668
f 1656/1656 1637/1637 1635/1635
f 1630/1630 1644/1644 1657/1657
f 1622/1622 1649/1649 1641/1641
f 1611/1611 1641/1641 1649/1649
f 1622/1622 1659/1659 1644/1644
f 1645/1645 1639/1639 1646/1646
f 1639/1639 1661/1661 1651/1651
f 1639/1639 1654/1654 1661/1661
f 1662/1662 1663/1663 1630/1630
f 1655/1655 1666/1666 1637/1637
f 1665/1665 1667/1667 1611/1611
f 1611/1611 1667/1667 1664/1664
f 1611/1611 1643/1643 1658/1658
f 1611/1611 1658/1658 1660/1660
f 1630/1630 1647/1647 1662/1662
f 1670/1670 1673/1673 1671/1671
f 1669/1669 1671/1671 1673/1673
f 1669/1669 1701/1701 1671/1671
f 1675/1675 1673/1673 1672/1672
f 1673/1673 1670/1670 1672/1672
f 1676/1676 1669/1669 1673/1673
f 1673/1673 1675/1675 1680/1680
f 1674/1674 1675/1675 1672/1672
f 1669/1669 1678/1678 1701/1701
f 1680/1680 1675/1675 1674/1674
f 1677/1677 1676/1676 1673/1673
f 1669/1669 1676/1676 1678/1678
f 1680/1680 1679/1679 1673/1673
f 1673/1673 1679/1679 1677/1677
f 1678/1678 1676/1676 1677/1677
f 1681/1681 1677/1677 1679/1679
f 1683/1683 1681/1681 1679/1679
f 1678/1678 1677/1677 1681/1681
f 1683/1683 1678/1678 1681/1681
f 1679/1679 1687/1687 1683/1683
f 1680/1680 1674/1674 1686/1686
f 1682/1682 1678/1678 1688/1688
f 1701/1701 1678/1678 1688/1688
f 1687/1687 1684/1684 1683/1683
f 1678/1678 1682/1682 1688/1688
f 1684/1684 1678/1678 1683/1683
f 1680/1680 1699/1699 1679/1679
f 1708/1708 1679/1679 1699/1699
f 1679/1679 1685/1685 1687/1687
f 1690/1690 1686/1686 1674/1674
f 1700/1700 1687/1687 1685/1685
f 1678/1678 1684/1684 1697/1697
f 1687/1687 1700/1700 1684/1684
f 1688/1688 1692/1692 1701/1701
f 1688/1688 1678/1678 1697/1697
f 1700/1700 1691/1691 1684/1684
f 1685/1685 1679/1679 1708/1708
f 1688/1688 1697/1697 1692/1692
f 1684/1684 1691/1691 1689/1689
f 1686/1686 1694/1694 1680/1680
f 1684/1684 1696/1696 1697/1697
f 1694/1694 1693/1693 1680/1680
f 1694/1694 1686/1686 1690/1690
f 1680/1680 1695/1695 1699/1699
f 1689/1689 1696/1696 1684/1684
f 1680/1680 1693/1693 1695/1695
f 1700/1700 1685/1685 1706/1706
f 1709/1709 1704/1704 1726/1726
f 1685/1685 1698/1698 1706/1706
f 1709/1709 1726/1726 1710/1710
f 1697/1697 1696/1696 1702/1702
f 1692/1692 1779/1779 1701/1701
f 1713/1713 1706/1706 1698/1698
f 1691/1691 1718/1718 1689/1689
f 1699/1699 1695/1695 1703/1703
f 1706/1706 1691/1691 1700/1700
f 1697/1697 1702/1702 1692/1692
f 1698/1698 1685/1685 1708/1708
f 1703/1703 1708/1708 1699/1699
f 1713/1713 1705/1705 1706/1706
f 1718/1718 1696/1696 1689/1689
f 1703/1703 1707/1707 1708/1708
f 1706/1706 1715/1715 1691/1691
f 1720/1720 1709/1709 1710/1710
f 1698/1698 1708/1708 1713/1713
f 1708/1708 1712/1712 1713/1713
f 1712/1712 1708/1708 1707/1707
f 1706/1706 1705/1705 1715/1715
f 1728/1728 1696/1696 1711/1711
f 1714/1714 1720/1720 1710/1710
f 1696/1696 1718/1718 1711/1711
f 1704/1704 1721/1721 1787/1787
f 1728/1728 1711/1711 1717/1717
f 1704/1704 1709/1709 1716/1716
f 1721/1721 1704/1704 1716/1716
f 1726/1726 1704/1704 1787/1787
f 1732/1732 1779/1779 1692/1692
f 1691/1691 1715/1715 1718/1718
f 1718/1718 1719/1719 1711/1711
f 1702/1702 1696/1696 1692/1692
f 1714/1714 1775/1775 1720/1720
f 1711/1711 1734/1734 1717/1717
f 1692/1692 1696/1696 1732/1732
f 1717/1717 1734/1734 1722/1722
f 1696/1696 1728/1728 1732/1732
f 1717/1717 1722/1722 1727/1727
f 1721/1721 1716/1716 1723/1723
f 1714/1714 1710/1710 1730/1730
f 1722/1722 1724/1724 1727/1727
f 1710/1710 1726/1726 1730/1730
f 1717/1717 1727/1727 1728/1728
f 1723/1723 1725/1725 1721/1721
f 1711/1711 1754/1754 1734/1734
f 1787/1787 1721/1721 1776/1776
f 1711/1711 1719/1719 1791/1791
f 1734/1734 1729/1729 1722/1722
f 1729/1729 1740/1740 1722/1722
f 1721/1721 1725/1725 1776/1776
f 1722/1722 1740/1740 1724/1724
f 1791/1791 1754/1754 1711/1711
f 1718/1718 1715/1715 1719/1719
f 1728/1728 1727/1727 1786/1786
f 1733/1733 1729/1729 1734/1734
f 1728/1728 1786/1786 1739/1739
f 1727/1727 1724/1724 1786/1786
f 1724/1724 1731/1731 1770/1770
f 1724/1724 1770/1770 1786/1786
f 1729/1729 1733/1733 1740/1740
f 1724/1724 1740/1740 1731/1731
f 1775/1775 1714/1714 1774/1774
f 1770/1770 1731/1731 1743/1743
f 1728/1728 1739/1739 1732/1732
f 1735/1735 1737/1737 1750/1750
f 1746/1746 1736/1736 1744/1744
f 1750/1750 1737/1737 1757/1757
f 1770/1770 1743/1743 1741/1741
f 1751/1751 1738/1738 1746/1746
f 1744/1744 1742/1742 1746/1746
f 1731/1731 1748/1748 1743/1743
f 1730/1730 1726/1726 1787/1787
f 1755/1755 1770/1770 1741/1741
f 1743/1743 1748/1748 1762/1762
f 1744/1744 1736/1736 1758/1758
f 1746/1746 1738/1738 1747/1747
f 1746/1746 1757/1757 1736/1736
f 1746/1746 1747/1747 1757/1757
f 1742/1742 1749/1749 1746/1746
f 1752/1752 1750/1750 1757/1757
f 1737/1737 1735/1735 1757/1757
f 1746/1746 1749/1749 1751/1751
f 1757/1757 1747/1747 1752/1752
f 1735/1735 1753/1753 1757/1757
f 1740/1740 1765/1765 1731/1731
f 1762/1762 1748/1748 1756/1756
f 1753/1753 1755/1755 1757/1757
f 1755/1755 1741/1741 1764/1764
f 1755/1755 1736/1736 1757/1757
f 1774/1774 1714/1714 1730/1730
f 1731/1731 1759/1759 1748/1748
f 1760/1760 1764/1764 1761/1761
f 1759/1759 1756/1756 1748/1748
f 1755/1755 1764/1764 1736/1736
f 1758/1758 1736/1736 1777/1777
f 1767/1767 1769/1769 1766/1766
f 1763/1763 1766/1766 1769/1769
f 1755/1755 1753/1753 1768/1768
f 1755/1755 1768/1768 1786/1786
f 1766/1766 1763/1763 1767/1767
f 1740/1740 1731/1731 1765/1765
f 1731/1731 1740/1740 1773/1773
f 1731/1731 1773/1773 1759/1759
f 1760/1760 1781/1781 1764/1764
f 1756/1756 1759/1759 1762/1762
f 1736/1736 1764/1764 1781/1781
f 1730/1730 1787/1787 1784/1784
f 1734/1734 1754/1754 1733/1733
f 1777/1777 1736/1736 1772/1772
f 1761/1761 1781/1781 1760/1760
f 1786/1786 1770/1770 1755/1755
f 1740/1740 1733/1733 1771/1771
f 1740/1740 1771/1771 1801/1801
f 1740/1740 1801/1801 1773/1773
f 1787/1787 1776/1776 1793/1793
f 1789/1789 1772/1772 1736/1736
f 1786/1786 1768/1768 1778/1778
f 1732/1732 1778/1778 1779/1779
f 1754/1754 1785/1785 1745/1745
f 1761/1761 1780/1780 1781/1781
f 1777/1777 1772/1772 1783/1783
f 1772/1772 1789/1789 1783/1783
f 1782/1782 1789/1789 1736/1736
f 1781/1781 1782/1782 1736/1736
f 1739/1739 1778/1778 1732/1732
f 1814/1814 1775/1775 1774/1774
f 1776/1776 1725/1725 1794/1794
f 1791/1791 1785/1785 1754/1754
f 1789/1789 1790/1790 1783/1783
f 1781/1781 1780/1780 1789/1789
f 1782/1782 1781/1781 1789/1789
f 1739/1739 1786/1786 1778/1778
f 1791/1791 1719/1719 1715/1715
f 1789/1789 1780/1780 1788/1788
f 1792/1792 1730/1730 1784/1784
f 1789/1789 1788/1788 1790/1790
f 1798/1798 1787/1787 1793/1793
f 1776/1776 1794/1794 1793/1793
f 1784/1784 1787/1787 1798/1798
f 1771/1771 1733/1733 1811/1811
f 1774/1774 1730/1730 1792/1792
f 1715/1715 1795/1795 1791/1791
f 1754/1754 1811/1811 1733/1733
f 1800/1800 1774/1774 1792/1792
f 1715/1715 1705/1705 1795/1795
f 1754/1754 1745/1745 1804/1804
f 1705/1705 1796/1796 1795/1795
f 1725/1725 1797/1797 1794/1794
f 1754/1754 1804/1804 1811/1811
f 1791/1791 1795/1795 1812/1812
f 1774/1774 1800/1800 1802/1802
f 1785/1785 1804/1804 1745/1745
f 1771/1771 1811/1811 1810/1810
f 1784/1784 1798/1798 1799/1799
f 1796/1796 1812/1812 1795/1795
f 1792/1792 1784/1784 1800/1800
f 1800/1800 1784/1784 1799/1799
f 1798/1798 1793/1793 1794/1794
f 1794/1794 1797/1797 1803/1803
f 1808/1808 1794/1794 1803/1803
f 1771/1771 1825/1825 1801/1801
f 1785/1785 1815/1815 1804/1804
f 1791/1791 1807/1807 1785/1785
f 1807/1807 1815/1815 1785/1785
f 1810/1810 1825/1825 1771/1771
f 1814/1814 1774/1774 1802/1802
f 1798/1798 1794/1794 1805/1805
f 1808/1808 1805/1805 1794/1794
f 1791/1791 1812/1812 1807/1807
f 1798/1798 1805/1805 1806/1806
f 1812/1812 1815/1815 1807/1807
f 1800/1800 1799/1799 1802/1802
f 1815/1815 1816/1816 1809/1809
f 1803/1803 1813/1813 1808/1808
f 1798/1798 1806/1806 1799/1799
f 1815/1815 1809/1809 1804/1804
f 1806/1806 1805/1805 1808/1808
f 1814/1814 1802/1802 1822/1822
f 1802/1802 1799/1799 1817/1817
f 1816/1816 1819/1819 1827/1827
f 1815/1815 1819/1819 1816/1816
f 1812/1812 1819/1819 1815/1815
f 1816/1816 1824/1824 1809/1809
f 1809/1809 1824/1824 1804/1804
f 1804/1804 1824/1824 1811/1811
f 1796/1796 1819/1819 1812/1812
f 1834/1834 1802/1802 1817/1817
f 1806/1806 1808/1808 1828/1828
f 1818/1818 1808/1808 1826/1826
f 1799/1799 1806/1806 1820/1820
f 1811/1811 1821/1821 1810/1810
f 1818/1818 1828/1828 1808/1808
f 1817/1817 1799/1799 1830/1830
f 1811/1811 1824/1824 1823/1823
f 1816/1816 1827/1827 1831/1831
f 1826/1826 1808/1808 1813/1813
f 1828/1828 1818/1818 1826/1826
f 1799/1799 1820/1820 1829/1829
f 1806/1806 1828/1828 1820/1820
f 1799/1799 1829/1829 1832/1832
f 1830/1830 1799/1799 1832/1832
f 1817/1817 1830/1830 1833/1833
f 1817/1817 1833/1833 1834/1834
f 1802/1802 1834/1834 1835/1835
f 1822/1822 1802/1802 1835/1835
f 1827/1827 1819/1819 1831/1831
f 1816/1816 1831/1831 1837/1837
f 1811/1811 1823/1823 1836/1836
f 1811/1811 1836/1836 1821/1821
f 1810/1810 1821/1821 1825/1825
f 1816/1816 1837/1837 1824/1824
f 1857/1857 1839/1839 1838/1838
f 1857/1857 1843/1843 1839/1839
f 1839/1839 1843/1843 1841/1841
f 1857/1857 1840/1840 1843/1843
f 1838/1838 1844/1844 1857/1857
f 1841/1841 1842/1842 1839/1839
f 1838/1838 1839/1839 1844/1844
f 1842/1842 1844/1844 1839/1839
f 1842/1842 1841/1841 1844/1844
f 1843/1843 1844/1844 1841/1841
f 1844/1844 1847/1847 1857/1857
f 1845/1845 1847/1847 1844/1844
f 1843/1843 1845/1845 1844/1844
f 1843/1843 1840/1840 1852/1852
f 1845/1845 1846/1846 1847/1847
f 1850/1850 1845/1845 1843/1843
f 1847/1847 1845/1845 1851/1851
f 1850/1850 1843/1843 1852/1852
f 1845/1845 1847/1847 1846/1846
f 1846/1846 1847/1847 1848/1848
f 1846/1846 1848/1848 1847/1847
f 1854/1854 1851/1851 1845/1845
f 1849/1849 1857/1857 1847/1847
f 1847/1847 1851/1851 1849/1849
f 1850/1850 1854/1854 1845/1845
f 1851/1851 1856/1856 1849/1849
f 1850/1850 1861/1861 1854/1854
f 1859/1859 1849/1849 1853/1853
f 1854/1854 1856/1856 1851/1851
f 1852/1852 1840/1840 1855/1855
f 1850/1850 1852/1852 1862/1862
f 1849/1849 1856/1856 1853/1853
f 1849/1849 1859/1859 1858/1858
f 1849/1849 1858/1858 1857/1857
f 1861/1861 1856/1856 1854/1854
f 1852/1852 1860/1860 1862/1862
f 1850/1850 1862/1862 1861/1861
f 1859/1859 1853/1853 1863/1863
f 1858/1858 1859/1859 1863/1863
f 1852/1852 1855/1855 1860/1860
f 1884/1884 1887/1887 1867/1867
f 1887/1887 1868/1868 1867/1867
f 1887/1887 1865/1865 1868/1868
f 1868/1868 1879/1879 1867/1867
f 1871/1871 1873/1873 1866/1866
f 1867/1867 1879/1879 1874/1874
f 1867/1867 1869/1869 1873/1873
f 1871/1871 1866/1866 1876/1876
f 1878/1878 1866/1866 1864/1864
f 1864/1864 1873/1873 1869/1869
f 1866/1866 1873/1873 1864/1864
f 1869/1869 1867/1867 1874/1874
f 1864/1864 1869/1869 1874/1874
f 1872/1872 1876/1876 1878/1878
f 1876/1876 1870/1870 1871/1871
f 1876/1876 1866/1866 1878/1878
f 1864/1864 1875/1875 1878/1878
f 1864/1864 1874/1874 1880/1880
f 1873/1873 1871/1871 1870/1870
f 1864/1864 1880/1880 1875/1875
f 1889/1889 1879/1879 1868/1868
f 1865/1865 1889/1889 1868/1868
f 1879/1879 1889/1889 1874/1874
f 1872/1872 1877/1877 1876/1876
f 1872/1872 1882/1882 1877/1877
f 1875/1875 1883/1883 1878/1878
f 1884/1884 1867/1867 1873/1873
f 1889/1889 1880/1880 1874/1874
f 1870/1870 1884/1884 1873/1873
f 1880/1880 1883/1883 1875/1875
f 1872/1872 1878/1878 1882/1882
f 1880/1880 1886/1886 1883/1883
f 1884/1884 1870/1870 1881/1881
f 1878/1878 1885/1885 1882/1882
f 1878/1878 1883/1883 1886/1886
f 1865/1865 1915/1915 1889/1889
f 1878/1878 1886/1886 1906/1906
f 1878/1878 1906/1906 1885/1885
f 1886/1886 1880/1880 1888/1888
f 1893/1893 1887/1887 1884/1884
f 1889/1889 1891/1891 1880/1880
f 1915/1915 1896/1896 1889/1889
f 1888/1888 1894/1894 1886/1886
f 1865/1865 1890/1890 1915/1915
f 1888/1888 1891/1891 1894/1894
f 1888/1888 1880/1880 1891/1891
f 1894/1894 1898/1898 1886/1886
f 1892/1892 1894/1894 1891/1891
f 1893/1893 1884/1884 1902/1902
f 1884/1884 1899/1899 1902/1902
f 1891/1891 1895/1895 1892/1892
f 1886/1886 1898/1898 1906/1906
f 1881/1881 1907/1907 1884/1884
f 1891/1891 1905/1905 1895/1895
f 1889/1889 1896/1896 1905/1905
f 1905/1905 1891/1891 1889/1889
f 1915/1915 1890/1890 1897/1897
f 1907/1907 1899/1899 1884/1884
f 1894/1894 1892/1892 1898/1898
f 1906/1906 1898/1898 1900/1900
f 1895/1895 1898/1898 1892/1892
f 1895/1895 1903/1903 1898/1898
f 1902/1902 1899/1899 1909/1909
f 1901/1901 1905/1905 1896/1896
f 1915/1915 1901/1901 1896/1896
f 1895/1895 1912/1912 1903/1903
f 1898/1898 1903/1903 1900/1900
f 1905/1905 1918/1918 1895/1895
f 1900/1900 1921/1921 1906/1906
f 1900/1900 1903/1903 1921/1921
f 1907/1907 1913/1913 1899/1899
f 1912/1912 1895/1895 1910/1910
f 1904/1904 1921/1921 1903/1903
f 1901/1901 1911/1911 1905/1905
f 1899/1899 1929/1929 1909/1909
f 1915/1915 1911/1911 1901/1901
f 1904/1904 1922/1922 1921/1921
f 1904/1904 1903/1903 1908/1908
f 1895/1895 1918/1918 1910/1910
f 1911/1911 1918/1918 1905/1905
f 1915/1915 1897/1897 1914/1914
f 1912/1912 1910/1910 1917/1917
f 1903/1903 1912/1912 1908/1908
f 1912/1912 1917/1917 1908/1908
f 1907/1907 1881/1881 1913/1913
f 1899/1899 1913/1913 1916/1916
f 1916/1916 1930/1930 1899/1899
f 1915/1915 1914/1914 1911/1911
f 1904/1904 1923/1923 1922/1922
f 1881/1881 1919/1919 1913/1913
f 1922/1922 1949/1949 1921/1921
f 1910/1910 1918/1918 1917/1917
f 1918/1918 1920/1920 1917/1917
f 1918/1918 1911/1911 1920/1920
f 1904/1904 1908/1908 1923/1923
f 1913/1913 1919/1919 1916/1916
f 1917/1917 1924/1924 1908/1908
f 1911/1911 1914/1914 1920/1920
f 1928/1928 1926/1926 1925/1925
f 1908/1908 1939/1939 1923/1923
f 1917/1917 1920/1920 1924/1924
f 1919/1919 1927/1927 1916/1916
f 1928/1928 1920/1920 1914/1914
f 1899/1899 1930/1930 1929/1929
f 1926/1926 1937/1937 1925/1925
f 1934/1934 1936/1936 1920/1920
f 1930/1930 1932/1932 1929/1929
f 1924/1924 1939/1939 1908/1908
f 1920/1920 1939/1939 1924/1924
f 1916/1916 1927/1927 1931/1931
f 1920/1920 1928/1928 1934/1934
f 1925/1925 1935/1935 1928/1928
f 1916/1916 1931/1931 1930/1930
f 1930/1930 1933/1933 1932/1932
f 1928/1928 1935/1935 1934/1934
f 1936/1936 1939/1939 1920/1920
f 1930/1930 1931/1931 1933/1933
f 1922/1922 1938/1938 1949/1949
f 1925/1925 1937/1937 1935/1935
f 1939/1939 1936/1936 1944/1944
f 1935/1935 1944/1944 1934/1934
f 1934/1934 1944/1944 1936/1936
f 1938/1938 1922/1922 1941/1941
f 1938/1938 1941/1941 1942/1942
f 1952/1952 1940/1940 1938/1938
f 1944/1944 1946/1946 1939/1939
f 1942/1942 1952/1952 1938/1938
f 1943/1943 1947/1947 1956/1956
f 1941/1941 1922/1922 1923/1923
f 1941/1941 1923/1923 1939/1939
f 1937/1937 1963/1963 1935/1935
f 1942/1942 1941/1941 1952/1952
f 1935/1935 1963/1963 1945/1945
f 1935/1935 1945/1945 1944/1944
f 1946/1946 1944/1944 1945/1945
f 1945/1945 1963/1963 1946/1946
f 1937/1937 1926/1926 1963/1963
f 1953/1953 1962/1962 1961/1961
f 1943/1943 1953/1953 1947/1947
f 1953/1953 1961/1961 1947/1947
f 1940/1940 1948/1948 1938/1938
f 1962/1962 1950/1950 1961/1961
f 1938/1938 1948/1948 1949/1949
f 1951/1951 1953/1953 1943/1943
f 1941/1941 2033/2033 1952/1952
f 1968/1968 1954/1954 1958/1958
f 1951/1951 1960/1960 1953/1953
f 1946/1946 1941/1941 1939/1939
f 1960/1960 1962/1962 1953/1953
f 1946/1946 2033/2033 1941/1941
f 1947/1947 1961/1961 1966/1966
f 1963/1963 1926/1926 1955/1955
f 1960/1960 1965/1965 1962/1962
f 1947/1947 1982/1982 1956/1956
f 1947/1947 2091/2091 1982/1982
f 1947/1947 1966/1966 1957/1957
f 1950/1950 1966/1966 1961/1961
f 1959/1959 1960/1960 1951/1951
f 1954/1954 2153/2153 1958/1958
f 1990/1990 2033/2033 1946/1946
f 1959/1959 1965/1965 1960/1960
f 1968/1968 1967/1967 1954/1954
f 1957/1957 2091/2091 1947/1947
f 1962/1962 1965/1965 1970/1970
f 1955/1955 1990/1990 1963/1963
f 1990/1990 1946/1946 1963/1963
f 2122/2122 2091/2091 1957/1957
f 1964/1964 1965/1965 1959/1959
f 1970/1970 1965/1965 1974/1974
f 1954/1954 1969/1969 2153/2153
f 1966/1966 2122/2122 1957/1957
f 1964/1964 2034/2034 1965/1965
f 1967/1967 1971/1971 1981/1981
f 1950/1950 2122/2122 1966/1966
f 1968/1968 1971/1971 1967/1967
f 2034/2034 1974/1974 1965/1965
f 1954/1954 1967/1967 1972/1972
f 1981/1981 1973/1973 1967/1967
f 1977/1977 1972/1972 1967/1967
f 1967/1967 1973/1973 1977/1977
f 1954/1954 1972/1972 1969/1969
f 1974/1974 1975/1975 2024/2024
f 1993/1993 1983/1983 1978/1978
f 1979/1979 1978/1978 2204/2204
f 1980/1980 2022/2022 2008/2008
f 1978/1978 1983/1983 2204/2204
f 1997/1997 1985/1985 1984/1984
f 1993/1993 2204/2204 1983/1983
f 1978/1978 1979/1979 1998/1998
f 1993/1993 1978/1978 1998/1998
f 2034/2034 1975/1975 1974/1974
f 2022/2022 1980/1980 2013/2013
f 2001/2001 2153/2153 1969/1969
f 1991/1991 1979/1979 1992/1992
f 1979/1979 1986/1986 1995/1995
f 1992/1992 1994/1994 1998/1998
f 1995/1995 1986/1986 1996/1996
f 1986/1986 1979/1979 1996/1996
f 2002/2002 2000/2000 2004/2004
f 2000/2000 2003/2003 2004/2004
f 2007/2007 1987/1987 1988/1988
f 1987/1987 2005/2005 1988/1988
f 1976/1976 1989/1989 2019/2019
f 2091/2091 2137/2137 1982/1982
f 1998/1998 1994/1994 1993/1993
f 1997/1997 1984/1984 1999/1999
f 1997/1997 1999/1999 1985/1985
f 1985/1985 1999/1999 1984/1984
f 2025/2025 2022/2022 2013/2013
f 2050/2050 1976/1976 2019/2019
f 2019/2019 2009/2009 2116/2116
f 2050/2050 2019/2019 2116/2116
f 2127/2127 2091/2091 2122/2122
f 2002/2002 2004/2004 2003/2003
f 2002/2002 2003/2003 2000/2000
f 2005/2005 1987/1987 2006/2006
f 2022/2022 2023/2023 2008/2008
f 2005/2005 2012/2012 1988/1988
f 1988/1988 2012/2012 2007/2007
f 2005/2005 2006/2006 2012/2012
f 2018/2018 1989/1989 1976/1976
f 1989/1989 2009/2009 2019/2019
f 2050/2050 2116/2116 2010/2010
f 1974/1974 2049/2049 2011/2011
f 1970/1970 1974/1974 2042/2042
f 2015/2015 2016/2016 2017/2017
f 2017/2017 2016/2016 2029/2029
f 2013/2013 1980/1980 2026/2026
f 2014/2014 1974/1974 2011/2011
f 2015/2015 2027/2027 2016/2016
f 2013/2013 2026/2026 2016/2016
f 2025/2025 2021/2021 2022/2022
f 2016/2016 2026/2026 2030/2030
f 2018/2018 1976/1976 2080/2080
f 2047/2047 2023/2023 2022/2022
f 2120/2120 2024/2024 1975/1975
f 2024/2024 2049/2049 1974/1974
f 1977/1977 1973/1973 1981/1981
f 2025/2025 2013/2013 2036/2036
f 2016/2016 2027/2027 2036/2036
f 2013/2013 2016/2016 2036/2036
f 2037/2037 2022/2022 2021/2021
f 2016/2016 2030/2030 2029/2029
f 1969/1969 1972/1972 2001/2001
f 2029/2029 2030/2030 2028/2028
f 2028/2028 2030/2030 2026/2026
f 2018/2018 2031/2031 1989/1989
f 2020/2020 1974/1974 2014/2014
f 2133/2133 2095/2095 2100/2100
f 2015/2015 2035/2035 2027/2027
f 2032/2032 2129/2129 2051/2051
f 2029/2029 2028/2028 2038/2038
f 2027/2027 2035/2035 2036/2036
f 1990/1990 2098/2098 2033/2033
f 2010/2010 2089/2089 2050/2050
f 2042/2042 1974/1974 2020/2020
f 2123/2123 1972/1972 1977/1977
f 2032/2032 2051/2051 2129/2129
f 1964/1964 2120/2120 2034/2034
f 2052/2052 2100/2100 2095/2095
f 2038/2038 2028/2028 2044/2044
f 2039/2039 2043/2043 2046/2046
f 2022/2022 2037/2037 2045/2045
f 1971/1971 2117/2117 1981/1981
f 2037/2037 2021/2021 2045/2045
f 2028/2028 2026/2026 2044/2044
f 2044/2044 2026/2026 2043/2043
f 2039/2039 2044/2044 2043/2043
f 2046/2046 2043/2043 2026/2026
f 2040/2040 2048/2048 2031/2031
f 2009/2009 1989/1989 2031/2031
f 1968/1968 1958/1958 2117/2117
f 2034/2034 2120/2120 1975/1975
f 2059/2059 2060/2060 2053/2053
f 2058/2058 2060/2060 2054/2054
f 2055/2055 2056/2056 2057/2057
f 2046/2046 2026/2026 2055/2055
f 2055/2055 2026/2026 2056/2056
f 2056/2056 2026/2026 2064/2064
f 2056/2056 2064/2064 2057/2057
f 2022/2022 2063/2063 2047/2047
f 1976/1976 2050/2050 2089/2089
f 2042/2042 2020/2020 2041/2041
f 2129/2129 2106/2106 2051/2051
f 2053/2053 2082/2082 2059/2059
f 2061/2061 2054/2054 2060/2060
f 2059/2059 2062/2062 2060/2060
f 2070/2070 2082/2082 2092/2092
f 2084/2084 2062/2062 2082/2082
f 2084/2084 2082/2082 2070/2070
f 2022/2022 2045/2045 2063/2063
f 2026/2026 1980/1980 2064/2064
f 2093/2093 2065/2065 2067/2067
f 2040/2040 2066/2066 2048/2048
f 2048/2048 2066/2066 2031/2031
f 2065/2065 2077/2077 2067/2067
f 2148/2148 2068/2068 2097/2097
f 2069/2069 2060/2060 2062/2062
f 2058/2058 2054/2054 2061/2061
f 2059/2059 2082/2082 2062/2062
f 2062/2062 2084/2084 2069/2069
f 2070/2070 2092/2092 2071/2071
f 2096/2096 2085/2085 2074/2074
f 2085/2085 2096/2096 2073/2073
f 2093/2093 2077/2077 2065/2065
f 2093/2093 2074/2074 2075/2075
f 2072/2072 2086/2086 2078/2078
f 2111/2111 2081/2081 2082/2082
f 2024/2024 2101/2101 2049/2049
f 2052/2052 2101/2101 2083/2083
f 2101/2101 2052/2052 2083/2083
f 2092/2092 2082/2082 2085/2085
f 2075/2075 2074/2074 2076/2076
f 2076/2076 2074/2074 2079/2079
f 2072/2072 2078/2078 2079/2079
f 2072/2072 2079/2079 2086/2086
f 2086/2086 2079/2079 2078/2078
f 2079/2079 2078/2078 2081/2081
f 2081/2081 2078/2078 2082/2082
f 2075/2075 2076/2076 2087/2087
f 2080/2080 1976/1976 2090/2090
f 2088/2088 2110/2110 2094/2094
f 2090/2090 1976/1976 2089/2089
f 2053/2053 2102/2102 2082/2082
f 2084/2084 2070/2070 2071/2071
f 2092/2092 2085/2085 2073/2073
f 2074/2074 2082/2082 2078/2078
f 2079/2079 2074/2074 2078/2078
f 2093/2093 2075/2075 2087/2087
f 2010/2010 2090/2090 2089/2089
f 2052/2052 2101/2101 2100/2100
f 2085/2085 2082/2082 2074/2074
f 2133/2133 2100/2100 2131/2131
f 2110/2110 2088/2088 2096/2096
f 2093/2093 2110/2110 2074/2074
f 2110/2110 2093/2093 2094/2094
f 1955/1955 2098/2098 1990/1990
f 2051/2051 2099/2099 2129/2129
f 2052/2052 2108/2108 2101/2101
f 2120/2120 2101/2101 2024/2024
f 2110/2110 2096/2096 2074/2074
f 2117/2117 2132/2132 1981/1981
f 2104/2104 2041/2041 2020/2020
f 2052/2052 2095/2095 2133/2133
f 2109/2109 2107/2107 2106/2106
f 2106/2106 2102/2102 2053/2053
f 2031/2031 2103/2103 2009/2009
f 2129/2129 2105/2105 2106/2106
f 2107/2107 2109/2109 2114/2114
f 2107/2107 2114/2114 2106/2106
f 2106/2106 2118/2118 2102/2102
f 2042/2042 2041/2041 2104/2104
f 2117/2117 1971/1971 1968/1968
f 2122/2122 2134/2134 2127/2127
f 2001/2001 1972/1972 2125/2125
f 2133/2133 2112/2112 2052/2052
f 2119/2119 2115/2115 2109/2109
f 2109/2109 2115/2115 2114/2114
f 2113/2113 2109/2109 2106/2106
f 2109/2109 2113/2113 2121/2121
f 2103/2103 2116/2116 2009/2009
f 2052/2052 2112/2112 2108/2108
f 2119/2119 2109/2109 2121/2121
f 2102/2102 2118/2118 2141/2141
f 2082/2082 2068/2068 2111/2111
f 2105/2105 2118/2118 2106/2106
f 2119/2119 2121/2121 2113/2113
f 2082/2082 2097/2097 2068/2068
f 2120/2120 1964/1964 2131/2131
f 2102/2102 2141/2141 2082/2082
f 2132/2132 1977/1977 1981/1981
f 2126/2126 2124/2124 2129/2129
f 1972/1972 2123/2123 2136/2136
f 2130/2130 2126/2126 2129/2129
f 2120/2120 2100/2100 2101/2101
f 2131/2131 2100/2100 2120/2120
f 2118/2118 2105/2105 2141/2141
f 2082/2082 2135/2135 2097/2097
f 1950/1950 2128/2128 2122/2122
f 1964/1964 2133/2133 2131/2131
f 2129/2129 2099/2099 2130/2130
f 2135/2135 2140/2140 2097/2097
f 1972/1972 2136/2136 2125/2125
f 1977/1977 2144/2144 2123/2123
f 2124/2124 2141/2141 2129/2129
f 2129/2129 2141/2141 2105/2105
f 2135/2135 2082/2082 2141/2141
f 2132/2132 2151/2151 1977/1977
f 2168/2168 2132/2132 2117/2117
f 2001/2001 2125/2125 2153/2153
f 2128/2128 2134/2134 2122/2122
f 2125/2125 2136/2136 2138/2138
f 2137/2137 2091/2091 2161/2161
f 2161/2161 2091/2091 2139/2139
f 2134/2134 2162/2162 2127/2127
f 2132/2132 2168/2168 2149/2149
f 2144/2144 2136/2136 2123/2123
f 1977/1977 2151/2151 2146/2146
f 2127/2127 2162/2162 2091/2091
f 2141/2141 2124/2124 2135/2135
f 2134/2134 2128/2128 2143/2143
f 2162/2162 2139/2139 2091/2091
f 2125/2125 2147/2147 2153/2153
f 2136/2136 2144/2144 2154/2154
f 2134/2134 2152/2152 2162/2162
f 2132/2132 2149/2149 2151/2151
f 1977/1977 2146/2146 2144/2144
f 2134/2134 2143/2143 2145/2145
f 2145/2145 2152/2152 2134/2134
f 2146/2146 2154/2154 2144/2144
f 2125/2125 2150/2150 2147/2147
f 2138/2138 2150/2150 2125/2125
f 2140/2140 2142/2142 2097/2097
f 2156/2156 2146/2146 2151/2151
f 2138/2138 2136/2136 2154/2154
f 2145/2145 2162/2162 2152/2152
f 2151/2151 2149/2149 2176/2176
f 2168/2168 2176/2176 2149/2149
f 2138/2138 2154/2154 2155/2155
f 2153/2153 2147/2147 2194/2194
f 2148/2148 2097/2097 2203/2203
f 2150/2150 2155/2155 2147/2147
f 2138/2138 2155/2155 2150/2150
f 2135/2135 2124/2124 2167/2167
f 2172/2172 2156/2156 2151/2151
f 2168/2168 2160/2160 2176/2176
f 2154/2154 2146/2146 2157/2157
f 2145/2145 2159/2159 2162/2162
f 2151/2151 2158/2158 2176/2176
f 2165/2165 2146/2146 2156/2156
f 2139/2139 2178/2178 2161/2161
f 2168/2168 2117/2117 2175/2175
f 2151/2151 2176/2176 2158/2158
f 2154/2154 2163/2163 2155/2155
f 2155/2155 2182/2182 2147/2147
f 2159/2159 2164/2164 2162/2162
f 2176/2176 2172/2172 2151/2151
f 2178/2178 2139/2139 2162/2162
f 2147/2147 2171/2171 2194/2194
f 2157/2157 2173/2173 2154/2154
f 2172/2172 2165/2165 2156/2156
f 2146/2146 2165/2165 2157/2157
f 2169/2169 2171/2171 2147/2147
f 2135/2135 2167/2167 2140/2140
f 2162/2162 2170/2170 2166/2166
f 2166/2166 2162/2162 2164/2164
f 2174/2174 2162/2162 2166/2166
f 2165/2165 2181/2181 2157/2157
f 2162/2162 2174/2174 2178/2178
f 2162/2162 2166/2166 2170/2170
f 2175/2175 2176/2176 2168/2168
f 2173/2173 2157/2157 2154/2154
f 2168/2168 2176/2176 2160/2160
f 2172/2172 2177/2177 2165/2165
f 2174/2174 2179/2179 2178/2178
f 2165/2165 2177/2177 2181/2181
f 2155/2155 2180/2180 2182/2182
f 2154/2154 2157/2157 2163/2163
f 2166/2166 2164/2164 2174/2174
f 2175/2175 2117/2117 1958/1958
f 2171/2171 2193/2193 2194/2194
f 2174/2174 2184/2184 2179/2179
f 2177/2177 2172/2172 2176/2176
f 2147/2147 2182/2182 2169/2169
f 2176/2176 2175/2175 2183/2183
f 2181/2181 2185/2185 2157/2157
f 2176/2176 2183/2183 2177/2177
f 2164/2164 2184/2184 2174/2174
f 2097/2097 2142/2142 2203/2203
f 2175/2175 2197/2197 2183/2183
f 2180/2180 2155/2155 2163/2163
f 2180/2180 2195/2195 2182/2182
f 2167/2167 2187/2187 2140/2140
f 2177/2177 2198/2198 2181/2181
f 2181/2181 2190/2190 2185/2185
f 2157/2157 2191/2191 2163/2163
f 2171/2171 2196/2196 2193/2193
f 2167/2167 2124/2124 2187/2187
f 2140/2140 2188/2188 2189/2189
f 2177/2177 2183/2183 2198/2198
f 2185/2185 2191/2191 2157/2157
f 2163/2163 2191/2191 2186/2186
f 2163/2163 2199/2199 2180/2180
f 2169/2169 2200/2200 2196/2196
f 2169/2169 2196/2196 2171/2171
f 2140/2140 2187/2187 2188/2188
f 2183/2183 2197/2197 2198/2198
f 2181/2181 2192/2192 2190/2190
f 2185/2185 2190/2190 2191/2191
f 2163/2163 2186/2186 2199/2199
f 2201/2201 2195/2195 2180/2180
f 2199/2199 2201/2201 2180/2180
f 2182/2182 2195/2195 2200/2200
f 2182/2182 2200/2200 2169/2169
f 2193/2193 2202/2202 2194/2194
f 2193/2193 2196/2196 2202/2202
f 2175/2175 1958/1958 2197/2197
f 2181/2181 2198/2198 2192/2192
f 2189/2189 2203/2203 2140/2140
f 2140/2140 2203/2203 2142/2142
f 1992/1992 1979/1979 1991/1991
f 1992/1992 1998/1998 1979/1979
f 2206/2206 2218/2218 2205/2205
f 2207/2207 2212/2212 2211/2211
f 2207/2207 2208/2208 2213/2213
f 2207/2207 2213/2213 2212/2212
f 2271/2271 2209/2209 2216/2216
f 2245/2245 2211/2211 2212/2212
f 2245/2245 2210/2210 2211/2211
f 2211/2211 2210/2210 2228/2228
f 2209/2209 2205/2205 2216/2216
f 2205/2205 2219/2219 2215/2215
f 2206/2206 2211/2211 2228/2228
f 2206/2206 2228/2228 2218/2218
f 2215/2215 2216/2216 2205/2205
f 2216/2216 2214/2214 2271/2271
f 2220/2220 2212/2212 2213/2213
f 2205/2205 2218/2218 2219/2219
f 2208/2208 2217/2217 2213/2213
f 2213/2213 2217/2217 2221/2221
f 2212/2212 2220/2220 2273/2273
f 2228/2228 2210/2210 2289/2289
f 2293/2293 2220/2220 2213/2213
f 2273/2273 2245/2245 2212/2212
f 2222/2222 2225/2225 2231/2231
f 2215/2215 2242/2242 2216/2216
f 2213/2213 2272/2272 2293/2293
f 2264/2264 2266/2266 2223/2223
f 2234/2234 2253/2253 2224/2224
f 2227/2227 2210/2210 2245/2245
f 2216/2216 2242/2242 2268/2268
f 2227/2227 2289/2289 2210/2210
f 2213/2213 2221/2221 2272/2272
f 2229/2229 2264/2264 2223/2223
f 2234/2234 2225/2225 2222/2222
f 2225/2225 2239/2239 2231/2231
f 2225/2225 2241/2241 2236/2236
f 2226/2226 2236/2236 2235/2235
f 2234/2234 2241/2241 2225/2225
f 2236/2236 2239/2239 2225/2225
f 2231/2231 2239/2239 2237/2237
f 2233/2233 2232/2232 2230/2230
f 2238/2238 2234/2234 2224/2224
f 2244/2244 2232/2232 2233/2233
f 2232/2232 2244/2244 2230/2230
f 2234/2234 2238/2238 2241/2241
f 2236/2236 2237/2237 2239/2239
f 2241/2241 2238/2238 2236/2236
f 2235/2235 2236/2236 2238/2238
f 2236/2236 2226/2226 2237/2237
f 2217/2217 2240/2240 2221/2221
f 2215/2215 2219/2219 2242/2242
f 2234/2234 2243/2243 2241/2241
f 2214/2214 2247/2247 2271/2271
f 2222/2222 2244/2244 2234/2234
f 2243/2243 2234/2234 2241/2241
f 2219/2219 2268/2268 2242/2242
f 2253/2253 2234/2234 2246/2246
f 2234/2234 2244/2244 2250/2250
f 2228/2228 2289/2289 2218/2218
f 2253/2253 2246/2246 2250/2250
f 2250/2250 2246/2246 2234/2234
f 2250/2250 2244/2244 2251/2251
f 2249/2249 2248/2248 2259/2259
f 2293/2293 2272/2272 2309/2309
f 2249/2249 2252/2252 2248/2248
f 2221/2221 2240/2240 2269/2269
f 2219/2219 2218/2218 2295/2295
f 2275/2275 2311/2311 2254/2254
f 2253/2253 2250/2250 2248/2248
f 2255/2255 2259/2259 2262/2262
f 2255/2255 2262/2262 2256/2256
f 2255/2255 2256/2256 2263/2263
f 2258/2258 2267/2267 2257/2257
f 2257/2257 2267/2267 2260/2260
f 2257/2257 2260/2260 2258/2258
f 2253/2253 2248/2248 2254/2254
f 2248/2248 2261/2261 2262/2262
f 2262/2262 2263/2263 2256/2256
f 2262/2262 2261/2261 2263/2263
f 2248/2248 2250/2250 2259/2259
f 2264/2264 2265/2265 2266/2266
f 2248/2248 2252/2252 2261/2261
f 2259/2259 2248/2248 2262/2262
f 2267/2267 2266/2266 2265/2265
f 2259/2259 2250/2250 2251/2251
f 2248/2248 2259/2259 2265/2265
f 2259/2259 2267/2267 2265/2265
f 2254/2254 2248/2248 2265/2265
f 2265/2265 2264/2264 2270/2270
f 2287/2287 2311/2311 2275/2275
f 2264/2264 2229/2229 2270/2270
f 2271/2271 2247/2247 2270/2270
f 2269/2269 2272/2272 2221/2221
f 2269/2269 2240/2240 2272/2272
f 2268/2268 2274/2274 2216/2216
f 2274/2274 2214/2214 2216/2216
f 2247/2247 2283/2283 2270/2270
f 2289/2289 2316/2316 2218/2218
f 2254/2254 2265/2265 2276/2276
f 2273/2273 2294/2294 2245/2245
f 2270/2270 2283/2283 2265/2265
f 2283/2283 2276/2276 2265/2265
f 2275/2275 2254/2254 2283/2283
f 2254/2254 2276/2276 2283/2283
f 2219/2219 2295/2295 2268/2268
f 2272/2272 2240/2240 2279/2279
f 2294/2294 2273/2273 2220/2220
f 2247/2247 2290/2290 2283/2283
f 2268/2268 2295/2295 2286/2286
f 2294/2294 2220/2220 2277/2277
f 2316/2316 2295/2295 2218/2218
f 2272/2272 2280/2280 2306/2306
f 2220/2220 2293/2293 2277/2277
f 2275/2275 2278/2278 2287/2287
f 2288/2288 2245/2245 2294/2294
f 2284/2284 2247/2247 2214/2214
f 2272/2272 2279/2279 2281/2281
f 2227/2227 2245/2245 2288/2288
f 2214/2214 2286/2286 2284/2284
f 2282/2282 2275/2275 2283/2283
f 2286/2286 2214/2214 2274/2274
f 2272/2272 2281/2281 2280/2280
f 2247/2247 2284/2284 2290/2290
f 2309/2309 2272/2272 2306/2306
f 2284/2284 2285/2285 2290/2290
f 2268/2268 2286/2286 2274/2274
f 2278/2278 2301/2301 2287/2287
f 2285/2285 2283/2283 2290/2290
f 2288/2288 2289/2289 2227/2227
f 2283/2283 2285/2285 2303/2303
f 2278/2278 2275/2275 2282/2282
f 2291/2291 2316/2316 2289/2289
f 2284/2284 2303/2303 2285/2285
f 2296/2296 2284/2284 2286/2286
f 2278/2278 2282/2282 2303/2303
f 2282/2282 2283/2283 2303/2303
f 2301/2301 2311/2311 2287/2287
f 2280/2280 2281/2281 2297/2297
f 2295/2295 2298/2298 2286/2286
f 2303/2303 2284/2284 2296/2296
f 2298/2298 2300/2300 2286/2286
f 2296/2296 2286/2286 2300/2300
f 2301/2301 2278/2278 2308/2308
f 2280/2280 2299/2299 2321/2321
f 2297/2297 2299/2299 2280/2280
f 2316/2316 2319/2319 2295/2295
f 2297/2297 2281/2281 2299/2299
f 2280/2280 2321/2321 2306/2306
f 2301/2301 2312/2312 2311/2311
f 2298/2298 2296/2296 2300/2300
f 2291/2291 2310/2310 2316/2316
f 2288/2288 2292/2292 2289/2289
f 2303/2303 2296/2296 2298/2298
f 2303/2303 2307/2307 2278/2278
f 2319/2319 2308/2308 2295/2295
f 2293/2293 2309/2309 2277/2277
f 2292/2292 2288/2288 2304/2304
f 2298/2298 2295/2295 2302/2302
f 2278/2278 2307/2307 2308/2308
f 2317/2317 2294/2294 2277/2277
f 2292/2292 2310/2310 2289/2289
f 2288/2288 2294/2294 2304/2304
f 2302/2302 2307/2307 2303/2303
f 2298/2298 2302/2302 2303/2303
f 2302/2302 2295/2295 2307/2307
f 2289/2289 2310/2310 2291/2291
f 2316/2316 2320/2320 2319/2319
f 2295/2295 2308/2308 2307/2307
f 2309/2309 2306/2306 2318/2318
f 2309/2309 2325/2325 2277/2277
f 2312/2312 2301/2301 2305/2305
f 2310/2310 2292/2292 2304/2304
f 2310/2310 2314/2314 2316/2316
f 2311/2311 2312/2312 2330/2330
f 2316/2316 2313/2313 2320/2320
f 2325/2325 2309/2309 2318/2318
f 2317/2317 2277/2277 2325/2325
f 2308/2308 2319/2319 2301/2301
f 2316/2316 2322/2322 2313/2313
f 2310/2310 2304/2304 2314/2314
f 2314/2314 2322/2322 2316/2316
f 2301/2301 2315/2315 2305/2305
f 2294/2294 2317/2317 2304/2304
f 2314/2314 2304/2304 2322/2322
f 2305/2305 2315/2315 2312/2312
f 2318/2318 2306/2306 2341/2341
f 2317/2317 2324/2324 2304/2304
f 2325/2325 2318/2318 2341/2341
f 2299/2299 2323/2323 2321/2321
f 2306/2306 2321/2321 2327/2327
f 2321/2321 2323/2323 2334/2334
f 2319/2319 2326/2326 2301/2301
f 2320/2320 2326/2326 2319/2319
f 2317/2317 2325/2325 2324/2324
f 2304/2304 2324/2324 2322/2322
f 2321/2321 2334/2334 2327/2327
f 2301/2301 2326/2326 2315/2315
f 2324/2324 2313/2313 2322/2322
f 2341/2341 2306/2306 2327/2327
f 2326/2326 2320/2320 2315/2315
f 2328/2328 2329/2329 2315/2315
f 2329/2329 2312/2312 2315/2315
f 2324/2324 2339/2339 2313/2313
f 2315/2315 2320/2320 2328/2328
f 2324/2324 2325/2325 2341/2341
f 2339/2339 2336/2336 2313/2313
f 2336/2336 2332/2332 2313/2313
f 2328/2328 2320/2320 2329/2329
f 2341/2341 2327/2327 2331/2331
f 2327/2327 2334/2334 2337/2337
f 2312/2312 2329/2329 2338/2338
f 2313/2313 2332/2332 2320/2320
f 2343/2343 2330/2330 2312/2312
f 2341/2341 2339/2339 2324/2324
f 2320/2320 2332/2332 2329/2329
f 2343/2343 2312/2312 2333/2333
f 2338/2338 2333/2333 2312/2312
f 2342/2342 2339/2339 2341/2341
f 2332/2332 2338/2338 2329/2329
f 2337/2337 2334/2334 2348/2348
f 2331/2331 2335/2335 2341/2341
f 2327/2327 2337/2337 2348/2348
f 2336/2336 2340/2340 2345/2345
f 2339/2339 2340/2340 2336/2336
f 2336/2336 2345/2345 2332/2332
f 2331/2331 2327/2327 2335/2335
f 2342/2342 2341/2341 2335/2335
f 2338/2338 2344/2344 2351/2351
f 2342/2342 2340/2340 2339/2339
f 2345/2345 2338/2338 2332/2332
f 2345/2345 2344/2344 2338/2338
f 2343/2343 2333/2333 2338/2338
f 2327/2327 2347/2347 2335/2335
f 2346/2346 2338/2338 2351/2351
f 2327/2327 2348/2348 2347/2347
f 2343/2343 2338/2338 2358/2358
f 2358/2358 2338/2338 2346/2346
f 2353/2353 2348/2348 2334/2334
f 2334/2334 2323/2323 2353/2353
f 2342/2342 2345/2345 2340/2340
f 2342/2342 2335/2335 2360/2360
f 2344/2344 2349/2349 2351/2351
f 2342/2342 2360/2360 2345/2345
f 2344/2344 2345/2345 2349/2349
f 2360/2360 2354/2354 2345/2345
f 2345/2345 2354/2354 2349/2349
f 2350/2350 2351/2351 2352/2352
f 2349/2349 2354/2354 2351/2351
f 2352/2352 2346/2346 2350/2350
f 2351/2351 2350/2350 2346/2346
f 2354/2354 2360/2360 2356/2356
f 2354/2354 2356/2356 2351/2351
f 2351/2351 2356/2356 2352/2352
f 2335/2335 2347/2347 2360/2360
f 2357/2357 2356/2356 2360/2360
f 2356/2356 2357/2357 2352/2352
f 2346/2346 2352/2352 2355/2355
f 2352/2352 2357/2357 2355/2355
f 2353/2353 2323/2323 2368/2368
f 2360/2360 2367/2367 2357/2357
f 2346/2346 2355/2355 2362/2362
f 2358/2358 2346/2346 2371/2371
f 2355/2355 2359/2359 2361/2361
f 2357/2357 2363/2363 2355/2355
f 2357/2357 2367/2367 2365/2365
f 2365/2365 2363/2363 2357/2357
f 2355/2355 2361/2361 2362/2362
f 2347/2347 2348/2348 2353/2353
f 2355/2355 2363/2363 2359/2359
f 2371/2371 2346/2346 2362/2362
f 2368/2368 2323/2323 2364/2364
f 2363/2363 2365/2365 2359/2359
f 2359/2359 2365/2365 2361/2361
f 2365/2365 2367/2367 2361/2361
f 2366/2366 2362/2362 2361/2361
f 2360/2360 2347/2347 2367/2367
f 2362/2362 2366/2366 2371/2371
f 2369/2369 2361/2361 2367/2367
f 2369/2369 2367/2367 2375/2375
f 2366/2366 2361/2361 2369/2369
f 2353/2353 2367/2367 2347/2347
f 2366/2366 2369/2369 2371/2371
f 2368/2368 2370/2370 2353/2353
f 2368/2368 2364/2364 2370/2370
f 2369/2369 2374/2374 2371/2371
f 2373/2373 2353/2353 2370/2370
f 2372/2372 2369/2369 2375/2375
f 2375/2375 2367/2367 2353/2353
f 2369/2369 2372/2372 2374/2374
f 2353/2353 2373/2373 2375/2375
f 2382/2382 2379/2379 2389/2389
f 2378/2378 2381/2381 2395/2395
f 2379/2379 2388/2388 2398/2398
f 2379/2379 2378/2378 2388/2388
f 2378/2378 2395/2395 2388/2388
f 2380/2380 2383/2383 2377/2377
f 2385/2385 2379/2379 2398/2398
f 2380/2380 2382/2382 2389/2389
f 2381/2381 2405/2405 2395/2395
f 2383/2383 2387/2387 2377/2377
f 2386/2386 2376/2376 2392/2392
f 2380/2380 2389/2389 2383/2383
f 2393/2393 2386/2386 2392/2392
f 2379/2379 2385/2385 2389/2389
f 2377/2377 2399/2399 2376/2376
f 2377/2377 2387/2387 2406/2406
f 2409/2409 2399/2399 2377/2377
f 2377/2377 2406/2406 2409/2409
f 2376/2376 2399/2399 2403/2403
f 2390/2390 2386/2386 2393/2393
f 2392/2392 2376/2376 2403/2403
f 2389/2389 2385/2385 2384/2384
f 2391/2391 2387/2387 2383/2383
f 2389/2389 2391/2391 2383/2383
f 2386/2386 2390/2390 2401/2401
f 2391/2391 2389/2389 2384/2384
f 2387/2387 2391/2391 2397/2397
f 2395/2395 2419/2419 2388/2388
f 2393/2393 2392/2392 2403/2403
f 2393/2393 2403/2403 2412/2412
f 2405/2405 2402/2402 2395/2395
f 2384/2384 2385/2385 2398/2398
f 2384/2384 2394/2394 2391/2391
f 2396/2396 2398/2398 2388/2388
f 2387/2387 2397/2397 2406/2406
f 2390/2390 2393/2393 2412/2412
f 2384/2384 2398/2398 2400/2400
f 2391/2391 2394/2394 2408/2408
f 2396/2396 2400/2400 2398/2398
f 2400/2400 2413/2413 2384/2384
f 2384/2384 2413/2413 2407/2407
f 2395/2395 2402/2402 2419/2419
f 2401/2401 2390/2390 2498/2498
f 2405/2405 2381/2381 2404/2404
f 2388/2388 2410/2410 2396/2396
f 2405/2405 2404/2404 2418/2418
f 2394/2394 2384/2384 2407/2407
f 2402/2402 2405/2405 2418/2418
f 2411/2411 2408/2408 2394/2394
f 2411/2411 2391/2391 2408/2408
f 2388/2388 2421/2421 2410/2410
f 2397/2397 2391/2391 2411/2411
f 2399/2399 2426/2426 2403/2403
f 2394/2394 2407/2407 2413/2413
f 2429/2429 2399/2399 2409/2409
f 2388/2388 2419/2419 2421/2421
f 2423/2423 2390/2390 2416/2416
f 2406/2406 2397/2397 2414/2414
f 2390/2390 2412/2412 2423/2423
f 2498/2498 2390/2390 2428/2428
f 2403/2403 2415/2415 2412/2412
f 2390/2390 2423/2423 2416/2416
f 2430/2430 2419/2419 2402/2402
f 2413/2413 2400/2400 2425/2425
f 2411/2411 2417/2417 2397/2397
f 2390/2390 2423/2423 2428/2428
f 2406/2406 2414/2414 2409/2409
f 2394/2394 2413/2413 2425/2425
f 2437/2437 2396/2396 2410/2410
f 2397/2397 2417/2417 2420/2420
f 2440/2440 2402/2402 2418/2418
f 2396/2396 2425/2425 2400/2400
f 2397/2397 2420/2420 2424/2424
f 2397/2397 2424/2424 2414/2414
f 2423/2423 2412/2412 2415/2415
f 2415/2415 2403/2403 2426/2426
f 2419/2419 2430/2430 2421/2421
f 2425/2425 2396/2396 2437/2437
f 2411/2411 2394/2394 2432/2432
f 2422/2422 2410/2410 2421/2421
f 2437/2437 2410/2410 2422/2422
f 2424/2424 2431/2431 2414/2414
f 2409/2409 2414/2414 2435/2435
f 2432/2432 2394/2394 2425/2425
f 2432/2432 2417/2417 2411/2411
f 2421/2421 2430/2430 2422/2422
f 2427/2427 2418/2418 2404/2404
f 2432/2432 2425/2425 2441/2441
f 2409/2409 2443/2443 2467/2467
f 2441/2441 2425/2425 2437/2437
f 2440/2440 2418/2418 2427/2427
f 2399/2399 2429/2429 2426/2426
f 2415/2415 2439/2439 2423/2423
f 2422/2422 2430/2430 2442/2442
f 2417/2417 2432/2432 2420/2420
f 2426/2426 2439/2439 2415/2415
f 2446/2446 2426/2426 2429/2429
f 2423/2423 2439/2439 2428/2428
f 2429/2429 2409/2409 2467/2467
f 2430/2430 2402/2402 2440/2440
f 2432/2432 2441/2441 2420/2420
f 2420/2420 2433/2433 2424/2424
f 2441/2441 2437/2437 2434/2434
f 2440/2440 2427/2427 2465/2465
f 2431/2431 2438/2438 2414/2414
f 2409/2409 2435/2435 2443/2443
f 2420/2420 2441/2441 2436/2436
f 2437/2437 2422/2422 2462/2462
f 2420/2420 2436/2436 2433/2433
f 2430/2430 2440/2440 2442/2442
f 2431/2431 2444/2444 2438/2438
f 2424/2424 2444/2444 2431/2431
f 2422/2422 2442/2442 2462/2462
f 2428/2428 2439/2439 2449/2449
f 2429/2429 2467/2467 2446/2446
f 2439/2439 2426/2426 2449/2449
f 2441/2441 2434/2434 2447/2447
f 2433/2433 2444/2444 2424/2424
f 2414/2414 2458/2458 2435/2435
f 2435/2435 2458/2458 2443/2443
f 2434/2434 2437/2437 2447/2447
f 2498/2498 2428/2428 2449/2449
f 2436/2436 2441/2441 2448/2448
f 2462/2462 2442/2442 2445/2445
f 2442/2442 2440/2440 2496/2496
f 2433/2433 2448/2448 2444/2444
f 2440/2440 2465/2465 2496/2496
f 2436/2436 2448/2448 2433/2433
f 2438/2438 2458/2458 2414/2414
f 2437/2437 2462/2462 2447/2447
f 2452/2452 2442/2442 2496/2496
f 2443/2443 2459/2459 2467/2467
f 2446/2446 2467/2467 2473/2473
f 2467/2467 2459/2459 2471/2471
f 2449/2449 2426/2426 2460/2460
f 2451/2451 2441/2441 2462/2462
f 2441/2441 2447/2447 2462/2462
f 2450/2450 2448/2448 2441/2441
f 2442/2442 2452/2452 2445/2445
f 2426/2426 2446/2446 2473/2473
f 2464/2464 2438/2438 2444/2444
f 2453/2453 2463/2463 2443/2443
f 2448/2448 2450/2450 2444/2444
f 2451/2451 2462/2462 2481/2481
f 2450/2450 2441/2441 2481/2481
f 2441/2441 2451/2451 2481/2481
f 2427/2427 2455/2455 2465/2465
f 2455/2455 2457/2457 2465/2465
f 2465/2465 2457/2457 2456/2456
f 2460/2460 2426/2426 2461/2461
f 2473/2473 2467/2467 2472/2472
f 2454/2454 2452/2452 2496/2496
f 2445/2445 2452/2452 2462/2462
f 2443/2443 2458/2458 2453/2453
f 2480/2480 2449/2449 2460/2460
f 2443/2443 2463/2463 2459/2459
f 2464/2464 2458/2458 2438/2438
f 2473/2473 2507/2507 2426/2426
f 2461/2461 2426/2426 2507/2507
f 2466/2466 2505/2505 2465/2465
f 2449/2449 2480/2480 2498/2498
f 2462/2462 2452/2452 2492/2492
f 2465/2465 2456/2456 2468/2468
f 2465/2465 2468/2468 2466/2466
f 2453/2453 2469/2469 2463/2463
f 2460/2460 2470/2470 2480/2480
f 2463/2463 2483/2483 2459/2459
f 2467/2467 2471/2471 2476/2476
f 2474/2474 2507/2507 2473/2473
f 2478/2478 2470/2470 2460/2460
f 2473/2473 2472/2472 2474/2474
f 2474/2474 2472/2472 2482/2482
f 2491/2491 2481/2481 2462/2462
f 2465/2465 2519/2519 2496/2496
f 2471/2471 2475/2475 2476/2476
f 2472/2472 2467/2467 2476/2476
f 2462/2462 2492/2492 2491/2491
f 2444/2444 2450/2450 2481/2481
f 2444/2444 2477/2477 2464/2464
f 2480/2480 2470/2470 2499/2499
f 2507/2507 2474/2474 2479/2479
f 2444/2444 2481/2481 2487/2487
f 2444/2444 2487/2487 2477/2477
f 2461/2461 2507/2507 2460/2460
f 2478/2478 2460/2460 2507/2507
f 2472/2472 2476/2476 2485/2485
f 2482/2482 2472/2472 2485/2485
f 2465/2465 2505/2505 2519/2519
f 2476/2476 2475/2475 2484/2484
f 2475/2475 2486/2486 2484/2484
f 2476/2476 2484/2484 2485/2485
f 2464/2464 2477/2477 2458/2458
f 2469/2469 2488/2488 2463/2463
f 2475/2475 2494/2494 2486/2486
f 2492/2492 2452/2452 2489/2489
f 2512/2512 2507/2507 2479/2479
f 2454/2454 2496/2496 2493/2493
f 2463/2463 2488/2488 2483/2483
f 2459/2459 2483/2483 2497/2497
f 2475/2475 2471/2471 2494/2494
f 2480/2480 2499/2499 2498/2498
f 2471/2471 2459/2459 2494/2494
f 2477/2477 2453/2453 2458/2458
f 2470/2470 2478/2478 2508/2508
f 2459/2459 2490/2490 2509/2509
f 2500/2500 2454/2454 2493/2493
f 2459/2459 2495/2495 2494/2494
f 2470/2470 2508/2508 2499/2499
f 2481/2481 2491/2491 2487/2487
f 2525/2525 2492/2492 2489/2489
f 2459/2459 2509/2509 2504/2504
f 2459/2459 2504/2504 2495/2495
f 2493/2493 2496/2496 2500/2500
f 2503/2503 2498/2498 2499/2499
f 2503/2503 2499/2499 2501/2501
f 2499/2499 2511/2511 2502/2502
f 2452/2452 2454/2454 2489/2489
f 2501/2501 2499/2499 2502/2502
f 2478/2478 2507/2507 2508/2508
f 2454/2454 2500/2500 2523/2523
f 2459/2459 2497/2497 2490/2490
f 2504/2504 2509/2509 2513/2513
f 2487/2487 2491/2491 2477/2477
f 2488/2488 2497/2497 2483/2483
f 2497/2497 2516/2516 2490/2490
f 2496/2496 2519/2519 2500/2500
f 2512/2512 2479/2479 2506/2506
f 2510/2510 2516/2516 2497/2497
f 2489/2489 2454/2454 2525/2525
f 2507/2507 2512/2512 2508/2508
f 2505/2505 2466/2466 2522/2522
f 2477/2477 2491/2491 2517/2517
f 2499/2499 2508/2508 2511/2511
f 2488/2488 2514/2514 2497/2497
f 2509/2509 2518/2518 2513/2513
f 2508/2508 2506/2506 2511/2511
f 2491/2491 2492/2492 2517/2517
f 2497/2497 2515/2515 2510/2510
f 2508/2508 2512/2512 2506/2506
f 2490/2490 2516/2516 2509/2509
f 2477/2477 2469/2469 2453/2453
f 2521/2521 2515/2515 2497/2497
f 2500/2500 2519/2519 2505/2505
f 2492/2492 2525/2525 2517/2517
f 2477/2477 2517/2517 2526/2526
f 2518/2518 2509/2509 2528/2528
f 2509/2509 2516/2516 2520/2520
f 2528/2528 2509/2509 2520/2520
f 2454/2454 2523/2523 2525/2525
f 2500/2500 2505/2505 2524/2524
f 2497/2497 2514/2514 2521/2521
f 2488/2488 2469/2469 2514/2514
f 2477/2477 2526/2526 2469/2469
f 2514/2514 2469/2469 2531/2531
f 2517/2517 2525/2525 2526/2526
f 2531/2531 2521/2521 2514/2514
f 2520/2520 2516/2516 2537/2537
f 2522/2522 2466/2466 2527/2527
f 2510/2510 2532/2532 2516/2516
f 2469/2469 2529/2529 2531/2531
f 2516/2516 2532/2532 2530/2530
f 2516/2516 2530/2530 2537/2537
f 2520/2520 2537/2537 2528/2528
f 2528/2528 2537/2537 2571/2571
f 2522/2522 2527/2527 2538/2538
f 2526/2526 2533/2533 2469/2469
f 2530/2530 2532/2532 2534/2534
f 2529/2529 2469/2469 2533/2533
f 2500/2500 2524/2524 2523/2523
f 2534/2534 2537/2537 2530/2530
f 2533/2533 2531/2531 2529/2529
f 2523/2523 2524/2524 2505/2505
f 2533/2533 2521/2521 2531/2531
f 2523/2523 2505/2505 2535/2535
f 2537/2537 2545/2545 2571/2571
f 2542/2542 2525/2525 2523/2523
f 2538/2538 2527/2527 2536/2536
f 2523/2523 2535/2535 2542/2542
f 2552/2552 2551/2551 2571/2571
f 2535/2535 2505/2505 2541/2541
f 2538/2538 2536/2536 2553/2553
f 2553/2553 2536/2536 2539/2539
f 2537/2537 2550/2550 2545/2545
f 2525/2525 2542/2542 2555/2555
f 2526/2526 2525/2525 2555/2555
f 2551/2551 2552/2552 2565/2565
f 2571/2571 2545/2545 2552/2552
f 2539/2539 2536/2536 2546/2546
f 2542/2542 2535/2535 2560/2560
f 2515/2515 2521/2521 2557/2557
f 2540/2540 2548/2548 2532/2532
f 2532/2532 2548/2548 2534/2534
f 2550/2550 2537/2537 2534/2534
f 2505/2505 2561/2561 2541/2541
f 2510/2510 2557/2557 2532/2532
f 2515/2515 2557/2557 2510/2510
f 2563/2563 2550/2550 2534/2534
f 2565/2565 2552/2552 2545/2545
f 2551/2551 2558/2558 2571/2571
f 2554/2554 2526/2526 2566/2566
f 2533/2533 2526/2526 2554/2554
f 2533/2533 2568/2568 2521/2521
f 2535/2535 2541/2541 2561/2561
f 2568/2568 2547/2547 2521/2521
f 2521/2521 2547/2547 2556/2556
f 2569/2569 2522/2522 2538/2538
f 2548/2548 2549/2549 2534/2534
f 2534/2534 2549/2549 2563/2563
f 2538/2538 2553/2553 2564/2564
f 2565/2565 2558/2558 2551/2551
f 2545/2545 2550/2550 2565/2565
f 2553/2553 2539/2539 2546/2546
f 2526/2526 2555/2555 2566/2566
f 2542/2542 2560/2560 2555/2555
f 2533/2533 2559/2559 2544/2544
f 2533/2533 2544/2544 2567/2567
f 2533/2533 2567/2567 2543/2543
f 2560/2560 2535/2535 2561/2561
f 2543/2543 2568/2568 2533/2533
f 2561/2561 2505/2505 2569/2569
f 2505/2505 2522/2522 2569/2569
f 2559/2559 2533/2533 2554/2554
f 2521/2521 2556/2556 2557/2557
f 2532/2532 2557/2557 2540/2540
f 2569/2569 2538/2538 2570/2570
f 2538/2538 2562/2562 2570/2570
f 2562/2562 2538/2538 2564/2564
f 2582/2582 2572/2572 2574/2574
f 2578/2578 2577/2577 2576/2576
f 2577/2577 2573/2573 2576/2576
f 2574/2574 2575/2575 2582/2582
f 2573/2573 2572/2572 2576/2576
f 2576/2576 2572/2572 2579/2579
f 2572/2572 2582/2582 2579/2579
f 2577/2577 2578/2578 2598/2598
f 2579/2579 2582/2582 2581/2581
f 2580/2580 2576/2576 2579/2579
f 2584/2584 2576/2576 2580/2580
f 2576/2576 2584/2584 2578/2578
f 2579/2579 2581/2581 2583/2583
f 2578/2578 2588/2588 2598/2598
f 2578/2578 2584/2584 2588/2588
f 2583/2583 2581/2581 2582/2582
f 2585/2585 2584/2584 2580/2580
f 2580/2580 2579/2579 2585/2585
f 2585/2585 2579/2579 2586/2586
f 2587/2587 2582/2582 2575/2575
f 2584/2584 2585/2585 2588/2588
f 2586/2586 2579/2579 2583/2583
f 2583/2583 2582/2582 2587/2587
f 2585/2585 2586/2586 2602/2602
f 2583/2583 2591/2591 2586/2586
f 2588/2588 2585/2585 2602/2602
f 2587/2587 2575/2575 2589/2589
f 2587/2587 2589/2589 2583/2583
f 2599/2599 2591/2591 2583/2583
f 2598/2598 2588/2588 2606/2606
f 2588/2588 2602/2602 2594/2594
f 2588/2588 2594/2594 2593/2593
f 2583/2583 2589/2589 2590/2590
f 2599/2599 2583/2583 2590/2590
f 2586/2586 2591/2591 2597/2597
f 2599/2599 2596/2596 2591/2591
f 2599/2599 2590/2590 2592/2592
f 2602/2602 2586/2586 2597/2597
f 2594/2594 2602/2602 2595/2595
f 2597/2597 2591/2591 2596/2596
f 2595/2595 2602/2602 2608/2608
f 2595/2595 2608/2608 2594/2594
f 2606/2606 2593/2593 2594/2594
f 2597/2597 2603/2603 2602/2602
f 2598/2598 2606/2606 2604/2604
f 2606/2606 2594/2594 2608/2608
f 2588/2588 2593/2593 2606/2606
f 2596/2596 2599/2599 2592/2592
f 2596/2596 2600/2600 2597/2597
f 2596/2596 2592/2592 2601/2601
f 2600/2600 2596/2596 2601/2601
f 2602/2602 2603/2603 2608/2608
f 2604/2604 2606/2606 2645/2645
f 2603/2603 2597/2597 2600/2600
f 2603/2603 2600/2600 2605/2605
f 2607/2607 2608/2608 2603/2603
f 2613/2613 2603/2603 2605/2605
f 2645/2645 2606/2606 2609/2609
f 2607/2607 2603/2603 2611/2611
f 2613/2613 2611/2611 2603/2603
f 2614/2614 2610/2610 2607/2607
f 2607/2607 2615/2615 2614/2614
f 2607/2607 2613/2613 2615/2615
f 2607/2607 2611/2611 2613/2613
f 2616/2616 2612/2612 2626/2626
f 2613/2613 2605/2605 2617/2617
f 2629/2629 2614/2614 2615/2615
f 2612/2612 2620/2620 2626/2626
f 2641/2641 2609/2609 2606/2606
f 2615/2615 2613/2613 2634/2634
f 2630/2630 2613/2613 2619/2619
f 2613/2613 2617/2617 2619/2619
f 2612/2612 2616/2616 2620/2620
f 2621/2621 2616/2616 2626/2626
f 2618/2618 2629/2629 2615/2615
f 2606/2606 2608/2608 2641/2641
f 2610/2610 2608/2608 2607/2607
f 2629/2629 2622/2622 2614/2614
f 2619/2619 2617/2617 2630/2630
f 2669/2669 2621/2621 2626/2626
f 2669/2669 2626/2626 2637/2637
f 2630/2630 2617/2617 2623/2623
f 2625/2625 2616/2616 2628/2628
f 2630/2630 2634/2634 2613/2613
f 2641/2641 2608/2608 2610/2610
f 2616/2616 2624/2624 2620/2620
f 2618/2618 2627/2627 2629/2629
f 2624/2624 2625/2625 2620/2620
f 2625/2625 2624/2624 2616/2616
f 2621/2621 2663/2663 2616/2616
f 2626/2626 2638/2638 2637/2637
f 2620/2620 2625/2625 2626/2626
f 2616/2616 2663/2663 2628/2628
f 2621/2621 2669/2669 2663/2663
f 2625/2625 2638/2638 2626/2626
f 2629/2629 2650/2650 2622/2622
f 2609/2609 2643/2643 2645/2645
f 2627/2627 2650/2650 2629/2629
f 2630/2630 2623/2623 2631/2631
f 2622/2622 2610/2610 2614/2614
f 2633/2633 2630/2630 2632/2632
f 2632/2632 2630/2630 2631/2631
f 2669/2669 2637/2637 2667/2667
f 2637/2637 2638/2638 2668/2668
f 2625/2625 2644/2644 2638/2638
f 2634/2634 2630/2630 2633/2633
f 2641/2641 2643/2643 2609/2609
f 2635/2635 2636/2636 2639/2639
f 2635/2635 2639/2639 2640/2640
f 2628/2628 2681/2681 2625/2625
f 2649/2649 2641/2641 2646/2646
f 2640/2640 2639/2639 2636/2636
f 2643/2643 2641/2641 2649/2649
f 2625/2625 2681/2681 2644/2644
f 2641/2641 2610/2610 2642/2642
f 2641/2641 2642/2642 2646/2646
f 2643/2643 2649/2649 2651/2651
f 2645/2645 2643/2643 2648/2648
f 2649/2649 2646/2646 2659/2659
f 2667/2667 2637/2637 2653/2653
f 2643/2643 2680/2680 2647/2647
f 2647/2647 2648/2648 2643/2643
f 2643/2643 2651/2651 2680/2680
f 2661/2661 2650/2650 2627/2627
f 2642/2642 2656/2656 2646/2646
f 2642/2642 2610/2610 2654/2654
f 2651/2651 2649/2649 2671/2671
f 2646/2646 2652/2652 2659/2659
f 2646/2646 2656/2656 2652/2652
f 2622/2622 2654/2654 2610/2610
f 2654/2654 2655/2655 2642/2642
f 2622/2622 2650/2650 2654/2654
f 2661/2661 2655/2655 2650/2650
f 2671/2671 2649/2649 2659/2659
f 2650/2650 2655/2655 2654/2654
f 2637/2637 2668/2668 2653/2653
f 2642/2642 2652/2652 2656/2656
f 2665/2665 2671/2671 2659/2659
f 2688/2688 2663/2663 2669/2669
f 2642/2642 2655/2655 2652/2652
f 2651/2651 2671/2671 2670/2670
f 2659/2659 2662/2662 2665/2665
f 2627/2627 2658/2658 2661/2661
f 2644/2644 2668/2668 2638/2638
f 2680/2680 2651/2651 2670/2670
f 2661/2661 2658/2658 2666/2666
f 2688/2688 2669/2669 2667/2667
f 2653/2653 2668/2668 2657/2657
f 2659/2659 2692/2692 2662/2662
f 2665/2665 2662/2662 2696/2696
f 2659/2659 2652/2652 2673/2673
f 2657/2657 2664/2664 2653/2653
f 2663/2663 2675/2675 2628/2628
f 2660/2660 2653/2653 2664/2664
f 2665/2665 2670/2670 2671/2671
f 2670/2670 2672/2672 2680/2680
f 2674/2674 2741/2741 2644/2644
f 2673/2673 2652/2652 2676/2676
f 2681/2681 2674/2674 2644/2644
f 2662/2662 2692/2692 2682/2682
f 2653/2653 2660/2660 2667/2667
f 2673/2673 2676/2676 2679/2679
f 2655/2655 2676/2676 2652/2652
f 2689/2689 2684/2684 2666/2666
f 2666/2666 2658/2658 2689/2689
f 2684/2684 2661/2661 2666/2666
f 2661/2661 2676/2676 2655/2655
f 2663/2663 2688/2688 2695/2695
f 2699/2699 2665/2665 2696/2696
f 2676/2676 2677/2677 2679/2679
f 2694/2694 2667/2667 2660/2660
f 2670/2670 2665/2665 2672/2672
f 2661/2661 2677/2677 2676/2676
f 2730/2730 2667/2667 2694/2694
f 2663/2663 2678/2678 2675/2675
f 2644/2644 2741/2741 2668/2668
f 2737/2737 2664/2664 2657/2657
f 2692/2692 2659/2659 2691/2691
f 2665/2665 2693/2693 2690/2690
f 2672/2672 2683/2683 2680/2680
f 2665/2665 2690/2690 2683/2683
f 2665/2665 2683/2683 2672/2672
f 2662/2662 2682/2682 2696/2696
f 2659/2659 2673/2673 2691/2691
f 2665/2665 2699/2699 2693/2693
f 2678/2678 2663/2663 2686/2686
f 2661/2661 2684/2684 2677/2677
f 2658/2658 2687/2687 2689/2689
f 2677/2677 2691/2691 2679/2679
f 2691/2691 2673/2673 2679/2679
f 2682/2682 2692/2692 2685/2685
f 2628/2628 2675/2675 2681/2681
f 2690/2690 2693/2693 2714/2714
f 2686/2686 2663/2663 2695/2695
f 2687/2687 2717/2717 2689/2689
f 2697/2697 2682/2682 2685/2685
f 2684/2684 2689/2689 2677/2677
f 2704/2704 2689/2689 2717/2717
f 2664/2664 2737/2737 2660/2660
f 2677/2677 2689/2689 2691/2691
f 2697/2697 2698/2698 2682/2682
f 2706/2706 2692/2692 2691/2691
f 2682/2682 2698/2698 2701/2701
f 2696/2696 2682/2682 2701/2701
f 2706/2706 2685/2685 2692/2692
f 2681/2681 2707/2707 2674/2674
f 2689/2689 2704/2704 2691/2691
f 2696/2696 2701/2701 2708/2708
f 2691/2691 2705/2705 2702/2702
f 2715/2715 2685/2685 2706/2706
f 2702/2702 2706/2706 2691/2691
f 2705/2705 2706/2706 2702/2702
f 2699/2699 2696/2696 2713/2713
f 2691/2691 2704/2704 2705/2705
f 2706/2706 2705/2705 2704/2704
f 2706/2706 2704/2704 2723/2723
f 2723/2723 2715/2715 2706/2706
f 2693/2693 2699/2699 2714/2714
f 2711/2711 2696/2696 2708/2708
f 2675/2675 2707/2707 2681/2681
f 2695/2695 2688/2688 2686/2686
f 2686/2686 2725/2725 2678/2678
f 2711/2711 2708/2708 2703/2703
f 2685/2685 2698/2698 2697/2697
f 2700/2700 2709/2709 2686/2686
f 2700/2700 2708/2708 2709/2709
f 2700/2700 2686/2686 2718/2718
f 2703/2703 2708/2708 2700/2700
f 2713/2713 2696/2696 2711/2711
f 2714/2714 2699/2699 2712/2712
f 2713/2713 2712/2712 2699/2699
f 2714/2714 2712/2712 2756/2756
f 2685/2685 2710/2710 2698/2698
f 2703/2703 2713/2713 2711/2711
f 2686/2686 2688/2688 2753/2753
f 2709/2709 2725/2725 2686/2686
f 2698/2698 2710/2710 2719/2719
f 2716/2716 2710/2710 2685/2685
f 2698/2698 2725/2725 2709/2709
f 2723/2723 2724/2724 2715/2715
f 2708/2708 2701/2701 2709/2709
f 2715/2715 2716/2716 2685/2685
f 2703/2703 2700/2700 2718/2718
f 2717/2717 2723/2723 2704/2704
f 2703/2703 2729/2729 2713/2713
f 2686/2686 2726/2726 2718/2718
f 2717/2717 2687/2687 2721/2721
f 2723/2723 2717/2717 2721/2721
f 2709/2709 2701/2701 2698/2698
f 2674/2674 2720/2720 2741/2741
f 2724/2724 2716/2716 2715/2715
f 2721/2721 2716/2716 2724/2724
f 2723/2723 2721/2721 2724/2724
f 2675/2675 2678/2678 2707/2707
f 2686/2686 2753/2753 2726/2726
f 2710/2710 2716/2716 2719/2719
f 2707/2707 2720/2720 2674/2674
f 2721/2721 2744/2744 2716/2716
f 2707/2707 2678/2678 2720/2720
f 2687/2687 2727/2727 2721/2721
f 2741/2741 2657/2657 2668/2668
f 2712/2712 2728/2728 2756/2756
f 2667/2667 2730/2730 2688/2688
f 2712/2712 2713/2713 2728/2728
f 2744/2744 2719/2719 2716/2716
f 2727/2727 2744/2744 2721/2721
f 2703/2703 2718/2718 2735/2735
f 2660/2660 2770/2770 2694/2694
f 2698/2698 2719/2719 2744/2744
f 2703/2703 2732/2732 2729/2729
f 2688/2688 2730/2730 2764/2764
f 2722/2722 2703/2703 2735/2735
f 2753/2753 2688/2688 2764/2764
f 2722/2722 2738/2738 2703/2703
f 2771/2771 2741/2741 2720/2720
f 2737/2737 2657/2657 2746/2746
f 2735/2735 2718/2718 2739/2739
f 2718/2718 2762/2762 2739/2739
f 2726/2726 2753/2753 2763/2763
f 2698/2698 2743/2743 2725/2725
f 2720/2720 2678/2678 2758/2758
f 2742/2742 2734/2734 2660/2660
f 2732/2732 2703/2703 2738/2738
f 2718/2718 2726/2726 2763/2763
f 2751/2751 2722/2722 2748/2748
f 2713/2713 2729/2729 2752/2752
f 2730/2730 2694/2694 2733/2733
f 2725/2725 2768/2768 2678/2678
f 2733/2733 2694/2694 2759/2759
f 2770/2770 2759/2759 2694/2694
f 2747/2747 2746/2746 2657/2657
f 2741/2741 2745/2745 2657/2657
f 2660/2660 2746/2746 2742/2742
f 2737/2737 2746/2746 2660/2660
f 2748/2748 2722/2722 2750/2750
f 2749/2749 2722/2722 2735/2735
f 2722/2722 2761/2761 2738/2738
f 2722/2722 2751/2751 2761/2761
f 2718/2718 2763/2763 2762/2762
f 2753/2753 2754/2754 2763/2763
f 2753/2753 2764/2764 2754/2754
f 2764/2764 2730/2730 2733/2733
f 2713/2713 2765/2765 2728/2728
f 2728/2728 2755/2755 2756/2756
f 2744/2744 2727/2727 2767/2767
f 2725/2725 2769/2769 2768/2768
f 2725/2725 2740/2740 2769/2769
f 2744/2744 2767/2767 2698/2698
f 2678/2678 2768/2768 2731/2731
f 2698/2698 2757/2757 2743/2743
f 2725/2725 2736/2736 2740/2740
f 2698/2698 2766/2766 2757/2757
f 2760/2760 2745/2745 2741/2741
f 2657/2657 2745/2745 2747/2747
f 2734/2734 2770/2770 2660/2660
f 2750/2750 2722/2722 2749/2749
f 2729/2729 2732/2732 2752/2752
f 2713/2713 2752/2752 2765/2765
f 2728/2728 2765/2765 2755/2755
f 2736/2736 2725/2725 2743/2743
f 2767/2767 2766/2766 2698/2698
f 2731/2731 2758/2758 2678/2678
f 2741/2741 2771/2771 2760/2760
f 2720/2720 2758/2758 2771/2771
f 2773/2773 2774/2774 2788/2788
f 2783/2783 2777/2777 2775/2775
f 2788/2788 2776/2776 2773/2773
f 2776/2776 2783/2783 2775/2775
f 2776/2776 2788/2788 2783/2783
f 2777/2777 2783/2783 2781/2781
f 2789/2789 2772/2772 2787/2787
f 2802/2802 2777/2777 2778/2778
f 2835/2835 2789/2789 2780/2780
f 2780/2780 2789/2789 2827/2827
f 2827/2827 2789/2789 2787/2787
f 2772/2772 2806/2806 2787/2787
f 2789/2789 2835/2835 2793/2793
f 2772/2772 2777/2777 2802/2802
f 2806/2806 2772/2772 2779/2779
f 2772/2772 2802/2802 2779/2779
f 2781/2781 2785/2785 2777/2777
f 2777/2777 2785/2785 2778/2778
f 2788/2788 2782/2782 2783/2783
f 2783/2783 2794/2794 2784/2784
f 2791/2791 2781/2781 2783/2783
f 2788/2788 2786/2786 2782/2782
f 2782/2782 2786/2786 2783/2783
f 2794/2794 2783/2783 2784/2784
f 2794/2794 2791/2791 2783/2783
f 2786/2786 2794/2794 2783/2783
f 2792/2792 2801/2801 2788/2788
f 2793/2793 2803/2803 2789/2789
f 2788/2788 2801/2801 2786/2786
f 2791/2791 2790/2790 2781/2781
f 2790/2790 2785/2785 2781/2781
f 2786/2786 2798/2798 2794/2794
f 2788/2788 2774/2774 2792/2792
f 2794/2794 2816/2816 2791/2791
f 2795/2795 2790/2790 2791/2791
f 2800/2800 2778/2778 2785/2785
f 2790/2790 2795/2795 2785/2785
f 2800/2800 2802/2802 2778/2778
f 2806/2806 2779/2779 2811/2811
f 2800/2800 2791/2791 2796/2796
f 2800/2800 2785/2785 2795/2795
f 2791/2791 2800/2800 2795/2795
f 2796/2796 2791/2791 2810/2810
f 2787/2787 2806/2806 2819/2819
f 2801/2801 2799/2799 2786/2786
f 2827/2827 2787/2787 2817/2817
f 2779/2779 2802/2802 2811/2811
f 2786/2786 2799/2799 2812/2812
f 2796/2796 2802/2802 2800/2800
f 2801/2801 2792/2792 2807/2807
f 2796/2796 2818/2818 2802/2802
f 2803/2803 2793/2793 2902/2902
f 2817/2817 2787/2787 2819/2819
f 2812/2812 2799/2799 2801/2801
f 2794/2794 2798/2798 2804/2804
f 2802/2802 2818/2818 2797/2797
f 2797/2797 2811/2811 2802/2802
f 2796/2796 2810/2810 2818/2818
f 2812/2812 2798/2798 2786/2786
f 2791/2791 2809/2809 2810/2810
f 2808/2808 2811/2811 2797/2797
f 2791/2791 2816/2816 2809/2809
f 2807/2807 2821/2821 2801/2801
f 2801/2801 2814/2814 2812/2812
f 2808/2808 2797/2797 2818/2818
f 2798/2798 2820/2820 2804/2804
f 2801/2801 2821/2821 2814/2814
f 2792/2792 2805/2805 2807/2807
f 2808/2808 2818/2818 2811/2811
f 2815/2815 2819/2819 2806/2806
f 2774/2774 2813/2813 2792/2792
f 2812/2812 2839/2839 2798/2798
f 2835/2835 2825/2825 2793/2793
f 2815/2815 2806/2806 2811/2811
f 2813/2813 2848/2848 2792/2792
f 2811/2811 2842/2842 2815/2815
f 2811/2811 2823/2823 2842/2842
f 2835/2835 2827/2827 2833/2833
f 2835/2835 2780/2780 2827/2827
f 2819/2819 2830/2830 2827/2827
f 2811/2811 2818/2818 2823/2823
f 2804/2804 2816/2816 2794/2794
f 2902/2902 2793/2793 2825/2825
f 2817/2817 2819/2819 2827/2827
f 2839/2839 2812/2812 2824/2824
f 2807/2807 2805/2805 2821/2821
f 2826/2826 2809/2809 2816/2816
f 2830/2830 2819/2819 2815/2815
f 2809/2809 2837/2837 2836/2836
f 2825/2825 2835/2835 2843/2843
f 2809/2809 2836/2836 2810/2810
f 2809/2809 2826/2826 2837/2837
f 2792/2792 2848/2848 2805/2805
f 2823/2823 2818/2818 2842/2842
f 2830/2830 2815/2815 2842/2842
f 2821/2821 2822/2822 2814/2814
f 2839/2839 2820/2820 2798/2798
f 2833/2833 2827/2827 2841/2841
f 2841/2841 2827/2827 2828/2828
f 2826/2826 2816/2816 2804/2804
f 2831/2831 2820/2820 2839/2839
f 2820/2820 2826/2826 2804/2804
f 2830/2830 2834/2834 2827/2827
f 2805/2805 2822/2822 2821/2821
f 2834/2834 2828/2828 2827/2827
f 2818/2818 2810/2810 2842/2842
f 2820/2820 2831/2831 2826/2826
f 2830/2830 2842/2842 2834/2834
f 2814/2814 2824/2824 2812/2812
f 2835/2835 2833/2833 2841/2841
f 2832/2832 2842/2842 2810/2810
f 2840/2840 2843/2843 2835/2835
f 2844/2844 2849/2849 2839/2839
f 2839/2839 2824/2824 2805/2805
f 2822/2822 2805/2805 2814/2814
f 2805/2805 2844/2844 2829/2829
f 2831/2831 2845/2845 2826/2826
f 2836/2836 2838/2838 2810/2810
f 2845/2845 2837/2837 2826/2826
f 2841/2841 2828/2828 2834/2834
f 2844/2844 2805/2805 2829/2829
f 2839/2839 2849/2849 2831/2831
f 2836/2836 2832/2832 2838/2838
f 2832/2832 2810/2810 2838/2838
f 2840/2840 2835/2835 2841/2841
f 2836/2836 2856/2856 2832/2832
f 2844/2844 2839/2839 2805/2805
f 2848/2848 2862/2862 2805/2805
f 2837/2837 2846/2846 2836/2836
f 2805/2805 2824/2824 2814/2814
f 2840/2840 2841/2841 2877/2877
f 2855/2855 2845/2845 2831/2831
f 2877/2877 2841/2841 2834/2834
f 2855/2855 2871/2871 2845/2845
f 2849/2849 2855/2855 2831/2831
f 2836/2836 2846/2846 2856/2856
f 2856/2856 2852/2852 2832/2832
f 2845/2845 2846/2846 2837/2837
f 2902/2902 2825/2825 2868/2868
f 2862/2862 2848/2848 2813/2813
f 2852/2852 2842/2842 2832/2832
f 2845/2845 2871/2871 2847/2847
f 2825/2825 2843/2843 2868/2868
f 2857/2857 2854/2854 2856/2856
f 2852/2852 2856/2856 2854/2854
f 2834/2834 2842/2842 2851/2851
f 2842/2842 2852/2852 2850/2850
f 2853/2853 2860/2860 2813/2813
f 2849/2849 2844/2844 2871/2871
f 2845/2845 2847/2847 2846/2846
f 2854/2854 2857/2857 2846/2846
f 2856/2856 2846/2846 2857/2857
f 2840/2840 2877/2877 2843/2843
f 2852/2852 2870/2870 2850/2850
f 2854/2854 2870/2870 2852/2852
f 2863/2863 2854/2854 2846/2846
f 2851/2851 2842/2842 2850/2850
f 2805/2805 2862/2862 2844/2844
f 2865/2865 2862/2862 2813/2813
f 2870/2870 2854/2854 2863/2863
f 2844/2844 2861/2861 2859/2859
f 2876/2876 2858/2858 2860/2860
f 2860/2860 2865/2865 2813/2813
f 2855/2855 2849/2849 2871/2871
f 2862/2862 2867/2867 2844/2844
f 2847/2847 2863/2863 2846/2846
f 2867/2867 2861/2861 2844/2844
f 2883/2883 2843/2843 2877/2877
f 2902/2902 2868/2868 2913/2913
f 2878/2878 2877/2877 2834/2834
f 2862/2862 2865/2865 2880/2880
f 2858/2858 2865/2865 2860/2860
f 2851/2851 2878/2878 2834/2834
f 2844/2844 2859/2859 2893/2893
f 2867/2867 2862/2862 2861/2861
f 2851/2851 2850/2850 2870/2870
f 2868/2868 2843/2843 2900/2900
f 2884/2884 2878/2878 2851/2851
f 2847/2847 2872/2872 2863/2863
f 2844/2844 2894/2894 2871/2871
f 2864/2864 2869/2869 2887/2887
f 2865/2865 2864/2864 2866/2866
f 2844/2844 2893/2893 2894/2894
f 2864/2864 2887/2887 2866/2866
f 2866/2866 2880/2880 2865/2865
f 2873/2873 2875/2875 2861/2861
f 2882/2882 2866/2866 2879/2879
f 2882/2882 2880/2880 2866/2866
f 2861/2861 2862/2862 2882/2882
f 2882/2882 2862/2862 2880/2880
f 2873/2873 2861/2861 2879/2879
f 2873/2873 2879/2879 2866/2866
f 2843/2843 2883/2883 2900/2900
f 2874/2874 2873/2873 2887/2887
f 2861/2861 2882/2882 2879/2879
f 2859/2859 2861/2861 2893/2893
f 2858/2858 2889/2889 2865/2865
f 2869/2869 2864/2864 2888/2888
f 2887/2887 2873/2873 2866/2866
f 2890/2890 2870/2870 2881/2881
f 2881/2881 2870/2870 2863/2863
f 2910/2910 2883/2883 2877/2877
f 2877/2877 2878/2878 2892/2892
f 2847/2847 2898/2898 2872/2872
f 2894/2894 2893/2893 2847/2847
f 2910/2910 2877/2877 2916/2916
f 2889/2889 2864/2864 2865/2865
f 2897/2897 2884/2884 2851/2851
f 2900/2900 2883/2883 2910/2910
f 2886/2886 2937/2937 2860/2860
f 2877/2877 2892/2892 2916/2916
f 2873/2873 2891/2891 2915/2915
f 2872/2872 2890/2890 2881/2881
f 2872/2872 2898/2898 2919/2919
f 2895/2895 2913/2913 2868/2868
f 2916/2916 2892/2892 2884/2884
f 2892/2892 2878/2878 2884/2884
f 2907/2907 2884/2884 2897/2897
f 2872/2872 2904/2904 2918/2918
f 2893/2893 2861/2861 2875/2875
f 2870/2870 2890/2890 2896/2896
f 2872/2872 2881/2881 2863/2863
f 2894/2894 2847/2847 2871/2871
f 2869/2869 2912/2912 2887/2887
f 2889/2889 2906/2906 2864/2864
f 2906/2906 2888/2888 2864/2864
f 2890/2890 2872/2872 2897/2897
f 2860/2860 2901/2901 2886/2886
f 2874/2874 2909/2909 2873/2873
f 2916/2916 2884/2884 2907/2907
f 2872/2872 2918/2918 2897/2897
f 2896/2896 2851/2851 2870/2870
f 2895/2895 2868/2868 2900/2900
f 2873/2873 2909/2909 2891/2891
f 2873/2873 2915/2915 2875/2875
f 2893/2893 2898/2898 2847/2847
f 2904/2904 2872/2872 2919/2919
f 2891/2891 2885/2885 2917/2917
f 2908/2908 2895/2895 2900/2900
f 2903/2903 2907/2907 2922/2922
f 2906/2906 2869/2869 2888/2888
f 2889/2889 2858/2858 2906/2906
f 2896/2896 2897/2897 2851/2851
f 2895/2895 2868/2868 2905/2905
f 2905/2905 2868/2868 2895/2895
f 2895/2895 2908/2908 2923/2923
f 2899/2899 2893/2893 2875/2875
f 2890/2890 2897/2897 2896/2896
f 2913/2913 2895/2895 2923/2923
f 2860/2860 2885/2885 2876/2876
f 2910/2910 2916/2916 2914/2914
f 2858/2858 2876/2876 2911/2911
f 2902/2902 2920/2920 2943/2943
f 2910/2910 2903/2903 2908/2908
f 2903/2903 2910/2910 2914/2914
f 2869/2869 2906/2906 2912/2912
f 2899/2899 2921/2921 2924/2924
f 2943/2943 2920/2920 2938/2938
f 2924/2924 2904/2904 2919/2919
f 2920/2920 2902/2902 2913/2913
f 2891/2891 2927/2927 2921/2921
f 2858/2858 2911/2911 2906/2906
f 2875/2875 2915/2915 2899/2899
f 2893/2893 2899/2899 2898/2898
f 2908/2908 2900/2900 2910/2910
f 2887/2887 2912/2912 2874/2874
f 2916/2916 2907/2907 2903/2903
f 2908/2908 2903/2903 2922/2922
f 2917/2917 2927/2927 2891/2891
f 2891/2891 2921/2921 2915/2915
f 2924/2924 2922/2922 2904/2904
f 2914/2914 2916/2916 2903/2903
f 2897/2897 2922/2922 2907/2907
f 2899/2899 2924/2924 2919/2919
f 2906/2906 2911/2911 2912/2912
f 2937/2937 2885/2885 2860/2860
f 2922/2922 2897/2897 2918/2918
f 2904/2904 2922/2922 2918/2918
f 2899/2899 2919/2919 2898/2898
f 2874/2874 2912/2912 2911/2911
f 2924/2924 2921/2921 2927/2927
f 2915/2915 2921/2921 2899/2899
f 2940/2940 2920/2920 2931/2931
f 2913/2913 2923/2923 2931/2931
f 2885/2885 2891/2891 2930/2930
f 2876/2876 2885/2885 2925/2925
f 2860/2860 2853/2853 2926/2926
f 2920/2920 2913/2913 2931/2931
f 2885/2885 2930/2930 2925/2925
f 2908/2908 2929/2929 2923/2923
f 2908/2908 2922/2922 2932/2932
f 2937/2937 2935/2935 2885/2885
f 2929/2929 2908/2908 2932/2932
f 2874/2874 2911/2911 2930/2930
f 2860/2860 2926/2926 2901/2901
f 2929/2929 2932/2932 2927/2927
f 2876/2876 2925/2925 2911/2911
f 2930/2930 2891/2891 2909/2909
f 2939/2939 2928/2928 2917/2917
f 2939/2939 2917/2917 2935/2935
f 2929/2929 2927/2927 2933/2933
f 2924/2924 2932/2932 2922/2922
f 2874/2874 2930/2930 2909/2909
f 2938/2938 2920/2920 2928/2928
f 2917/2917 2885/2885 2935/2935
f 2929/2929 2933/2933 2931/2931
f 2917/2917 2934/2934 2936/2936
f 2938/2938 2950/2950 2943/2943
f 2923/2923 2929/2929 2931/2931
f 2927/2927 2932/2932 2924/2924
f 2938/2938 2928/2928 2939/2939
f 2934/2934 2931/2931 2936/2936
f 2925/2925 2930/2930 2911/2911
f 2917/2917 2936/2936 2927/2927
f 2927/2927 2931/2931 2933/2933
f 2934/2934 2941/2941 2931/2931
f 2927/2927 2936/2936 2931/2931
f 2920/2920 2940/2940 2928/2928
f 2917/2917 2941/2941 2934/2934
f 2942/2942 2938/2938 2939/2939
f 2917/2917 2928/2928 2941/2941
f 2939/2939 2935/2935 2942/2942
f 2942/2942 2950/2950 2938/2938
f 2940/2940 2931/2931 2941/2941
f 2928/2928 2940/2940 2941/2941
f 2942/2942 2935/2935 2937/2937
f 2937/2937 2886/2886 2942/2942
f 2926/2926 2944/2944 2901/2901
f 2943/2943 2950/2950 2949/2949
f 2947/2947 2950/2950 2942/2942
f 2946/2946 2942/2942 2945/2945
f 2945/2945 2942/2942 2886/2886
f 2945/2945 2886/2886 2901/2901
f 2946/2946 2947/2947 2942/2942
f 2945/2945 2901/2901 2946/2946
f 2946/2946 2901/2901 2944/2944
f 2946/2946 2950/2950 2947/2947
f 2946/2946 2948/2948 2950/2950
f 2949/2949 2950/2950 2951/2951
f 2948/2948 2952/2952 2950/2950
f 2952/2952 2948/2948 2954/2954
f 2951/2951 2950/2950 2955/2955
f 2955/2955 2950/2950 2956/2956
f 2956/2956 2950/2950 2952/2952
f 2952/2952 2954/2954 2956/2956
f 2954/2954 2948/2948 2953/2953
f 2954/2954 2953/2953 2958/2958
f 2956/2956 2954/2954 2958/2958
f 2956/2956 2958/2958 2959/2959
f 2959/2959 2955/2955 2956/2956
f 2958/2958 2953/2953 2957/2957
f 2959/2959 2958/2958 2960/2960
f 2960/2960 2958/2958 2961/2961
f 2961/2961 2958/2958 2963/2963
f 2958/2958 2957/2957 2962/2962
f 2963/2963 2958/2958 2962/2962
f 2962/2962 2957/2957 2964/2964
f 2962/2962 2964/2964 2963/2963
f 2975/2975 2966/2966 2967/2967
f 2966/2966 2968/2968 2967/2967
f 2975/2975 2967/2967 2968/2968
f 3013/3013 2973/2973 2987/2987
f 2975/2975 2968/2968 2987/2987
f 2968/2968 2970/2970 2987/2987
f 2972/2972 2980/2980 2979/2979
f 2965/2965 2982/2982 3001/3001
f 2972/2972 2978/2978 2974/2974
f 2974/2974 3009/3009 2965/2965
f 2970/2970 2998/2998 2993/2993
f 2970/2970 2969/2969 2998/2998
f 2977/2977 2976/2976 3028/3028
f 2983/2983 2971/2971 2972/2972
f 2972/2972 2979/2979 2983/2983
f 2965/2965 3009/3009 2985/2985
f 2973/2973 2975/2975 2987/2987
f 2974/2974 2978/2978 2990/2990
f 2965/2965 2985/2985 2982/2982
f 2972/2972 2971/2971 2978/2978
f 2969/2969 3028/3028 2998/2998
f 3010/3010 2965/2965 3001/3001
f 2989/2989 3009/3009 2974/2974
f 2970/2970 2993/2993 2987/2987
f 2987/2987 2981/2981 3013/3013
f 2972/2972 2984/2984 2980/2980
f 2969/2969 2977/2977 3028/3028
f 2982/2982 3009/3009 3020/3020
f 3009/3009 2982/2982 2985/2985
f 2974/2974 2990/2990 2989/2989
f 2971/2971 2990/2990 2978/2978
f 2983/2983 2986/2986 2971/2971
f 2984/2984 2991/2991 2980/2980
f 3001/3001 2988/2988 3010/3010
f 2980/2980 2983/2983 2979/2979
f 2980/2980 2994/2994 2983/2983
f 2999/2999 2993/2993 2998/2998
f 2981/2981 2987/2987 2992/2992
f 2994/2994 2997/2997 2983/2983
f 2987/2987 2993/2993 2992/2992
f 2991/2991 2984/2984 2995/2995
f 2982/2982 3020/3020 3001/3001
f 2986/2986 2983/2983 2996/2996
f 2997/2997 2996/2996 2983/2983
f 2971/2971 2986/2986 3017/3017
f 3000/3000 2980/2980 2991/2991
f 2980/2980 2997/2997 2994/2994
f 2980/2980 3000/3000 2997/2997
f 2995/2995 3000/3000 2991/2991
f 2971/2971 3002/3002 2990/2990
f 3000/3000 3003/3003 2997/2997
f 2997/2997 3004/3004 2996/2996
f 3013/3013 2981/2981 3005/3005
f 2996/2996 3006/3006 2986/2986
f 3007/3007 2990/2990 3002/3002
f 2971/2971 3007/3007 3002/3002
f 2997/2997 3003/3003 3004/3004
f 3041/3041 3000/3000 2995/2995
f 3014/3014 3008/3008 3009/3009
f 2971/2971 3017/3017 3037/3037
f 3005/3005 2981/2981 2992/2992
f 2992/2992 2993/2993 3024/3024
f 2996/2996 3011/3011 3006/3006
f 3004/3004 3015/3015 2996/2996
f 2988/2988 3050/3050 3010/3010
f 2986/2986 3006/3006 3017/3017
f 2971/2971 3037/3037 3007/3007
f 2988/2988 3027/3027 3050/3050
f 2999/2999 2998/2998 3028/3028
f 3001/3001 3020/3020 3025/3025
f 2996/2996 3015/3015 3011/3011
f 2989/2989 3014/3014 3009/3009
f 3012/3012 3004/3004 3003/3003
f 2999/2999 3028/3028 3016/3016
f 3015/3015 3006/3006 3011/3011
f 2993/2993 3018/3018 3024/3024
f 3004/3004 3012/3012 3015/3015
f 3016/3016 3028/3028 3026/3026
f 3015/3015 3023/3023 3006/3006
f 2993/2993 2999/2999 3018/3018
f 2988/2988 3001/3001 3025/3025
f 3013/3013 3005/3005 3051/3051
f 3047/3047 3028/3028 3019/3019
f 3003/3003 3000/3000 3012/3012
f 2999/2999 3016/3016 3026/3026
f 3005/3005 2992/2992 3024/3024
f 3017/3017 3006/3006 3023/3023
f 3028/3028 2976/2976 3022/3022
f 3008/3008 3020/3020 3009/3009
f 3000/3000 3041/3041 3012/3012
f 3007/3007 3037/3037 2990/2990
f 3026/3026 3028/3028 3047/3047
f 2989/2989 3039/3039 3014/3014
f 3025/3025 3078/3078 2988/2988
f 3015/3015 3033/3033 3031/3031
f 2989/2989 2990/2990 3021/3021
f 3023/3023 3040/3040 3017/3017
f 3023/3023 3015/3015 3029/3029
f 2995/2995 3030/3030 3041/3041
f 3028/3028 3022/3022 3048/3048
f 3012/3012 3033/3033 3015/3015
f 3012/3012 3041/3041 3038/3038
f 2989/2989 3021/3021 3039/3039
f 3032/3032 3025/3025 3020/3020
f 3035/3035 3020/3020 3075/3075
f 3032/3032 3046/3046 3025/3025
f 3015/3015 3031/3031 3029/3029
f 2999/2999 3026/3026 3018/3018
f 3024/3024 3018/3018 3036/3036
f 3028/3028 3048/3048 3019/3019
f 3012/3012 3038/3038 3033/3033
f 3008/3008 3075/3075 3020/3020
f 3024/3024 3034/3034 3005/3005
f 3043/3043 3018/3018 3068/3068
f 3037/3037 3021/3021 2990/2990
f 3051/3051 3005/3005 3034/3034
f 3026/3026 3047/3047 3018/3018
f 3023/3023 3029/3029 3040/3040
f 3038/3038 3031/3031 3033/3033
f 3036/3036 3043/3043 3024/3024
f 3027/3027 2988/2988 3078/3078
f 3029/3029 3031/3031 3040/3040
f 3018/3018 3043/3043 3036/3036
f 3017/3017 3040/3040 3037/3037
f 3030/3030 3038/3038 3041/3041
f 3032/3032 3020/3020 3035/3035
f 3038/3038 3045/3045 3031/3031
f 3038/3038 3030/3030 3045/3045
f 3024/3024 3043/3043 3034/3034
f 3048/3048 3022/3022 3044/3044
f 3019/3019 3042/3042 3069/3069
f 3061/3061 3040/3040 3031/3031
f 3043/3043 3049/3049 3034/3034
f 3067/3067 3052/3052 3037/3037
f 3061/3061 3037/3037 3040/3040
f 3052/3052 3021/3021 3037/3037
f 3045/3045 3061/3061 3031/3031
f 3055/3055 3045/3045 3030/3030
f 3056/3056 3027/3027 3078/3078
f 3068/3068 3018/3018 3047/3047
f 3025/3025 3046/3046 3078/3078
f 3014/3014 3075/3075 3008/3008
f 3014/3014 3039/3039 3053/3053
f 3034/3034 3049/3049 3054/3054
f 3035/3035 3046/3046 3032/3032
f 3077/3077 3075/3075 3014/3014
f 3051/3051 3034/3034 3085/3085
f 3027/3027 3063/3063 3050/3050
f 3034/3034 3059/3059 3085/3085
f 3019/3019 3069/3069 3047/3047
f 3046/3046 3035/3035 3060/3060
f 3037/3037 3079/3079 3067/3067
f 3043/3043 3068/3068 3049/3049
f 3060/3060 3078/3078 3046/3046
f 3047/3047 3069/3069 3068/3068
f 3048/3048 3042/3042 3019/3019
f 3027/3027 3056/3056 3063/3063
f 3059/3059 3058/3058 3085/3085
f 3059/3059 3034/3034 3054/3054
f 3064/3064 3063/3063 3056/3056
f 3045/3045 3071/3071 3061/3061
f 3042/3042 3048/3048 3057/3057
f 3052/3052 3089/3089 3021/3021
f 3049/3049 3091/3091 3054/3054
f 3056/3056 3072/3072 3064/3064
f 3055/3055 3030/3030 3066/3066
f 3078/3078 3060/3060 3076/3076
f 3125/3125 3052/3052 3067/3067
f 3035/3035 3092/3092 3060/3060
f 3055/3055 3066/3066 3070/3070
f 3049/3049 3068/3068 3091/3091
f 3021/3021 3089/3089 3039/3039
f 3056/3056 3078/3078 3072/3072
f 3055/3055 3071/3071 3045/3045
f 3055/3055 3070/3070 3071/3071
f 3014/3014 3053/3053 3077/3077
f 3078/3078 3074/3074 3072/3072
f 3061/3061 3079/3079 3037/3037
f 3065/3065 3068/3068 3069/3069
f 3075/3075 3092/3092 3035/3035
f 3086/3086 3102/3102 3068/3068
f 3078/3078 3104/3104 3074/3074
f 3078/3078 3073/3073 3104/3104
f 3077/3077 3108/3108 3075/3075
f 3068/3068 3065/3065 3086/3086
f 3052/3052 3124/3124 3097/3097
f 3091/3091 3068/3068 3114/3114
f 3048/3048 3044/3044 3109/3109
f 3092/3092 3076/3076 3060/3060
f 3059/3059 3054/3054 3091/3091
f 3073/3073 3078/3078 3062/3062
f 3092/3092 3083/3083 3076/3076
f 3114/3114 3068/3068 3102/3102
f 3083/3083 3062/3062 3078/3078
f 3078/3078 3076/3076 3080/3080
f 3058/3058 3059/3059 3091/3091
f 3083/3083 3078/3078 3080/3080
f 3077/3077 3053/3053 3108/3108
f 3052/3052 3125/3125 3088/3088
f 3092/3092 3075/3075 3096/3096
f 3083/3083 3080/3080 3076/3076
f 3084/3084 3096/3096 3075/3075
f 3091/3091 3081/3081 3058/3058
f 3042/3042 3057/3057 3095/3095
f 3075/3075 3108/3108 3084/3084
f 3087/3087 3079/3079 3061/3061
f 3052/3052 3097/3097 3089/3089
f 3061/3061 3071/3071 3082/3082
f 3065/3065 3069/3069 3086/3086
f 3088/3088 3124/3124 3052/3052
f 3058/3058 3103/3103 3085/3085
f 3090/3090 3069/3069 3042/3042
f 3039/3039 3094/3094 3053/3053
f 3106/3106 3062/3062 3083/3083
f 3053/3053 3094/3094 3108/3108
f 3062/3062 3106/3106 3073/3073
f 3057/3057 3048/3048 3109/3109
f 3058/3058 3093/3093 3103/3103
f 3090/3090 3042/3042 3123/3123
f 3093/3093 3058/3058 3081/3081
f 3061/3061 3082/3082 3087/3087
f 3086/3086 3069/3069 3102/3102
f 3069/3069 3090/3090 3123/3123
f 3083/3083 3092/3092 3106/3106
f 3067/3067 3079/3079 3125/3125
f 3106/3106 3092/3092 3096/3096
f 3089/3089 3094/3094 3039/3039
f 3106/3106 3104/3104 3073/3073
f 3069/3069 3123/3123 3102/3102
f 3042/3042 3095/3095 3144/3144
f 3106/3106 3098/3098 3104/3104
f 3095/3095 3099/3099 3144/3144
f 3091/3091 3114/3114 3081/3081
f 3106/3106 3096/3096 3115/3115
f 3109/3109 3044/3044 3100/3100
f 3042/3042 3144/3144 3123/3123
f 3088/3088 3142/3142 3124/3124
f 3093/3093 3158/3158 3103/3103
f 3095/3095 3057/3057 3119/3119
f 3106/3106 3115/3115 3101/3101
f 3079/3079 3139/3139 3125/3125
f 3107/3107 3117/3117 3089/3089
f 3087/3087 3139/3139 3079/3079
f 3158/3158 3093/3093 3105/3105
f 3119/3119 3109/3109 3110/3110
f 3098/3098 3112/3112 3104/3104
f 3121/3121 3098/3098 3106/3106
f 3109/3109 3100/3100 3098/3098
f 3111/3111 3115/3115 3096/3096
f 3110/3110 3109/3109 3098/3098
f 3098/3098 3100/3100 3112/3112
f 3125/3125 3131/3131 3088/3088
f 3094/3094 3117/3117 3108/3108
f 3113/3113 3109/3109 3119/3119
f 3096/3096 3132/3132 3120/3120
f 3089/3089 3117/3117 3094/3094
f 3119/3119 3057/3057 3113/3113
f 3121/3121 3106/3106 3101/3101
f 3120/3120 3118/3118 3096/3096
f 3057/3057 3109/3109 3113/3113
f 3081/3081 3114/3114 3130/3130
f 3119/3119 3098/3098 3121/3121
f 3114/3114 3102/3102 3116/3116
f 3105/3105 3093/3093 3136/3136
f 3095/3095 3119/3119 3099/3099
f 3119/3119 3110/3110 3098/3098
f 3111/3111 3121/3121 3115/3115
f 3121/3121 3101/3101 3115/3115
f 3087/3087 3082/3082 3139/3139
f 3093/3093 3122/3122 3136/3136
f 3111/3111 3096/3096 3118/3118
f 3093/3093 3081/3081 3122/3122
f 3120/3120 3134/3134 3118/3118
f 3125/3125 3139/3139 3131/3131
f 3099/3099 3119/3119 3126/3126
f 3111/3111 3119/3119 3121/3121
f 3134/3134 3111/3111 3118/3118
f 3096/3096 3084/3084 3132/3132
f 3081/3081 3130/3130 3122/3122
f 3119/3119 3111/3111 3126/3126
f 3114/3114 3116/3116 3130/3130
f 3126/3126 3111/3111 3128/3128
f 3132/3132 3084/3084 3108/3108
f 3082/3082 3127/3127 3139/3139
f 3134/3134 3128/3128 3111/3111
f 3129/3129 3108/3108 3117/3117
f 3133/3133 3130/3130 3116/3116
f 3116/3116 3102/3102 3144/3144
f 3144/3144 3099/3099 3126/3126
f 3107/3107 3089/3089 3097/3097
f 3123/3123 3144/3144 3102/3102
f 3158/3158 3105/3105 3136/3136
f 3088/3088 3131/3131 3137/3137
f 3129/3129 3132/3132 3108/3108
f 3133/3133 3116/3116 3141/3141
f 3126/3126 3146/3146 3144/3144
f 3117/3117 3147/3147 3129/3129
f 3164/3164 3117/3117 3107/3107
f 3124/3124 3142/3142 3097/3097
f 3145/3145 3128/3128 3134/3134
f 3136/3136 3122/3122 3130/3130
f 3126/3126 3128/3128 3145/3145
f 3134/3134 3120/3120 3135/3135
f 3116/3116 3144/3144 3138/3138
f 3120/3120 3132/3132 3129/3129
f 3131/3131 3140/3140 3137/3137
f 3088/3088 3137/3137 3142/3142
f 3139/3139 3140/3140 3131/3131
f 3116/3116 3138/3138 3141/3141
f 3135/3135 3120/3120 3129/3129
f 3164/3164 3107/3107 3097/3097
f 3138/3138 3144/3144 3141/3141
f 3141/3141 3144/3144 3148/3148
f 3146/3146 3126/3126 3151/3151
f 3142/3142 3157/3157 3097/3097
f 3150/3150 3129/3129 3147/3147
f 3148/3148 3144/3144 3146/3146
f 3135/3135 3150/3150 3147/3147
f 3126/3126 3145/3145 3154/3154
f 3148/3148 3146/3146 3141/3141
f 3141/3141 3146/3146 3151/3151
f 3143/3143 3161/3161 3147/3147
f 3135/3135 3129/3129 3150/3150
f 3147/3147 3161/3161 3135/3135
f 3152/3152 3156/3156 3161/3161
f 3145/3145 3134/3134 3135/3135
f 3140/3140 3159/3159 3137/3137
f 3139/3139 3127/3127 3153/3153
f 3141/3141 3151/3151 3152/3152
f 3152/3152 3151/3151 3149/3149
f 3143/3143 3147/3147 3117/3117
f 3161/3161 3156/3156 3135/3135
f 3155/3155 3151/3151 3126/3126
f 3155/3155 3126/3126 3154/3154
f 3149/3149 3154/3154 3145/3145
f 3149/3149 3145/3145 3156/3156
f 3151/3151 3155/3155 3149/3149
f 3149/3149 3155/3155 3154/3154
f 3152/3152 3149/3149 3156/3156
f 3156/3156 3145/3145 3135/3135
f 3153/3153 3140/3140 3139/3139
f 3136/3136 3130/3130 3133/3133
f 3137/3137 3159/3159 3170/3170
f 3117/3117 3164/3164 3143/3143
f 3097/3097 3157/3157 3164/3164
f 3142/3142 3137/3137 3170/3170
f 3158/3158 3136/3136 3162/3162
f 3133/3133 3165/3165 3136/3136
f 3140/3140 3153/3153 3160/3160
f 3141/3141 3152/3152 3166/3166
f 3176/3176 3162/3162 3136/3136
f 3143/3143 3152/3152 3161/3161
f 3142/3142 3170/3170 3157/3157
f 3163/3163 3173/3173 3157/3157
f 3170/3170 3163/3163 3157/3157
f 3160/3160 3159/3159 3140/3140
f 3164/3164 3157/3157 3169/3169
f 3176/3176 3136/3136 3165/3165
f 3143/3143 3164/3164 3169/3169
f 3133/3133 3141/3141 3165/3165
f 3141/3141 3166/3166 3165/3165
f 3170/3170 3173/3173 3163/3163
f 3157/3157 3173/3173 3169/3169
f 3152/3152 3143/3143 3166/3166
f 3165/3165 3166/3166 3143/3143
f 3165/3165 3143/3143 3169/3169
f 3160/3160 3170/3170 3159/3159
f 3165/3165 3169/3169 3168/3168
f 3171/3171 3167/3167 3173/3173
f 3167/3167 3169/3169 3173/3173
f 3171/3171 3165/3165 3168/3168
f 3176/3176 3165/3165 3171/3171
f 3168/3168 3167/3167 3171/3171
f 3168/3168 3172/3172 3167/3167
f 3167/3167 3172/3172 3169/3169
f 3172/3172 3168/3168 3169/3169
f 3171/3171 3173/3173 3170/3170
f 3171/3171 3170/3170 3175/3175
f 3175/3175 3170/3170 3160/3160
f 3176/3176 3171/3171 3175/3175
f 3160/3160 3174/3174 3175/3175
f 3174/3174 3176/3176 3175/3175
f 3177/3177 3188/3188 3181/3181
f 3191/3191 3178/3178 3179/3179
f 3179/3179 3180/3180 3191/3191
f 3204/3204 3180/3180 3183/3183
f 3189/3189 3178/3178 3190/3190
f 3184/3184 3178/3178 3191/3191
f 3183/3183 3193/3193 3204/3204
f 3182/3182 3193/3193 3183/3183
f 3190/3190 3178/3178 3184/3184
f 3182/3182 3192/3192 3193/3193
f 3177/3177 3185/3185 3195/3195
f 3213/3213 3180/3180 3204/3204
f 3191/3191 3180/3180 3187/3187
f 3181/3181 3200/3200 3182/3182
f 3200/3200 3192/3192 3182/3182
f 3181/3181 3188/3188 3200/3200
f 3189/3189 3190/3190 3194/3194
f 3195/3195 3188/3188 3177/3177
f 3186/3186 3196/3196 3177/3177
f 3177/3177 3196/3196 3185/3185
f 3187/3187 3180/3180 3213/3213
f 3194/3194 3190/3190 3224/3224
f 3198/3198 3192/3192 3200/3200
f 3202/3202 3198/3198 3200/3200
f 3206/3206 3190/3190 3184/3184
f 3201/3201 3193/3193 3192/3192
f 3200/3200 3199/3199 3202/3202
f 3208/3208 3184/3184 3219/3219
f 3204/3204 3193/3193 3225/3225
f 3200/3200 3207/3207 3199/3199
f 3184/3184 3191/3191 3203/3203
f 3200/3200 3285/3285 3207/3207
f 3202/3202 3192/3192 3198/3198
f 3187/3187 3216/3216 3191/3191
f 3213/3213 3227/3227 3187/3187
f 3193/3193 3215/3215 3225/3225
f 3215/3215 3193/3193 3214/3214
f 3192/3192 3202/3202 3201/3201
f 3184/3184 3203/3203 3219/3219
f 3195/3195 3226/3226 3188/3188
f 3185/3185 3196/3196 3230/3230
f 3207/3207 3285/3285 3243/3243
f 3207/3207 3202/3202 3199/3199
f 3188/3188 3285/3285 3200/3200
f 3186/3186 3205/3205 3196/3196
f 3204/3204 3225/3225 3213/3213
f 3188/3188 3226/3226 3242/3242
f 3205/3205 3209/3209 3196/3196
f 3203/3203 3191/3191 3219/3219
f 3185/3185 3226/3226 3195/3195
f 3224/3224 3190/3190 3211/3211
f 3210/3210 3184/3184 3208/3208
f 3210/3210 3206/3206 3184/3184
f 3201/3201 3202/3202 3214/3214
f 3201/3201 3214/3214 3193/3193
f 3190/3190 3206/3206 3211/3211
f 3213/3213 3222/3222 3221/3221
f 3213/3213 3225/3225 3222/3222
f 3236/3236 3220/3220 3197/3197
f 3214/3214 3202/3202 3207/3207
f 3207/3207 3243/3243 3214/3214
f 3213/3213 3212/3212 3232/3232
f 3196/3196 3209/3209 3230/3230
f 3219/3219 3191/3191 3216/3216
f 3217/3217 3216/3216 3187/3187
f 3237/3237 3215/3215 3214/3214
f 3187/3187 3227/3227 3217/3217
f 3227/3227 3213/3213 3232/3232
f 3219/3219 3216/3216 3233/3233
f 3215/3215 3223/3223 3225/3225
f 3242/3242 3285/3285 3188/3188
f 3210/3210 3228/3228 3206/3206
f 3233/3233 3216/3216 3217/3217
f 3230/3230 3226/3226 3185/3185
f 3228/3228 3210/3210 3208/3208
f 3211/3211 3220/3220 3224/3224
f 3224/3224 3220/3220 3236/3236
f 3243/3243 3218/3218 3214/3214
f 3213/3213 3221/3221 3260/3260
f 3206/3206 3228/3228 3211/3211
f 3251/3251 3213/3213 3260/3260
f 3212/3212 3213/3213 3251/3251
f 3225/3225 3221/3221 3222/3222
f 3218/3218 3231/3231 3214/3214
f 3225/3225 3223/3223 3221/3221
f 3231/3231 3237/3237 3214/3214
f 3260/3260 3221/3221 3223/3223
f 3235/3235 3217/3217 3227/3227
f 3260/3260 3223/3223 3252/3252
f 3215/3215 3237/3237 3223/3223
f 3248/3248 3197/3197 3220/3220
f 3243/3243 3231/3231 3218/3218
f 3219/3219 3233/3233 3241/3241
f 3272/3272 3227/3227 3232/3232
f 3211/3211 3228/3228 3234/3234
f 3235/3235 3227/3227 3272/3272
f 3235/3235 3272/3272 3217/3217
f 3205/3205 3238/3238 3209/3209
f 3228/3228 3208/3208 3234/3234
f 3208/3208 3219/3219 3241/3241
f 3211/3211 3234/3234 3220/3220
f 3236/3236 3197/3197 3323/3323
f 3241/3241 3233/3233 3269/3269
f 3231/3231 3223/3223 3237/3237
f 3230/3230 3209/3209 3253/3253
f 3234/3234 3208/3208 3240/3240
f 3240/3240 3208/3208 3241/3241
f 3223/3223 3239/3239 3252/3252
f 3234/3234 3240/3240 3246/3246
f 3234/3234 3246/3246 3220/3220
f 3231/3231 3239/3239 3223/3223
f 3226/3226 3287/3287 3242/3242
f 3209/3209 3238/3238 3328/3328
f 3233/3233 3229/3229 3269/3269
f 3229/3229 3233/3233 3266/3266
f 3272/3272 3266/3266 3217/3217
f 3253/3253 3263/3263 3230/3230
f 3233/3233 3217/3217 3266/3266
f 3231/3231 3245/3245 3239/3239
f 3240/3240 3241/3241 3248/3248
f 3246/3246 3240/3240 3248/3248
f 3273/3273 3197/3197 3289/3289
f 3239/3239 3245/3245 3252/3252
f 3264/3264 3212/3212 3251/3251
f 3246/3246 3248/3248 3220/3220
f 3264/3264 3251/3251 3260/3260
f 3243/3243 3270/3270 3247/3247
f 3243/3243 3245/3245 3231/3231
f 3230/3230 3249/3249 3226/3226
f 3248/3248 3257/3257 3197/3197
f 3232/3232 3212/3212 3264/3264
f 3244/3244 3252/3252 3245/3245
f 3257/3257 3289/3289 3197/3197
f 3247/3247 3255/3255 3243/3243
f 3244/3244 3245/3245 3243/3243
f 3250/3250 3256/3256 3262/3262
f 3285/3285 3270/3270 3243/3243
f 3261/3261 3260/3260 3252/3252
f 3258/3258 3252/3252 3244/3244
f 3243/3243 3255/3255 3244/3244
f 3257/3257 3259/3259 3289/3289
f 3289/3289 3259/3259 3290/3290
f 3261/3261 3252/3252 3258/3258
f 3209/3209 3328/3328 3254/3254
f 3253/3253 3209/3209 3254/3254
f 3232/3232 3264/3264 3288/3288
f 3262/3262 3277/3277 3250/3250
f 3250/3250 3277/3277 3267/3267
f 3258/3258 3264/3264 3260/3260
f 3289/3289 3250/3250 3319/3319
f 3244/3244 3268/3268 3258/3258
f 3197/3197 3273/3273 3323/3323
f 3247/3247 3270/3270 3255/3255
f 3258/3258 3260/3260 3261/3261
f 3249/3249 3230/3230 3276/3276
f 3266/3266 3272/3272 3281/3281
f 3272/3272 3232/3232 3288/3288
f 3264/3264 3258/3258 3283/3283
f 3226/3226 3276/3276 3287/3287
f 3269/3269 3229/3229 3266/3266
f 3264/3264 3283/3283 3288/3288
f 3298/3298 3269/3269 3266/3266
f 3241/3241 3271/3271 3248/3248
f 3250/3250 3289/3289 3256/3256
f 3258/3258 3268/3268 3283/3283
f 3248/3248 3259/3259 3257/3257
f 3250/3250 3267/3267 3319/3319
f 3241/3241 3269/3269 3274/3274
f 3254/3254 3328/3328 3253/3253
f 3272/3272 3288/3288 3311/3311
f 3333/3333 3270/3270 3285/3285
f 3230/3230 3263/3263 3276/3276
f 3282/3282 3265/3265 3302/3302
f 3318/3318 3270/3270 3265/3265
f 3268/3268 3244/3244 3293/3293
f 3287/3287 3276/3276 3315/3315
f 3271/3271 3241/3241 3259/3259
f 3281/3281 3272/3272 3303/3303
f 3293/3293 3244/3244 3255/3255
f 3242/3242 3286/3286 3285/3285
f 3290/3290 3278/3278 3289/3289
f 3310/3310 3272/3272 3311/3311
f 3302/3302 3265/3265 3270/3270
f 3271/3271 3259/3259 3248/3248
f 3266/3266 3303/3303 3298/3298
f 3253/3253 3328/3328 3275/3275
f 3274/3274 3269/3269 3298/3298
f 3266/3266 3281/3281 3303/3303
f 3292/3292 3303/3303 3272/3272
f 3270/3270 3291/3291 3255/3255
f 3273/3273 3279/3279 3331/3331
f 3288/3288 3283/3283 3280/3280
f 3311/3311 3284/3284 3283/3283
f 3270/3270 3301/3301 3302/3302
f 3249/3249 3276/3276 3226/3226
f 3259/3259 3241/3241 3274/3274
f 3273/3273 3289/3289 3279/3279
f 3301/3301 3270/3270 3333/3333
f 3333/3333 3285/3285 3326/3326
f 3278/3278 3256/3256 3289/3289
f 3283/3283 3284/3284 3280/3280
f 3292/3292 3272/3272 3294/3294
f 3311/3311 3288/3288 3284/3284
f 3311/3311 3283/3283 3268/3268
f 3275/3275 3327/3327 3253/3253
f 3259/3259 3274/3274 3297/3297
f 3284/3284 3288/3288 3280/3280
f 3255/3255 3291/3291 3293/3293
f 3292/3292 3294/3294 3303/3303
f 3294/3294 3272/3272 3310/3310
f 3291/3291 3295/3295 3293/3293
f 3253/3253 3327/3327 3263/3263
f 3311/3311 3268/3268 3293/3293
f 3296/3296 3286/3286 3242/3242
f 3287/3287 3296/3296 3242/3242
f 3296/3296 3287/3287 3315/3315
f 3290/3290 3259/3259 3297/3297
f 3311/3311 3295/3295 3291/3291
f 3290/3290 3297/3297 3262/3262
f 3300/3300 3262/3262 3297/3297
f 3306/3306 3311/3311 3291/3291
f 3270/3270 3306/3306 3291/3291
f 3326/3326 3285/3285 3286/3286
f 3295/3295 3311/3311 3293/3293
f 3274/3274 3298/3298 3297/3297
f 3277/3277 3262/3262 3305/3305
f 3308/3308 3270/3270 3318/3318
f 3316/3316 3318/3318 3265/3265
f 3302/3302 3301/3301 3333/3333
f 3321/3321 3328/3328 3312/3312
f 3256/3256 3299/3299 3262/3262
f 3305/3305 3262/3262 3300/3300
f 3305/3305 3297/3297 3309/3309
f 3267/3267 3305/3305 3309/3309
f 3282/3282 3309/3309 3265/3265
f 3267/3267 3309/3309 3320/3320
f 3256/3256 3278/3278 3299/3299
f 3299/3299 3278/3278 3262/3262
f 3303/3303 3294/3294 3308/3308
f 3304/3304 3265/3265 3309/3309
f 3304/3304 3316/3316 3265/3265
f 3330/3330 3302/3302 3333/3333
f 3262/3262 3278/3278 3290/3290
f 3305/3305 3300/3300 3297/3297
f 3277/3277 3305/3305 3267/3267
f 3323/3323 3273/3273 3331/3331
f 3298/3298 3303/3303 3297/3297
f 3294/3294 3310/3310 3308/3308
f 3318/3318 3307/3307 3308/3308
f 3275/3275 3328/3328 3313/3313
f 3307/3307 3303/3303 3308/3308
f 3289/3289 3319/3319 3279/3279
f 3309/3309 3282/3282 3302/3302
f 3308/3308 3306/3306 3270/3270
f 3308/3308 3310/3310 3311/3311
f 3238/3238 3312/3312 3328/3328
f 3297/3297 3303/3303 3316/3316
f 3296/3296 3315/3315 3286/3286
f 3306/3306 3314/3314 3311/3311
f 3303/3303 3317/3317 3316/3316
f 3308/3308 3311/3311 3314/3314
f 3308/3308 3314/3314 3306/3306
f 3317/3317 3303/3303 3307/3307
f 3263/3263 3334/3334 3276/3276
f 3316/3316 3317/3317 3318/3318
f 3297/3297 3316/3316 3304/3304
f 3309/3309 3297/3297 3304/3304
f 3276/3276 3334/3334 3315/3315
f 3317/3317 3307/3307 3318/3318
f 3267/3267 3320/3320 3319/3319
f 3343/3343 3324/3324 3327/3327
f 3326/3326 3286/3286 3315/3315
f 3279/3279 3319/3319 3322/3322
f 3309/3309 3302/3302 3320/3320
f 3332/3332 3302/3302 3330/3330
f 3326/3326 3315/3315 3339/3339
f 3325/3325 3327/3327 3275/3275
f 3263/3263 3327/3327 3334/3334
f 3302/3302 3332/3332 3329/3329
f 3320/3320 3302/3302 3329/3329
f 3325/3325 3343/3343 3327/3327
f 3339/3339 3315/3315 3334/3334
f 3319/3319 3320/3320 3329/3329
f 3328/3328 3275/3275 3313/3313
f 3323/3323 3331/3331 3345/3345
f 3279/3279 3342/3342 3331/3331
f 3324/3324 3338/3338 3327/3327
f 3319/3319 3329/3329 3332/3332
f 3279/3279 3322/3322 3342/3342
f 3328/3328 3325/3325 3275/3275
f 3324/3324 3343/3343 3322/3322
f 3345/3345 3331/3331 3335/3335
f 3333/3333 3326/3326 3330/3330
f 3346/3346 3325/3325 3328/3328
f 3322/3322 3319/3319 3332/3332
f 3322/3322 3332/3332 3336/3336
f 3322/3322 3338/3338 3324/3324
f 3330/3330 3326/3326 3339/3339
f 3321/3321 3312/3312 3337/3337
f 3327/3327 3338/3338 3334/3334
f 3338/3338 3339/3339 3334/3334
f 3341/3341 3332/3332 3330/3330
f 3342/3342 3322/3322 3343/3343
f 3336/3336 3332/3332 3341/3341
f 3336/3336 3341/3341 3322/3322
f 3321/3321 3337/3337 3340/3340
f 3321/3321 3346/3346 3328/3328
f 3322/3322 3341/3341 3338/3338
f 3344/3344 3321/3321 3340/3340
f 3341/3341 3330/3330 3338/3338
f 3338/3338 3330/3330 3339/3339
f 3321/3321 3344/3344 3346/3346
f 3325/3325 3352/3352 3343/3343
f 3352/3352 3325/3325 3346/3346
f 3345/3345 3335/3335 3348/3348
f 3349/3349 3344/3344 3335/3335
f 3331/3331 3342/3342 3351/3351
f 3344/3344 3340/3340 3347/3347
f 3335/3335 3344/3344 3348/3348
f 3342/3342 3343/3343 3351/3351
f 3351/3351 3343/3343 3352/3352
f 3349/3349 3335/3335 3331/3331
f 3344/3344 3351/3351 3346/3346
f 3348/3348 3344/3344 3350/3350
f 3349/3349 3331/3331 3351/3351
f 3344/3344 3347/3347 3350/3350
f 3349/3349 3351/3351 3344/3344
f 3351/3351 3352/3352 3346/3346
f 3360/3360 3353/3353 3359/3359
f 3355/3355 3367/3367 3353/3353
f 3357/3357 3362/3362 3363/3363
f 3354/3354 3358/3358 3375/3375
f 3354/3354 3370/3370 3355/3355
f 3355/3355 3373/3373 3367/3367
f 3356/3356 3365/3365 3357/3357
f 3367/3367 3359/3359 3353/3353
f 3364/3364 3362/3362 3357/3357
f 3375/3375 3361/3361 3354/3354
f 3355/3355 3370/3370 3386/3386
f 3386/3386 3366/3366 3355/3355
f 3355/3355 3366/3366 3373/3373
f 3360/3360 3400/3400 3353/3353
f 3365/3365 3364/3364 3357/3357
f 3382/3382 3363/3363 3362/3362
f 3361/3361 3370/3370 3354/3354
f 3369/3369 3382/3382 3362/3362
f 3366/3366 3390/3390 3373/3373
f 3362/3362 3364/3364 3368/3368
f 3368/3368 3369/3369 3362/3362
f 3367/3367 3378/3378 3359/3359
f 3390/3390 3366/3366 3386/3386
f 3359/3359 3378/3378 3381/3381
f 3375/3375 3358/3358 3371/3371
f 3361/3361 3386/3386 3370/3370
f 3402/3402 3369/3369 3368/3368
f 3378/3378 3367/3367 3385/3385
f 3364/3364 3380/3380 3368/3368
f 3365/3365 3372/3372 3364/3364
f 3367/3367 3373/3373 3385/3385
f 3375/3375 3376/3376 3361/3361
f 3376/3376 3386/3386 3361/3361
f 3365/3365 3374/3374 3372/3372
f 3371/3371 3379/3379 3375/3375
f 3397/3397 3373/3373 3390/3390
f 3360/3360 3359/3359 3381/3381
f 3375/3375 3379/3379 3376/3376
f 3368/3368 3380/3380 3402/3402
f 3372/3372 3383/3383 3364/3364
f 3369/3369 3414/3414 3382/3382
f 3356/3356 3388/3388 3365/3365
f 3372/3372 3374/3374 3383/3383
f 3383/3383 3380/3380 3364/3364
f 3381/3381 3377/3377 3360/3360
f 3365/3365 3388/3388 3374/3374
f 3369/3369 3389/3389 3414/3414
f 3397/3397 3390/3390 3387/3387
f 3388/3388 3401/3401 3374/3374
f 3376/3376 3379/3379 3386/3386
f 3374/3374 3401/3401 3398/3398
f 3402/3402 3389/3389 3369/3369
f 3379/3379 3391/3391 3386/3386
f 3377/3377 3399/3399 3360/3360
f 3386/3386 3395/3395 3390/3390
f 3391/3391 3392/3392 3386/3386
f 3393/3393 3386/3386 3392/3392
f 3436/3436 3378/3378 3385/3385
f 3393/3393 3394/3394 3386/3386
f 3356/3356 3396/3396 3388/3388
f 3394/3394 3395/3395 3386/3386
f 3378/3378 3377/3377 3381/3381
f 3380/3380 3383/3383 3384/3384
f 3402/3402 3380/3380 3406/3406
f 3374/3374 3384/3384 3383/3383
f 3373/3373 3397/3397 3387/3387
f 3373/3373 3387/3387 3404/3404
f 3360/3360 3458/3458 3400/3400
f 3401/3401 3388/3388 3398/3398
f 3374/3374 3405/3405 3384/3384
f 3398/3398 3405/3405 3374/3374
f 3384/3384 3409/3409 3380/3380
f 3396/3396 3452/3452 3388/3388
f 3380/3380 3412/3412 3406/3406
f 3385/3385 3373/3373 3403/3403
f 3425/3425 3398/3398 3388/3388
f 3405/3405 3409/3409 3384/3384
f 3403/3403 3373/3373 3404/3404
f 3410/3410 3430/3430 3407/3407
f 3421/3421 3411/3411 3413/3413
f 3424/3424 3458/3458 3360/3360
f 3377/3377 3408/3408 3399/3399
f 3411/3411 3419/3419 3413/3413
f 3436/3436 3385/3385 3403/3403
f 3388/3388 3439/3439 3425/3425
f 3380/3380 3416/3416 3412/3412
f 3409/3409 3416/3416 3380/3380
f 3413/3413 3419/3419 3420/3420
f 3377/3377 3436/3436 3408/3408
f 3378/3378 3436/3436 3377/3377
f 3410/3410 3407/3407 3445/3445
f 3416/3416 3409/3409 3423/3423
f 3407/3407 3430/3430 3411/3411
f 3413/3413 3415/3415 3426/3426
f 3416/3416 3423/3423 3412/3412
f 3411/3411 3421/3421 3407/3407
f 3430/3430 3419/3419 3411/3411
f 3412/3412 3460/3460 3406/3406
f 3406/3406 3478/3478 3417/3417
f 3433/3433 3412/3412 3423/3423
f 3414/3414 3389/3389 3427/3427
f 3413/3413 3420/3420 3415/3415
f 3399/3399 3424/3424 3360/3360
f 3413/3413 3426/3426 3422/3422
f 3389/3389 3402/3402 3427/3427
f 3436/3436 3443/3443 3408/3408
f 3443/3443 3399/3399 3408/3408
f 3413/3413 3422/3422 3421/3421
f 3429/3429 3418/3418 3410/3410
f 3421/3421 3422/3422 3443/3443
f 3443/3443 3422/3422 3399/3399
f 3460/3460 3478/3478 3406/3406
f 3409/3409 3450/3450 3423/3423
f 3457/3457 3421/3421 3443/3443
f 3445/3445 3429/3429 3410/3410
f 3423/3423 3450/3450 3433/3433
f 3418/3418 3430/3430 3410/3410
f 3452/3452 3439/3439 3388/3388
f 3412/3412 3433/3433 3460/3460
f 3407/3407 3421/3421 3457/3457
f 3429/3429 3430/3430 3418/3418
f 3402/3402 3417/3417 3427/3427
f 3399/3399 3422/3422 3424/3424
f 3430/3430 3431/3431 3419/3419
f 3406/3406 3417/3417 3402/3402
f 3457/3457 3445/3445 3407/3407
f 3429/3429 3438/3438 3430/3430
f 3441/3441 3446/3446 3432/3432
f 3430/3430 3441/3441 3437/3437
f 3432/3432 3446/3446 3434/3434
f 3403/3403 3404/3404 3435/3435
f 3441/3441 3432/3432 3437/3437
f 3430/3430 3437/3437 3431/3431
f 3438/3438 3441/3441 3430/3430
f 3422/3422 3426/3426 3440/3440
f 3422/3422 3468/3468 3424/3424
f 3432/3432 3434/3434 3447/3447
f 3403/3403 3435/3435 3459/3459
f 3429/3429 3445/3445 3449/3449
f 3405/3405 3466/3466 3409/3409
f 3431/3431 3442/3442 3419/3419
f 3415/3415 3428/3428 3426/3426
f 3432/3432 3447/3447 3437/3437
f 3454/3454 3415/3415 3420/3420
f 3422/3422 3440/3440 3468/3468
f 3426/3426 3444/3444 3440/3440
f 3449/3449 3438/3438 3429/3429
f 3428/3428 3444/3444 3426/3426
f 3443/3443 3436/3436 3485/3485
f 3419/3419 3442/3442 3420/3420
f 3437/3437 3442/3442 3431/3431
f 3455/3455 3446/3446 3441/3441
f 3433/3433 3450/3450 3451/3451
f 3436/3436 3403/3403 3469/3469
f 3437/3437 3472/3472 3442/3442
f 3459/3459 3435/3435 3448/3448
f 3451/3451 3460/3460 3433/3433
f 3398/3398 3425/3425 3405/3405
f 3460/3460 3451/3451 3450/3450
f 3485/3485 3457/3457 3443/3443
f 3415/3415 3454/3454 3428/3428
f 3456/3456 3475/3475 3449/3449
f 3405/3405 3425/3425 3484/3484
f 3437/3437 3462/3462 3472/3472
f 3445/3445 3456/3456 3449/3449
f 3441/3441 3438/3438 3455/3455
f 3442/3442 3472/3472 3420/3420
f 3449/3449 3475/3475 3438/3438
f 3424/3424 3468/3468 3458/3458
f 3440/3440 3444/3444 3468/3468
f 3463/3463 3436/3436 3469/3469
f 3467/3467 3445/3445 3485/3485
f 3445/3445 3457/3457 3485/3485
f 3409/3409 3466/3466 3450/3450
f 3437/3437 3447/3447 3476/3476
f 3447/3447 3434/3434 3476/3476
f 3428/3428 3465/3465 3444/3444
f 3438/3438 3475/3475 3455/3455
f 3439/3439 3453/3453 3425/3425
f 3403/3403 3459/3459 3469/3469
f 3456/3456 3445/3445 3467/3467
f 3485/3485 3436/3436 3463/3463
f 3468/3468 3444/3444 3465/3465
f 3472/3472 3454/3454 3420/3420
f 3476/3476 3462/3462 3437/3437
f 3434/3434 3461/3461 3476/3476
f 3466/3466 3470/3470 3450/3450
f 3468/3468 3471/3471 3458/3458
f 3450/3450 3470/3470 3460/3460
f 3425/3425 3453/3453 3484/3484
f 3478/3478 3460/3460 3464/3464
f 3470/3470 3464/3464 3460/3460
f 3465/3465 3428/3428 3481/3481
f 3465/3465 3481/3481 3471/3471
f 3468/3468 3465/3465 3471/3471
f 3396/3396 3473/3473 3452/3452
f 3473/3473 3474/3474 3482/3482
f 3428/3428 3472/3472 3481/3481
f 3428/3428 3454/3454 3472/3472
f 3482/3482 3480/3480 3473/3473
f 3487/3487 3467/3467 3485/3485
f 3456/3456 3505/3505 3475/3475
f 3484/3484 3466/3466 3405/3405
f 3466/3466 3483/3483 3470/3470
f 3477/3477 3459/3459 3448/3448
f 3452/3452 3473/3473 3480/3480
f 3462/3462 3476/3476 3472/3472
f 3478/3478 3464/3464 3477/3477
f 3448/3448 3478/3478 3477/3477
f 3459/3459 3477/3477 3464/3464
f 3459/3459 3489/3489 3469/3469
f 3439/3439 3452/3452 3479/3479
f 3472/3472 3490/3490 3481/3481
f 3456/3456 3467/3467 3487/3487
f 3472/3472 3476/3476 3490/3490
f 3479/3479 3452/3452 3480/3480
f 3489/3489 3459/3459 3464/3464
f 3489/3489 3484/3484 3525/3525
f 3464/3464 3470/3470 3483/3483
f 3484/3484 3483/3483 3466/3466
f 3474/3474 3494/3494 3482/3482
f 3489/3489 3483/3483 3484/3484
f 3486/3486 3464/3464 3483/3483
f 3482/3482 3494/3494 3513/3513
f 3469/3469 3489/3489 3502/3502
f 3483/3483 3489/3489 3486/3486
f 3463/3463 3469/3469 3502/3502
f 3489/3489 3464/3464 3486/3486
f 3479/3479 3480/3480 3514/3514
f 3479/3479 3500/3500 3439/3439
f 3461/3461 3492/3492 3476/3476
f 3513/3513 3508/3508 3482/3482
f 3439/3439 3484/3484 3453/3453
f 3482/3482 3488/3488 3480/3480
f 3489/3489 3525/3525 3502/3502
f 3476/3476 3491/3491 3490/3490
f 3476/3476 3496/3496 3491/3491
f 3476/3476 3492/3492 3496/3496
f 3456/3456 3493/3493 3505/3505
f 3488/3488 3514/3514 3480/3480
f 3474/3474 3498/3498 3494/3494
f 3474/3474 3495/3495 3498/3498
f 3484/3484 3500/3500 3525/3525
f 3496/3496 3492/3492 3497/3497
f 3461/3461 3497/3497 3492/3492
f 3456/3456 3487/3487 3493/3493
f 3482/3482 3508/3508 3488/3488
f 3500/3500 3484/3484 3439/3439
f 3494/3494 3499/3499 3513/3513
f 3494/3494 3498/3498 3499/3499
f 3495/3495 3501/3501 3498/3498
f 3463/3463 3502/3502 3485/3485
f 3499/3499 3503/3503 3513/3513
f 3499/3499 3498/3498 3501/3501
f 3514/3514 3488/3488 3509/3509
f 3501/3501 3510/3510 3499/3499
f 3508/3508 3509/3509 3488/3488
f 3485/3485 3502/3502 3522/3522
f 3505/3505 3493/3493 3518/3518
f 3501/3501 3506/3506 3510/3510
f 3487/3487 3519/3519 3493/3493
f 3503/3503 3499/3499 3512/3512
f 3499/3499 3510/3510 3504/3504
f 3485/3485 3522/3522 3487/3487
f 3487/3487 3507/3507 3519/3519
f 3527/3527 3502/3502 3525/3525
f 3487/3487 3522/3522 3507/3507
f 3522/3522 3502/3502 3527/3527
f 3508/3508 3515/3515 3509/3509
f 3504/3504 3516/3516 3499/3499
f 3509/3509 3528/3528 3514/3514
f 3503/3503 3512/3512 3513/3513
f 3508/3508 3534/3534 3511/3511
f 3512/3512 3499/3499 3516/3516
f 3520/3520 3513/3513 3521/3521
f 3504/3504 3512/3512 3516/3516
f 3513/3513 3520/3520 3508/3508
f 3493/3493 3519/3519 3517/3517
f 3509/3509 3515/3515 3528/3528
f 3532/3532 3512/3512 3504/3504
f 3534/3534 3508/3508 3520/3520
f 3512/3512 3521/3521 3513/3513
f 3514/3514 3529/3529 3479/3479
f 3518/3518 3493/3493 3549/3549
f 3507/3507 3522/3522 3523/3523
f 3511/3511 3534/3534 3508/3508
f 3500/3500 3479/3479 3529/3529
f 3508/3508 3534/3534 3531/3531
f 3528/3528 3515/3515 3508/3508
f 3517/3517 3519/3519 3524/3524
f 3510/3510 3532/3532 3504/3504
f 3529/3529 3526/3526 3525/3525
f 3526/3526 3547/3547 3522/3522
f 3519/3519 3507/3507 3524/3524
f 3526/3526 3527/3527 3525/3525
f 3529/3529 3525/3525 3500/3500
f 3508/3508 3531/3531 3528/3528
f 3527/3527 3526/3526 3522/3522
f 3532/3532 3510/3510 3506/3506
f 3507/3507 3536/3536 3524/3524
f 3521/3521 3512/3512 3537/3537
f 3549/3549 3493/3493 3530/3530
f 3532/3532 3537/3537 3512/3512
f 3557/3557 3526/3526 3529/3529
f 3493/3493 3517/3517 3533/3533
f 3534/3534 3520/3520 3535/3535
f 3531/3531 3540/3540 3528/3528
f 3517/3517 3524/3524 3533/3533
f 3533/3533 3530/3530 3493/3493
f 3507/3507 3523/3523 3536/3536
f 3547/3547 3526/3526 3557/3557
f 3529/3529 3528/3528 3540/3540
f 3522/3522 3547/3547 3523/3523
f 3514/3514 3528/3528 3529/3529
f 3506/3506 3545/3545 3532/3532
f 3520/3520 3539/3539 3535/3535
f 3537/3537 3520/3520 3521/3521
f 3548/3548 3539/3539 3520/3520
f 3536/3536 3547/3547 3524/3524
f 3536/3536 3523/3523 3547/3547
f 3557/3557 3529/3529 3540/3540
f 3534/3534 3539/3539 3562/3562
f 3542/3542 3556/3556 3539/3539
f 3535/3535 3539/3539 3534/3534
f 3542/3542 3539/3539 3548/3548
f 3545/3545 3537/3537 3532/3532
f 3547/3547 3538/3538 3524/3524
f 3506/3506 3541/3541 3545/3545
f 3544/3544 3520/3520 3537/3537
f 3541/3541 3553/3553 3545/3545
f 3534/3534 3543/3543 3531/3531
f 3545/3545 3552/3552 3537/3537
f 3520/3520 3544/3544 3548/3548
f 3541/3541 3546/3546 3553/3553
f 3553/3553 3552/3552 3545/3545
f 3537/3537 3548/3548 3544/3544
f 3549/3549 3530/3530 3554/3554
f 3530/3530 3533/3533 3555/3555
f 3555/3555 3542/3542 3548/3548
f 3550/3550 3537/3537 3552/3552
f 3562/3562 3543/3543 3534/3534
f 3533/3533 3542/3542 3555/3555
f 3550/3550 3551/3551 3537/3537
f 3530/3530 3550/3550 3552/3552
f 3562/3562 3540/3540 3531/3531
f 3550/3550 3555/3555 3551/3551
f 3530/3530 3555/3555 3550/3550
f 3554/3554 3530/3530 3552/3552
f 3554/3554 3552/3552 3553/3553
f 3554/3554 3553/3553 3546/3546
f 3543/3543 3562/3562 3531/3531
f 3537/3537 3551/3551 3548/3548
f 3542/3542 3533/3533 3556/3556
f 3539/3539 3556/3556 3561/3561
f 3555/3555 3548/3548 3551/3551
f 3538/3538 3556/3556 3524/3524
f 3524/3524 3556/3556 3533/3533
f 3560/3560 3558/3558 3539/3539
f 3538/3538 3547/3547 3556/3556
f 3559/3559 3557/3557 3540/3540
f 3562/3562 3539/3539 3563/3563
f 3558/3558 3563/3563 3539/3539
f 3557/3557 3559/3559 3565/3565
f 3560/3560 3539/3539 3561/3561
f 3560/3560 3557/3557 3564/3564
f 3559/3559 3540/3540 3565/3565
f 3540/3540 3562/3562 3565/3565
f 3564/3564 3557/3557 3565/3565
f 3566/3566 3557/3557 3560/3560
f 3558/3558 3562/3562 3563/3563
f 3560/3560 3562/3562 3558/3558
f 3557/3557 3566/3566 3547/3547
f 3560/3560 3565/3565 3562/3562
f 3564/3564 3565/3565 3560/3560
f 3547/3547 3561/3561 3556/3556
f 3547/3547 3566/3566 3561/3561
f 3561/3561 3566/3566 3560/3560
f 3581/3581 3567/3567 3568/3568
f 3567/3567 3570/3570 3568/3568
f 3567/3567 3569/3569 3570/3570
f 3581/3581 3583/3583 3567/3567
f 3574/3574 3575/3575 3588/3588
f 3571/3571 3574/3574 3578/3578
f 3571/3571 3572/3572 3574/3574
f 3569/3569 3651/3651 3570/3570
f 3568/3568 3573/3573 3581/3581
f 3575/3575 3574/3574 3585/3585
f 3574/3574 3588/3588 3578/3578
f 3576/3576 3572/3572 3571/3571
f 3572/3572 3586/3586 3577/3577
f 3576/3576 3586/3586 3572/3572
f 3572/3572 3577/3577 3592/3592
f 3611/3611 3576/3576 3571/3571
f 3587/3587 3575/3575 3585/3585
f 3580/3580 3582/3582 3583/3583
f 3581/3581 3589/3589 3583/3583
f 3574/3574 3582/3582 3580/3580
f 3572/3572 3592/3592 3574/3574
f 3578/3578 3584/3584 3571/3571
f 3579/3579 3611/3611 3571/3571
f 3589/3589 3574/3574 3580/3580
f 3589/3589 3580/3580 3583/3583
f 3588/3588 3584/3584 3578/3578
f 3596/3596 3577/3577 3586/3586
f 3594/3594 3575/3575 3587/3587
f 3571/3571 3584/3584 3579/3579
f 3567/3567 3583/3583 3593/3593
f 3567/3567 3593/3593 3605/3605
f 3588/3588 3579/3579 3584/3584
f 3567/3567 3605/3605 3569/3569
f 3585/3585 3574/3574 3589/3589
f 3588/3588 3590/3590 3579/3579
f 3577/3577 3591/3591 3592/3592
f 3582/3582 3597/3597 3583/3583
f 3574/3574 3597/3597 3582/3582
f 3585/3585 3589/3589 3602/3602
f 3595/3595 3577/3577 3607/3607
f 3597/3597 3600/3600 3583/3583
f 3574/3574 3592/3592 3601/3601
f 3596/3596 3607/3607 3577/3577
f 3600/3600 3593/3593 3583/3583
f 3598/3598 3597/3597 3574/3574
f 3594/3594 3588/3588 3575/3575
f 3577/3577 3595/3595 3591/3591
f 3590/3590 3588/3588 3594/3594
f 3586/3586 3576/3576 3596/3596
f 3581/3581 3573/3573 3589/3589
f 3598/3598 3574/3574 3601/3601
f 3622/3622 3585/3585 3602/3602
f 3617/3617 3594/3594 3587/3587
f 3621/3621 3585/3585 3622/3622
f 3597/3597 3598/3598 3600/3600
f 3591/3591 3595/3595 3599/3599
f 3591/3591 3612/3612 3592/3592
f 3579/3579 3590/3590 3603/3603
f 3603/3603 3611/3611 3579/3579
f 3594/3594 3617/3617 3590/3590
f 3599/3599 3612/3612 3591/3591
f 3592/3592 3606/3606 3608/3608
f 3569/3569 3604/3604 3651/3651
f 3585/3585 3617/3617 3587/3587
f 3576/3576 3611/3611 3607/3607
f 3598/3598 3601/3601 3592/3592
f 3607/3607 3596/3596 3576/3576
f 3590/3590 3611/3611 3603/3603
f 3595/3595 3607/3607 3599/3599
f 3592/3592 3608/3608 3593/3593
f 3598/3598 3592/3592 3593/3593
f 3634/3634 3589/3589 3573/3573
f 3611/3611 3609/3609 3607/3607
f 3600/3600 3598/3598 3593/3593
f 3602/3602 3589/3589 3634/3634
f 3585/3585 3621/3621 3617/3617
f 3612/3612 3623/3623 3592/3592
f 3617/3617 3621/3621 3590/3590
f 3629/3629 3611/3611 3590/3590
f 3618/3618 3611/3611 3629/3629
f 3618/3618 3609/3609 3611/3611
f 3607/3607 3614/3614 3599/3599
f 3592/3592 3613/3613 3606/3606
f 3593/3593 3608/3608 3606/3606
f 3623/3623 3613/3613 3592/3592
f 3612/3612 3599/3599 3614/3614
f 3613/3613 3615/3615 3606/3606
f 3593/3593 3606/3606 3619/3619
f 3615/3615 3619/3619 3606/3606
f 3622/3622 3602/3602 3626/3626
f 3618/3618 3625/3625 3616/3616
f 3627/3627 3620/3620 3618/3618
f 3614/3614 3666/3666 3612/3612
f 3618/3618 3620/3620 3625/3625
f 3605/3605 3593/3593 3610/3610
f 3607/3607 3609/3609 3616/3616
f 3569/3569 3605/3605 3610/3610
f 3593/3593 3619/3619 3639/3639
f 3621/3621 3622/3622 3628/3628
f 3590/3590 3621/3621 3641/3641
f 3625/3625 3620/3620 3627/3627
f 3615/3615 3624/3624 3619/3619
f 3629/3629 3627/3627 3618/3618
f 3622/3622 3626/3626 3628/3628
f 3616/3616 3647/3647 3607/3607
f 3627/3627 3637/3637 3635/3635
f 3637/3637 3627/3627 3630/3630
f 3613/3613 3623/3623 3615/3615
f 3629/3629 3590/3590 3641/3641
f 3628/3628 3626/3626 3644/3644
f 3616/3616 3609/3609 3618/3618
f 3641/3641 3627/3627 3629/3629
f 3619/3619 3636/3636 3638/3638
f 3619/3619 3624/3624 3636/3636
f 3627/3627 3635/3635 3625/3625
f 3638/3638 3639/3639 3619/3619
f 3641/3641 3630/3630 3627/3627
f 3602/3602 3634/3634 3626/3626
f 3641/3641 3621/3621 3632/3632
f 3610/3610 3633/3633 3569/3569
f 3623/3623 3642/3642 3615/3615
f 3630/3630 3677/3677 3637/3637
f 3607/3607 3647/3647 3631/3631
f 3612/3612 3666/3666 3623/3623
f 3635/3635 3637/3637 3625/3625
f 3666/3666 3642/3642 3623/3623
f 3607/3607 3631/3631 3614/3614
f 3642/3642 3624/3624 3615/3615
f 3677/3677 3630/3630 3640/3640
f 3689/3689 3626/3626 3634/3634
f 3624/3624 3642/3642 3636/3636
f 3626/3626 3689/3689 3644/3644
f 3573/3573 3643/3643 3634/3634
f 3621/3621 3628/3628 3644/3644
f 3670/3670 3634/3634 3643/3643
f 3654/3654 3658/3658 3641/3641
f 3639/3639 3638/3638 3646/3646
f 3621/3621 3644/3644 3632/3632
f 3642/3642 3653/3653 3636/3636
f 3625/3625 3637/3637 3616/3616
f 3641/3641 3658/3658 3630/3630
f 3569/3569 3633/3633 3604/3604
f 3656/3656 3639/3639 3646/3646
f 3630/3630 3658/3658 3640/3640
f 3593/3593 3639/3639 3610/3610
f 3665/3665 3644/3644 3645/3645
f 3654/3654 3641/3641 3661/3661
f 3638/3638 3636/3636 3649/3649
f 3604/3604 3633/3633 3648/3648
f 3645/3645 3644/3644 3665/3665
f 3665/3665 3644/3644 3689/3689
f 3637/3637 3652/3652 3616/3616
f 3656/3656 3610/3610 3639/3639
f 3604/3604 3680/3680 3651/3651
f 3653/3653 3659/3659 3636/3636
f 3666/3666 3650/3650 3642/3642
f 3657/3657 3680/3680 3604/3604
f 3631/3631 3655/3655 3614/3614
f 3647/3647 3616/3616 3631/3631
f 3665/3665 3632/3632 3644/3644
f 3610/3610 3648/3648 3633/3633
f 3648/3648 3657/3657 3604/3604
f 3649/3649 3646/3646 3638/3638
f 3661/3661 3641/3641 3632/3632
f 3659/3659 3649/3649 3636/3636
f 3642/3642 3650/3650 3653/3653
f 3677/3677 3640/3640 3664/3664
f 3616/3616 3652/3652 3662/3662
f 3689/3689 3634/3634 3670/3670
f 3646/3646 3685/3685 3656/3656
f 3610/3610 3663/3663 3648/3648
f 3616/3616 3662/3662 3631/3631
f 3669/3669 3665/3665 3689/3689
f 3614/3614 3655/3655 3666/3666
f 3667/3667 3680/3680 3657/3657
f 3646/3646 3649/3649 3660/3660
f 3656/3656 3679/3679 3610/3610
f 3646/3646 3660/3660 3685/3685
f 3610/3610 3679/3679 3663/3663
f 3664/3664 3640/3640 3658/3658
f 3631/3631 3673/3673 3655/3655
f 3659/3659 3653/3653 3649/3649
f 3648/3648 3663/3663 3657/3657
f 3649/3649 3685/3685 3660/3660
f 3654/3654 3661/3661 3658/3658
f 3650/3650 3668/3668 3653/3653
f 3685/3685 3676/3676 3656/3656
f 3679/3679 3692/3692 3663/3663
f 3670/3670 3683/3683 3689/3689
f 3632/3632 3715/3715 3661/3661
f 3632/3632 3665/3665 3681/3681
f 3665/3665 3669/3669 3681/3681
f 3676/3676 3679/3679 3656/3656
f 3653/3653 3685/3685 3649/3649
f 3669/3669 3689/3689 3690/3690
f 3684/3684 3658/3658 3671/3671
f 3675/3675 3667/3667 3657/3657
f 3631/3631 3662/3662 3673/3673
f 3661/3661 3715/3715 3658/3658
f 3670/3670 3643/3643 3678/3678
f 3666/3666 3655/3655 3650/3650
f 3693/3693 3682/3682 3674/3674
f 3770/3770 3677/3677 3664/3664
f 3632/3632 3681/3681 3715/3715
f 3690/3690 3681/3681 3669/3669
f 3653/3653 3668/3668 3685/3685
f 3688/3688 3692/3692 3679/3679
f 3664/3664 3658/3658 3684/3684
f 3680/3680 3667/3667 3751/3751
f 3657/3657 3663/3663 3742/3742
f 3664/3664 3707/3707 3672/3672
f 3667/3667 3675/3675 3751/3751
f 3662/3662 3696/3696 3673/3673
f 3676/3676 3688/3688 3679/3679
f 3683/3683 3670/3670 3678/3678
f 3682/3682 3693/3693 3706/3706
f 3675/3675 3657/3657 3686/3686
f 3675/3675 3686/3686 3751/3751
f 3664/3664 3672/3672 3707/3707
f 3668/3668 3676/3676 3685/3685
f 3707/3707 3664/3664 3684/3684
f 3662/3662 3652/3652 3696/3696
f 3668/3668 3691/3691 3676/3676
f 3683/3683 3700/3700 3699/3699
f 3747/3747 3683/3683 3678/3678
f 3704/3704 3676/3676 3691/3691
f 3689/3689 3683/3683 3699/3699
f 3690/3690 3689/3689 3699/3699
f 3700/3700 3683/3683 3747/3747
f 3693/3693 3730/3730 3706/3706
f 3668/3668 3704/3704 3691/3691
f 3745/3745 3658/3658 3715/3715
f 3650/3650 3704/3704 3668/3668
f 3687/3687 3698/3698 3681/3681
f 3708/3708 3722/3722 3650/3650
f 3650/3650 3694/3694 3704/3704
f 3650/3650 3722/3722 3694/3694
f 3681/3681 3698/3698 3703/3703
f 3703/3703 3733/3733 3681/3681
f 3715/3715 3681/3681 3733/3733
f 3655/3655 3673/3673 3708/3708
f 3652/3652 3697/3697 3696/3696
f 3709/3709 3688/3688 3676/3676
f 3704/3704 3709/3709 3676/3676
f 3681/3681 3690/3690 3687/3687
f 3692/3692 3688/3688 3695/3695
f 3692/3692 3695/3695 3725/3725
f 3655/3655 3708/3708 3650/3650
f 3717/3717 3742/3742 3663/3663
f 3690/3690 3699/3699 3700/3700
f 3690/3690 3700/3700 3718/3718
f 3696/3696 3697/3697 3673/3673
f 3687/3687 3690/3690 3698/3698
f 3673/3673 3697/3697 3702/3702
f 3673/3673 3702/3702 3701/3701
f 3692/3692 3717/3717 3663/3663
f 3703/3703 3698/3698 3690/3690
f 3703/3703 3690/3690 3733/3733
f 3711/3711 3706/3706 3730/3730
f 3770/3770 3664/3664 3707/3707
f 3705/3705 3695/3695 3688/3688
f 3719/3719 3714/3714 3690/3690
f 3690/3690 3714/3714 3733/3733
f 3709/3709 3704/3704 3688/3688
f 3684/3684 3671/3671 3707/3707
f 3688/3688 3704/3704 3705/3705
f 3708/3708 3710/3710 3722/3722
f 3710/3710 3708/3708 3713/3713
f 3694/3694 3705/3705 3704/3704
f 3720/3720 3700/3700 3747/3747
f 3657/3657 3742/3742 3755/3755
f 3673/3673 3701/3701 3712/3712
f 3711/3711 3716/3716 3721/3721
f 3673/3673 3712/3712 3713/3713
f 3673/3673 3713/3713 3708/3708
f 3719/3719 3690/3690 3718/3718
f 3700/3700 3719/3719 3718/3718
f 3711/3711 3730/3730 3716/3716
f 3716/3716 3724/3724 3721/3721
f 3720/3720 3719/3719 3700/3700
f 3715/3715 3733/3733 3745/3745
f 3692/3692 3725/3725 3717/3717
f 3674/3674 3746/3746 3693/3693
f 3686/3686 3657/3657 3755/3755
f 3721/3721 3724/3724 3738/3738
f 3658/3658 3745/3745 3671/3671
f 3723/3723 3724/3724 3716/3716
f 3710/3710 3727/3727 3722/3722
f 3730/3730 3723/3723 3716/3716
f 3733/3733 3714/3714 3726/3726
f 3724/3724 3737/3737 3738/3738
f 3695/3695 3728/3728 3725/3725
f 3719/3719 3720/3720 3714/3714
f 3728/3728 3717/3717 3725/3725
f 3705/3705 3728/3728 3695/3695
f 3705/3705 3694/3694 3728/3728
f 3748/3748 3742/3742 3717/3717
f 3694/3694 3717/3717 3728/3728
f 3729/3729 3671/3671 3745/3745
f 3727/3727 3758/3758 3722/3722
f 3758/3758 3740/3740 3722/3722
f 3730/3730 3693/3693 3734/3734
f 3733/3733 3739/3739 3737/3737
f 3727/3727 3731/3731 3758/3758
f 3747/3747 3678/3678 3763/3763
f 3746/3746 3734/3734 3693/3693
f 3730/3730 3749/3749 3732/3732
f 3732/3732 3723/3723 3730/3730
f 3763/3763 3678/3678 3735/3735
f 3729/3729 3745/3745 3768/3768
f 3756/3756 3733/3733 3737/3737
f 3745/3745 3736/3736 3766/3766
f 3737/3737 3724/3724 3752/3752
f 3730/3730 3734/3734 3749/3749
f 3671/3671 3729/3729 3768/3768
f 3714/3714 3720/3720 3726/3726
f 3738/3738 3763/3763 3735/3735
f 3694/3694 3748/3748 3717/3717
f 3707/3707 3671/3671 3767/3767
f 3766/3766 3768/3768 3745/3745
f 3733/3733 3726/3726 3739/3739
f 3722/3722 3740/3740 3694/3694
f 3745/3745 3733/3733 3756/3756
f 3737/3737 3739/3739 3738/3738
f 3756/3756 3737/3737 3752/3752
f 3732/3732 3724/3724 3723/3723
f 3694/3694 3762/3762 3748/3748
f 3748/3748 3755/3755 3742/3742
f 3674/3674 3744/3744 3746/3746
f 3755/3755 3743/3743 3686/3686
f 3736/3736 3745/3745 3756/3756
f 3764/3764 3753/3753 3749/3749
f 3749/3749 3741/3741 3732/3732
f 3763/3763 3720/3720 3747/3747
f 3750/3750 3743/3743 3755/3755
f 3743/3743 3750/3750 3686/3686
f 3746/3746 3744/3744 3769/3769
f 3752/3752 3724/3724 3732/3732
f 3756/3756 3741/3741 3749/3749
f 3741/3741 3752/3752 3732/3732
f 3741/3741 3756/3756 3752/3752
f 3734/3734 3746/3746 3764/3764
f 3754/3754 3726/3726 3720/3720
f 3754/3754 3720/3720 3739/3739
f 3739/3739 3720/3720 3763/3763
f 3757/3757 3756/3756 3749/3749
f 3726/3726 3754/3754 3739/3739
f 3753/3753 3757/3757 3749/3749
f 3749/3749 3734/3734 3764/3764
f 3764/3764 3746/3746 3759/3759
f 3731/3731 3751/3751 3686/3686
f 3753/3753 3736/3736 3757/3757
f 3736/3736 3756/3756 3757/3757
f 3731/3731 3750/3750 3758/3758
f 3750/3750 3755/3755 3761/3761
f 3740/3740 3760/3760 3694/3694
f 3755/3755 3748/3748 3761/3761
f 3761/3761 3748/3748 3762/3762
f 3760/3760 3762/3762 3694/3694
f 3731/3731 3686/3686 3750/3750
f 3759/3759 3746/3746 3764/3764
f 3738/3738 3739/3739 3763/3763
f 3740/3740 3758/3758 3762/3762
f 3740/3740 3762/3762 3760/3760
f 3764/3764 3746/3746 3769/3769
f 3758/3758 3750/3750 3761/3761
f 3765/3765 3736/3736 3764/3764
f 3736/3736 3753/3753 3764/3764
f 3758/3758 3761/3761 3762/3762
f 3768/3768 3764/3764 3769/3769
f 3767/3767 3768/3768 3770/3770
f 3768/3768 3766/3766 3764/3764
f 3764/3764 3766/3766 3765/3765
f 3766/3766 3736/3736 3765/3765
f 3767/3767 3671/3671 3768/3768
f 3770/3770 3707/3707 3767/3767
f 3770/3770 3768/3768 3769/3769
f 3770/3770 3769/3769 3744/3744
f 3775/3775 3773/3773 3777/3777
f 3774/3774 3783/3783 3772/3772
f 3771/3771 3778/3778 3773/3773
f 3774/3774 3789/3789 3783/3783
f 3772/3772 3771/3771 3773/3773
f 3772/3772 3783/3783 3771/3771
f 3773/3773 3778/3778 3777/3777
f 3791/3791 3779/3779 3780/3780
f 3774/3774 3776/3776 3790/3790
f 3777/3777 3834/3834 3775/3775
f 3776/3776 3800/3800 3812/3812
f 3774/3774 3790/3790 3789/3789
f 3783/3783 3781/3781 3771/3771
f 3771/3771 3781/3781 3784/3784
f 3778/3778 3787/3787 3777/3777
f 3779/3779 3792/3792 3780/3780
f 3776/3776 3812/3812 3790/3790
f 3771/3771 3784/3784 3782/3782
f 3778/3778 3788/3788 3787/3787
f 3783/3783 3786/3786 3781/3781
f 3771/3771 3782/3782 3822/3822
f 3780/3780 3794/3794 3807/3807
f 3784/3784 3781/3781 3782/3782
f 3783/3783 3789/3789 3785/3785
f 3785/3785 3786/3786 3783/3783
f 3787/3787 3803/3803 3777/3777
f 3822/3822 3787/3787 3788/3788
f 3781/3781 3786/3786 3785/3785
f 3822/3822 3788/3788 3778/3778
f 3771/3771 3822/3822 3778/3778
f 3777/3777 3803/3803 3834/3834
f 3792/3792 3794/3794 3780/3780
f 3807/3807 3795/3795 3780/3780
f 3800/3800 3776/3776 3795/3795
f 3780/3780 3776/3776 3791/3791
f 3812/3812 3796/3796 3790/3790
f 3781/3781 3820/3820 3782/3782
f 3789/3789 3796/3796 3785/3785
f 3792/3792 3809/3809 3794/3794
f 3790/3790 3796/3796 3789/3789
f 3787/3787 3804/3804 3803/3803
f 3792/3792 3808/3808 3809/3809
f 3780/3780 3795/3795 3776/3776
f 3794/3794 3799/3799 3807/3807
f 3793/3793 3807/3807 3799/3799
f 3801/3801 3798/3798 3797/3797
f 3809/3809 3811/3811 3794/3794
f 3794/3794 3806/3806 3793/3793
f 3794/3794 3793/3793 3799/3799
f 3811/3811 3806/3806 3794/3794
f 3798/3798 3793/3793 3806/3806
f 3803/3803 3832/3832 3834/3834
f 3779/3779 3805/3805 3792/3792
f 3807/3807 3800/3800 3795/3795
f 3798/3798 3808/3808 3819/3819
f 3798/3798 3806/3806 3811/3811
f 3787/3787 3814/3814 3804/3804
f 3797/3797 3798/3798 3819/3819
f 3798/3798 3809/3809 3816/3816
f 3787/3787 3822/3822 3814/3814
f 3792/3792 3810/3810 3808/3808
f 3798/3798 3811/3811 3809/3809
f 3802/3802 3820/3820 3781/3781
f 3781/3781 3813/3813 3802/3802
f 3808/3808 3816/3816 3809/3809
f 3798/3798 3815/3815 3793/3793
f 3805/3805 3818/3818 3792/3792
f 3785/3785 3813/3813 3781/3781
f 3779/3779 3818/3818 3805/3805
f 3818/3818 3810/3810 3792/3792
f 3818/3818 3808/3808 3810/3810
f 3808/3808 3817/3817 3816/3816
f 3798/3798 3816/3816 3808/3808
f 3815/3815 3798/3798 3827/3827
f 3815/3815 3824/3824 3793/3793
f 3782/3782 3820/3820 3822/3822
f 3808/3808 3816/3816 3817/3817
f 3793/3793 3824/3824 3800/3800
f 3793/3793 3800/3800 3807/3807
f 3818/3818 3779/3779 3819/3819
f 3818/3818 3819/3819 3808/3808
f 3785/3785 3796/3796 3813/3813
f 3802/3802 3813/3813 3820/3820
f 3821/3821 3827/3827 3798/3798
f 3820/3820 3813/3813 3823/3823
f 3803/3803 3804/3804 3825/3825
f 3825/3825 3832/3832 3803/3803
f 3801/3801 3821/3821 3798/3798
f 3820/3820 3823/3823 3822/3822
f 3815/3815 3829/3829 3824/3824
f 3813/3813 3828/3828 3823/3823
f 3824/3824 3829/3829 3800/3800
f 3813/3813 3831/3831 3828/3828
f 3812/3812 3831/3831 3796/3796
f 3826/3826 3831/3831 3813/3813
f 3796/3796 3831/3831 3826/3826
f 3822/3822 3823/3823 3828/3828
f 3812/3812 3800/3800 3829/3829
f 3796/3796 3826/3826 3813/3813
f 3815/3815 3847/3847 3829/3829
f 3812/3812 3829/3829 3831/3831
f 3814/3814 3822/3822 3804/3804
f 3827/3827 3847/3847 3815/3815
f 3822/3822 3825/3825 3804/3804
f 3825/3825 3830/3830 3832/3832
f 3828/3828 3833/3833 3822/3822
f 3827/3827 3821/3821 3847/3847
f 3847/3847 3841/3841 3829/3829
f 3832/3832 3861/3861 3834/3834
f 3828/3828 3831/3831 3833/3833
f 3831/3831 3829/3829 3838/3838
f 3832/3832 3835/3835 3861/3861
f 3825/3825 3839/3839 3830/3830
f 3833/3833 3836/3836 3822/3822
f 3847/3847 3843/3843 3842/3842
f 3822/3822 3836/3836 3825/3825
f 3831/3831 3838/3838 3833/3833
f 3821/3821 3837/3837 3847/3847
f 3830/3830 3835/3835 3832/3832
f 3842/3842 3841/3841 3847/3847
f 3825/3825 3836/3836 3839/3839
f 3836/3836 3833/3833 3839/3839
f 3839/3839 3833/3833 3840/3840
f 3841/3841 3838/3838 3829/3829
f 3840/3840 3830/3830 3839/3839
f 3833/3833 3852/3852 3840/3840
f 3844/3844 3843/3843 3847/3847
f 3838/3838 3841/3841 3851/3851
f 3838/3838 3851/3851 3833/3833
f 3830/3830 3840/3840 3845/3845
f 3845/3845 3852/3852 3830/3830
f 3848/3848 3844/3844 3847/3847
f 3840/3840 3852/3852 3845/3845
f 3837/3837 3846/3846 3847/3847
f 3844/3844 3854/3854 3843/3843
f 3835/3835 3830/3830 3849/3849
f 3835/3835 3849/3849 3861/3861
f 3848/3848 3854/3854 3844/3844
f 3842/3842 3855/3855 3853/3853
f 3842/3842 3843/3843 3855/3855
f 3847/3847 3846/3846 3848/3848
f 3833/3833 3851/3851 3852/3852
f 3848/3848 3846/3846 3850/3850
f 3843/3843 3854/3854 3855/3855
f 3830/3830 3852/3852 3849/3849
f 3842/3842 3853/3853 3841/3841
f 3841/3841 3853/3853 3851/3851
f 3853/3853 3858/3858 3851/3851
f 3850/3850 3857/3857 3848/3848
f 3848/3848 3857/3857 3859/3859
f 3851/3851 3858/3858 3852/3852
f 3856/3856 3858/3858 3853/3853
f 3848/3848 3859/3859 3854/3854
f 3854/3854 3859/3859 3870/3870
f 3855/3855 3854/3854 3853/3853
f 3849/3849 3862/3862 3861/3861
f 3870/3870 3865/3865 3854/3854
f 3854/3854 3856/3856 3853/3853
f 3858/3858 3860/3860 3852/3852
f 3852/3852 3862/3862 3849/3849
f 3854/3854 3866/3866 3856/3856
f 3860/3860 3862/3862 3852/3852
f 3861/3861 3862/3862 3869/3869
f 3876/3876 3859/3859 3857/3857
f 3856/3856 3864/3864 3858/3858
f 3858/3858 3862/3862 3860/3860
f 3866/3866 3854/3854 3873/3873
f 3862/3862 3863/3863 3869/3869
f 3862/3862 3858/3858 3887/3887
f 3859/3859 3876/3876 3870/3870
f 3862/3862 3884/3884 3868/3868
f 3866/3866 3864/3864 3856/3856
f 3862/3862 3887/3887 3884/3884
f 3858/3858 3864/3864 3887/3887
f 3862/3862 3868/3868 3867/3867
f 3854/3854 3865/3865 3873/3873
f 3863/3863 3874/3874 3869/3869
f 3869/3869 3874/3874 3898/3898
f 3867/3867 3890/3890 3862/3862
f 3870/3870 3875/3875 3871/3871
f 3870/3870 3871/3871 3865/3865
f 3878/3878 3887/3887 3864/3864
f 3890/3890 3863/3863 3862/3862
f 3878/3878 3864/3864 3866/3866
f 3870/3870 3895/3895 3875/3875
f 3868/3868 3890/3890 3867/3867
f 3865/3865 3872/3872 3877/3877
f 3865/3865 3871/3871 3872/3872
f 3895/3895 3870/3870 3876/3876
f 3874/3874 3891/3891 3898/3898
f 3877/3877 3873/3873 3865/3865
f 3866/3866 3899/3899 3878/3878
f 3887/3887 3883/3883 3884/3884
f 3887/3887 3879/3879 3883/3883
f 3857/3857 3881/3881 3876/3876
f 3878/3878 3882/3882 3887/3887
f 3868/3868 3884/3884 3885/3885
f 3874/3874 3863/3863 3880/3880
f 3873/3873 3899/3899 3866/3866
f 3876/3876 3881/3881 3900/3900
f 3880/3880 3912/3912 3874/3874
f 3879/3879 3884/3884 3883/3883
f 3899/3899 3894/3894 3878/3878
f 3879/3879 3888/3888 3884/3884
f 3878/3878 3894/3894 3882/3882
f 3879/3879 3887/3887 3888/3888
f 3868/3868 3885/3885 3890/3890
f 3882/3882 3894/3894 3887/3887
f 3887/3887 3889/3889 3888/3888
f 3888/3888 3885/3885 3884/3884
f 3874/3874 3912/3912 3891/3891
f 3892/3892 3890/3890 3893/3893
f 3894/3894 3889/3889 3887/3887
f 3890/3890 3892/3892 3863/3863
f 3895/3895 3876/3876 3900/3900
f 3894/3894 3905/3905 3889/3889
f 3889/3889 3893/3893 3888/3888
f 3885/3885 3893/3893 3890/3890
f 3888/3888 3893/3893 3885/3885
f 3908/3908 3895/3895 3900/3900
f 3889/3889 3902/3902 3893/3893
f 3877/3877 3897/3897 3873/3873
f 3897/3897 3886/3886 3873/3873
f 3886/3886 3899/3899 3873/3873
f 3891/3891 3928/3928 3898/3898
f 3902/3902 3904/3904 3863/3863
f 3902/3902 3892/3892 3893/3893
f 3881/3881 3909/3909 3900/3900
f 3908/3908 3900/3900 3909/3909
f 3902/3902 3863/3863 3892/3892
f 3902/3902 3889/3889 3914/3914
f 3902/3902 3914/3914 3904/3904
f 3904/3904 3916/3916 3863/3863
f 3894/3894 3899/3899 3905/3905
f 3912/3912 3880/3880 3903/3903
f 3880/3880 3863/3863 3901/3901
f 3905/3905 3914/3914 3889/3889
f 3863/3863 3916/3916 3944/3944
f 3886/3886 3896/3896 3899/3899
f 3901/3901 3944/3944 3880/3880
f 3944/3944 3901/3901 3863/3863
f 3906/3906 3903/3903 3880/3880
f 3912/3912 3923/3923 3891/3891
f 3899/3899 3907/3907 3905/3905
f 3899/3899 3896/3896 3911/3911
f 3881/3881 3910/3910 3909/3909
f 3906/3906 3912/3912 3903/3903
f 3908/3908 3909/3909 3969/3969
f 3917/3917 3891/3891 3923/3923
f 3917/3917 3928/3928 3891/3891
f 3904/3904 3918/3918 3916/3916
f 3906/3906 3880/3880 3944/3944
f 3910/3910 3881/3881 3919/3919
f 3944/3944 3932/3932 3906/3906
f 3915/3915 3912/3912 3906/3906
f 3909/3909 3910/3910 3919/3919
f 3932/3932 3915/3915 3906/3906
f 3924/3924 3921/3921 3914/3914
f 3899/3899 3911/3911 3907/3907
f 3930/3930 3926/3926 3916/3916
f 3913/3913 3944/3944 3916/3916
f 3914/3914 3921/3921 3918/3918
f 3921/3921 3916/3916 3918/3918
f 3916/3916 3926/3926 3913/3913
f 3918/3918 3904/3904 3914/3914
f 3919/3919 3881/3881 3927/3927
f 3969/3969 3909/3909 3920/3920
f 3920/3920 3909/3909 3919/3919
f 3886/3886 3911/3911 3896/3896
f 3897/3897 3922/3922 3886/3886
f 3923/3923 3912/3912 3915/3915
f 3916/3916 3921/3921 3924/3924
f 3925/3925 3930/3930 3916/3916
f 3924/3924 3925/3925 3916/3916
f 3914/3914 3925/3925 3924/3924
f 3936/3936 3928/3928 3917/3917
f 3917/3917 3923/3923 3940/3940
f 3919/3919 3927/3927 3942/3942
f 3923/3923 3915/3915 3940/3940
f 3920/3920 3919/3919 3942/3942
f 3929/3929 3911/3911 3886/3886
f 3945/3945 3928/3928 3936/3936
f 3932/3932 3944/3944 3952/3952
f 3944/3944 3913/3913 3926/3926
f 3907/3907 3911/3911 3929/3929
f 3931/3931 3935/3935 3959/3959
f 3920/3920 3942/3942 3969/3969
f 3933/3933 3940/3940 3915/3915
f 3932/3932 3933/3933 3915/3915
f 3907/3907 3914/3914 3905/3905
f 3881/3881 3934/3934 3927/3927
f 3925/3925 3914/3914 3907/3907
f 3930/3930 3944/3944 3926/3926
f 3936/3936 3917/3917 3940/3940
f 3959/3959 3935/3935 3957/3957
f 3927/3927 3934/3934 3939/3939
f 3944/3944 3930/3930 3943/3943
f 3952/3952 3938/3938 3932/3932
f 3925/3925 3907/3907 3943/3943
f 3940/3940 3933/3933 3932/3932
f 3947/3947 3934/3934 3937/3937
f 3927/3927 3968/3968 3942/3942
f 3927/3927 3939/3939 3941/3941
f 3968/3968 3927/3927 3948/3948
f 3931/3931 3952/3952 3935/3935
f 3941/3941 3947/3947 3927/3927
f 3927/3927 3947/3947 3948/3948
f 3938/3938 3940/3940 3932/3932
f 3931/3931 3945/3945 3936/3936
f 3946/3946 3944/3944 3943/3943
f 3929/3929 3943/3943 3907/3907
f 3966/3966 3952/3952 3944/3944
f 3957/3957 3952/3952 3966/3966
f 3931/3931 3936/3936 3952/3952
f 3950/3950 3966/3966 3944/3944
f 3939/3939 3934/3934 3947/3947
f 3935/3935 3952/3952 3957/3957
f 3959/3959 3949/3949 3929/3929
f 3925/3925 3943/3943 3930/3930
f 3936/3936 3940/3940 3938/3938
f 3929/3929 3949/3949 3943/3943
f 3950/3950 3944/3944 3946/3946
f 3952/3952 3936/3936 3951/3951
f 3939/3939 3947/3947 3941/3941
f 3953/3953 3948/3948 3954/3954
f 3952/3952 3951/3951 3938/3938
f 3943/3943 3950/3950 3946/3946
f 3951/3951 3936/3936 3938/3938
f 3949/3949 3958/3958 3943/3943
f 3962/3962 3968/3968 3948/3948
f 3948/3948 3960/3960 3954/3954
f 3967/3967 3948/3948 3953/3953
f 3955/3955 3886/3886 3922/3922
f 3947/3947 3937/3937 3956/3956
f 3958/3958 3950/3950 3943/3943
f 3929/3929 3886/3886 3955/3955
f 3966/3966 3950/3950 3958/3958
f 3959/3959 3957/3957 3949/3949
f 3949/3949 3957/3957 3958/3958
f 3961/3961 3959/3959 3929/3929
f 3948/3948 3956/3956 3960/3960
f 3967/3967 3962/3962 3948/3948
f 3948/3948 3947/3947 3956/3956
f 3957/3957 3966/3966 3958/3958
f 3955/3955 3961/3961 3929/3929
f 3953/3953 3963/3963 3967/3967
f 3957/3957 3958/3958 3964/3964
f 3963/3963 3965/3965 3967/3967
f 3957/3957 3964/3964 3958/3958
f 3968/3968 3962/3962 3967/3967
f 3968/3968 3967/3967 3965/3965
f 3969/3969 3942/3942 3968/3968
f 3969/3969 3968/3968 3965/3965
f 3971/3971 3974/3974 4007/4007
f 3980/3980 3973/3973 4000/4000
f 3982/3982 3970/3970 3971/3971
f 3971/3971 4007/4007 3982/3982
f 3975/3975 3987/3987 3979/3979
f 3977/3977 3999/3999 3978/3978
f 3983/3983 3989/3989 3977/3977
f 3989/3989 3999/3999 3977/3977
f 3979/3979 3983/3983 3977/3977
f 3973/3973 3970/3970 4000/4000
f 3972/3972 4003/4003 3974/3974
f 3978/3978 3999/3999 3976/3976
f 3979/3979 3987/3987 3983/3983
f 3978/3978 3976/3976 3981/3981
f 3978/3978 3992/3992 3972/3972
f 4007/4007 3974/3974 4003/4003
f 3978/3978 3981/3981 3992/3992
f 3972/3972 3992/3992 3990/3990
f 4000/4000 3970/3970 4045/4045
f 4024/4024 3980/3980 4004/4004
f 3972/3972 3995/3995 3991/3991
f 3976/3976 3984/3984 3981/3981
f 3975/3975 3985/3985 3987/3987
f 3995/3995 3972/3972 3990/3990
f 3988/3988 3999/3999 3989/3989
f 4003/4003 3972/3972 3991/3991
f 3986/3986 3983/3983 3987/3987
f 3989/3989 3983/3983 3986/3986
f 4004/4004 3996/3996 4024/4024
f 3999/3999 4011/4011 3976/3976
f 4001/4001 3982/3982 4007/4007
f 4045/4045 3970/3970 3982/3982
f 3987/3987 3988/3988 3986/3986
f 4004/4004 4035/4035 3993/3993
f 3980/3980 4000/4000 4004/4004
f 3987/3987 3985/3985 3988/3988
f 3986/3986 3988/3988 3989/3989
f 3997/3997 3976/3976 4011/4011
f 3976/3976 3997/3997 3984/3984
f 4006/4006 3992/3992 3981/3981
f 4001/4001 4007/4007 4016/4016
f 3993/3993 3994/3994 4004/4004
f 3994/3994 3996/3996 4004/4004
f 4014/4014 3998/3998 3993/3993
f 4026/4026 4007/4007 4003/4003
f 3981/3981 3984/3984 4010/4010
f 3992/3992 4002/4002 3990/3990
f 4001/4001 4016/4016 3982/3982
f 3981/3981 4010/4010 4006/4006
f 3984/3984 3997/3997 4010/4010
f 4016/4016 4007/4007 4005/4005
f 4026/4026 4005/4005 4007/4007
f 3998/3998 4015/4015 3993/3993
f 3985/3985 4008/4008 3988/3988
f 4010/4010 4009/4009 4006/4006
f 3993/3993 4015/4015 3994/3994
f 3988/3988 4008/4008 3999/3999
f 4004/4004 4040/4040 4035/4035
f 3996/3996 3994/3994 4015/4015
f 4000/4000 4040/4040 4004/4004
f 4011/4011 4010/4010 3997/3997
f 4045/4045 3982/3982 4060/4060
f 4025/4025 4010/4010 4011/4011
f 3999/3999 4018/4018 4011/4011
f 4010/4010 4012/4012 4009/4009
f 4003/4003 3991/3991 4026/4026
f 3991/3991 4034/4034 4026/4026
f 4020/4020 3982/3982 4016/4016
f 4011/4011 4029/4029 4025/4025
f 4011/4011 4031/4031 4029/4029
f 4002/4002 3992/3992 4051/4051
f 3999/3999 4013/4013 4018/4018
f 4014/4014 3993/3993 4114/4114
f 4017/4017 4022/4022 3992/3992
f 4013/4013 3999/3999 4043/4043
f 4009/4009 4012/4012 4006/4006
f 4017/4017 3992/3992 4006/4006
f 4051/4051 3990/3990 4002/4002
f 3982/3982 4020/4020 4060/4060
f 4023/4023 4017/4017 4006/4006
f 4028/4028 4024/4024 3996/3996
f 4006/4006 4012/4012 4027/4027
f 4012/4012 4010/4010 4025/4025
f 4027/4027 4023/4023 4006/4006
f 4056/4056 4015/4015 3998/3998
f 4034/4034 3991/3991 4071/4071
f 4008/4008 4019/4019 3999/3999
f 4015/4015 4056/4056 3996/3996
f 3996/3996 4048/4048 4028/4028
f 4060/4060 4016/4016 4032/4032
f 4030/4030 4048/4048 3996/3996
f 4020/4020 4016/4016 4060/4060
f 4012/4012 4025/4025 4027/4027
f 3992/3992 4022/4022 4051/4051
f 4029/4029 4021/4021 4025/4025
f 4013/4013 4043/4043 4018/4018
f 3996/3996 4056/4056 4030/4030
f 4028/4028 4039/4039 4024/4024
f 4018/4018 4031/4031 4011/4011
f 3995/3995 4051/4051 3991/3991
f 4040/4040 4044/4044 4035/4035
f 4038/4038 4017/4017 4023/4023
f 4035/4035 4044/4044 4049/4049
f 4036/4036 4032/4032 4016/4016
f 4071/4071 3991/3991 4051/4051
f 4036/4036 4005/4005 4026/4026
f 4027/4027 4025/4025 4033/4033
f 4036/4036 4016/4016 4005/4005
f 3990/3990 4051/4051 3995/3995
f 4019/4019 4043/4043 3999/3999
f 4066/4066 4029/4029 4031/4031
f 4033/4033 4023/4023 4027/4027
f 4058/4058 4114/4114 3993/3993
f 4038/4038 4022/4022 4017/4017
f 4029/4029 4066/4066 4021/4021
f 4056/4056 4054/4054 4030/4030
f 4038/4038 4023/4023 4033/4033
f 4074/4074 4060/4060 4032/4032
f 4038/4038 4033/4033 4025/4025
f 4043/4043 4078/4078 4018/4018
f 4038/4038 4037/4037 4022/4022
f 4048/4048 4064/4064 4028/4028
f 4022/4022 4037/4037 4069/4069
f 4038/4038 4025/4025 4037/4037
f 4044/4044 4040/4040 4047/4047
f 4040/4040 4000/4000 4047/4047
f 4078/4078 4031/4031 4018/4018
f 4025/4025 4041/4041 4037/4037
f 4022/4022 4042/4042 4051/4051
f 4058/4058 3993/3993 4035/4035
f 4039/4039 4028/4028 4075/4075
f 4044/4044 4047/4047 4057/4057
f 4056/4056 4059/4059 4054/4054
f 4021/4021 4041/4041 4025/4025
f 4049/4049 4044/4044 4057/4057
f 4030/4030 4054/4054 4048/4048
f 4000/4000 4045/4045 4047/4047
f 4061/4061 4074/4074 4032/4032
f 4026/4026 4034/4034 4068/4068
f 4046/4046 4056/4056 3998/3998
f 4022/4022 4053/4053 4042/4042
f 4051/4051 4042/4042 4053/4053
f 4034/4034 4071/4071 4068/4068
f 4055/4055 4036/4036 4026/4026
f 4049/4049 4058/4058 4035/4035
f 4032/4032 4036/4036 4061/4061
f 4036/4036 4055/4055 4062/4062
f 4069/4069 4076/4076 4022/4022
f 4049/4049 4057/4057 4058/4058
f 4087/4087 4078/4078 4043/4043
f 4045/4045 4060/4060 4047/4047
f 4048/4048 4050/4050 4064/4064
f 4060/4060 4074/4074 4047/4047
f 4019/4019 4087/4087 4043/4043
f 4022/4022 4076/4076 4077/4077
f 4059/4059 4065/4065 4054/4054
f 4021/4021 4066/4066 4041/4041
f 4057/4057 4063/4063 4058/4058
f 4041/4041 4073/4073 4037/4037
f 4022/4022 4077/4077 4053/4053
f 4031/4031 4072/4072 4066/4066
f 4064/4064 4075/4075 4028/4028
f 4051/4051 4105/4105 4071/4071
f 4073/4073 4052/4052 4037/4037
f 4048/4048 4054/4054 4065/4065
f 4048/4048 4065/4065 4050/4050
f 4129/4129 4103/4103 4026/4026
f 4057/4057 4047/4047 4100/4100
f 4073/4073 4041/4041 4066/4066
f 4036/4036 4070/4070 4052/4052
f 4070/4070 4069/4069 4037/4037
f 4036/4036 4069/4069 4070/4070
f 4062/4062 4069/4069 4036/4036
f 4037/4037 4052/4052 4070/4070
f 4064/4064 4050/4050 4075/4075
f 4055/4055 4026/4026 4103/4103
f 4026/4026 4068/4068 4129/4129
f 4057/4057 4100/4100 4063/4063
f 4073/4073 4066/4066 4072/4072
f 4074/4074 4061/4061 4089/4089
f 4059/4059 4079/4079 4065/4065
f 4061/4061 4036/4036 4052/4052
f 4047/4047 4074/4074 4100/4100
f 4052/4052 4072/4072 4061/4061
f 4053/4053 4105/4105 4051/4051
f 4046/4046 4059/4059 4056/4056
f 4052/4052 4073/4073 4072/4072
f 4050/4050 4082/4082 4075/4075
f 4068/4068 4071/4071 4129/4129
f 4062/4062 4076/4076 4069/4069
f 4105/4105 4129/4129 4071/4071
f 4104/4104 4114/4114 4058/4058
f 4055/4055 4103/4103 4085/4085
f 4062/4062 4055/4055 4076/4076
f 4083/4083 4089/4089 4061/4061
f 4078/4078 4086/4086 4031/4031
f 4065/4065 4079/4079 4050/4050
f 4080/4080 4059/4059 4046/4046
f 4121/4121 4063/4063 4100/4100
f 4100/4100 4074/4074 4089/4089
f 4031/4031 4081/4081 4067/4067
f 4055/4055 4085/4085 4076/4076
f 4082/4082 4050/4050 4093/4093
f 4019/4019 4084/4084 4087/4087
f 4084/4084 4088/4088 4087/4087
f 4031/4031 4086/4086 4081/4081
f 4079/4079 4090/4090 4050/4050
f 4031/4031 4067/4067 4072/4072
f 4086/4086 4078/4078 4081/4081
f 4059/4059 4090/4090 4079/4079
f 4061/4061 4072/4072 4083/4083
f 4084/4084 4091/4091 4088/4088
f 4050/4050 4090/4090 4093/4093
f 4116/4116 4088/4088 4091/4091
f 4080/4080 4093/4093 4090/4090
f 4059/4059 4080/4080 4090/4090
f 4081/4081 4092/4092 4067/4067
f 4104/4104 4058/4058 4121/4121
f 4063/4063 4121/4121 4058/4058
f 4094/4094 4116/4116 4091/4091
f 4088/4088 4097/4097 4087/4087
f 4087/4087 4097/4097 4095/4095
f 4077/4077 4105/4105 4053/4053
f 4072/4072 4067/4067 4099/4099
f 4083/4083 4072/4072 4099/4099
f 4089/4089 4083/4083 4101/4101
f 4100/4100 4089/4089 4111/4111
f 4087/4087 4095/4095 4078/4078
f 4121/4121 4100/4100 4096/4096
f 4085/4085 4106/4106 4076/4076
f 4089/4089 4101/4101 4098/4098
f 4118/4118 4089/4089 4098/4098
f 4083/4083 4099/4099 4112/4112
f 4076/4076 4106/4106 4077/4077
f 4083/4083 4102/4102 4101/4101
f 4095/4095 4107/4107 4078/4078
f 4092/4092 4099/4099 4067/4067
f 4101/4101 4115/4115 4098/4098
f 4129/4129 4105/4105 4106/4106
f 4100/4100 4111/4111 4096/4096
f 4097/4097 4107/4107 4095/4095
f 4094/4094 4132/4132 4116/4116
f 4112/4112 4113/4113 4083/4083
f 4106/4106 4105/4105 4077/4077
f 4102/4102 4115/4115 4101/4101
f 4102/4102 4083/4083 4109/4109
f 4112/4112 4099/4099 4092/4092
f 4111/4111 4089/4089 4120/4120
f 4108/4108 4096/4096 4107/4107
f 4107/4107 4097/4097 4119/4119
f 4110/4110 4078/4078 4107/4107
f 4112/4112 4092/4092 4117/4117
f 4083/4083 4113/4113 4109/4109
f 4121/4121 4096/4096 4108/4108
f 4078/4078 4110/4110 4081/4081
f 4089/4089 4118/4118 4120/4120
f 4081/4081 4110/4110 4092/4092
f 4110/4110 4117/4117 4092/4092
f 4114/4114 4104/4104 4127/4127
f 4112/4112 4117/4117 4111/4111
f 4096/4096 4111/4111 4107/4107
f 4103/4103 4122/4122 4085/4085
f 4112/4112 4111/4111 4120/4120
f 4097/4097 4088/4088 4119/4119
f 4098/4098 4115/4115 4118/4118
f 4107/4107 4111/4111 4110/4110
f 4111/4111 4117/4117 4110/4110
f 4106/4106 4085/4085 4129/4129
f 4121/4121 4108/4108 4104/4104
f 4108/4108 4107/4107 4119/4119
f 4102/4102 4123/4123 4115/4115
f 4120/4120 4113/4113 4112/4112
f 4103/4103 4129/4129 4125/4125
f 4085/4085 4122/4122 4129/4129
f 4118/4118 4113/4113 4120/4120
f 4116/4116 4132/4132 4088/4088
f 4122/4122 4103/4103 4124/4124
f 4103/4103 4125/4125 4124/4124
f 4113/4113 4123/4123 4109/4109
f 4123/4123 4102/4102 4109/4109
f 4118/4118 4130/4130 4113/4113
f 4128/4128 4113/4113 4130/4130
f 4132/4132 4119/4119 4088/4088
f 4127/4127 4132/4132 4094/4094
f 4129/4129 4122/4122 4124/4124
f 4119/4119 4132/4132 4108/4108
f 4124/4124 4125/4125 4129/4129
f 4135/4135 4127/4127 4104/4104
f 4113/4113 4131/4131 4123/4123
f 4128/4128 4131/4131 4113/4113
f 4130/4130 4131/4131 4128/4128
f 4134/4134 4118/4118 4115/4115
f 4118/4118 4134/4134 4130/4130
f 4131/4131 4134/4134 4139/4139
f 4115/4115 4126/4126 4134/4134
f 4136/4136 4108/4108 4132/4132
f 4115/4115 4123/4123 4126/4126
f 4108/4108 4136/4136 4138/4138
f 4126/4126 4123/4123 4139/4139
f 4123/4123 4131/4131 4139/4139
f 4108/4108 4138/4138 4104/4104
f 4131/4131 4130/4130 4134/4134
f 4104/4104 4138/4138 4136/4136
f 4104/4104 4133/4133 4135/4135
f 4104/4104 4136/4136 4137/4137
f 4136/4136 4132/4132 4137/4137
f 4139/4139 4134/4134 4126/4126
f 4133/4133 4104/4104 4137/4137
f 4135/4135 4140/4140 4127/4127
f 4126/4126 4139/4139 4141/4141
f 4127/4127 4143/4143 4132/4132
f 4126/4126 4141/4141 4139/4139
f 4137/4137 4132/4132 4142/4142
f 4137/4137 4145/4145 4133/4133
f 4143/4143 4142/4142 4132/4132
f 4127/4127 4140/4140 4143/4143
f 4137/4137 4142/4142 4145/4145
f 4135/4135 4133/4133 4146/4146
f 4143/4143 4140/4140 4135/4135
f 4142/4142 4143/4143 4145/4145
f 4143/4143 4144/4144 4145/4145
f 4144/4144 4143/4143 4135/4135
f 4133/4133 4145/4145 4146/4146
f 4146/4146 4144/4144 4135/4135
f 4144/4144 4146/4146 4145/4145
f 4150/4150 4147/4147 4151/4151
f 4147/4147 4149/4149 4151/4151
f 4148/4148 4149/4149 4147/4147
f 4154/4154 4147/4147 4150/4150
f 4147/4147 4154/4154 4148/4148
f 4153/4153 4154/4154 4150/4150
f 4149/4149 4148/4148 4155/4155
f 4153/4153 4150/4150 4151/4151
f 4155/4155 4151/4151 4149/4149
f 4155/4155 4156/4156 4151/4151
f 4152/4152 4155/4155 4148/4148
f 4153/4153 4151/4151 4156/4156
f 4148/4148 4157/4157 4152/4152
f 4162/4162 4153/4153 4156/4156
f 4148/4148 4154/4154 4161/4161
f 4155/4155 4152/4152 4156/4156
f 4154/4154 4153/4153 4161/4161
f 4158/4158 4157/4157 4148/4148
f 4158/4158 4148/4148 4161/4161
f 4152/4152 4157/4157 4156/4156
f 4153/4153 4164/4164 4161/4161
f 4156/4156 4157/4157 4162/4162
f 4153/4153 4162/4162 4164/4164
f 4161/4161 4159/4159 4158/4158
f 4165/4165 4157/4157 4158/4158
f 4159/4159 4165/4165 4158/4158
f 4161/4161 4164/4164 4160/4160
f 4161/4161 4163/4163 4159/4159
f 4163/4163 4161/4161 4167/4167
f 4159/4159 4163/4163 4165/4165
f 4162/4162 4157/4157 4164/4164
f 4160/4160 4167/4167 4161/4161
f 4167/4167 4168/4168 4166/4166
f 4165/4165 4187/4187 4157/4157
f 4164/4164 4157/4157 4169/4169
f 4166/4166 4176/4176 4167/4167
f 4168/4168 4167/4167 4160/4160
f 4163/4163 4167/4167 4176/4176
f 4168/4168 4160/4160 4164/4164
f 4168/4168 4170/4170 4166/4166
f 4163/4163 4176/4176 4165/4165
f 4171/4171 4172/4172 4182/4182
f 4170/4170 4168/4168 4179/4179
f 4172/4172 4171/4171 4178/4178
f 4165/4165 4176/4176 4187/4187
f 4166/4166 4170/4170 4173/4173
f 4171/4171 4174/4174 4178/4178
f 4187/4187 4169/4169 4157/4157
f 4166/4166 4173/4173 4176/4176
f 4177/4177 4175/4175 4191/4191
f 4171/4171 4182/4182 4198/4198
f 4191/4191 4175/4175 4178/4178
f 4179/4179 4168/4168 4186/4186
f 4187/4187 4176/4176 4181/4181
f 4174/4174 4180/4180 4188/4188
f 4164/4164 4169/4169 4187/4187
f 4176/4176 4173/4173 4181/4181
f 4172/4172 4192/4192 4182/4182
f 4237/4237 4209/4209 4183/4183
f 4191/4191 4184/4184 4177/4177
f 4178/4178 4174/4174 4196/4196
f 4164/4164 4187/4187 4189/4189
f 4168/4168 4164/4164 4186/4186
f 4185/4185 4177/4177 4184/4184
f 4174/4174 4188/4188 4196/4196
f 4187/4187 4181/4181 4189/4189
f 4186/4186 4164/4164 4194/4194
f 4189/4189 4181/4181 4190/4190
f 4164/4164 4189/4189 4194/4194
f 4183/4183 4209/4209 4199/4199
f 4191/4191 4178/4178 4205/4205
f 4194/4194 4189/4189 4190/4190
f 4188/4188 4203/4203 4196/4196
f 4172/4172 4178/4178 4197/4197
f 4172/4172 4195/4195 4192/4192
f 4177/4177 4200/4200 4175/4175
f 4175/4175 4172/4172 4197/4197
f 4175/4175 4195/4195 4172/4172
f 4175/4175 4197/4197 4178/4178
f 4188/4188 4180/4180 4215/4215
f 4188/4188 4215/4215 4203/4203
f 4193/4193 4178/4178 4196/4196
f 4182/4182 4214/4214 4198/4198
f 4200/4200 4195/4195 4175/4175
f 4202/4202 4215/4215 4180/4180
f 4185/4185 4204/4204 4177/4177
f 4177/4177 4204/4204 4210/4210
f 4177/4177 4201/4201 4200/4200
f 4219/4219 4182/4182 4192/4192
f 4237/4237 4183/4183 4242/4242
f 4196/4196 4207/4207 4193/4193
f 4178/4178 4218/4218 4205/4205
f 4207/4207 4196/4196 4211/4211
f 4211/4211 4196/4196 4208/4208
f 4200/4200 4201/4201 4195/4195
f 4255/4255 4206/4206 4177/4177
f 4201/4201 4192/4192 4195/4195
f 4177/4177 4206/4206 4201/4201
f 4178/4178 4193/4193 4212/4212
f 4192/4192 4206/4206 4216/4216
f 4192/4192 4217/4217 4219/4219
f 4207/4207 4211/4211 4215/4215
f 4208/4208 4196/4196 4203/4203
f 4211/4211 4208/4208 4203/4203
f 4215/4215 4211/4211 4203/4203
f 4255/4255 4177/4177 4210/4210
f 4201/4201 4206/4206 4192/4192
f 4213/4213 4237/4237 4242/4242
f 4216/4216 4221/4221 4192/4192
f 4255/4255 4210/4210 4204/4204
f 4178/4178 4212/4212 4218/4218
f 4182/4182 4241/4241 4214/4214
f 4193/4193 4215/4215 4202/4202
f 4193/4193 4207/4207 4215/4215
f 4241/4241 4182/4182 4219/4219
f 4212/4212 4222/4222 4218/4218
f 4192/4192 4221/4221 4217/4217
f 4193/4193 4202/4202 4220/4220
f 4228/4228 4230/4230 4241/4241
f 4206/4206 4255/4255 4225/4225
f 4206/4206 4225/4225 4216/4216
f 4183/4183 4199/4199 4242/4242
f 4193/4193 4222/4222 4212/4212
f 4193/4193 4220/4220 4222/4222
f 4199/4199 4273/4273 4224/4224
f 4241/4241 4219/4219 4228/4228
f 4216/4216 4225/4225 4221/4221
f 4239/4239 4213/4213 4242/4242
f 4237/4237 4223/4223 4209/4209
f 4224/4224 4231/4231 4199/4199
f 4199/4199 4231/4231 4242/4242
f 4209/4209 4223/4223 4249/4249
f 4217/4217 4221/4221 4219/4219
f 4258/4258 4236/4236 4253/4253
f 4255/4255 4204/4204 4227/4227
f 4226/4226 4228/4228 4219/4219
f 4227/4227 4232/4232 4255/4255
f 4225/4225 4230/4230 4221/4221
f 4228/4228 4226/4226 4230/4230
f 4236/4236 4244/4244 4253/4253
f 4255/4255 4232/4232 4233/4233
f 4255/4255 4233/4233 4243/4243
f 4226/4226 4219/4219 4235/4235
f 4219/4219 4221/4221 4235/4235
f 4199/4199 4209/4209 4238/4238
f 4213/4213 4330/4330 4237/4237
f 4235/4235 4221/4221 4230/4230
f 4239/4239 4229/4229 4213/4213
f 4199/4199 4238/4238 4273/4273
f 4236/4236 4240/4240 4257/4257
f 4235/4235 4230/4230 4226/4226
f 4242/4242 4248/4248 4239/4239
f 4233/4233 4299/4299 4243/4243
f 4255/4255 4243/4243 4225/4225
f 4257/4257 4244/4244 4236/4236
f 4242/4242 4231/4231 4224/4224
f 4241/4241 4230/4230 4337/4337
f 4258/4258 4240/4240 4236/4236
f 4239/4239 4246/4246 4245/4245
f 4246/4246 4239/4239 4247/4247
f 4229/4229 4239/4239 4271/4271
f 4238/4238 4249/4249 4234/4234
f 4247/4247 4239/4239 4292/4292
f 4243/4243 4265/4265 4225/4225
f 4245/4245 4251/4251 4239/4239
f 4254/4254 4250/4250 4234/4234
f 4248/4248 4242/4242 4224/4224
f 4266/4266 4260/4260 4244/4244
f 4262/4262 4238/4238 4234/4234
f 4234/4234 4250/4250 4261/4261
f 4239/4239 4251/4251 4271/4271
f 4249/4249 4254/4254 4234/4234
f 4225/4225 4265/4265 4230/4230
f 4257/4257 4252/4252 4244/4244
f 4252/4252 4266/4266 4244/4244
f 4213/4213 4268/4268 4330/4330
f 4238/4238 4209/4209 4249/4249
f 4260/4260 4270/4270 4244/4244
f 4244/4244 4361/4361 4253/4253
f 4256/4256 4258/4258 4253/4253
f 4229/4229 4271/4271 4213/4213
f 4260/4260 4261/4261 4263/4263
f 4266/4266 4261/4261 4260/4260
f 4259/4259 4274/4274 4279/4279
f 4213/4213 4271/4271 4268/4268
f 4240/4240 4252/4252 4257/4257
f 4240/4240 4266/4266 4252/4252
f 4292/4292 4239/4239 4248/4248
f 4262/4262 4273/4273 4238/4238
f 4274/4274 4278/4278 4279/4279
f 4256/4256 4272/4272 4258/4258
f 4266/4266 4234/4234 4261/4261
f 4244/4244 4267/4267 4361/4361
f 4244/4244 4270/4270 4267/4267
f 4248/4248 4224/4224 4273/4273
f 4251/4251 4264/4264 4271/4271
f 4254/4254 4335/4335 4250/4250
f 4240/4240 4275/4275 4266/4266
f 4263/4263 4270/4270 4260/4260
f 4234/4234 4266/4266 4275/4275
f 4234/4234 4277/4277 4262/4262
f 4250/4250 4335/4335 4263/4263
f 4308/4308 4269/4269 4262/4262
f 4271/4271 4264/4264 4268/4268
f 4243/4243 4299/4299 4265/4265
f 4250/4250 4263/4263 4261/4261
f 4325/4325 4287/4287 4276/4276
f 4292/4292 4248/4248 4273/4273
f 4310/4310 4240/4240 4258/4258
f 4259/4259 4329/4329 4274/4274
f 4278/4278 4274/4274 4297/4297
f 4337/4337 4230/4230 4301/4301
f 4308/4308 4262/4262 4277/4277
f 4279/4279 4278/4278 4297/4297
f 4240/4240 4285/4285 4281/4281
f 4274/4274 4296/4296 4297/4297
f 4268/4268 4264/4264 4280/4280
f 4282/4282 4295/4295 4265/4265
f 4310/4310 4285/4285 4240/4240
f 4281/4281 4289/4289 4240/4240
f 4288/4288 4315/4315 4274/4274
f 4273/4273 4262/4262 4269/4269
f 4273/4273 4269/4269 4286/4286
f 4249/4249 4223/4223 4254/4254
f 4272/4272 4256/4256 4283/4283
f 4258/4258 4272/4272 4283/4283
f 4287/4287 4329/4329 4259/4259
f 4285/4285 4289/4289 4281/4281
f 4265/4265 4295/4295 4230/4230
f 4254/4254 4223/4223 4290/4290
f 4274/4274 4315/4315 4296/4296
f 4292/4292 4273/4273 4286/4286
f 4298/4298 4284/4284 4312/4312
f 4275/4275 4240/4240 4293/4293
f 4240/4240 4289/4289 4293/4293
f 4293/4293 4294/4294 4275/4275
f 4275/4275 4294/4294 4291/4291
f 4277/4277 4234/4234 4275/4275
f 4274/4274 4329/4329 4288/4288
f 4230/4230 4295/4295 4301/4301
f 4307/4307 4325/4325 4276/4276
f 4315/4315 4300/4300 4296/4296
f 4275/4275 4291/4291 4308/4308
f 4325/4325 4329/4329 4287/4287
f 4297/4297 4296/4296 4300/4300
f 4284/4284 4333/4333 4312/4312
f 4299/4299 4233/4233 4304/4304
f 4275/4275 4308/4308 4277/4277
f 4302/4302 4333/4333 4284/4284
f 4265/4265 4299/4299 4282/4282
f 4299/4299 4295/4295 4282/4282
f 4320/4320 4254/4254 4290/4290
f 4324/4324 4276/4276 4342/4342
f 4258/4258 4283/4283 4305/4305
f 4302/4302 4309/4309 4333/4333
f 4312/4312 4411/4411 4298/4298
f 4336/4336 4335/4335 4254/4254
f 4276/4276 4324/4324 4307/4307
f 4306/4306 4258/4258 4305/4305
f 4329/4329 4325/4325 4348/4348
f 4263/4263 4303/4303 4270/4270
f 4258/4258 4306/4306 4310/4310
f 4313/4313 4314/4314 4319/4319
f 4254/4254 4320/4320 4317/4317
f 4325/4325 4334/4334 4348/4348
f 4314/4314 4313/4313 4318/4318
f 4276/4276 4311/4311 4342/4342
f 4313/4313 4316/4316 4318/4318
f 4314/4314 4326/4326 4319/4319
f 4319/4319 4326/4326 4354/4354
f 4318/4318 4316/4316 4314/4314
f 4314/4314 4316/4316 4321/4321
f 4317/4317 4336/4336 4254/4254
f 4288/4288 4329/4329 4332/4332
f 4315/4315 4288/4288 4355/4355
f 4321/4321 4316/4316 4322/4322
f 4321/4321 4322/4322 4314/4314
f 4314/4314 4322/4322 4326/4326
f 4290/4290 4353/4353 4320/4320
f 4299/4299 4304/4304 4295/4295
f 4328/4328 4353/4353 4290/4290
f 4295/4295 4304/4304 4327/4327
f 4355/4355 4288/4288 4332/4332
f 4342/4342 4311/4311 4331/4331
f 4270/4270 4303/4303 4267/4267
f 4329/4329 4323/4323 4332/4332
f 4268/4268 4378/4378 4330/4330
f 4334/4334 4325/4325 4307/4307
f 4267/4267 4345/4345 4361/4361
f 4338/4338 4345/4345 4267/4267
f 4267/4267 4303/4303 4338/4338
f 4342/4342 4370/4370 4324/4324
f 4323/4323 4329/4329 4350/4350
f 4295/4295 4327/4327 4301/4301
f 4336/4336 4317/4317 4335/4335
f 4301/4301 4327/4327 4337/4337
f 4378/4378 4268/4268 4358/4358
f 4263/4263 4352/4352 4303/4303
f 4317/4317 4363/4363 4335/4335
f 4348/4348 4350/4350 4329/4329
f 4333/4333 4309/4309 4340/4340
f 4346/4346 4312/4312 4333/4333
f 4303/4303 4352/4352 4338/4338
f 4320/4320 4353/4353 4341/4341
f 4332/4332 4344/4344 4355/4355
f 4340/4340 4366/4366 4333/4333
f 4351/4351 4333/4333 4364/4364
f 4322/4322 4347/4347 4326/4326
f 4342/4342 4349/4349 4343/4343
f 4333/4333 4366/4366 4364/4364
f 4411/4411 4312/4312 4357/4357
f 4326/4326 4339/4339 4354/4354
f 4378/4378 4358/4358 4362/4362
f 4347/4347 4339/4339 4326/4326
f 4342/4342 4331/4331 4349/4349
f 4398/4398 4332/4332 4350/4350
f 4342/4342 4343/4343 4370/4370
f 4333/4333 4351/4351 4381/4381
f 4332/4332 4323/4323 4350/4350
f 4335/4335 4363/4363 4263/4263
f 4354/4354 4339/4339 4383/4383
f 4317/4317 4320/4320 4341/4341
f 4438/4438 4355/4355 4344/4344
f 4268/4268 4280/4280 4358/4358
f 4356/4356 4350/4350 4348/4348
f 4348/4348 4334/4334 4356/4356
f 4345/4345 4427/4427 4361/4361
f 4332/4332 4398/4398 4344/4344
f 4345/4345 4338/4338 4384/4384
f 4365/4365 4357/4357 4312/4312
f 4353/4353 4359/4359 4341/4341
f 4333/4333 4381/4381 4346/4346
f 4346/4346 4365/4365 4312/4312
f 4371/4371 4364/4364 4366/4366
f 4263/4263 4363/4363 4352/4352
f 4359/4359 4317/4317 4341/4341
f 4339/4339 4385/4385 4383/4383
f 4376/4376 4385/4385 4339/4339
f 4339/4339 4347/4347 4376/4376
f 4328/4328 4367/4367 4353/4353
f 4353/4353 4367/4367 4359/4359
f 4366/4366 4340/4340 4371/4371
f 4379/4379 4368/4368 4364/4364
f 4352/4352 4386/4386 4338/4338
f 4352/4352 4399/4399 4386/4386
f 4324/4324 4370/4370 4375/4375
f 4364/4364 4368/4368 4380/4380
f 4381/4381 4351/4351 4369/4369
f 4371/4371 4379/4379 4364/4364
f 4363/4363 4393/4393 4352/4352
f 4360/4360 4345/4345 4384/4384
f 4384/4384 4338/4338 4386/4386
f 4347/4347 4373/4373 4376/4376
f 4378/4378 4362/4362 4358/4358
f 4374/4374 4359/4359 4367/4367
f 4374/4374 4377/4377 4359/4359
f 4380/4380 4351/4351 4364/4364
f 4373/4373 4385/4385 4376/4376
f 4307/4307 4324/4324 4397/4397
f 4352/4352 4409/4409 4399/4399
f 4378/4378 4358/4358 4280/4280
f 4360/4360 4387/4387 4345/4345
f 4359/4359 4382/4382 4317/4317
f 4381/4381 4369/4369 4346/4346
f 4410/4410 4398/4398 4350/4350
f 4380/4380 4368/4368 4351/4351
f 4359/4359 4377/4377 4382/4382
f 4317/4317 4393/4393 4363/4363
f 4387/4387 4360/4360 4384/4384
f 4383/4383 4385/4385 4388/4388
f 4369/4369 4391/4391 4346/4346
f 4346/4346 4391/4391 4357/4357
f 4365/4365 4346/4346 4357/4357
f 4388/4388 4401/4401 4383/4383
f 4340/4340 4474/4474 4371/4371
f 4416/4416 4410/4410 4394/4394
f 4382/4382 4393/4393 4317/4317
f 4356/4356 4334/4334 4389/4389
f 4350/4350 4372/4372 4436/4436
f 4448/4448 4369/4369 4351/4351
f 4390/4390 4391/4391 4369/4369
f 4357/4357 4391/4391 4411/4411
f 4370/4370 4343/4343 4392/4392
f 4334/4334 4307/4307 4389/4389
f 4369/4369 4418/4418 4390/4390
f 4345/4345 4387/4387 4427/4427
f 4398/4398 4423/4423 4344/4344
f 4407/4407 4352/4352 4393/4393
f 4371/4371 4430/4430 4379/4379
f 4430/4430 4442/4442 4379/4379
f 4385/4385 4396/4396 4388/4388
f 4324/4324 4424/4424 4395/4395
f 4368/4368 4448/4448 4351/4351
f 4410/4410 4350/4350 4394/4394
f 4385/4385 4394/4394 4400/4400
f 4324/4324 4375/4375 4424/4424
f 4324/4324 4395/4395 4397/4397
f 4389/4389 4307/4307 4397/4397
f 4385/4385 4417/4417 4396/4396
f 4356/4356 4389/4389 4350/4350
f 4377/4377 4403/4403 4382/4382
f 4388/4388 4404/4404 4401/4401
f 4400/4400 4417/4417 4385/4385
f 4384/4384 4420/4420 4387/4387
f 4401/4401 4405/4405 4406/4406
f 4406/4406 4405/4405 4421/4421
f 4396/4396 4417/4417 4388/4388
f 4369/4369 4408/4408 4418/4418
f 4373/4373 4394/4394 4385/4385
f 4384/4384 4386/4386 4420/4420
f 4417/4417 4402/4402 4388/4388
f 4388/4388 4402/4402 4404/4404
f 4474/4474 4430/4430 4371/4371
f 4389/4389 4372/4372 4350/4350
f 4399/4399 4409/4409 4386/4386
f 4404/4404 4421/4421 4401/4401
f 4405/4405 4401/4401 4421/4421
f 4394/4394 4350/4350 4436/4436
f 4403/4403 4412/4412 4382/4382
f 4393/4393 4382/4382 4407/4407
f 4398/4398 4410/4410 4416/4416
f 4474/4474 4414/4414 4413/4413
f 4474/4474 4340/4340 4414/4414
f 4416/4416 4415/4415 4398/4398
f 4391/4391 4390/4390 4411/4411
f 4369/4369 4448/4448 4408/4408
f 4416/4416 4394/4394 4373/4373
f 4408/4408 4444/4444 4418/4418
f 4352/4352 4407/4407 4422/4422
f 4397/4397 4419/4419 4389/4389
f 4370/4370 4392/4392 4375/4375
f 4421/4421 4404/4404 4429/4429
f 4395/4395 4424/4424 4397/4397
f 4442/4442 4445/4445 4379/4379
f 4428/4428 4437/4437 4420/4420
f 4420/4420 4437/4437 4387/4387
f 4417/4417 4433/4433 4402/4402
f 4398/4398 4415/4415 4425/4425
f 4402/4402 4426/4426 4404/4404
f 4382/4382 4422/4422 4407/4407
f 4419/4419 4463/4463 4389/4389
f 4368/4368 4379/4379 4448/4448
f 4428/4428 4420/4420 4386/4386
f 4428/4428 4386/4386 4431/4431
f 4409/4409 4431/4431 4386/4386
f 4458/4458 4465/4465 4429/4429
f 4372/4372 4440/4440 4436/4436
f 4400/4400 4433/4433 4417/4417
f 4413/4413 4432/4432 4474/4474
f 4423/4423 4398/4398 4425/4425
f 4451/4451 4487/4487 4474/4474
f 4432/4432 4451/4451 4474/4474
f 4394/4394 4436/4436 4400/4400
f 4427/4427 4387/4387 4464/4464
f 4433/4433 4426/4426 4402/4402
f 4431/4431 4409/4409 4441/4441
f 4387/4387 4437/4437 4464/4464
f 4437/4437 4428/4428 4435/4435
f 4436/4436 4433/4433 4400/4400
f 4458/4458 4439/4439 4465/4465
f 4438/4438 4344/4344 4425/4425
f 4389/4389 4463/4463 4443/4443
f 4419/4419 4397/4397 4424/4424
f 4445/4445 4434/4434 4379/4379
f 4426/4426 4436/4436 4404/4404
f 4372/4372 4389/4389 4443/4443
f 4436/4436 4426/4426 4433/4433
f 4425/4425 4344/4344 4423/4423
f 4379/4379 4434/4434 4448/4448
f 4443/4443 4458/4458 4372/4372
f 4443/4443 4447/4447 4458/4458
f 4382/4382 4412/4412 4441/4441
f 4382/4382 4441/4441 4422/4422
f 4352/4352 4422/4422 4409/4409
f 4375/4375 4392/4392 4424/4424
f 4451/4451 4432/4432 4462/4462
f 4430/4430 4477/4477 4442/4442
f 4462/4462 4444/4444 4408/4408
f 4439/4439 4458/4458 4446/4446
f 4441/4441 4409/4409 4422/4422
f 4444/4444 4462/4462 4432/4432
f 4443/4443 4446/4446 4447/4447
f 4437/4437 4455/4455 4464/4464
f 4456/4456 4465/4465 4439/4439
f 4424/4424 4392/4392 4469/4469
f 4443/4443 4463/4463 4454/4454
f 4435/4435 4455/4455 4437/4437
f 4457/4457 4372/4372 4458/4458
f 4447/4447 4446/4446 4458/4458
f 4453/4453 4458/4458 4429/4429
f 4404/4404 4453/4453 4429/4429
f 4443/4443 4454/4454 4446/4446
f 4449/4449 4456/4456 4439/4439
f 4449/4449 4439/4439 4446/4446
f 4372/4372 4450/4450 4440/4440
f 4436/4436 4450/4450 4404/4404
f 4440/4440 4450/4450 4436/4436
f 4445/4445 4452/4452 4462/4462
f 4442/4442 4460/4460 4445/4445
f 4450/4450 4453/4453 4404/4404
f 4449/4449 4446/4446 4454/4454
f 4456/4456 4449/4449 4468/4468
f 4459/4459 4457/4457 4458/4458
f 4450/4450 4459/4459 4453/4453
f 4424/4424 4463/4463 4419/4419
f 4451/4451 4462/4462 4452/4452
f 4450/4450 4372/4372 4457/4457
f 4468/4468 4463/4463 4456/4456
f 4448/4448 4434/4434 4408/4408
f 4454/4454 4463/4463 4468/4468
f 4435/4435 4461/4461 4455/4455
f 4445/4445 4462/4462 4434/4434
f 4434/4434 4462/4462 4408/4408
f 4453/4453 4459/4459 4466/4466
f 4454/4454 4468/4468 4449/4449
f 4457/4457 4459/4459 4450/4450
f 4461/4461 4464/4464 4455/4455
f 4424/4424 4469/4469 4463/4463
f 4470/4470 4471/4471 4463/4463
f 4459/4459 4458/4458 4466/4466
f 4453/4453 4466/4466 4458/4458
f 4456/4456 4467/4467 4465/4465
f 4471/4471 4473/4473 4467/4467
f 4471/4471 4467/4467 4456/4456
f 4463/4463 4471/4471 4456/4456
f 4463/4463 4469/4469 4470/4470
f 4471/4471 4470/4470 4473/4473
f 4469/4469 4392/4392 4470/4470
f 4392/4392 4472/4472 4470/4470
f 4472/4472 4473/4473 4470/4470
f 4442/4442 4477/4477 4460/4460
f 4476/4476 4477/4477 4430/4430
f 4487/4487 4496/4496 4474/4474
f 4481/4481 4474/4474 4496/4496
f 4460/4460 4452/4452 4445/4445
f 4484/4484 4452/4452 4460/4460
f 4452/4452 4487/4487 4451/4451
f 4477/4477 4475/4475 4460/4460
f 4430/4430 4474/4474 4476/4476
f 4460/4460 4475/4475 4484/4484
f 4475/4475 4479/4479 4484/4484
f 4478/4478 4452/4452 4484/4484
f 4487/4487 4452/4452 4480/4480
f 4477/4477 4476/4476 4482/4482
f 4482/4482 4476/4476 4474/4474
f 4452/4452 4478/4478 4483/4483
f 4477/4477 4479/4479 4475/4475
f 4477/4477 4485/4485 4479/4479
f 4497/4497 4485/4485 4477/4477
f 4479/4479 4485/4485 4484/4484
f 4483/4483 4480/4480 4452/4452
f 4489/4489 4474/4474 4481/4481
f 4477/4477 4482/4482 4497/4497
f 4489/4489 4482/4482 4474/4474
f 4480/4480 4483/4483 4478/4478
f 4484/4484 4486/4486 4478/4478
f 4485/4485 4488/4488 4484/4484
f 4484/4484 4488/4488 4486/4486
f 4496/4496 4487/4487 4480/4480
f 4497/4497 4490/4490 4485/4485
f 4485/4485 4490/4490 4488/4488
f 4491/4491 4482/4482 4489/4489
f 4486/4486 4494/4494 4478/4478
f 4494/4494 4480/4480 4478/4478
f 4488/4488 4490/4490 4499/4499
f 4502/4502 4481/4481 4496/4496
f 4491/4491 4489/4489 4492/4492
f 4489/4489 4481/4481 4492/4492
f 4482/4482 4491/4491 4497/4497
f 4496/4496 4480/4480 4501/4501
f 4493/4493 4491/4491 4492/4492
f 4488/4488 4494/4494 4486/4486
f 4496/4496 4501/4501 4495/4495
f 4491/4491 4493/4493 4497/4497
f 4480/4480 4494/4494 4488/4488
f 4481/4481 4502/4502 4492/4492
f 4493/4493 4492/4492 4500/4500
f 4490/4490 4497/4497 4499/4499
f 4502/4502 4496/4496 4495/4495
f 4497/4497 4498/4498 4499/4499
f 4500/4500 4492/4492 4502/4502
f 4493/4493 4498/4498 4497/4497
f 4488/4488 4501/4501 4480/4480
f 4498/4498 4505/4505 4499/4499
f 4488/4488 4506/4506 4501/4501
f 4495/4495 4501/4501 4506/4506
f 4488/4488 4499/4499 4505/4505
f 4493/4493 4500/4500 4508/4508
f 4506/4506 4488/4488 4505/4505
f 4498/4498 4508/4508 4505/4505
f 4500/4500 4502/4502 4508/4508
f 4508/4508 4498/4498 4493/4493
f 4502/4502 4495/4495 4506/4506
f 4510/4510 4506/4506 4507/4507
f 4505/4505 4504/4504 4506/4506
f 4506/4506 4504/4504 4507/4507
f 4506/4506 4510/4510 4502/4502
f 4507/4507 4505/4505 4508/4508
f 4507/4507 4504/4504 4505/4505
f 4508/4508 4502/4502 4503/4503
f 4502/4502 4510/4510 4509/4509
f 4503/4503 4502/4502 4509/4509
f 4507/4507 4508/4508 4510/4510
f 4508/4508 4503/4503 4509/4509
f 4511/4511 4510/4510 4508/4508
f 4509/4509 4511/4511 4508/4508
f 4509/4509 4510/4510 4511/4511
f 4518/4518 4513/4513 4512/4512
f 4512/4512 4513/4513 4517/4517
f 4513/4513 4521/4521 4517/4517
f 4513/4513 4518/4518 4519/4519
f 4519/4519 4514/4514 4513/4513
f 4515/4515 4518/4518 4512/4512
f 4513/4513 4514/4514 4521/4521
f 4519/4519 4516/4516 4514/4514
f 4517/4517 4521/4521 4523/4523
f 4522/4522 4516/4516 4519/4519
f 4522/4522 4519/4519 4520/4520
f 4522/4522 4520/4520 4525/4525
f 4518/4518 4515/4515 4519/4519
f 4516/4516 4559/4559 4535/4535
f 4516/4516 4522/4522 4559/4559
f 4547/4547 4519/4519 4515/4515
f 4520/4520 4539/4539 4525/4525
f 4523/4523 4521/4521 4561/4561
f 4539/4539 4519/4519 4558/4558
f 4516/4516 4521/4521 4514/4514
f 4522/4522 4525/4525 4524/4524
f 4519/4519 4547/4547 4558/4558
f 4522/4522 4545/4545 4559/4559
f 4542/4542 4528/4528 4525/4525
f 4525/4525 4528/4528 4527/4527
f 4520/4520 4519/4519 4539/4539
f 4522/4522 4524/4524 4545/4545
f 4525/4525 4539/4539 4542/4542
f 4529/4529 4561/4561 4521/4521
f 4530/4530 4531/4531 4532/4532
f 4521/4521 4551/4551 4529/4529
f 4530/4530 4532/4532 4540/4540
f 4530/4530 4534/4534 4531/4531
f 4525/4525 4545/4545 4524/4524
f 4527/4527 4545/4545 4525/4525
f 4533/4533 4534/4534 4530/4530
f 4521/4521 4516/4516 4551/4551
f 4533/4533 4530/4530 4540/4540
f 4532/4532 4531/4531 4528/4528
f 4542/4542 4532/4532 4528/4528
f 4528/4528 4546/4546 4527/4527
f 4537/4537 4531/4531 4534/4534
f 4538/4538 4534/4534 4533/4533
f 4538/4538 4553/4553 4534/4534
f 4528/4528 4531/4531 4546/4546
f 4548/4548 4538/4538 4533/4533
f 4535/4535 4526/4526 4516/4516
f 4537/4537 4546/4546 4531/4531
f 4550/4550 4542/4542 4539/4539
f 4540/4540 4532/4532 4542/4542
f 4547/4547 4515/4515 4558/4558
f 4548/4548 4562/4562 4538/4538
f 4546/4546 4537/4537 4543/4543
f 4533/4533 4571/4571 4548/4548
f 4533/4533 4540/4540 4557/4557
f 4562/4562 4556/4556 4538/4538
f 4548/4548 4571/4571 4562/4562
f 4556/4556 4553/4553 4538/4538
f 4527/4527 4536/4536 4573/4573
f 4534/4534 4553/4553 4537/4537
f 4516/4516 4570/4570 4551/4551
f 4562/4562 4544/4544 4556/4556
f 4546/4546 4549/4549 4527/4527
f 4542/4542 4557/4557 4540/4540
f 4562/4562 4541/4541 4552/4552
f 4573/4573 4545/4545 4527/4527
f 4562/4562 4552/4552 4544/4544
f 4539/4539 4558/4558 4550/4550
f 4549/4549 4566/4566 4527/4527
f 4556/4556 4563/4563 4553/4553
f 4575/4575 4550/4550 4558/4558
f 4543/4543 4555/4555 4546/4546
f 4553/4553 4572/4572 4537/4537
f 4537/4537 4560/4560 4543/4543
f 4527/4527 4566/4566 4536/4536
f 4556/4556 4554/4554 4563/4563
f 4516/4516 4526/4526 4570/4570
f 4556/4556 4565/4565 4554/4554
f 4542/4542 4550/4550 4557/4557
f 4544/4544 4565/4565 4556/4556
f 4554/4554 4567/4567 4553/4553
f 4553/4553 4567/4567 4572/4572
f 4537/4537 4572/4572 4560/4560
f 4553/4553 4563/4563 4554/4554
f 4555/4555 4569/4569 4546/4546
f 4535/4535 4570/4570 4526/4526
f 4546/4546 4569/4569 4566/4566
f 4558/4558 4515/4515 4607/4607
f 4573/4573 4559/4559 4545/4545
f 4561/4561 4529/4529 4597/4597
f 4565/4565 4580/4580 4574/4574
f 4543/4543 4560/4560 4555/4555
f 4572/4572 4576/4576 4578/4578
f 4568/4568 4580/4580 4565/4565
f 4564/4564 4576/4576 4572/4572
f 4560/4560 4572/4572 4555/4555
f 4554/4554 4565/4565 4567/4567
f 4565/4565 4574/4574 4567/4567
f 4566/4566 4549/4549 4546/4546
f 4567/4567 4574/4574 4572/4572
f 4552/4552 4587/4587 4544/4544
f 4590/4590 4569/4569 4555/4555
f 4529/4529 4551/4551 4597/4597
f 4574/4574 4564/4564 4572/4572
f 4574/4574 4576/4576 4564/4564
f 4580/4580 4578/4578 4576/4576
f 4595/4595 4559/4559 4573/4573
f 4574/4574 4580/4580 4576/4576
f 4566/4566 4573/4573 4536/4536
f 4559/4559 4577/4577 4535/4535
f 4555/4555 4572/4572 4590/4590
f 4558/4558 4607/4607 4575/4575
f 4580/4580 4568/4568 4582/4582
f 4557/4557 4605/4605 4533/4533
f 4580/4580 4583/4583 4578/4578
f 4615/4615 4562/4562 4571/4571
f 4572/4572 4581/4581 4590/4590
f 4541/4541 4562/4562 4615/4615
f 4544/4544 4627/4627 4565/4565
f 4579/4579 4597/4597 4551/4551
f 4595/4595 4599/4599 4559/4559
f 4581/4581 4572/4572 4606/4606
f 4535/4535 4591/4591 4570/4570
f 4578/4578 4583/4583 4586/4586
f 4550/4550 4575/4575 4584/4584
f 4578/4578 4588/4588 4572/4572
f 4557/4557 4550/4550 4594/4594
f 4566/4566 4569/4569 4592/4592
f 4568/4568 4565/4565 4589/4589
f 4535/4535 4577/4577 4591/4591
f 4583/4583 4580/4580 4596/4596
f 4552/4552 4541/4541 4587/4587
f 4599/4599 4577/4577 4559/4559
f 4585/4585 4570/4570 4591/4591
f 4627/4627 4604/4604 4565/4565
f 4551/4551 4570/4570 4579/4579
f 4606/4606 4590/4590 4581/4581
f 4571/4571 4533/4533 4605/4605
f 4606/4606 4572/4572 4588/4588
f 4585/4585 4579/4579 4570/4570
f 4568/4568 4616/4616 4582/4582
f 4577/4577 4599/4599 4591/4591
f 4592/4592 4613/4613 4573/4573
f 4592/4592 4573/4573 4566/4566
f 4605/4605 4615/4615 4571/4571
f 4607/4607 4515/4515 4593/4593
f 4583/4583 4596/4596 4586/4586
f 4557/4557 4594/4594 4605/4605
f 4550/4550 4584/4584 4622/4622
f 4585/4585 4591/4591 4598/4598
f 4579/4579 4601/4601 4597/4597
f 4616/4616 4568/4568 4589/4589
f 4599/4599 4603/4603 4600/4600
f 4595/4595 4603/4603 4599/4599
f 4586/4586 4596/4596 4617/4617
f 4599/4599 4598/4598 4591/4591
f 4589/4589 4565/4565 4604/4604
f 4600/4600 4585/4585 4598/4598
f 4594/4594 4550/4550 4622/4622
f 4579/4579 4593/4593 4601/4601
f 4600/4600 4579/4579 4585/4585
f 4599/4599 4600/4600 4598/4598
f 4613/4613 4595/4595 4573/4573
f 4586/4586 4617/4617 4639/4639
f 4593/4593 4579/4579 4607/4607
f 4607/4607 4602/4602 4575/4575
f 4584/4584 4575/4575 4602/4602
f 4595/4595 4613/4613 4603/4603
f 4615/4615 4605/4605 4612/4612
f 4614/4614 4594/4594 4622/4622
f 4606/4606 4611/4611 4590/4590
f 4608/4608 4607/4607 4579/4579
f 4608/4608 4579/4579 4600/4600
f 4590/4590 4611/4611 4569/4569
f 4611/4611 4592/4592 4569/4569
f 4602/4602 4608/4608 4600/4600
f 4602/4602 4607/4607 4608/4608
f 4613/4613 4609/4609 4603/4603
f 4544/4544 4587/4587 4627/4627
f 4605/4605 4594/4594 4614/4614
f 4610/4610 4602/4602 4600/4600
f 4609/4609 4613/4613 4610/4610
f 4609/4609 4610/4610 4603/4603
f 4588/4588 4634/4634 4606/4606
f 4612/4612 4605/4605 4614/4614
f 4602/4602 4610/4610 4584/4584
f 4600/4600 4603/4603 4610/4610
f 4606/4606 4634/4634 4611/4611
f 4588/4588 4578/4578 4631/4631
f 4613/4613 4584/4584 4610/4610
f 4639/4639 4654/4654 4586/4586
f 4615/4615 4612/4612 4620/4620
f 4611/4611 4618/4618 4592/4592
f 4541/4541 4633/4633 4587/4587
f 4624/4624 4613/4613 4592/4592
f 4631/4631 4578/4578 4654/4654
f 4578/4578 4586/4586 4654/4654
f 4624/4624 4622/4622 4613/4613
f 4620/4620 4614/4614 4619/4619
f 4622/4622 4584/4584 4613/4613
f 4623/4623 4614/4614 4622/4622
f 4541/4541 4615/4615 4621/4621
f 4611/4611 4634/4634 4618/4618
f 4604/4604 4642/4642 4589/4589
f 4541/4541 4621/4621 4633/4633
f 4627/4627 4642/4642 4604/4604
f 4621/4621 4615/4615 4620/4620
f 4614/4614 4620/4620 4612/4612
f 4628/4628 4623/4623 4622/4622
f 4626/4626 4618/4618 4634/4634
f 4632/4632 4622/4622 4624/4624
f 4628/4628 4622/4622 4632/4632
f 4617/4617 4596/4596 4639/4639
f 4642/4642 4616/4616 4589/4589
f 4619/4619 4623/4623 4625/4625
f 4634/4634 4588/4588 4631/4631
f 4619/4619 4614/4614 4623/4623
f 4619/4619 4632/4632 4620/4620
f 4632/4632 4619/4619 4628/4628
f 4625/4625 4623/4623 4628/4628
f 4624/4624 4618/4618 4626/4626
f 4619/4619 4625/4625 4628/4628
f 4618/4618 4624/4624 4592/4592
f 4651/4651 4630/4630 4624/4624
f 4626/4626 4651/4651 4624/4624
f 4636/4636 4624/4624 4630/4630
f 4639/4639 4596/4596 4641/4641
f 4635/4635 4632/4632 4624/4624
f 4626/4626 4634/4634 4651/4651
f 4633/4633 4621/4621 4637/4637
f 4621/4621 4620/4620 4629/4629
f 4632/4632 4630/4630 4643/4643
f 4632/4632 4643/4643 4620/4620
f 4630/4630 4632/4632 4635/4635
f 4635/4635 4624/4624 4636/4636
f 4630/4630 4651/4651 4644/4644
f 4621/4621 4629/4629 4637/4637
f 4630/4630 4635/4635 4636/4636
f 4640/4640 4634/4634 4631/4631
f 4645/4645 4630/4630 4644/4644
f 4645/4645 4643/4643 4630/4630
f 4634/4634 4640/4640 4651/4651
f 4582/4582 4596/4596 4580/4580
f 4645/4645 4629/4629 4620/4620
f 4637/4637 4629/4629 4647/4647
f 4620/4620 4643/4643 4645/4645
f 4596/4596 4582/4582 4646/4646
f 4637/4637 4647/4647 4627/4627
f 4640/4640 4631/4631 4655/4655
f 4596/4596 4656/4656 4638/4638
f 4596/4596 4638/4638 4641/4641
f 4633/4633 4637/4637 4587/4587
f 4645/4645 4644/4644 4629/4629
f 4649/4649 4651/4651 4640/4640
f 4587/4587 4637/4637 4627/4627
f 4647/4647 4629/4629 4650/4650
f 4655/4655 4649/4649 4640/4640
f 4650/4650 4629/4629 4644/4644
f 4627/4627 4653/4653 4642/4642
f 4649/4649 4655/4655 4651/4651
f 4582/4582 4616/4616 4648/4648
f 4641/4641 4654/4654 4639/4639
f 4655/4655 4631/4631 4658/4658
f 4658/4658 4631/4631 4654/4654
f 4642/4642 4653/4653 4616/4616
f 4655/4655 4644/4644 4651/4651
f 4616/4616 4652/4652 4648/4648
f 4627/4627 4647/4647 4650/4650
f 4656/4656 4641/4641 4638/4638
f 4650/4650 4652/4652 4627/4627
f 4653/4653 4652/4652 4616/4616
f 4641/4641 4656/4656 4657/4657
f 4655/4655 4650/4650 4644/4644
f 4654/4654 4641/4641 4657/4657
f 4653/4653 4627/4627 4652/4652
f 4596/4596 4646/4646 4656/4656
f 4650/4650 4655/4655 4652/4652
f 4656/4656 4654/4654 4657/4657
f 4652/4652 4655/4655 4662/4662
f 4582/4582 4648/4648 4659/4659
f 4656/4656 4658/4658 4654/4654
f 4652/4652 4662/4662 4659/4659
f 4655/4655 4658/4658 4663/4663
f 4648/4648 4652/4652 4659/4659
f 4662/4662 4655/4655 4663/4663
f 4582/4582 4660/4660 4646/4646
f 4582/4582 4659/4659 4661/4661
f 4664/4664 4663/4663 4656/4656
f 4656/4656 4663/4663 4658/4658
f 4661/4661 4660/4660 4582/4582
f 4646/4646 4660/4660 4656/4656
f 4656/4656 4660/4660 4664/4664
f 4664/4664 4662/4662 4663/4663
f 4659/4659 4662/4662 4664/4664
f 4659/4659 4664/4664 4661/4661
f 4661/4661 4664/4664 4660/4660
f 4666/4666 4668/4668 4665/4665
f 4665/4665 4667/4667 4666/4666
f 4672/4672 4665/4665 4668/4668
f 4672/4672 4673/4673 4665/4665
f 4665/4665 4671/4671 4667/4667
f 4667/4667 4669/4669 4666/4666
f 4673/4673 4671/4671 4665/4665
f 4668/4668 4666/4666 4669/4669
f 4667/4667 4670/4670 4669/4669
f 4671/4671 4670/4670 4667/4667
f 4670/4670 4671/4671 4674/4674
f 4673/4673 4672/4672 4675/4675
f 4669/4669 4670/4670 4668/4668
f 4668/4668 4670/4670 4679/4679
f 4675/4675 4672/4672 4677/4677
f 4672/4672 4668/4668 4677/4677
f 4673/4673 4675/4675 4676/4676
f 4668/4668 4684/4684 4677/4677
f 4668/4668 4679/4679 4684/4684
f 4680/4680 4674/4674 4671/4671
f 4671/4671 4673/4673 4680/4680
f 4678/4678 4673/4673 4676/4676
f 4680/4680 4670/4670 4674/4674
f 4679/4679 4670/4670 4682/4682
f 4670/4670 4680/4680 4687/4687
f 4681/4681 4673/4673 4678/4678
f 4679/4679 4682/4682 4684/4684
f 4680/4680 4673/4673 4683/4683
f 4673/4673 4681/4681 4683/4683
f 4690/4690 4687/4687 4680/4680
f 4683/4683 4690/4690 4680/4680
f 4682/4682 4691/4691 4684/4684
f 4683/4683 4681/4681 4685/4685
f 4685/4685 4690/4690 4683/4683
f 4681/4681 4678/4678 4686/4686
f 4685/4685 4681/4681 4690/4690
f 4687/4687 4682/4682 4670/4670
f 4681/4681 4686/4686 4688/4688
f 4682/4682 4694/4694 4691/4691
f 4690/4690 4681/4681 4689/4689
f 4681/4681 4688/4688 4689/4689
f 4687/4687 4697/4697 4682/4682
f 4690/4690 4689/4689 4692/4692
f 4690/4690 4692/4692 4687/4687
f 4687/4687 4693/4693 4697/4697
f 4692/4692 4693/4693 4687/4687
f 4682/4682 4697/4697 4694/4694
f 4692/4692 4696/4696 4693/4693
f 4697/4697 4698/4698 4694/4694
f 4689/4689 4688/4688 4695/4695
f 4697/4697 4693/4693 4700/4700
f 4696/4696 4700/4700 4693/4693
f 4692/4692 4689/4689 4699/4699
f 4696/4696 4699/4699 4700/4700
f 4699/4699 4696/4696 4692/4692
f 4697/4697 4701/4701 4698/4698
f 4689/4689 4695/4695 4699/4699
f 4700/4700 4699/4699 4697/4697
f 4697/4697 4699/4699 4701/4701
f 4699/4699 4695/4695 4701/4701
f 4704/4704 4702/4702 4703/4703
f 4705/4705 4706/4706 4707/4707
